stream_id,seed,hazard,rho,price,method,success,task_loss,probes_per_task,objective,cpu_ms,tasks
h0.01_r0.2_s10000,10000,0.01,0.2,0.04,never,0.675,0.27749999999999997,0.05,0.27949999999999997,1.225930999908087,80
h0.01_r0.2_s10000,10000,0.01,0.2,0.04,fresh,1.0,0.0,1.225,0.049,1.511618999984421,80
h0.01_r0.2_s10000,10000,0.01,0.2,0.04,ttl,0.9875,0.008125,0.5125,0.028625,1.3122000000294065,80
h0.01_r0.2_s10000,10000,0.01,0.2,0.04,entropy,0.9875,0.008125,0.4125,0.024625,1.3159049999558192,80
h0.01_r0.2_s10000,10000,0.01,0.2,0.04,random,0.7375,0.17750000000000002,0.2625,0.188,1.3571570000294741,80
h0.01_r0.2_s10000,10000,0.01,0.2,0.04,myopic,0.9625,0.014374999999999999,0.25,0.024375,1.2356050000335017,80
h0.01_r0.2_s10000,10000,0.01,0.2,0.04,recheck,1.0,0.0,0.425,0.017,1.636727000004612,80
h0.01_r0.2_s10000,10000,0.01,0.2,0.04,no_task,1.0,0.0,0.4375,0.0175,1.6464010000163398,80
h0.01_r0.2_s10001,10001,0.01,0.2,0.04,never,0.9875,0.008125,0.05,0.010125,1.1154940000324132,80
h0.01_r0.2_s10001,10001,0.01,0.2,0.04,fresh,1.0,0.0,0.9875,0.0395,1.2529010000434937,80
h0.01_r0.2_s10001,10001,0.01,0.2,0.04,ttl,1.0,0.0,0.4125,0.0165,1.3077129999601311,80
h0.01_r0.2_s10001,10001,0.01,0.2,0.04,entropy,1.0,0.0,0.35,0.014000000000000002,1.2707880000562,80
h0.01_r0.2_s10001,10001,0.01,0.2,0.04,random,0.8625,0.06937499999999999,0.2875,0.080875,1.3499359999968874,80
h0.01_r0.2_s10001,10001,0.01,0.2,0.04,myopic,1.0,0.0,0.2625,0.010499999999999999,1.2095560000489058,80
h0.01_r0.2_s10001,10001,0.01,0.2,0.04,recheck,1.0,0.0,0.3625,0.014499999999999999,1.6472730000032243,80
h0.01_r0.2_s10001,10001,0.01,0.2,0.04,no_task,1.0,0.0,0.4375,0.0175,1.6058810000458834,80
h0.01_r0.2_s10002,10002,0.01,0.2,0.04,never,0.475,0.290625,0.05,0.292625,1.134253000032004,80
h0.01_r0.2_s10002,10002,0.01,0.2,0.04,fresh,1.0,0.0,1.175,0.047,1.2528510000038295,80
h0.01_r0.2_s10002,10002,0.01,0.2,0.04,ttl,0.9625,0.018125000000000002,0.525,0.039125,1.2660200000027544,80
h0.01_r0.2_s10002,10002,0.01,0.2,0.04,entropy,0.9625,0.018125000000000002,0.425,0.035125,1.311508999947364,80
h0.01_r0.2_s10002,10002,0.01,0.2,0.04,random,0.8,0.09187500000000001,0.2625,0.10237500000000002,1.574253000057979,80
h0.01_r0.2_s10002,10002,0.01,0.2,0.04,myopic,0.975,0.0043749999999999995,0.3,0.016375,1.3185290000592431,80
h0.01_r0.2_s10002,10002,0.01,0.2,0.04,recheck,0.9875,0.001875,0.4375,0.019375,1.6247589999238699,80
h0.01_r0.2_s10002,10002,0.01,0.2,0.04,no_task,0.9375,0.02375,0.4375,0.041249999999999995,1.8205229999921357,80
h0.01_r0.2_s10003,10003,0.01,0.2,0.04,never,0.7,0.09687500000000002,0.05,0.09887500000000002,1.1345640000399726,80
h0.01_r0.2_s10003,10003,0.01,0.2,0.04,fresh,1.0,0.0,1.1125,0.0445,1.403356999958305,80
h0.01_r0.2_s10003,10003,0.01,0.2,0.04,ttl,0.975,0.008749999999999999,0.5,0.028749999999999998,1.3062709999758226,80
h0.01_r0.2_s10003,10003,0.01,0.2,0.04,entropy,0.975,0.008749999999999999,0.4,0.02475,1.2815740000178266,80
h0.01_r0.2_s10003,10003,0.01,0.2,0.04,random,0.975,0.0075,0.35,0.021500000000000002,1.3142429999106753,80
h0.01_r0.2_s10003,10003,0.01,0.2,0.04,myopic,0.9375,0.016875,0.25,0.026875000000000003,1.1983889999100938,80
h0.01_r0.2_s10003,10003,0.01,0.2,0.04,recheck,0.9625,0.010624999999999999,0.375,0.025625,1.599251000016011,80
h0.01_r0.2_s10003,10003,0.01,0.2,0.04,no_task,0.975,0.00625,0.4375,0.02375,1.5940929999942455,80
h0.01_r0.2_s10004,10004,0.01,0.2,0.04,never,0.9125,0.028749999999999998,0.05,0.03075,1.1043069999914223,80
h0.01_r0.2_s10004,10004,0.01,0.2,0.04,fresh,1.0,0.0,1.0875,0.0435,1.2533610000673434,80
h0.01_r0.2_s10004,10004,0.01,0.2,0.04,ttl,1.0,0.0,0.525,0.020999999999999998,1.2808520000362478,80
h0.01_r0.2_s10004,10004,0.01,0.2,0.04,entropy,1.0,0.0,0.425,0.017,1.2945630001013342,80
h0.01_r0.2_s10004,10004,0.01,0.2,0.04,random,1.0,0.0,0.375,0.015,1.4131709999674058,80
h0.01_r0.2_s10004,10004,0.01,0.2,0.04,myopic,0.975,0.0075,0.3125,0.02,1.2699060000613827,80
h0.01_r0.2_s10004,10004,0.01,0.2,0.04,recheck,0.9875,0.003125,0.4875,0.022625,1.9012430000202585,80
h0.01_r0.2_s10004,10004,0.01,0.2,0.04,no_task,0.975,0.008749999999999999,0.4375,0.026250000000000002,2.145351000081064,80
h0.01_r0.2_s10005,10005,0.01,0.2,0.04,never,0.9,0.03125000000000001,0.05,0.03325000000000001,1.0952540000062072,80
h0.01_r0.2_s10005,10005,0.01,0.2,0.04,fresh,1.0,0.0,1.1875,0.0475,1.2451489999421028,80
h0.01_r0.2_s10005,10005,0.01,0.2,0.04,ttl,0.975,0.010625,0.55,0.032625,1.264578000018446,80
h0.01_r0.2_s10005,10005,0.01,0.2,0.04,entropy,0.95,0.015625,0.4125,0.032125,1.2892759999658665,80
h0.01_r0.2_s10005,10005,0.01,0.2,0.04,random,0.9375,0.02375,0.2625,0.034249999999999996,1.328323999928216,80
h0.01_r0.2_s10005,10005,0.01,0.2,0.04,myopic,0.925,0.021875,0.3125,0.034375,1.2284439999348251,80
h0.01_r0.2_s10005,10005,0.01,0.2,0.04,recheck,0.9625,0.0075000000000000015,0.4375,0.025,1.5858300000672898,80
h0.01_r0.2_s10005,10005,0.01,0.2,0.04,no_task,0.975,0.010625,0.4375,0.028125,1.6159750000497297,80
h0.01_r0.2_s10006,10006,0.01,0.2,0.04,never,1.0,0.0,0.05,0.002,1.1662409999644296,80
h0.01_r0.2_s10006,10006,0.01,0.2,0.04,fresh,1.0,0.0,1.375,0.05500000000000001,1.2300070000037522,80
h0.01_r0.2_s10006,10006,0.01,0.2,0.04,ttl,1.0,0.0,0.5125,0.0205,1.2899260000267532,80
h0.01_r0.2_s10006,10006,0.01,0.2,0.04,entropy,1.0,0.0,0.375,0.015,1.2838369999599308,80
h0.01_r0.2_s10006,10006,0.01,0.2,0.04,random,1.0,0.0,0.3,0.012,1.3551040000265857,80
h0.01_r0.2_s10006,10006,0.01,0.2,0.04,myopic,1.0,0.0,0.2875,0.0115,1.1943029999201826,80
h0.01_r0.2_s10006,10006,0.01,0.2,0.04,recheck,1.0,0.0,0.4375,0.0175,1.6498269999374315,80
h0.01_r0.2_s10006,10006,0.01,0.2,0.04,no_task,1.0,0.0,0.4375,0.0175,1.6007729999500953,80
h0.01_r0.2_s10007,10007,0.01,0.2,0.04,never,0.8875,0.038125,0.05,0.040125,1.1246579999806272,80
h0.01_r0.2_s10007,10007,0.01,0.2,0.04,fresh,1.0,0.0,1.3125,0.052500000000000005,1.2600310000152604,80
h0.01_r0.2_s10007,10007,0.01,0.2,0.04,ttl,0.9875,0.003125,0.5375,0.024625,1.2676119999923685,80
h0.01_r0.2_s10007,10007,0.01,0.2,0.04,entropy,0.9875,0.003125,0.4375,0.020625,1.2987400000383786,80
h0.01_r0.2_s10007,10007,0.01,0.2,0.04,random,0.8875,0.038125,0.275,0.049124999999999995,1.322666000078243,80
h0.01_r0.2_s10007,10007,0.01,0.2,0.04,myopic,0.9875,0.003125,0.3,0.015125,1.1992899999313522,80
h0.01_r0.2_s10007,10007,0.01,0.2,0.04,recheck,0.9875,0.003125,0.45,0.021124999999999998,1.5854600000011487,80
h0.01_r0.2_s10007,10007,0.01,0.2,0.04,no_task,0.975,0.01125,0.4375,0.028750000000000005,1.609304999988126,80
h0.01_r0.2_s10008,10008,0.01,0.2,0.04,never,0.875,0.05625,0.05,0.05825,1.0951640000484986,80
h0.01_r0.2_s10008,10008,0.01,0.2,0.04,fresh,1.0,0.0,1.2625,0.0505,1.2559760000385722,80
h0.01_r0.2_s10008,10008,0.01,0.2,0.04,ttl,0.9875,0.003125,0.5125,0.023625,1.266660999931446,80
h0.01_r0.2_s10008,10008,0.01,0.2,0.04,entropy,0.9875,0.003125,0.4125,0.019625,1.2716479999426156,80
h0.01_r0.2_s10008,10008,0.01,0.2,0.04,random,0.9875,0.003125,0.4125,0.019625,1.3016139999990628,80
h0.01_r0.2_s10008,10008,0.01,0.2,0.04,myopic,0.9875,0.003125,0.2625,0.013624999999999998,1.2246179999237938,80
h0.01_r0.2_s10008,10008,0.01,0.2,0.04,recheck,0.9875,0.003125,0.4,0.019125,1.5794409999898562,80
h0.01_r0.2_s10008,10008,0.01,0.2,0.04,no_task,0.975,0.01125,0.4375,0.028750000000000005,1.5739019999045922,80
h0.01_r0.2_s10009,10009,0.01,0.2,0.04,never,0.6875,0.06437500000000003,0.05,0.06637500000000003,1.0829749999174965,80
h0.01_r0.2_s10009,10009,0.01,0.2,0.04,fresh,1.0,0.0,1.2375,0.0495,1.2172079999572816,80
h0.01_r0.2_s10009,10009,0.01,0.2,0.04,ttl,0.975,0.005,0.5375,0.026500000000000003,1.2752049999562587,80
h0.01_r0.2_s10009,10009,0.01,0.2,0.04,entropy,1.0,0.0,0.4,0.016,1.2630659999786076,80
h0.01_r0.2_s10009,10009,0.01,0.2,0.04,random,0.9375,0.016875,0.2625,0.027375,1.3160450000668789,80
h0.01_r0.2_s10009,10009,0.01,0.2,0.04,myopic,0.925,0.017499999999999998,0.3,0.0295,1.181072999997923,80
h0.01_r0.2_s10009,10009,0.01,0.2,0.04,recheck,0.9375,0.013125000000000001,0.4125,0.029625000000000002,1.6488350000827268,80
h0.01_r0.2_s10009,10009,0.01,0.2,0.04,no_task,0.9375,0.015625,0.4375,0.033125,1.8110380000280202,80
h0.01_r0.2_s10010,10010,0.01,0.2,0.04,never,0.7625,0.06812500000000002,0.05,0.07012500000000002,1.1130310000453392,80
h0.01_r0.2_s10010,10010,0.01,0.2,0.04,fresh,1.0,0.0,1.225,0.049,1.2156850000337727,80
h0.01_r0.2_s10010,10010,0.01,0.2,0.04,ttl,1.0,0.0,0.525,0.020999999999999998,1.2463909999951284,80
h0.01_r0.2_s10010,10010,0.01,0.2,0.04,entropy,0.9875,0.001875,0.4,0.017875,1.2747729999773583,80
h0.01_r0.2_s10010,10010,0.01,0.2,0.04,random,0.9,0.023749999999999993,0.35,0.03774999999999999,1.303687000017817,80
h0.01_r0.2_s10010,10010,0.01,0.2,0.04,myopic,0.925,0.015625,0.275,0.026625,1.1999509999895963,80
h0.01_r0.2_s10010,10010,0.01,0.2,0.04,recheck,0.9625,0.0075000000000000015,0.4375,0.025,1.5862510000488328,80
h0.01_r0.2_s10010,10010,0.01,0.2,0.04,no_task,0.9,0.025625,0.4375,0.043125000000000004,1.5777680000610417,80
h0.01_r0.2_s10011,10011,0.01,0.2,0.04,never,0.7125,0.07812500000000003,0.05,0.08012500000000003,1.080402000070535,80
h0.01_r0.2_s10011,10011,0.01,0.2,0.04,fresh,1.0,0.0,1.175,0.047,1.2273419999928592,80
h0.01_r0.2_s10011,10011,0.01,0.2,0.04,ttl,0.975,0.01625,0.475,0.035250000000000004,1.2652389999630032,80
h0.01_r0.2_s10011,10011,0.01,0.2,0.04,entropy,0.975,0.01625,0.3875,0.03175,1.2942330000669244,80
h0.01_r0.2_s10011,10011,0.01,0.2,0.04,random,0.875,0.03874999999999999,0.35,0.05275,1.3263910000205215,80
h0.01_r0.2_s10011,10011,0.01,0.2,0.04,myopic,0.9375,0.021875,0.2625,0.032375,1.2016939999739407,80
h0.01_r0.2_s10011,10011,0.01,0.2,0.04,recheck,0.95,0.013750000000000002,0.375,0.028749999999999998,1.5890350000518083,80
h0.01_r0.2_s10011,10011,0.01,0.2,0.04,no_task,0.9375,0.029375000000000002,0.4375,0.046875,1.5911079999568756,80
h0.01_r0.2_s10012,10012,0.01,0.2,0.04,never,0.875,0.041249999999999995,0.05,0.04325,1.0888140000133717,80
h0.01_r0.2_s10012,10012,0.01,0.2,0.04,fresh,1.0,0.0,1.25,0.05,1.2004820000584004,80
h0.01_r0.2_s10012,10012,0.01,0.2,0.04,ttl,1.0,0.0,0.5625,0.0225,1.331327999992027,80
h0.01_r0.2_s10012,10012,0.01,0.2,0.04,entropy,1.0,0.0,0.425,0.017,1.258278999898721,80
h0.01_r0.2_s10012,10012,0.01,0.2,0.04,random,1.0,0.0,0.275,0.011,1.3250289999859888,80
h0.01_r0.2_s10012,10012,0.01,0.2,0.04,myopic,1.0,0.0,0.325,0.013000000000000001,1.184928999919066,80
h0.01_r0.2_s10012,10012,0.01,0.2,0.04,recheck,1.0,0.0,0.475,0.019,1.618139000015617,80
h0.01_r0.2_s10012,10012,0.01,0.2,0.04,no_task,0.9875,0.008125,0.4375,0.025625000000000002,1.5688949999912438,80
h0.01_r0.2_s10013,10013,0.01,0.2,0.04,never,0.7875,0.09062500000000002,0.05,0.09262500000000003,1.116055000011329,80
h0.01_r0.2_s10013,10013,0.01,0.2,0.04,fresh,1.0,0.0,1.2375,0.0495,1.430428000048778,80
h0.01_r0.2_s10013,10013,0.01,0.2,0.04,ttl,0.975,0.005,0.55,0.027000000000000003,1.2629860000288318,80
h0.01_r0.2_s10013,10013,0.01,0.2,0.04,entropy,0.975,0.005,0.4125,0.021500000000000002,1.2927610000588174,80
h0.01_r0.2_s10013,10013,0.01,0.2,0.04,random,0.875,0.058750000000000004,0.3375,0.07225000000000001,1.2959350000301129,80
h0.01_r0.2_s10013,10013,0.01,0.2,0.04,myopic,0.8875,0.024374999999999997,0.275,0.035375,1.198530000010578,80
h0.01_r0.2_s10013,10013,0.01,0.2,0.04,recheck,0.95,0.01125,0.425,0.028250000000000004,1.5863620000118317,80
h0.01_r0.2_s10013,10013,0.01,0.2,0.04,no_task,0.9,0.03874999999999999,0.4375,0.05625,1.5742929999760236,80
h0.01_r0.2_s10014,10014,0.01,0.2,0.04,never,0.95,0.01,0.05,0.012,1.0776679999935368,80
h0.01_r0.2_s10014,10014,0.01,0.2,0.04,fresh,1.0,0.0,1.2,0.048,1.218830000084381,80
h0.01_r0.2_s10014,10014,0.01,0.2,0.04,ttl,1.0,0.0,0.5625,0.0225,1.2339720000227317,80
h0.01_r0.2_s10014,10014,0.01,0.2,0.04,entropy,1.0,0.0,0.45,0.018,1.2858799999548864,80
h0.01_r0.2_s10014,10014,0.01,0.2,0.04,random,0.95,0.01,0.3125,0.0225,1.2971270000434743,80
h0.01_r0.2_s10014,10014,0.01,0.2,0.04,myopic,0.9625,0.0075000000000000015,0.3,0.0195,1.2540120000039678,80
h0.01_r0.2_s10014,10014,0.01,0.2,0.04,recheck,1.0,0.0,0.4625,0.0185,1.6106479999962175,80
h0.01_r0.2_s10014,10014,0.01,0.2,0.04,no_task,0.975,0.005,0.4375,0.022500000000000003,1.5838269999903787,80
h0.01_r0.2_s10015,10015,0.01,0.2,0.04,never,0.95,0.0225,0.05,0.024499999999999997,1.0676629999579745,80
h0.01_r0.2_s10015,10015,0.01,0.2,0.04,fresh,1.0,0.0,1.275,0.051000000000000004,1.2243679999528467,80
h0.01_r0.2_s10015,10015,0.01,0.2,0.04,ttl,0.9625,0.014374999999999999,0.55,0.036375000000000005,1.2435469999445559,80
h0.01_r0.2_s10015,10015,0.01,0.2,0.04,entropy,0.9625,0.014374999999999999,0.4375,0.031875,1.289847000066402,80
h0.01_r0.2_s10015,10015,0.01,0.2,0.04,random,0.9625,0.019375,0.375,0.034375,1.3175880000062534,80
h0.01_r0.2_s10015,10015,0.01,0.2,0.04,myopic,0.975,0.01125,0.2625,0.02175,1.1884940000754796,80
h0.01_r0.2_s10015,10015,0.01,0.2,0.04,recheck,0.975,0.00625,0.425,0.02325,1.5732010000419905,80
h0.01_r0.2_s10015,10015,0.01,0.2,0.04,no_task,0.9625,0.024375,0.4375,0.04187500000000001,1.5768370000159848,80
h0.01_r0.2_s10016,10016,0.01,0.2,0.04,never,0.4375,0.4450000000000001,0.05,0.44700000000000006,1.1038970000072368,80
h0.01_r0.2_s10016,10016,0.01,0.2,0.04,fresh,1.0,0.0,1.275,0.051000000000000004,1.1949739999863596,80
h0.01_r0.2_s10016,10016,0.01,0.2,0.04,ttl,0.9625,0.021875,0.525,0.042874999999999996,1.27348199998778,80
h0.01_r0.2_s10016,10016,0.01,0.2,0.04,entropy,0.9625,0.021875,0.4,0.037875000000000006,1.2545439999485097,80
h0.01_r0.2_s10016,10016,0.01,0.2,0.04,random,0.925,0.033125,0.425,0.050124999999999996,1.3413540000328794,80
h0.01_r0.2_s10016,10016,0.01,0.2,0.04,myopic,0.925,0.0225,0.275,0.0335,1.337538000029781,80
h0.01_r0.2_s10016,10016,0.01,0.2,0.04,recheck,0.95,0.013124999999999998,0.45,0.031124999999999996,1.6908989999819823,80
h0.01_r0.2_s10016,10016,0.01,0.2,0.04,no_task,0.925,0.04375,0.4375,0.061250000000000006,1.5697860000045694,80
h0.01_r0.2_s10017,10017,0.01,0.2,0.04,never,0.65,0.14000000000000004,0.05,0.14200000000000004,1.0800210000070365,80
h0.01_r0.2_s10017,10017,0.01,0.2,0.04,fresh,1.0,0.0,1.2,0.048,1.2147229999754927,80
h0.01_r0.2_s10017,10017,0.01,0.2,0.04,ttl,0.975,0.005,0.5375,0.026500000000000003,1.2394010000207345,80
h0.01_r0.2_s10017,10017,0.01,0.2,0.04,entropy,0.9625,0.009375,0.4125,0.025875000000000002,1.2756749999880412,80
h0.01_r0.2_s10017,10017,0.01,0.2,0.04,random,0.9375,0.020624999999999998,0.35,0.034625,1.316586000029929,80
h0.01_r0.2_s10017,10017,0.01,0.2,0.04,myopic,0.85,0.04125,0.3,0.05325,1.210125999932643,80
h0.01_r0.2_s10017,10017,0.01,0.2,0.04,recheck,0.95,0.01125,0.45,0.029249999999999998,1.591558999962217,80
h0.01_r0.2_s10017,10017,0.01,0.2,0.04,no_task,0.95,0.01875,0.4375,0.036250000000000004,1.6063719999692694,80
h0.01_r0.2_s10018,10018,0.01,0.2,0.04,never,0.9375,0.011875,0.05,0.013875000000000002,1.076977000025181,80
h0.01_r0.2_s10018,10018,0.01,0.2,0.04,fresh,1.0,0.0,1.225,0.049,1.244838000047821,80
h0.01_r0.2_s10018,10018,0.01,0.2,0.04,ttl,1.0,0.0,0.5,0.02,1.2626950000367287,80
h0.01_r0.2_s10018,10018,0.01,0.2,0.04,entropy,1.0,0.0,0.3875,0.0155,1.276495999945837,80
h0.01_r0.2_s10018,10018,0.01,0.2,0.04,random,0.9625,0.008125,0.35,0.022125,1.317266999990352,80
h0.01_r0.2_s10018,10018,0.01,0.2,0.04,myopic,0.9375,0.011875,0.25,0.021875,1.1945029999651524,80
h0.01_r0.2_s10018,10018,0.01,0.2,0.04,recheck,1.0,0.0,0.4125,0.0165,1.5988800000741321,80
h0.01_r0.2_s10018,10018,0.01,0.2,0.04,no_task,0.95,0.01,0.4375,0.027500000000000004,1.619921999918006,80
h0.01_r0.2_s10019,10019,0.01,0.2,0.04,never,0.875,0.045,0.05,0.047,1.1146229999212665,80
h0.01_r0.2_s10019,10019,0.01,0.2,0.04,fresh,1.0,0.0,1.1875,0.0475,1.2191099999654398,80
h0.01_r0.2_s10019,10019,0.01,0.2,0.04,ttl,0.9875,0.001875,0.575,0.024875,1.2993700000833996,80
h0.01_r0.2_s10019,10019,0.01,0.2,0.04,entropy,0.9875,0.001875,0.425,0.018875,1.2654399999973975,80
h0.01_r0.2_s10019,10019,0.01,0.2,0.04,random,0.975,0.01,0.3375,0.0235,1.3871129999643017,80
h0.01_r0.2_s10019,10019,0.01,0.2,0.04,myopic,0.9375,0.009375,0.3,0.021374999999999998,1.2880740000582591,80
h0.01_r0.2_s10019,10019,0.01,0.2,0.04,recheck,0.975,0.00375,0.475,0.02275,1.7042979999359886,80
h0.01_r0.2_s10019,10019,0.01,0.2,0.04,no_task,0.9875,0.001875,0.4375,0.019375,1.6537420000304337,80
h0.01_r0.2_s10020,10020,0.01,0.2,0.04,never,0.9625,0.024375,0.05,0.026375000000000003,1.1747929999046391,80
h0.01_r0.2_s10020,10020,0.01,0.2,0.04,fresh,1.0,0.0,1.05,0.041999999999999996,1.223195999955351,80
h0.01_r0.2_s10020,10020,0.01,0.2,0.04,ttl,1.0,0.0,0.5125,0.0205,1.3180490000195277,80
h0.01_r0.2_s10020,10020,0.01,0.2,0.04,entropy,1.0,0.0,0.3875,0.0155,1.2550640000199564,80
h0.01_r0.2_s10020,10020,0.01,0.2,0.04,random,0.9625,0.024375,0.3375,0.037875000000000006,1.3251689999833616,80
h0.01_r0.2_s10020,10020,0.01,0.2,0.04,myopic,1.0,0.0,0.3,0.012,1.202885999987302,80
h0.01_r0.2_s10020,10020,0.01,0.2,0.04,recheck,1.0,0.0,0.4625,0.0185,1.571198999954504,80
h0.01_r0.2_s10020,10020,0.01,0.2,0.04,no_task,1.0,0.0,0.4375,0.0175,1.610586999959196,80
h0.01_r0.2_s10021,10021,0.01,0.2,0.04,never,0.5375,0.20937500000000003,0.05,0.21137500000000004,1.0813029999781065,80
h0.01_r0.2_s10021,10021,0.01,0.2,0.04,fresh,1.0,0.0,1.325,0.053000000000000005,1.2390900000127658,80
h0.01_r0.2_s10021,10021,0.01,0.2,0.04,ttl,0.975,0.00625,0.5625,0.028749999999999998,1.257427000041389,80
h0.01_r0.2_s10021,10021,0.01,0.2,0.04,entropy,0.975,0.00625,0.425,0.02325,1.2907880000057048,80
h0.01_r0.2_s10021,10021,0.01,0.2,0.04,random,0.9625,0.014374999999999999,0.3125,0.026875,1.2974879999774203,80
h0.01_r0.2_s10021,10021,0.01,0.2,0.04,myopic,0.9125,0.026875,0.3,0.038875,1.222935999976471,80
h0.01_r0.2_s10021,10021,0.01,0.2,0.04,recheck,0.95,0.0125,0.45,0.0305,1.7264620000787545,80
h0.01_r0.2_s10021,10021,0.01,0.2,0.04,no_task,0.95,0.01875,0.4375,0.036250000000000004,1.6734920000089915,80
h0.01_r0.2_s10022,10022,0.01,0.2,0.04,never,1.0,0.0,0.05,0.002,1.1056099999677826,80
h0.01_r0.2_s10022,10022,0.01,0.2,0.04,fresh,1.0,0.0,1.3875,0.05550000000000001,1.24205500003427,80
h0.01_r0.2_s10022,10022,0.01,0.2,0.04,ttl,1.0,0.0,0.5375,0.0215,1.2384890000021187,80
h0.01_r0.2_s10022,10022,0.01,0.2,0.04,entropy,1.0,0.0,0.425,0.017,1.2728809999771329,80
h0.01_r0.2_s10022,10022,0.01,0.2,0.04,random,1.0,0.0,0.3625,0.014499999999999999,1.3080129999707424,80
h0.01_r0.2_s10022,10022,0.01,0.2,0.04,myopic,1.0,0.0,0.2625,0.010499999999999999,1.8888249999235995,80
h0.01_r0.2_s10022,10022,0.01,0.2,0.04,recheck,1.0,0.0,0.4375,0.0175,2.405981000038082,80
h0.01_r0.2_s10022,10022,0.01,0.2,0.04,no_task,1.0,0.0,0.4375,0.0175,1.6052399998898181,80
h0.01_r0.2_s10023,10023,0.01,0.2,0.04,never,0.65,0.144375,0.05,0.146375,1.1610729999347313,80
h0.01_r0.2_s10023,10023,0.01,0.2,0.04,fresh,1.0,0.0,1.25,0.05,1.2519789999032582,80
h0.01_r0.2_s10023,10023,0.01,0.2,0.04,ttl,1.0,0.0,0.525,0.020999999999999998,1.3864709999324987,80
h0.01_r0.2_s10023,10023,0.01,0.2,0.04,entropy,1.0,0.0,0.4,0.016,1.2756339999668853,80
h0.01_r0.2_s10023,10023,0.01,0.2,0.04,random,0.9875,0.0043749999999999995,0.2375,0.013874999999999998,1.2954649999983303,80
h0.01_r0.2_s10023,10023,0.01,0.2,0.04,myopic,1.0,0.0,0.275,0.011,1.2410229999204603,80
h0.01_r0.2_s10023,10023,0.01,0.2,0.04,recheck,1.0,0.0,0.4125,0.0165,1.5594810000720827,80
h0.01_r0.2_s10023,10023,0.01,0.2,0.04,no_task,0.975,0.00625,0.4375,0.02375,1.6154749999941487,80
h0.01_r0.2_s10024,10024,0.01,0.2,0.04,never,0.875,0.049374999999999995,0.05,0.05137499999999999,1.075505000017074,80
h0.01_r0.2_s10024,10024,0.01,0.2,0.04,fresh,1.0,0.0,1.2375,0.0495,1.2670620000108102,80
h0.01_r0.2_s10024,10024,0.01,0.2,0.04,ttl,0.9875,0.0043749999999999995,0.475,0.023375,1.2564359999487351,80
h0.01_r0.2_s10024,10024,0.01,0.2,0.04,entropy,0.9875,0.0043749999999999995,0.3625,0.018874999999999996,1.3335320001033324,80
h0.01_r0.2_s10024,10024,0.01,0.2,0.04,random,0.9375,0.033125,0.25,0.043125000000000004,1.2812129999701938,80
h0.01_r0.2_s10024,10024,0.01,0.2,0.04,myopic,0.9625,0.009375,0.2625,0.019874999999999997,1.2234659999421638,80
h0.01_r0.2_s10024,10024,0.01,0.2,0.04,recheck,0.95,0.015625,0.4,0.031625,1.569264999943698,80
h0.01_r0.2_s10024,10024,0.01,0.2,0.04,no_task,0.975,0.006875000000000001,0.4375,0.024375,1.6400419999627047,80
h0.01_r0.2_s10025,10025,0.01,0.2,0.04,never,0.7125,0.150625,0.05,0.152625,1.0783179999407366,80
h0.01_r0.2_s10025,10025,0.01,0.2,0.04,fresh,1.0,0.0,1.0625,0.042499999999999996,1.30349699998078,80
h0.01_r0.2_s10025,10025,0.01,0.2,0.04,ttl,1.0,0.0,0.475,0.019,1.3110380000398436,80
h0.01_r0.2_s10025,10025,0.01,0.2,0.04,entropy,1.0,0.0,0.375,0.015,1.3910080000414382,80
h0.01_r0.2_s10025,10025,0.01,0.2,0.04,random,0.875,0.0475,0.225,0.056499999999999995,1.3016139999990628,80
h0.01_r0.2_s10025,10025,0.01,0.2,0.04,myopic,1.0,0.0,0.3,0.012,1.5149240000482678,80
h0.01_r0.2_s10025,10025,0.01,0.2,0.04,recheck,1.0,0.0,0.4125,0.0165,1.6258100000641207,80
h0.01_r0.2_s10025,10025,0.01,0.2,0.04,no_task,1.0,0.0,0.4375,0.0175,1.799361000053068,80
h0.01_r0.2_s10026,10026,0.01,0.2,0.04,never,0.9625,0.029375000000000002,0.05,0.031375,1.0737320000089312,80
h0.01_r0.2_s10026,10026,0.01,0.2,0.04,fresh,1.0,0.0,1.1375,0.0455,1.4274220000061177,80
h0.01_r0.2_s10026,10026,0.01,0.2,0.04,ttl,1.0,0.0,0.5125,0.0205,1.2623349999785205,80
h0.01_r0.2_s10026,10026,0.01,0.2,0.04,entropy,1.0,0.0,0.3875,0.0155,1.4643480000131603,80
h0.01_r0.2_s10026,10026,0.01,0.2,0.04,random,0.9625,0.029375000000000002,0.2625,0.039875,1.3270020000391014,80
h0.01_r0.2_s10026,10026,0.01,0.2,0.04,myopic,0.9875,0.0043749999999999995,0.3,0.016375,1.254973999948561,80
h0.01_r0.2_s10026,10026,0.01,0.2,0.04,recheck,1.0,0.0,0.425,0.017,1.7005029999381804,80
h0.01_r0.2_s10026,10026,0.01,0.2,0.04,no_task,1.0,0.0,0.4375,0.0175,1.6272330000219881,80
h0.01_r0.2_s10027,10027,0.01,0.2,0.04,never,0.7375,0.2325,0.05,0.23450000000000001,1.1035469999569614,80
h0.01_r0.2_s10027,10027,0.01,0.2,0.04,fresh,1.0,0.0,1.0625,0.042499999999999996,1.208524000048783,80
h0.01_r0.2_s10027,10027,0.01,0.2,0.04,ttl,0.9875,0.0125,0.55,0.034499999999999996,1.3472129999172466,80
h0.01_r0.2_s10027,10027,0.01,0.2,0.04,entropy,0.95,0.05,0.375,0.065,1.267813000026763,80
h0.01_r0.2_s10027,10027,0.01,0.2,0.04,random,0.95,0.05,0.2625,0.0605,1.3767860000371002,80
h0.01_r0.2_s10027,10027,0.01,0.2,0.04,myopic,0.9875,0.0125,0.25,0.0225,1.1795799999845258,80
h0.01_r0.2_s10027,10027,0.01,0.2,0.04,recheck,0.9875,0.0125,0.4375,0.030000000000000006,1.660843999957251,80
h0.01_r0.2_s10027,10027,0.01,0.2,0.04,no_task,1.0,0.0,0.4375,0.0175,1.575965999904838,80
h0.01_r0.2_s10028,10028,0.01,0.2,0.04,never,0.6125,0.118125,0.05,0.120125,1.2261910000006537,80
h0.01_r0.2_s10028,10028,0.01,0.2,0.04,fresh,1.0,0.0,1.325,0.053000000000000005,1.2508379999189856,80
h0.01_r0.2_s10028,10028,0.01,0.2,0.04,ttl,1.0,0.0,0.55,0.022,1.2480630000482051,80
h0.01_r0.2_s10028,10028,0.01,0.2,0.04,entropy,1.0,0.0,0.4125,0.0165,1.480192000030911,80
h0.01_r0.2_s10028,10028,0.01,0.2,0.04,random,1.0,0.0,0.3125,0.0125,1.4169269999229073,80
h0.01_r0.2_s10028,10028,0.01,0.2,0.04,myopic,0.9625,0.010624999999999999,0.275,0.021625,1.3444990000834878,80
h0.01_r0.2_s10028,10028,0.01,0.2,0.04,recheck,0.9875,0.003125,0.4625,0.021625,1.6805829999384514,80
h0.01_r0.2_s10028,10028,0.01,0.2,0.04,no_task,0.9875,0.0043749999999999995,0.4375,0.021875,1.5517890000182888,80
h0.01_r0.2_s10029,10029,0.01,0.2,0.04,never,0.5375,0.24187499999999992,0.05,0.24387499999999993,1.078939999956674,80
h0.01_r0.2_s10029,10029,0.01,0.2,0.04,fresh,1.0,0.0,1.125,0.045,1.2298960000407533,80
h0.01_r0.2_s10029,10029,0.01,0.2,0.04,ttl,0.9625,0.019375,0.5875,0.042875,1.2725900000987167,80
h0.01_r0.2_s10029,10029,0.01,0.2,0.04,entropy,0.9625,0.02125,0.4375,0.03875000000000001,1.2739320000036969,80
h0.01_r0.2_s10029,10029,0.01,0.2,0.04,random,0.95,0.025625000000000002,0.3,0.037625000000000006,1.8104279999988648,80
h0.01_r0.2_s10029,10029,0.01,0.2,0.04,myopic,0.9625,0.02125,0.3,0.03325,2.3633470000277157,80
h0.01_r0.2_s10029,10029,0.01,0.2,0.04,recheck,0.9625,0.019375,0.4625,0.037875000000000006,1.6667519998918578,80
h0.01_r0.2_s10029,10029,0.01,0.2,0.04,no_task,0.975,0.01625,0.4375,0.03375,1.5798010000480645,80
h0.01_r0.2_s10030,10030,0.01,0.2,0.04,never,0.7125,0.109375,0.05,0.111375,1.0611529999096092,80
h0.01_r0.2_s10030,10030,0.01,0.2,0.04,fresh,1.0,0.0,1.35,0.054000000000000006,1.2910579999925176,80
h0.01_r0.2_s10030,10030,0.01,0.2,0.04,ttl,0.975,0.00625,0.5375,0.027749999999999997,1.2570369999593822,80
h0.01_r0.2_s10030,10030,0.01,0.2,0.04,entropy,0.95,0.0125,0.3875,0.028000000000000004,1.2475219999714682,80
h0.01_r0.2_s10030,10030,0.01,0.2,0.04,random,0.9,0.028125,0.4375,0.045625000000000006,1.292018999947686,80
h0.01_r0.2_s10030,10030,0.01,0.2,0.04,myopic,0.8875,0.021875,0.25,0.031875,1.1882940000305098,80
h0.01_r0.2_s10030,10030,0.01,0.2,0.04,recheck,0.8875,0.023124999999999996,0.425,0.040125,1.5575980000903655,80
h0.01_r0.2_s10030,10030,0.01,0.2,0.04,no_task,0.9625,0.010624999999999999,0.4375,0.028125,1.5923500000099011,80
h0.01_r0.2_s10031,10031,0.01,0.2,0.04,never,0.9375,0.015,0.05,0.016999999999999998,1.078078999967147,80
h0.01_r0.2_s10031,10031,0.01,0.2,0.04,fresh,1.0,0.0,1.225,0.049,1.263457000050039,80
h0.01_r0.2_s10031,10031,0.01,0.2,0.04,ttl,1.0,0.0,0.5125,0.0205,1.23968100001548,80
h0.01_r0.2_s10031,10031,0.01,0.2,0.04,entropy,1.0,0.0,0.4125,0.0165,1.2516479999931107,80
h0.01_r0.2_s10031,10031,0.01,0.2,0.04,random,0.925,0.018749999999999996,0.25,0.028749999999999998,1.3485550000496005,80
h0.01_r0.2_s10031,10031,0.01,0.2,0.04,myopic,0.8875,0.022499999999999996,0.2625,0.032999999999999995,1.18835399996442,80
h0.01_r0.2_s10031,10031,0.01,0.2,0.04,recheck,0.9875,0.0025,0.425,0.0195,1.5786999999818363,80
h0.01_r0.2_s10031,10031,0.01,0.2,0.04,no_task,0.925,0.021875,0.4375,0.039375,1.669615999958296,80
h0.01_r0.2_s10032,10032,0.01,0.2,0.04,never,0.9375,0.0125,0.05,0.014499999999999999,1.136816999974144,80
h0.01_r0.2_s10032,10032,0.01,0.2,0.04,fresh,1.0,0.0,1.4,0.05600000000000001,1.214873999970223,80
h0.01_r0.2_s10032,10032,0.01,0.2,0.04,ttl,1.0,0.0,0.575,0.023,1.2823449999359582,80
h0.01_r0.2_s10032,10032,0.01,0.2,0.04,entropy,1.0,0.0,0.425,0.017,1.2482039999213157,80
h0.01_r0.2_s10032,10032,0.01,0.2,0.04,random,0.95,0.01,0.2875,0.021500000000000002,1.3334819999499814,80
h0.01_r0.2_s10032,10032,0.01,0.2,0.04,myopic,0.9625,0.0075000000000000015,0.2875,0.019,1.1858300000540112,80
h0.01_r0.2_s10032,10032,0.01,0.2,0.04,recheck,1.0,0.0,0.4375,0.0175,1.5888450000147714,80
h0.01_r0.2_s10032,10032,0.01,0.2,0.04,no_task,0.9875,0.0025,0.4375,0.02,1.5841880000380115,80
h0.01_r0.2_s10033,10033,0.01,0.2,0.04,never,0.7,0.06937500000000003,0.05,0.07137500000000004,1.154713999994783,80
h0.01_r0.2_s10033,10033,0.01,0.2,0.04,fresh,1.0,0.0,1.475,0.059,1.2071419999983846,80
h0.01_r0.2_s10033,10033,0.01,0.2,0.04,ttl,1.0,0.0,0.5375,0.0215,1.2521490000381164,80
h0.01_r0.2_s10033,10033,0.01,0.2,0.04,entropy,1.0,0.0,0.4125,0.0165,1.2563459999910265,80
h0.01_r0.2_s10033,10033,0.01,0.2,0.04,random,0.9,0.026250000000000002,0.375,0.041249999999999995,1.3005520000888282,80
h0.01_r0.2_s10033,10033,0.01,0.2,0.04,myopic,0.9625,0.005625,0.2875,0.017125,1.279990999933034,80
h0.01_r0.2_s10033,10033,0.01,0.2,0.04,recheck,0.9625,0.005625,0.425,0.022625,1.563557000054061,80
h0.01_r0.2_s10033,10033,0.01,0.2,0.04,no_task,0.9375,0.01125,0.4375,0.028749999999999998,1.574623999999858,80
h0.01_r0.2_s10034,10034,0.01,0.2,0.04,never,0.6625,0.09812499999999999,0.05,0.10012499999999999,1.0849389999521009,80
h0.01_r0.2_s10034,10034,0.01,0.2,0.04,fresh,1.0,0.0,1.2,0.048,2.393703000052483,80
h0.01_r0.2_s10034,10034,0.01,0.2,0.04,ttl,0.9875,0.0043749999999999995,0.5125,0.024875,1.2675130000161516,80
h0.01_r0.2_s10034,10034,0.01,0.2,0.04,entropy,0.95,0.017499999999999998,0.375,0.032499999999999994,1.3421349999589438,80
h0.01_r0.2_s10034,10034,0.01,0.2,0.04,random,1.0,0.0,0.3625,0.014499999999999999,1.2850589999970907,80
h0.01_r0.2_s10034,10034,0.01,0.2,0.04,myopic,0.95,0.017499999999999998,0.25,0.027500000000000004,1.195864999999685,80
h0.01_r0.2_s10034,10034,0.01,0.2,0.04,recheck,0.95,0.017499999999999998,0.4,0.033499999999999995,1.6099559999247504,80
h0.01_r0.2_s10034,10034,0.01,0.2,0.04,no_task,0.9625,0.013124999999999998,0.4375,0.030625000000000003,1.7264809999915087,80
h0.01_r0.2_s10035,10035,0.01,0.2,0.04,never,0.6125,0.18500000000000005,0.05,0.18700000000000006,1.0694149999608271,80
h0.01_r0.2_s10035,10035,0.01,0.2,0.04,fresh,1.0,0.0,1.2625,0.0505,1.2578280000070663,80
h0.01_r0.2_s10035,10035,0.01,0.2,0.04,ttl,1.0,0.0,0.5,0.02,1.3544329999604088,80
h0.01_r0.2_s10035,10035,0.01,0.2,0.04,entropy,1.0,0.0,0.4125,0.0165,1.278850000062448,80
h0.01_r0.2_s10035,10035,0.01,0.2,0.04,random,0.9875,0.008125,0.425,0.025125,1.3914689999410257,80
h0.01_r0.2_s10035,10035,0.01,0.2,0.04,myopic,0.975,0.00625,0.275,0.017249999999999998,1.2501060000431607,80
h0.01_r0.2_s10035,10035,0.01,0.2,0.04,recheck,0.9625,0.014374999999999999,0.4125,0.030874999999999996,1.7274629999519675,80
h0.01_r0.2_s10035,10035,0.01,0.2,0.04,no_task,0.9625,0.020624999999999998,0.4375,0.038125,1.6904369999792834,80
h0.01_r0.2_s10036,10036,0.01,0.2,0.04,never,0.9,0.03750000000000001,0.05,0.039500000000000014,1.1690149999594723,80
h0.01_r0.2_s10036,10036,0.01,0.2,0.04,fresh,1.0,0.0,1.575,0.063,1.2219939999340568,80
h0.01_r0.2_s10036,10036,0.01,0.2,0.04,ttl,0.9625,0.013750000000000002,0.6125,0.03825,1.3617439999507042,80
h0.01_r0.2_s10036,10036,0.01,0.2,0.04,entropy,0.975,0.01125,0.4375,0.028750000000000005,1.3464209999938248,80
h0.01_r0.2_s10036,10036,0.01,0.2,0.04,random,0.9,0.03750000000000001,0.525,0.05850000000000001,1.311018000023978,80
h0.01_r0.2_s10036,10036,0.01,0.2,0.04,myopic,0.9125,0.024999999999999998,0.3,0.037,1.2096860000383458,80
h0.01_r0.2_s10036,10036,0.01,0.2,0.04,recheck,0.9625,0.0075000000000000015,0.4875,0.027000000000000003,1.694784000051186,80
h0.01_r0.2_s10036,10036,0.01,0.2,0.04,no_task,0.95,0.01625,0.4375,0.03375,1.789756999983183,80
h0.01_r0.2_s10037,10037,0.01,0.2,0.04,never,0.925,0.015,0.05,0.016999999999999998,1.0775380000040968,80
h0.01_r0.2_s10037,10037,0.01,0.2,0.04,fresh,1.0,0.0,1.1125,0.0445,1.2850699999944482,80
h0.01_r0.2_s10037,10037,0.01,0.2,0.04,ttl,1.0,0.0,0.4875,0.0195,1.2574470000572546,80
h0.01_r0.2_s10037,10037,0.01,0.2,0.04,entropy,1.0,0.0,0.375,0.015,1.2333309999803532,80
h0.01_r0.2_s10037,10037,0.01,0.2,0.04,random,0.9875,0.0025,0.35,0.0165,1.3124710000056439,80
h0.01_r0.2_s10037,10037,0.01,0.2,0.04,myopic,0.9625,0.0075000000000000015,0.2625,0.018,1.2350830000968926,80
h0.01_r0.2_s10037,10037,0.01,0.2,0.04,recheck,0.9875,0.0025,0.425,0.0195,1.6113189999487076,80
h0.01_r0.2_s10037,10037,0.01,0.2,0.04,no_task,1.0,0.0,0.4375,0.0175,1.794904000007591,80
h0.01_r0.2_s10038,10038,0.01,0.2,0.04,never,0.525,0.19625000000000004,0.05,0.19825000000000004,1.09789800001181,80
h0.01_r0.2_s10038,10038,0.01,0.2,0.04,fresh,1.0,0.0,1.3,0.052000000000000005,1.2993999999935113,80
h0.01_r0.2_s10038,10038,0.01,0.2,0.04,ttl,0.925,0.020624999999999998,0.5375,0.042125,1.3252600000441817,80
h0.01_r0.2_s10038,10038,0.01,0.2,0.04,entropy,0.9375,0.014374999999999999,0.4125,0.030874999999999996,1.3385999999400156,80
h0.01_r0.2_s10038,10038,0.01,0.2,0.04,random,0.6625,0.14250000000000004,0.35,0.15650000000000003,1.357787999950233,80
h0.01_r0.2_s10038,10038,0.01,0.2,0.04,myopic,0.85,0.040625,0.2875,0.052125,1.6236769999977696,80
h0.01_r0.2_s10038,10038,0.01,0.2,0.04,recheck,0.925,0.016874999999999998,0.425,0.033875,1.8352450000520548,80
h0.01_r0.2_s10038,10038,0.01,0.2,0.04,no_task,0.8875,0.026249999999999996,0.4375,0.04375,1.9248390000257132,80
h0.01_r0.2_s10039,10039,0.01,0.2,0.04,never,0.775,0.10500000000000002,0.05,0.10700000000000003,1.089084999989609,80
h0.01_r0.2_s10039,10039,0.01,0.2,0.04,fresh,1.0,0.0,1.225,0.049,1.1984690000872433,80
h0.01_r0.2_s10039,10039,0.01,0.2,0.04,ttl,0.9625,0.014374999999999999,0.5125,0.034875,1.2702970000191272,80
h0.01_r0.2_s10039,10039,0.01,0.2,0.04,entropy,0.9625,0.014374999999999999,0.3875,0.029874999999999995,1.3968169999998281,80
h0.01_r0.2_s10039,10039,0.01,0.2,0.04,random,0.8375,0.071875,0.3,0.083875,1.507642999968084,80
h0.01_r0.2_s10039,10039,0.01,0.2,0.04,myopic,0.9625,0.014374999999999999,0.3,0.026375,1.411748999998963,80
h0.01_r0.2_s10039,10039,0.01,0.2,0.04,recheck,0.975,0.00625,0.4125,0.02275,1.6014139999924737,80
h0.01_r0.2_s10039,10039,0.01,0.2,0.04,no_task,0.95,0.0225,0.4375,0.04,1.5412230000038107,80
h0.01_r0.2_s10040,10040,0.01,0.2,0.04,never,0.6,0.33062500000000017,0.05,0.33262500000000017,1.1045080000258167,80
h0.01_r0.2_s10040,10040,0.01,0.2,0.04,fresh,1.0,0.0,1.1625,0.0465,1.4592900000707232,80
h0.01_r0.2_s10040,10040,0.01,0.2,0.04,ttl,0.975,0.025,0.5,0.045,2.276096000059624,80
h0.01_r0.2_s10040,10040,0.01,0.2,0.04,entropy,0.95,0.05,0.4,0.066,1.3432060000013735,80
h0.01_r0.2_s10040,10040,0.01,0.2,0.04,random,0.9625,0.008124999999999999,0.3875,0.023625,1.3830560000087644,80
h0.01_r0.2_s10040,10040,0.01,0.2,0.04,myopic,0.9,0.05437499999999999,0.3125,0.06687499999999999,1.2511779999613282,80
h0.01_r0.2_s10040,10040,0.01,0.2,0.04,recheck,0.975,0.025,0.4,0.041,1.6083249998928295,80
h0.01_r0.2_s10040,10040,0.01,0.2,0.04,no_task,0.925,0.050624999999999996,0.4375,0.068125,1.6703579999557405,80
h0.01_r0.2_s10041,10041,0.01,0.2,0.04,never,0.8875,0.026875,0.05,0.028875,1.132128999984161,80
h0.01_r0.2_s10041,10041,0.01,0.2,0.04,fresh,1.0,0.0,1.2375,0.0495,1.4287340000009863,80
h0.01_r0.2_s10041,10041,0.01,0.2,0.04,ttl,0.975,0.00625,0.55,0.028249999999999997,1.3019540000414054,80
h0.01_r0.2_s10041,10041,0.01,0.2,0.04,entropy,0.9625,0.008125,0.425,0.025125,1.3667509999777394,80
h0.01_r0.2_s10041,10041,0.01,0.2,0.04,random,0.9125,0.020624999999999998,0.3375,0.034124999999999996,1.3575980000268828,80
h0.01_r0.2_s10041,10041,0.01,0.2,0.04,myopic,0.9,0.0225,0.2875,0.033999999999999996,1.1887540000543595,80
h0.01_r0.2_s10041,10041,0.01,0.2,0.04,recheck,0.9875,0.001875,0.4375,0.019375,1.7233970000916088,80
h0.01_r0.2_s10041,10041,0.01,0.2,0.04,no_task,0.975,0.00625,0.4375,0.02375,1.5879039999617817,80
h0.01_r0.2_s10042,10042,0.01,0.2,0.04,never,0.9125,0.031875,0.05,0.033875,1.1799409999184718,80
h0.01_r0.2_s10042,10042,0.01,0.2,0.04,fresh,1.0,0.0,1.3,0.052000000000000005,1.1966760000632348,80
h0.01_r0.2_s10042,10042,0.01,0.2,0.04,ttl,1.0,0.0,0.5625,0.0225,1.2505569999348154,80
h0.01_r0.2_s10042,10042,0.01,0.2,0.04,entropy,1.0,0.0,0.4375,0.0175,1.23839900004441,80
h0.01_r0.2_s10042,10042,0.01,0.2,0.04,random,0.975,0.01125,0.3375,0.02475,1.3451990000703518,80
h0.01_r0.2_s10042,10042,0.01,0.2,0.04,myopic,0.9875,0.003125,0.3,0.015125,1.1985190000132206,80
h0.01_r0.2_s10042,10042,0.01,0.2,0.04,recheck,1.0,0.0,0.45,0.018,1.9240880000097604,80
h0.01_r0.2_s10042,10042,0.01,0.2,0.04,no_task,1.0,0.0,0.4375,0.0175,1.6720889999533028,80
h0.01_r0.2_s10043,10043,0.01,0.2,0.04,never,0.65,0.13437500000000005,0.05,0.13637500000000005,1.1401010000327005,80
h0.01_r0.2_s10043,10043,0.01,0.2,0.04,fresh,1.0,0.0,1.1875,0.0475,1.2091550000832285,80
h0.01_r0.2_s10043,10043,0.01,0.2,0.04,ttl,0.975,0.01125,0.5375,0.03275,1.2521400000196081,80
h0.01_r0.2_s10043,10043,0.01,0.2,0.04,entropy,0.975,0.01125,0.3875,0.026750000000000003,1.4283740000564649,80
h0.01_r0.2_s10043,10043,0.01,0.2,0.04,random,0.95,0.01625,0.3,0.028249999999999997,1.2935109999716587,80
h0.01_r0.2_s10043,10043,0.01,0.2,0.04,myopic,0.9125,0.025625,0.3,0.037625,1.205320000053689,80
h0.01_r0.2_s10043,10043,0.01,0.2,0.04,recheck,0.975,0.005,0.475,0.024,1.7852099999799975,80
h0.01_r0.2_s10043,10043,0.01,0.2,0.04,no_task,0.975,0.01125,0.4375,0.028750000000000005,1.669897000056153,80
h0.01_r0.2_s10044,10044,0.01,0.2,0.04,never,0.8375,0.065625,0.05,0.067625,1.2467920000744925,80
h0.01_r0.2_s10044,10044,0.01,0.2,0.04,fresh,1.0,0.0,1.3,0.052000000000000005,1.2940630000457531,80
h0.01_r0.2_s10044,10044,0.01,0.2,0.04,ttl,0.975,0.01125,0.5625,0.03375,1.4806329999146328,80
h0.01_r0.2_s10044,10044,0.01,0.2,0.04,entropy,0.975,0.01125,0.4,0.027250000000000003,1.474082999948223,80
h0.01_r0.2_s10044,10044,0.01,0.2,0.04,random,0.8875,0.038125,0.3,0.050124999999999996,1.3923799999702169,80
h0.01_r0.2_s10044,10044,0.01,0.2,0.04,myopic,0.975,0.00375,0.275,0.01475,1.2780580000253394,80
h0.01_r0.2_s10044,10044,0.01,0.2,0.04,recheck,0.975,0.00375,0.4,0.01975,1.7850899999984904,80
h0.01_r0.2_s10044,10044,0.01,0.2,0.04,no_task,1.0,0.0,0.4375,0.0175,1.678580000088914,80
h0.01_r0.2_s10045,10045,0.01,0.2,0.04,never,0.6625,0.14562500000000003,0.05,0.14762500000000003,1.2325999999802661,80
h0.01_r0.2_s10045,10045,0.01,0.2,0.04,fresh,1.0,0.0,1.2,0.048,1.2073420000433543,80
h0.01_r0.2_s10045,10045,0.01,0.2,0.04,ttl,0.95,0.017499999999999998,0.475,0.0365,1.3523000000077445,80
h0.01_r0.2_s10045,10045,0.01,0.2,0.04,entropy,0.95,0.017499999999999998,0.4,0.033499999999999995,1.256416999922294,80
h0.01_r0.2_s10045,10045,0.01,0.2,0.04,random,0.825,0.060625000000000005,0.3875,0.07612500000000001,1.3184389999878476,80
h0.01_r0.2_s10045,10045,0.01,0.2,0.04,myopic,0.8625,0.03749999999999999,0.275,0.048499999999999995,1.2464210000189269,80
h0.01_r0.2_s10045,10045,0.01,0.2,0.04,recheck,0.8875,0.031875,0.3875,0.047375,1.6391599999678874,80
h0.01_r0.2_s10045,10045,0.01,0.2,0.04,no_task,0.9625,0.013750000000000002,0.4375,0.03125,1.6836280000234183,80
h0.01_r0.2_s10046,10046,0.01,0.2,0.04,never,0.4875,0.3174999999999999,0.05,0.3194999999999999,1.1049390000152925,80
h0.01_r0.2_s10046,10046,0.01,0.2,0.04,fresh,1.0,0.0,1.175,0.047,1.2847379999811892,80
h0.01_r0.2_s10046,10046,0.01,0.2,0.04,ttl,0.9875,0.003125,0.525,0.024125,1.3294049999785784,80
h0.01_r0.2_s10046,10046,0.01,0.2,0.04,entropy,0.9875,0.003125,0.4,0.019125,1.2900670000135506,80
h0.01_r0.2_s10046,10046,0.01,0.2,0.04,random,0.8375,0.08687500000000001,0.3375,0.10037500000000002,1.4346839999461736,80
h0.01_r0.2_s10046,10046,0.01,0.2,0.04,myopic,0.9375,0.01875,0.3125,0.03125,1.2211829999841939,80
h0.01_r0.2_s10046,10046,0.01,0.2,0.04,recheck,0.975,0.005625,0.4625,0.024125,1.695335000022169,80
h0.01_r0.2_s10046,10046,0.01,0.2,0.04,no_task,0.8375,0.06,0.4375,0.0775,1.5867810000145255,80
h0.01_r0.2_s10047,10047,0.01,0.2,0.04,never,0.9875,0.008125,0.05,0.010125,1.0713279999663428,80
h0.01_r0.2_s10047,10047,0.01,0.2,0.04,fresh,1.0,0.0,1.0375,0.0415,1.246541000000434,80
h0.01_r0.2_s10047,10047,0.01,0.2,0.04,ttl,0.9875,0.008125,0.5125,0.028625,1.2421940000422182,80
h0.01_r0.2_s10047,10047,0.01,0.2,0.04,entropy,0.9875,0.008125,0.4,0.024125,1.448683999910827,80
h0.01_r0.2_s10047,10047,0.01,0.2,0.04,random,0.9875,0.008125,0.2875,0.019625,1.2925800000402887,80
h0.01_r0.2_s10047,10047,0.01,0.2,0.04,myopic,0.9875,0.008125,0.2625,0.018625,1.173992000076396,80
h0.01_r0.2_s10047,10047,0.01,0.2,0.04,recheck,0.9875,0.008125,0.375,0.023125,1.6015639999977793,80
h0.01_r0.2_s10047,10047,0.01,0.2,0.04,no_task,0.9875,0.008125,0.4375,0.025625000000000002,1.5624449999904755,80
h0.01_r0.2_s10048,10048,0.01,0.2,0.04,never,0.5,0.19999999999999996,0.05,0.20199999999999996,1.09561500005384,80
h0.01_r0.2_s10048,10048,0.01,0.2,0.04,fresh,1.0,0.0,1.125,0.045,1.191829000049438,80
h0.01_r0.2_s10048,10048,0.01,0.2,0.04,ttl,1.0,0.0,0.4625,0.0185,1.272830000061731,80
h0.01_r0.2_s10048,10048,0.01,0.2,0.04,entropy,1.0,0.0,0.3875,0.0155,1.235044000054586,80
h0.01_r0.2_s10048,10048,0.01,0.2,0.04,random,0.925,0.016875,0.4,0.032875,1.3168870000299648,80
h0.01_r0.2_s10048,10048,0.01,0.2,0.04,myopic,1.0,0.0,0.25,0.01,1.1811230000375872,80
h0.01_r0.2_s10048,10048,0.01,0.2,0.04,recheck,1.0,0.0,0.3625,0.014499999999999999,1.5716489999704208,80
h0.01_r0.2_s10048,10048,0.01,0.2,0.04,no_task,1.0,0.0,0.4375,0.0175,1.558609999960936,80
h0.01_r0.2_s10049,10049,0.01,0.2,0.04,never,0.6125,0.11062499999999997,0.05,0.11262499999999998,1.1003020000543984,80
h0.01_r0.2_s10049,10049,0.01,0.2,0.04,fresh,1.0,0.0,1.2125,0.0485,1.2272819999452622,80
h0.01_r0.2_s10049,10049,0.01,0.2,0.04,ttl,1.0,0.0,0.5125,0.0205,1.2556450000147379,80
h0.01_r0.2_s10049,10049,0.01,0.2,0.04,entropy,1.0,0.0,0.4,0.016,1.2716389999241073,80
h0.01_r0.2_s10049,10049,0.01,0.2,0.04,random,0.95,0.015,0.3625,0.0295,1.3116090000266922,80
h0.01_r0.2_s10049,10049,0.01,0.2,0.04,myopic,0.975,0.00625,0.2875,0.01775,1.2203219999946668,80
h0.01_r0.2_s10049,10049,0.01,0.2,0.04,recheck,1.0,0.0,0.4375,0.0175,1.5557950000584242,80
h0.01_r0.2_s10049,10049,0.01,0.2,0.04,no_task,0.9875,0.0043749999999999995,0.4375,0.021875,1.6810230000601223,80
h0.01_r0.2_s10050,10050,0.01,0.2,0.04,never,0.8125,0.11687500000000003,0.05,0.11887500000000004,1.0848580000129004,80
h0.01_r0.2_s10050,10050,0.01,0.2,0.04,fresh,1.0,0.0,1.0375,0.0415,1.381484000035016,80
h0.01_r0.2_s10050,10050,0.01,0.2,0.04,ttl,1.0,0.0,0.4375,0.0175,1.2479030000349667,80
h0.01_r0.2_s10050,10050,0.01,0.2,0.04,entropy,1.0,0.0,0.3625,0.014499999999999999,1.2996010000279057,80
h0.01_r0.2_s10050,10050,0.01,0.2,0.04,random,1.0,0.0,0.275,0.011,1.3016440000228613,80
h0.01_r0.2_s10050,10050,0.01,0.2,0.04,myopic,1.0,0.0,0.2625,0.010499999999999999,1.2634360000447487,80
h0.01_r0.2_s10050,10050,0.01,0.2,0.04,recheck,1.0,0.0,0.3625,0.014499999999999999,1.6111790000650217,80
h0.01_r0.2_s10050,10050,0.01,0.2,0.04,no_task,1.0,0.0,0.4375,0.0175,1.5827560000616359,80
h0.01_r0.2_s10051,10051,0.01,0.2,0.04,never,0.875,0.024374999999999997,0.05,0.026375,1.107662999970671,80
h0.01_r0.2_s10051,10051,0.01,0.2,0.04,fresh,1.0,0.0,1.35,0.054000000000000006,1.2397109999255918,80
h0.01_r0.2_s10051,10051,0.01,0.2,0.04,ttl,0.9875,0.001875,0.5625,0.024375,1.2972679999165848,80
h0.01_r0.2_s10051,10051,0.01,0.2,0.04,entropy,0.9875,0.001875,0.45,0.019874999999999997,1.2573179999435524,80
h0.01_r0.2_s10051,10051,0.01,0.2,0.04,random,0.9,0.019374999999999996,0.3875,0.034875,1.3163159999294294,80
h0.01_r0.2_s10051,10051,0.01,0.2,0.04,myopic,0.9375,0.011875,0.2875,0.023375,1.1923789999173096,80
h0.01_r0.2_s10051,10051,0.01,0.2,0.04,recheck,0.9875,0.001875,0.4375,0.019375,1.5659010000490525,80
h0.01_r0.2_s10051,10051,0.01,0.2,0.04,no_task,0.9625,0.006875000000000001,0.4375,0.024375,1.5874030000304629,80
h0.01_r0.2_s10052,10052,0.01,0.2,0.04,never,0.4875,0.3875000000000003,0.05,0.3895000000000003,1.083966999999575,80
h0.01_r0.2_s10052,10052,0.01,0.2,0.04,fresh,1.0,0.0,1.2875,0.051500000000000004,1.225810000050842,80
h0.01_r0.2_s10052,10052,0.01,0.2,0.04,ttl,0.9625,0.025,0.5375,0.0465,1.252760999932434,80
h0.01_r0.2_s10052,10052,0.01,0.2,0.04,entropy,0.9125,0.083125,0.4375,0.100625,1.3776480000160518,80
h0.01_r0.2_s10052,10052,0.01,0.2,0.04,random,0.8875,0.049999999999999996,0.3,0.061999999999999986,1.424879000069268,80
h0.01_r0.2_s10052,10052,0.01,0.2,0.04,myopic,0.8375,0.07062500000000002,0.2875,0.08212500000000003,1.1841780000168,80
h0.01_r0.2_s10052,10052,0.01,0.2,0.04,recheck,0.95,0.020624999999999998,0.4875,0.040125,1.560562999998183,80
h0.01_r0.2_s10052,10052,0.01,0.2,0.04,no_task,0.8875,0.06000000000000001,0.4375,0.07750000000000001,1.707702999965477,80
h0.01_r0.2_s10053,10053,0.01,0.2,0.04,never,0.6,0.25499999999999995,0.05,0.25699999999999995,1.2297160000116492,80
h0.01_r0.2_s10053,10053,0.01,0.2,0.04,fresh,1.0,0.0,1.15,0.046,1.2071620000142502,80
h0.01_r0.2_s10053,10053,0.01,0.2,0.04,ttl,0.975,0.01,0.5,0.030000000000000006,1.2295160000803662,80
h0.01_r0.2_s10053,10053,0.01,0.2,0.04,entropy,0.95,0.015,0.4,0.031,1.2847589999864795,80
h0.01_r0.2_s10053,10053,0.01,0.2,0.04,random,0.7125,0.165,0.2625,0.17550000000000002,1.3170469999295165,80
h0.01_r0.2_s10053,10053,0.01,0.2,0.04,myopic,0.8875,0.026875,0.3,0.038875,1.2458800000558767,80
h0.01_r0.2_s10053,10053,0.01,0.2,0.04,recheck,0.9125,0.0225,0.4125,0.039,1.562024999998357,80
h0.01_r0.2_s10053,10053,0.01,0.2,0.04,no_task,0.975,0.009375,0.4375,0.026875000000000003,1.6181689999257287,80
h0.01_r0.2_s10054,10054,0.01,0.2,0.04,never,0.75,0.07250000000000001,0.05,0.07450000000000001,1.0795610000968736,80
h0.01_r0.2_s10054,10054,0.01,0.2,0.04,fresh,1.0,0.0,1.325,0.053000000000000005,1.2310179999985849,80
h0.01_r0.2_s10054,10054,0.01,0.2,0.04,ttl,0.975,0.00625,0.575,0.029249999999999998,1.2478730000111682,80
h0.01_r0.2_s10054,10054,0.01,0.2,0.04,entropy,0.975,0.00625,0.45,0.02425,1.2518390000195723,80
h0.01_r0.2_s10054,10054,0.01,0.2,0.04,random,0.95,0.017499999999999998,0.4,0.033499999999999995,1.3617439999507042,80
h0.01_r0.2_s10054,10054,0.01,0.2,0.04,myopic,0.9625,0.008749999999999999,0.275,0.01975,1.186511000014434,80
h0.01_r0.2_s10054,10054,0.01,0.2,0.04,recheck,0.9625,0.008749999999999999,0.4875,0.028249999999999997,1.5787300000056348,80
h0.01_r0.2_s10054,10054,0.01,0.2,0.04,no_task,0.9875,0.003125,0.4375,0.020625,1.5703669999993508,80
h0.01_r0.2_s10055,10055,0.01,0.2,0.04,never,0.975,0.005,0.05,0.007000000000000001,1.1038669999834383,80
h0.01_r0.2_s10055,10055,0.01,0.2,0.04,fresh,1.0,0.0,1.0125,0.0405,1.1970069999733823,80
h0.01_r0.2_s10055,10055,0.01,0.2,0.04,ttl,1.0,0.0,0.45,0.018,1.282085000070765,80
h0.01_r0.2_s10055,10055,0.01,0.2,0.04,entropy,1.0,0.0,0.375,0.015,1.260142000091946,80
h0.01_r0.2_s10055,10055,0.01,0.2,0.04,random,0.975,0.005,0.3,0.016999999999999998,1.3233659999514202,80
h0.01_r0.2_s10055,10055,0.01,0.2,0.04,myopic,0.9875,0.0025,0.275,0.013500000000000002,1.5295059999971272,80
h0.01_r0.2_s10055,10055,0.01,0.2,0.04,recheck,1.0,0.0,0.4,0.016,1.6086250000171276,80
h0.01_r0.2_s10055,10055,0.01,0.2,0.04,no_task,1.0,0.0,0.4375,0.0175,1.6655299999683848,80
h0.01_r0.2_s10056,10056,0.01,0.2,0.04,never,0.9125,0.021875,0.05,0.023875,1.0992300000225441,80
h0.01_r0.2_s10056,10056,0.01,0.2,0.04,fresh,1.0,0.0,1.1,0.044,1.3013840000439814,80
h0.01_r0.2_s10056,10056,0.01,0.2,0.04,ttl,1.0,0.0,0.525,0.020999999999999998,1.2640670000791943,80
h0.01_r0.2_s10056,10056,0.01,0.2,0.04,entropy,0.9875,0.001875,0.3875,0.017374999999999998,1.2472519999846554,80
h0.01_r0.2_s10056,10056,0.01,0.2,0.04,random,0.9125,0.021875,0.275,0.032875,1.2942930000008346,80
h0.01_r0.2_s10056,10056,0.01,0.2,0.04,myopic,0.95,0.008749999999999999,0.2625,0.01925,1.2124600000333885,80
h0.01_r0.2_s10056,10056,0.01,0.2,0.04,recheck,0.975,0.005,0.3875,0.0205,1.6527709999536455,80
h0.01_r0.2_s10056,10056,0.01,0.2,0.04,no_task,0.975,0.005,0.4375,0.022500000000000003,1.6159859999334003,80
h0.01_r0.2_s10057,10057,0.01,0.2,0.04,never,0.7,0.12687500000000002,0.05,0.12887500000000002,1.5756660000079137,80
h0.01_r0.2_s10057,10057,0.01,0.2,0.04,fresh,1.0,0.0,1.325,0.053000000000000005,1.7056010000260358,80
h0.01_r0.2_s10057,10057,0.01,0.2,0.04,ttl,1.0,0.0,0.5375,0.0215,1.432539999996152,80
h0.01_r0.2_s10057,10057,0.01,0.2,0.04,entropy,0.9375,0.057499999999999996,0.4125,0.074,1.2617140000656946,80
h0.01_r0.2_s10057,10057,0.01,0.2,0.04,random,0.7875,0.14375,0.275,0.15475,1.3991299999815965,80
h0.01_r0.2_s10057,10057,0.01,0.2,0.04,myopic,0.9625,0.0325,0.2875,0.044,1.3322300000027099,80
h0.01_r0.2_s10057,10057,0.01,0.2,0.04,recheck,1.0,0.0,0.425,0.017,1.6891259999738395,80
h0.01_r0.2_s10057,10057,0.01,0.2,0.04,no_task,0.9625,0.027500000000000004,0.4375,0.045000000000000005,2.4436080000214133,80
h0.01_r0.2_s10058,10058,0.01,0.2,0.04,never,0.775,0.079375,0.05,0.081375,1.2490150000985523,80
h0.01_r0.2_s10058,10058,0.01,0.2,0.04,fresh,1.0,0.0,1.3375,0.053500000000000006,1.256495999996332,80
h0.01_r0.2_s10058,10058,0.01,0.2,0.04,ttl,0.975,0.008125,0.525,0.029125,1.2756049999325114,80
h0.01_r0.2_s10058,10058,0.01,0.2,0.04,entropy,0.975,0.01,0.4,0.026000000000000002,1.2762759999986883,80
h0.01_r0.2_s10058,10058,0.01,0.2,0.04,random,0.95,0.024375,0.325,0.037375000000000005,1.327893000052427,80
h0.01_r0.2_s10058,10058,0.01,0.2,0.04,myopic,0.9375,0.020624999999999998,0.3,0.032625,1.265309000018533,80
h0.01_r0.2_s10058,10058,0.01,0.2,0.04,recheck,0.975,0.006875000000000001,0.3875,0.022375,1.616606999959913,80
h0.01_r0.2_s10058,10058,0.01,0.2,0.04,no_task,0.975,0.008125,0.4375,0.025625000000000002,1.769836999983454,80
h0.01_r0.2_s10059,10059,0.01,0.2,0.04,never,0.675,0.189375,0.05,0.191375,1.2583390000600048,80
h0.01_r0.2_s10059,10059,0.01,0.2,0.04,fresh,1.0,0.0,1.25,0.05,1.2957149999692774,80
h0.01_r0.2_s10059,10059,0.01,0.2,0.04,ttl,1.0,0.0,0.4875,0.0195,1.2607520000074146,80
h0.01_r0.2_s10059,10059,0.01,0.2,0.04,entropy,0.925,0.06687499999999999,0.35,0.080875,1.4733609999666442,80
h0.01_r0.2_s10059,10059,0.01,0.2,0.04,random,0.8875,0.05437499999999999,0.45,0.072375,1.3424549999854207,80
h0.01_r0.2_s10059,10059,0.01,0.2,0.04,myopic,0.95,0.0125,0.2625,0.023,1.3703770000574877,80
h0.01_r0.2_s10059,10059,0.01,0.2,0.04,recheck,0.9875,0.003125,0.4,0.019125,1.5916599999172831,80
h0.01_r0.2_s10059,10059,0.01,0.2,0.04,no_task,0.95,0.020624999999999998,0.4375,0.038125,1.7283150000366732,80
h0.01_r0.2_s10060,10060,0.01,0.2,0.04,never,0.9625,0.027500000000000004,0.05,0.029500000000000005,1.1067120000234354,80
h0.01_r0.2_s10060,10060,0.01,0.2,0.04,fresh,1.0,0.0,1.3,0.052000000000000005,1.3733419999653051,80
h0.01_r0.2_s10060,10060,0.01,0.2,0.04,ttl,1.0,0.0,0.525,0.020999999999999998,1.3054199999942284,80
h0.01_r0.2_s10060,10060,0.01,0.2,0.04,entropy,1.0,0.0,0.3625,0.014499999999999999,1.409054999953696,80
h0.01_r0.2_s10060,10060,0.01,0.2,0.04,random,0.9875,0.0075,0.2625,0.018,1.3820450000139317,80
h0.01_r0.2_s10060,10060,0.01,0.2,0.04,myopic,0.975,0.015,0.3125,0.027500000000000004,1.4570880000519537,80
h0.01_r0.2_s10060,10060,0.01,0.2,0.04,recheck,1.0,0.0,0.4375,0.0175,1.6355149999753849,80
h0.01_r0.2_s10060,10060,0.01,0.2,0.04,no_task,1.0,0.0,0.4375,0.0175,1.6360560000521218,80
h0.01_r0.2_s10061,10061,0.01,0.2,0.04,never,0.65,0.09812500000000002,0.05,0.10012500000000002,1.1288949999652687,80
h0.01_r0.2_s10061,10061,0.01,0.2,0.04,fresh,1.0,0.0,1.35,0.054000000000000006,1.3120589999289223,80
h0.01_r0.2_s10061,10061,0.01,0.2,0.04,ttl,0.9875,0.0025,0.5,0.0225,1.2857899999971778,80
h0.01_r0.2_s10061,10061,0.01,0.2,0.04,entropy,0.9875,0.0025,0.4,0.0185,1.3452690000121947,80
h0.01_r0.2_s10061,10061,0.01,0.2,0.04,random,0.925,0.015625,0.45,0.033625,1.32757300002595,80
h0.01_r0.2_s10061,10061,0.01,0.2,0.04,myopic,0.95,0.01,0.2625,0.0205,1.18100300005608,80
h0.01_r0.2_s10061,10061,0.01,0.2,0.04,recheck,0.975,0.005,0.4,0.021,1.7040479999650415,80
h0.01_r0.2_s10061,10061,0.01,0.2,0.04,no_task,0.975,0.005,0.4375,0.022500000000000003,1.671749000024647,80
h0.01_r0.2_s10062,10062,0.01,0.2,0.04,never,0.65,0.18812500000000004,0.05,0.19012500000000004,1.1074729999336341,80
h0.01_r0.2_s10062,10062,0.01,0.2,0.04,fresh,1.0,0.0,1.075,0.043,1.2123599999540602,80
h0.01_r0.2_s10062,10062,0.01,0.2,0.04,ttl,0.975,0.020624999999999998,0.525,0.041625,1.3908780000519982,80
h0.01_r0.2_s10062,10062,0.01,0.2,0.04,entropy,0.95,0.040625,0.4125,0.057125,1.2801020000097196,80
h0.01_r0.2_s10062,10062,0.01,0.2,0.04,random,0.85,0.06812499999999999,0.325,0.08112499999999999,1.3101060000053621,80
h0.01_r0.2_s10062,10062,0.01,0.2,0.04,myopic,0.95,0.030625000000000003,0.275,0.041625,1.2105069999961415,80
h0.01_r0.2_s10062,10062,0.01,0.2,0.04,recheck,0.975,0.02,0.425,0.037,1.7061810000313926,80
h0.01_r0.2_s10062,10062,0.01,0.2,0.04,no_task,0.95,0.040625,0.4375,0.058125,1.6353649999700792,80
h0.01_r0.2_s10063,10063,0.01,0.2,0.04,never,0.9,0.032499999999999994,0.05,0.034499999999999996,1.0784389999116684,80
h0.01_r0.2_s10063,10063,0.01,0.2,0.04,fresh,1.0,0.0,1.3375,0.053500000000000006,1.262235000012879,80
h0.01_r0.2_s10063,10063,0.01,0.2,0.04,ttl,0.975,0.00625,0.5625,0.028749999999999998,1.3653790000489607,80
h0.01_r0.2_s10063,10063,0.01,0.2,0.04,entropy,0.925,0.02125,0.45,0.03925,1.2733820000221385,80
h0.01_r0.2_s10063,10063,0.01,0.2,0.04,random,0.85,0.04499999999999999,0.4125,0.061499999999999985,1.2970369999720788,80
h0.01_r0.2_s10063,10063,0.01,0.2,0.04,myopic,0.925,0.016249999999999997,0.3125,0.028749999999999998,1.2227859999711654,80
h0.01_r0.2_s10063,10063,0.01,0.2,0.04,recheck,0.9625,0.008125,0.45,0.026125,1.6188000000738612,80
h0.01_r0.2_s10063,10063,0.01,0.2,0.04,no_task,0.8375,0.036875,0.4375,0.05437499999999999,1.6195010000501497,80
h0.01_r0.2_s10000,10000,0.01,0.2,0.12,never,0.675,0.27749999999999997,0.05,0.2835,1.1258499999939886,80
h0.01_r0.2_s10000,10000,0.01,0.2,0.12,fresh,1.0,0.0,1.225,0.147,1.2474220000058267,80
h0.01_r0.2_s10000,10000,0.01,0.2,0.12,ttl,1.0,0.0,0.3,0.036,1.2352039999541375,80
h0.01_r0.2_s10000,10000,0.01,0.2,0.12,entropy,0.875,0.10374999999999998,0.175,0.12474999999999999,1.2558550000676405,80
h0.01_r0.2_s10000,10000,0.01,0.2,0.12,random,0.7375,0.17750000000000002,0.2625,0.20900000000000002,1.3078040000209512,80
h0.01_r0.2_s10000,10000,0.01,0.2,0.12,myopic,0.925,0.059375,0.1375,0.075875,1.1964259999786009,80
h0.01_r0.2_s10000,10000,0.01,0.2,0.12,recheck,0.9625,0.014374999999999999,0.2375,0.042874999999999996,1.9663719999698515,80
h0.01_r0.2_s10000,10000,0.01,0.2,0.12,no_task,0.925,0.051875000000000004,0.2375,0.080375,1.6765269999723387,80
h0.01_r0.2_s10001,10001,0.01,0.2,0.12,never,0.9875,0.008125,0.05,0.014124999999999999,1.068563999979233,80
h0.01_r0.2_s10001,10001,0.01,0.2,0.12,fresh,1.0,0.0,0.9875,0.11850000000000001,1.3183579999349604,80
h0.01_r0.2_s10001,10001,0.01,0.2,0.12,ttl,0.975,0.01625,0.25,0.04625,1.2175470000101996,80
h0.01_r0.2_s10001,10001,0.01,0.2,0.12,entropy,0.95,0.0325,0.1625,0.052000000000000005,1.3258400000495385,80
h0.01_r0.2_s10001,10001,0.01,0.2,0.12,random,0.8625,0.06937499999999999,0.2875,0.10387499999999998,1.289806000045246,80
h0.01_r0.2_s10001,10001,0.01,0.2,0.12,myopic,0.95,0.0325,0.1125,0.046,1.2650690000555187,80
h0.01_r0.2_s10001,10001,0.01,0.2,0.12,recheck,1.0,0.0,0.2125,0.025500000000000002,1.5969969999787281,80
h0.01_r0.2_s10001,10001,0.01,0.2,0.12,no_task,0.9625,0.024375,0.2375,0.052875000000000005,1.6340419999778533,80
h0.01_r0.2_s10002,10002,0.01,0.2,0.12,never,0.475,0.290625,0.05,0.296625,1.0983590000250842,80
h0.01_r0.2_s10002,10002,0.01,0.2,0.12,fresh,1.0,0.0,1.175,0.141,1.228384000000915,80
h0.01_r0.2_s10002,10002,0.01,0.2,0.12,ttl,0.9625,0.019375,0.3125,0.056874999999999995,1.3364860000137924,80
h0.01_r0.2_s10002,10002,0.01,0.2,0.12,entropy,0.85,0.10750000000000001,0.1875,0.13000000000000003,1.2236570000823122,80
h0.01_r0.2_s10002,10002,0.01,0.2,0.12,random,0.8,0.09187500000000001,0.2625,0.12337500000000001,1.4040269999213706,80
h0.01_r0.2_s10002,10002,0.01,0.2,0.12,myopic,0.6375,0.109375,0.125,0.12437499999999999,1.1735409999573676,80
h0.01_r0.2_s10002,10002,0.01,0.2,0.12,recheck,0.975,0.01,0.2625,0.0415,1.6859710000289851,80
h0.01_r0.2_s10002,10002,0.01,0.2,0.12,no_task,0.8875,0.040625,0.2375,0.06912499999999999,1.55718800010618,80
h0.01_r0.2_s10003,10003,0.01,0.2,0.12,never,0.7,0.09687500000000002,0.05,0.10287500000000001,1.172650000057729,80
h0.01_r0.2_s10003,10003,0.01,0.2,0.12,fresh,1.0,0.0,1.1125,0.1335,1.20886500008055,80
h0.01_r0.2_s10003,10003,0.01,0.2,0.12,ttl,0.9625,0.010624999999999999,0.3,0.046625,1.335484000037468,80
h0.01_r0.2_s10003,10003,0.01,0.2,0.12,entropy,0.8625,0.048124999999999994,0.175,0.06912499999999999,1.242024000021047,80
h0.01_r0.2_s10003,10003,0.01,0.2,0.12,random,0.975,0.0075,0.35,0.0495,1.4100560000542828,80
h0.01_r0.2_s10003,10003,0.01,0.2,0.12,myopic,0.7625,0.066875,0.125,0.081875,1.1819239999795172,80
h0.01_r0.2_s10003,10003,0.01,0.2,0.12,recheck,0.9375,0.016875,0.2375,0.045375,1.7495859999598906,80
h0.01_r0.2_s10003,10003,0.01,0.2,0.12,no_task,0.9125,0.025625,0.2375,0.054125,1.5645189999986542,80
h0.01_r0.2_s10004,10004,0.01,0.2,0.12,never,0.9125,0.028749999999999998,0.05,0.034749999999999996,1.1664909999353767,80
h0.01_r0.2_s10004,10004,0.01,0.2,0.12,fresh,1.0,0.0,1.0875,0.1305,1.24433799999224,80
h0.01_r0.2_s10004,10004,0.01,0.2,0.12,ttl,1.0,0.0,0.3,0.036,1.225259000079859,80
h0.01_r0.2_s10004,10004,0.01,0.2,0.12,entropy,0.9375,0.018125,0.175,0.039125,1.2563259999751608,80
h0.01_r0.2_s10004,10004,0.01,0.2,0.12,random,1.0,0.0,0.375,0.045,1.3043779999861727,80
h0.01_r0.2_s10004,10004,0.01,0.2,0.12,myopic,0.975,0.0075,0.1375,0.024,1.1908579999726498,80
h0.01_r0.2_s10004,10004,0.01,0.2,0.12,recheck,0.95,0.013750000000000002,0.275,0.04675,1.5735719999838693,80
h0.01_r0.2_s10004,10004,0.01,0.2,0.12,no_task,0.9625,0.011875,0.2375,0.040374999999999994,1.5658600000278966,80
h0.01_r0.2_s10005,10005,0.01,0.2,0.12,never,0.9,0.03125000000000001,0.05,0.037250000000000005,1.0763959999167128,80
h0.01_r0.2_s10005,10005,0.01,0.2,0.12,fresh,1.0,0.0,1.1875,0.14250000000000002,1.2528709999060084,80
h0.01_r0.2_s10005,10005,0.01,0.2,0.12,ttl,0.925,0.021875,0.2875,0.056374999999999995,1.3511280000102488,80
h0.01_r0.2_s10005,10005,0.01,0.2,0.12,entropy,0.9,0.038125000000000006,0.1875,0.060625,1.2481940000270697,80
h0.01_r0.2_s10005,10005,0.01,0.2,0.12,random,0.9375,0.02375,0.2625,0.05525,1.2829959999862695,80
h0.01_r0.2_s10005,10005,0.01,0.2,0.12,myopic,0.9,0.03125000000000001,0.125,0.04625,1.187191999974857,80
h0.01_r0.2_s10005,10005,0.01,0.2,0.12,recheck,0.9375,0.025,0.25,0.05500000000000001,1.557558999934372,80
h0.01_r0.2_s10005,10005,0.01,0.2,0.12,no_task,0.9,0.03125000000000001,0.2375,0.059750000000000004,1.8944339999507065,80
h0.01_r0.2_s10006,10006,0.01,0.2,0.12,never,1.0,0.0,0.05,0.006,1.1740830000235292,80
h0.01_r0.2_s10006,10006,0.01,0.2,0.12,fresh,1.0,0.0,1.375,0.16499999999999998,1.2218640000583036,80
h0.01_r0.2_s10006,10006,0.01,0.2,0.12,ttl,1.0,0.0,0.2875,0.034499999999999996,1.4209329999630427,80
h0.01_r0.2_s10006,10006,0.01,0.2,0.12,entropy,1.0,0.0,0.1625,0.0195,1.2242079999396083,80
h0.01_r0.2_s10006,10006,0.01,0.2,0.12,random,1.0,0.0,0.3,0.036,1.3048690000232455,80
h0.01_r0.2_s10006,10006,0.01,0.2,0.12,myopic,1.0,0.0,0.125,0.015,1.1529799999152601,80
h0.01_r0.2_s10006,10006,0.01,0.2,0.12,recheck,1.0,0.0,0.25,0.03,1.5580090000639757,80
h0.01_r0.2_s10006,10006,0.01,0.2,0.12,no_task,1.0,0.0,0.2375,0.028499999999999998,1.5288550000605028,80
h0.01_r0.2_s10007,10007,0.01,0.2,0.12,never,0.8875,0.038125,0.05,0.044125,1.1116480000055162,80
h0.01_r0.2_s10007,10007,0.01,0.2,0.12,fresh,1.0,0.0,1.3125,0.1575,1.1936820000073567,80
h0.01_r0.2_s10007,10007,0.01,0.2,0.12,ttl,0.9375,0.030625000000000003,0.3125,0.068125,1.2294360000169036,80
h0.01_r0.2_s10007,10007,0.01,0.2,0.12,entropy,0.95,0.0225,0.1625,0.042,1.218488999938927,80
h0.01_r0.2_s10007,10007,0.01,0.2,0.12,random,0.8875,0.038125,0.275,0.071125,1.2897059999659177,80
h0.01_r0.2_s10007,10007,0.01,0.2,0.12,myopic,0.8875,0.038125,0.125,0.053125,1.1762560000079247,80
h0.01_r0.2_s10007,10007,0.01,0.2,0.12,recheck,0.9875,0.003125,0.275,0.036125,1.5549549999605006,80
h0.01_r0.2_s10007,10007,0.01,0.2,0.12,no_task,0.925,0.03875,0.2375,0.06725,2.6330530000677754,80
h0.01_r0.2_s10008,10008,0.01,0.2,0.12,never,0.875,0.05625,0.05,0.06225000000000001,1.4218950000213226,80
h0.01_r0.2_s10008,10008,0.01,0.2,0.12,fresh,1.0,0.0,1.2625,0.1515,1.2039880000429548,80
h0.01_r0.2_s10008,10008,0.01,0.2,0.12,ttl,1.0,0.0,0.2875,0.034499999999999996,1.2203019999788012,80
h0.01_r0.2_s10008,10008,0.01,0.2,0.12,entropy,0.95,0.0225,0.175,0.0435,1.2286549999771523,80
h0.01_r0.2_s10008,10008,0.01,0.2,0.12,random,0.9875,0.003125,0.4125,0.052625,1.2906679999105108,80
h0.01_r0.2_s10008,10008,0.01,0.2,0.12,myopic,0.9875,0.003125,0.125,0.018125,1.1828860000377972,80
h0.01_r0.2_s10008,10008,0.01,0.2,0.12,recheck,0.975,0.01125,0.2375,0.039749999999999994,1.5556350000451857,80
h0.01_r0.2_s10008,10008,0.01,0.2,0.12,no_task,0.95,0.0225,0.2375,0.051000000000000004,1.5765059999921505,80
h0.01_r0.2_s10009,10009,0.01,0.2,0.12,never,0.6875,0.06437500000000003,0.05,0.07037500000000003,1.1106669999207952,80
h0.01_r0.2_s10009,10009,0.01,0.2,0.12,fresh,1.0,0.0,1.2375,0.1485,1.2560760000042137,80
h0.01_r0.2_s10009,10009,0.01,0.2,0.12,ttl,0.9625,0.009375,0.3,0.045375,1.2344929999699161,80
h0.01_r0.2_s10009,10009,0.01,0.2,0.12,entropy,0.9625,0.009375,0.175,0.030374999999999996,1.2280939999982365,80
h0.01_r0.2_s10009,10009,0.01,0.2,0.12,random,0.9375,0.016875,0.2625,0.048375,1.3611440000431685,80
h0.01_r0.2_s10009,10009,0.01,0.2,0.12,myopic,0.6875,0.06437500000000003,0.125,0.07937500000000003,1.1716189999333437,80
h0.01_r0.2_s10009,10009,0.01,0.2,0.12,recheck,0.9125,0.019374999999999996,0.2375,0.047874999999999994,1.5742939999654482,80
h0.01_r0.2_s10009,10009,0.01,0.2,0.12,no_task,0.8875,0.028125,0.2375,0.056624999999999995,1.5592199999900913,80
h0.01_r0.2_s10010,10010,0.01,0.2,0.12,never,0.7625,0.06812500000000002,0.05,0.07412500000000002,1.0757340000964177,80
h0.01_r0.2_s10010,10010,0.01,0.2,0.12,fresh,1.0,0.0,1.225,0.147,1.2013230000320618,80
h0.01_r0.2_s10010,10010,0.01,0.2,0.12,ttl,0.95,0.016249999999999997,0.2875,0.050749999999999997,1.2737619999825256,80
h0.01_r0.2_s10010,10010,0.01,0.2,0.12,entropy,0.9375,0.013750000000000002,0.1625,0.03325,1.214281999978084,80
h0.01_r0.2_s10010,10010,0.01,0.2,0.12,random,0.9,0.023749999999999993,0.35,0.06575,1.3365160000375909,80
h0.01_r0.2_s10010,10010,0.01,0.2,0.12,myopic,0.8625,0.037500000000000006,0.1125,0.051000000000000004,1.1613439999109687,80
h0.01_r0.2_s10010,10010,0.01,0.2,0.12,recheck,0.875,0.028125,0.25,0.058125,1.5541129999974146,80
h0.01_r0.2_s10010,10010,0.01,0.2,0.12,no_task,0.8875,0.024375,0.2375,0.05287499999999999,1.671148000014,80
h0.01_r0.2_s10011,10011,0.01,0.2,0.12,never,0.7125,0.07812500000000003,0.05,0.08412500000000003,1.0713890000033643,80
h0.01_r0.2_s10011,10011,0.01,0.2,0.12,fresh,1.0,0.0,1.175,0.141,1.1953140000287021,80
h0.01_r0.2_s10011,10011,0.01,0.2,0.12,ttl,0.95,0.02,0.2625,0.051500000000000004,1.2249089999158969,80
h0.01_r0.2_s10011,10011,0.01,0.2,0.12,entropy,0.8875,0.034374999999999996,0.1625,0.05387499999999999,1.2320799999088194,80
h0.01_r0.2_s10011,10011,0.01,0.2,0.12,random,0.875,0.03874999999999999,0.35,0.08074999999999999,1.281623999943804,80
h0.01_r0.2_s10011,10011,0.01,0.2,0.12,myopic,0.725,0.07625000000000001,0.125,0.09125000000000003,1.1883240000543083,80
h0.01_r0.2_s10011,10011,0.01,0.2,0.12,recheck,0.925,0.02,0.2375,0.0485,1.5431660000331249,80
h0.01_r0.2_s10011,10011,0.01,0.2,0.12,no_task,0.9125,0.030624999999999996,0.2375,0.059125,1.8036080000456423,80
h0.01_r0.2_s10012,10012,0.01,0.2,0.12,never,0.875,0.041249999999999995,0.05,0.04725,1.204848999918795,80
h0.01_r0.2_s10012,10012,0.01,0.2,0.12,fresh,1.0,0.0,1.25,0.15,1.270556999998007,80
h0.01_r0.2_s10012,10012,0.01,0.2,0.12,ttl,0.9875,0.008125,0.3,0.044125,1.2242679999872053,80
h0.01_r0.2_s10012,10012,0.01,0.2,0.12,entropy,1.0,0.0,0.1875,0.0225,1.2529910000012023,80
h0.01_r0.2_s10012,10012,0.01,0.2,0.12,random,1.0,0.0,0.275,0.032999999999999995,1.2938319999875603,80
h0.01_r0.2_s10012,10012,0.01,0.2,0.12,myopic,1.0,0.0,0.1375,0.016499999999999997,1.1623540000300636,80
h0.01_r0.2_s10012,10012,0.01,0.2,0.12,recheck,1.0,0.0,0.275,0.032999999999999995,1.571458999933384,80
h0.01_r0.2_s10012,10012,0.01,0.2,0.12,no_task,1.0,0.0,0.2375,0.028499999999999998,1.7745740000236765,80
h0.01_r0.2_s10013,10013,0.01,0.2,0.12,never,0.7875,0.09062500000000002,0.05,0.09662500000000003,1.1928300000363379,80
h0.01_r0.2_s10013,10013,0.01,0.2,0.12,fresh,1.0,0.0,1.2375,0.1485,1.2146540000230743,80
h0.01_r0.2_s10013,10013,0.01,0.2,0.12,ttl,0.8875,0.036875,0.3,0.072875,1.3364259999661954,80
h0.01_r0.2_s10013,10013,0.01,0.2,0.12,entropy,0.975,0.005,0.175,0.026000000000000002,1.214513000036277,80
h0.01_r0.2_s10013,10013,0.01,0.2,0.12,random,0.875,0.058750000000000004,0.3375,0.09924999999999999,1.335964999952921,80
h0.01_r0.2_s10013,10013,0.01,0.2,0.12,myopic,0.875,0.027499999999999997,0.125,0.042499999999999996,1.1657599999352897,80
h0.01_r0.2_s10013,10013,0.01,0.2,0.12,recheck,0.875,0.027499999999999997,0.2375,0.055999999999999994,1.5786099999104408,80
h0.01_r0.2_s10013,10013,0.01,0.2,0.12,no_task,0.825,0.06625,0.2375,0.09475,1.5589399999953457,80
h0.01_r0.2_s10014,10014,0.01,0.2,0.12,never,0.95,0.01,0.05,0.016,1.1037369999939983,80
h0.01_r0.2_s10014,10014,0.01,0.2,0.12,fresh,1.0,0.0,1.2,0.144,1.200992999997652,80
h0.01_r0.2_s10014,10014,0.01,0.2,0.12,ttl,1.0,0.0,0.3125,0.0375,1.2912189999951806,80
h0.01_r0.2_s10014,10014,0.01,0.2,0.12,entropy,1.0,0.0,0.175,0.020999999999999998,1.4009440000108953,80
h0.01_r0.2_s10014,10014,0.01,0.2,0.12,random,0.95,0.01,0.3125,0.0475,1.2853090000817247,80
h0.01_r0.2_s10014,10014,0.01,0.2,0.12,myopic,0.95,0.01,0.1375,0.026500000000000003,1.228865000030055,80
h0.01_r0.2_s10014,10014,0.01,0.2,0.12,recheck,1.0,0.0,0.2375,0.028499999999999998,1.6687749999846346,80
h0.01_r0.2_s10014,10014,0.01,0.2,0.12,no_task,0.95,0.01,0.2375,0.0385,1.5883239999539,80
h0.01_r0.2_s10015,10015,0.01,0.2,0.12,never,0.95,0.0225,0.05,0.028499999999999998,1.0775380000040968,80
h0.01_r0.2_s10015,10015,0.01,0.2,0.12,fresh,1.0,0.0,1.275,0.153,1.2182489999759127,80
h0.01_r0.2_s10015,10015,0.01,0.2,0.12,ttl,0.875,0.06625,0.2875,0.10074999999999998,1.2272620000430834,80
h0.01_r0.2_s10015,10015,0.01,0.2,0.12,entropy,0.95,0.0225,0.1625,0.041999999999999996,1.3401510000221606,80
h0.01_r0.2_s10015,10015,0.01,0.2,0.12,random,0.9625,0.019375,0.375,0.06437499999999999,1.3007720000359768,80
h0.01_r0.2_s10015,10015,0.01,0.2,0.12,myopic,0.825,0.07375,0.125,0.08875,1.1592399999926783,80
h0.01_r0.2_s10015,10015,0.01,0.2,0.12,recheck,0.9625,0.019375,0.2375,0.047875,1.5814839999848118,80
h0.01_r0.2_s10015,10015,0.01,0.2,0.12,no_task,0.9625,0.014374999999999999,0.2375,0.042874999999999996,1.5437570000358392,80
h0.01_r0.2_s10016,10016,0.01,0.2,0.12,never,0.4375,0.4450000000000001,0.05,0.45100000000000007,1.0920800000349118,80
h0.01_r0.2_s10016,10016,0.01,0.2,0.12,fresh,1.0,0.0,1.275,0.153,1.1910879999277313,80
h0.01_r0.2_s10016,10016,0.01,0.2,0.12,ttl,0.975,0.02,0.275,0.053000000000000005,1.24068200000238,80
h0.01_r0.2_s10016,10016,0.01,0.2,0.12,entropy,0.8,0.15875,0.175,0.17975,1.2265909999769065,80
h0.01_r0.2_s10016,10016,0.01,0.2,0.12,random,0.925,0.033125,0.425,0.084125,1.294092000080127,80
h0.01_r0.2_s10016,10016,0.01,0.2,0.12,myopic,0.6875,0.14437500000000003,0.125,0.15937500000000002,1.1599019999266602,80
h0.01_r0.2_s10016,10016,0.01,0.2,0.12,recheck,0.925,0.028749999999999998,0.25,0.05874999999999999,1.5509679999468062,80
h0.01_r0.2_s10016,10016,0.01,0.2,0.12,no_task,0.825,0.07749999999999999,0.2375,0.10599999999999998,1.5595909999319701,80
h0.01_r0.2_s10017,10017,0.01,0.2,0.12,never,0.65,0.14000000000000004,0.05,0.14600000000000005,1.0871420000739818,80
h0.01_r0.2_s10017,10017,0.01,0.2,0.12,fresh,1.0,0.0,1.2,0.144,1.47150899999815,80
h0.01_r0.2_s10017,10017,0.01,0.2,0.12,ttl,0.9625,0.013125000000000001,0.2875,0.047624999999999994,1.6070929999614236,80
h0.01_r0.2_s10017,10017,0.01,0.2,0.12,entropy,0.8375,0.04875,0.175,0.06975,1.2228960000584266,80
h0.01_r0.2_s10017,10017,0.01,0.2,0.12,random,0.9375,0.020624999999999998,0.35,0.062625,1.2909780000427418,80
h0.01_r0.2_s10017,10017,0.01,0.2,0.12,myopic,0.75,0.07062500000000002,0.125,0.08562500000000003,1.1616329999242225,80
h0.01_r0.2_s10017,10017,0.01,0.2,0.12,recheck,0.85,0.044375000000000005,0.25,0.074375,1.5378489999875455,80
h0.01_r0.2_s10017,10017,0.01,0.2,0.12,no_task,0.9375,0.021875,0.2375,0.05037499999999999,1.5715189999809809,80
h0.01_r0.2_s10018,10018,0.01,0.2,0.12,never,0.9375,0.011875,0.05,0.017875000000000002,1.075635000006514,80
h0.01_r0.2_s10018,10018,0.01,0.2,0.12,fresh,1.0,0.0,1.225,0.147,1.2361149999833287,80
h0.01_r0.2_s10018,10018,0.01,0.2,0.12,ttl,1.0,0.0,0.275,0.032999999999999995,1.2838669999837293,80
h0.01_r0.2_s10018,10018,0.01,0.2,0.12,entropy,0.9625,0.008125,0.175,0.029125,1.3372779999372142,80
h0.01_r0.2_s10018,10018,0.01,0.2,0.12,random,0.9625,0.008125,0.35,0.050124999999999996,1.4053300000114177,80
h0.01_r0.2_s10018,10018,0.01,0.2,0.12,myopic,0.9375,0.011875,0.125,0.026875,1.3631670000222584,80
h0.01_r0.2_s10018,10018,0.01,0.2,0.12,recheck,0.9375,0.011875,0.2375,0.040375,1.7529519999470722,80
h0.01_r0.2_s10018,10018,0.01,0.2,0.12,no_task,0.9375,0.011875,0.2375,0.040375,1.5670020000015938,80
h0.01_r0.2_s10019,10019,0.01,0.2,0.12,never,0.875,0.045,0.05,0.051000000000000004,1.156284999979107,80
h0.01_r0.2_s10019,10019,0.01,0.2,0.12,fresh,1.0,0.0,1.1875,0.14250000000000002,1.2382880000814112,80
h0.01_r0.2_s10019,10019,0.01,0.2,0.12,ttl,0.925,0.027500000000000004,0.2875,0.062,1.3031060000230354,80
h0.01_r0.2_s10019,10019,0.01,0.2,0.12,entropy,0.925,0.027500000000000004,0.175,0.0485,1.2492050000219024,80
h0.01_r0.2_s10019,10019,0.01,0.2,0.12,random,0.975,0.01,0.3375,0.0505,1.3270719999809444,80
h0.01_r0.2_s10019,10019,0.01,0.2,0.12,myopic,0.875,0.045,0.125,0.06,1.4326609999670836,80
h0.01_r0.2_s10019,10019,0.01,0.2,0.12,recheck,0.9125,0.020624999999999998,0.2625,0.052125,1.7018839999991542,80
h0.01_r0.2_s10019,10019,0.01,0.2,0.12,no_task,0.9875,0.001875,0.2375,0.030374999999999996,1.612349999959406,80
h0.01_r0.2_s10020,10020,0.01,0.2,0.12,never,0.9625,0.024375,0.05,0.030375000000000003,1.1218040000358087,80
h0.01_r0.2_s10020,10020,0.01,0.2,0.12,fresh,1.0,0.0,1.05,0.126,1.2415439999813316,80
h0.01_r0.2_s10020,10020,0.01,0.2,0.12,ttl,1.0,0.0,0.3,0.036,1.2573269999620607,80
h0.01_r0.2_s10020,10020,0.01,0.2,0.12,entropy,1.0,0.0,0.175,0.020999999999999998,1.3142929999503394,80
h0.01_r0.2_s10020,10020,0.01,0.2,0.12,random,0.9625,0.024375,0.3375,0.06487499999999999,1.3492960000576204,80
h0.01_r0.2_s10020,10020,0.01,0.2,0.12,myopic,1.0,0.0,0.1125,0.013500000000000002,1.219700999968154,80
h0.01_r0.2_s10020,10020,0.01,0.2,0.12,recheck,1.0,0.0,0.2375,0.028499999999999998,1.6059309999718607,80
h0.01_r0.2_s10020,10020,0.01,0.2,0.12,no_task,0.9875,0.008125,0.2375,0.036625,1.6626560000077006,80
h0.01_r0.2_s10021,10021,0.01,0.2,0.12,never,0.5375,0.20937500000000003,0.05,0.21537500000000004,1.0842670000101862,80
h0.01_r0.2_s10021,10021,0.01,0.2,0.12,fresh,1.0,0.0,1.325,0.15899999999999997,1.2995109999565102,80
h0.01_r0.2_s10021,10021,0.01,0.2,0.12,ttl,0.9375,0.020624999999999998,0.2875,0.055125,1.4308580000488291,80
h0.01_r0.2_s10021,10021,0.01,0.2,0.12,entropy,0.8875,0.040625,0.1875,0.063125,1.2308670000038546,80
h0.01_r0.2_s10021,10021,0.01,0.2,0.12,random,0.9625,0.014374999999999999,0.3125,0.051875000000000004,1.405860999966535,80
h0.01_r0.2_s10021,10021,0.01,0.2,0.12,myopic,0.7875,0.06687500000000002,0.1375,0.08337500000000002,1.170877000049586,80
h0.01_r0.2_s10021,10021,0.01,0.2,0.12,recheck,0.9125,0.026875,0.2875,0.061375,1.7671819999804939,80
h0.01_r0.2_s10021,10021,0.01,0.2,0.12,no_task,0.925,0.025,0.2375,0.05349999999999999,1.7017239999859157,80
h0.01_r0.2_s10022,10022,0.01,0.2,0.12,never,1.0,0.0,0.05,0.006,1.145550000046569,80
h0.01_r0.2_s10022,10022,0.01,0.2,0.12,fresh,1.0,0.0,1.3875,0.1665,1.2682639999184175,80
h0.01_r0.2_s10022,10022,0.01,0.2,0.12,ttl,1.0,0.0,0.2875,0.034499999999999996,1.3657499999908396,80
h0.01_r0.2_s10022,10022,0.01,0.2,0.12,entropy,1.0,0.0,0.175,0.020999999999999998,1.3989200000423807,80
h0.01_r0.2_s10022,10022,0.01,0.2,0.12,random,1.0,0.0,0.3625,0.0435,1.5491149999888876,80
h0.01_r0.2_s10022,10022,0.01,0.2,0.12,myopic,1.0,0.0,0.125,0.015,1.6210940000291885,80
h0.01_r0.2_s10022,10022,0.01,0.2,0.12,recheck,1.0,0.0,0.225,0.027000000000000003,2.017808999994486,80
h0.01_r0.2_s10022,10022,0.01,0.2,0.12,no_task,1.0,0.0,0.2375,0.028499999999999998,2.107583999986673,80
h0.01_r0.2_s10023,10023,0.01,0.2,0.12,never,0.65,0.144375,0.05,0.150375,1.1383190000060495,80
h0.01_r0.2_s10023,10023,0.01,0.2,0.12,fresh,1.0,0.0,1.25,0.15,1.2456599999950413,80
h0.01_r0.2_s10023,10023,0.01,0.2,0.12,ttl,1.0,0.0,0.3,0.036,1.2420040000051813,80
h0.01_r0.2_s10023,10023,0.01,0.2,0.12,entropy,1.0,0.0,0.175,0.020999999999999998,1.2891549999949348,80
h0.01_r0.2_s10023,10023,0.01,0.2,0.12,random,0.9875,0.0043749999999999995,0.2375,0.032875,1.430067000001145,80
h0.01_r0.2_s10023,10023,0.01,0.2,0.12,myopic,0.7625,0.065625,0.1375,0.082125,1.1881140000014057,80
h0.01_r0.2_s10023,10023,0.01,0.2,0.12,recheck,1.0,0.0,0.2375,0.028499999999999998,1.6925299999002164,80
h0.01_r0.2_s10023,10023,0.01,0.2,0.12,no_task,0.9125,0.020624999999999998,0.2375,0.049124999999999995,1.7792400000189446,80
h0.01_r0.2_s10024,10024,0.01,0.2,0.12,never,0.875,0.049374999999999995,0.05,0.055374999999999994,1.5033260000336668,80
h0.01_r0.2_s10024,10024,0.01,0.2,0.12,fresh,1.0,0.0,1.2375,0.1485,1.4346330000307717,80
h0.01_r0.2_s10024,10024,0.01,0.2,0.12,ttl,0.975,0.006875000000000001,0.25,0.036875000000000005,2.226651999990281,80
h0.01_r0.2_s10024,10024,0.01,0.2,0.12,entropy,0.975,0.006875000000000001,0.1875,0.029374999999999995,1.685328999997182,80
h0.01_r0.2_s10024,10024,0.01,0.2,0.12,random,0.9375,0.033125,0.25,0.063125,1.3413230000196563,80
h0.01_r0.2_s10024,10024,0.01,0.2,0.12,myopic,0.925,0.016874999999999998,0.1375,0.033375,1.2684039999157903,80
h0.01_r0.2_s10024,10024,0.01,0.2,0.12,recheck,0.975,0.006875000000000001,0.275,0.039874999999999994,1.6608629999836921,80
h0.01_r0.2_s10024,10024,0.01,0.2,0.12,no_task,0.8875,0.04687499999999999,0.2375,0.075375,1.7079340000236698,80
h0.01_r0.2_s10025,10025,0.01,0.2,0.12,never,0.7125,0.150625,0.05,0.15662500000000001,1.1102159999154537,80
h0.01_r0.2_s10025,10025,0.01,0.2,0.12,fresh,1.0,0.0,1.0625,0.1275,1.3314079999418027,80
h0.01_r0.2_s10025,10025,0.01,0.2,0.12,ttl,0.9875,0.008125,0.3,0.044125,2.1985099999710656,80
h0.01_r0.2_s10025,10025,0.01,0.2,0.12,entropy,0.925,0.06499999999999999,0.175,0.086,1.341523000064626,80
h0.01_r0.2_s10025,10025,0.01,0.2,0.12,random,0.875,0.0475,0.225,0.0745,1.5083039999126413,80
h0.01_r0.2_s10025,10025,0.01,0.2,0.12,myopic,0.875,0.03375,0.1375,0.050249999999999996,1.1789099999077735,80
h0.01_r0.2_s10025,10025,0.01,0.2,0.12,recheck,1.0,0.0,0.275,0.032999999999999995,1.9866630000251462,80
h0.01_r0.2_s10025,10025,0.01,0.2,0.12,no_task,0.975,0.020624999999999998,0.2375,0.049124999999999995,1.6687950000005003,80
h0.01_r0.2_s10026,10026,0.01,0.2,0.12,never,0.9625,0.029375000000000002,0.05,0.035375000000000004,1.1607820000563152,80
h0.01_r0.2_s10026,10026,0.01,0.2,0.12,fresh,1.0,0.0,1.1375,0.1365,1.2057090000325843,80
h0.01_r0.2_s10026,10026,0.01,0.2,0.12,ttl,1.0,0.0,0.3,0.036,1.3818339999716045,80
h0.01_r0.2_s10026,10026,0.01,0.2,0.12,entropy,0.975,0.025,0.175,0.046,1.2369169999146834,80
h0.01_r0.2_s10026,10026,0.01,0.2,0.12,random,0.9625,0.029375000000000002,0.2625,0.060875,1.5086549999523413,80
h0.01_r0.2_s10026,10026,0.01,0.2,0.12,myopic,0.9625,0.029375000000000002,0.1125,0.042875,1.2333419999777107,80
h0.01_r0.2_s10026,10026,0.01,0.2,0.12,recheck,0.9875,0.0043749999999999995,0.2625,0.035875000000000004,1.641595000023699,80
h0.01_r0.2_s10026,10026,0.01,0.2,0.12,no_task,0.9625,0.029375000000000002,0.2375,0.057874999999999996,1.670508000074733,80
h0.01_r0.2_s10027,10027,0.01,0.2,0.12,never,0.7375,0.2325,0.05,0.23850000000000002,1.1439969999855748,80
h0.01_r0.2_s10027,10027,0.01,0.2,0.12,fresh,1.0,0.0,1.0625,0.1275,1.2340520000861943,80
h0.01_r0.2_s10027,10027,0.01,0.2,0.12,ttl,0.9625,0.0375,0.275,0.0705,1.3429359999008739,80
h0.01_r0.2_s10027,10027,0.01,0.2,0.12,entropy,0.9,0.09,0.175,0.11099999999999999,1.314253000032295,80
h0.01_r0.2_s10027,10027,0.01,0.2,0.12,random,0.95,0.05,0.2625,0.08149999999999999,1.4163360000338798,80
h0.01_r0.2_s10027,10027,0.01,0.2,0.12,myopic,0.95,0.05,0.125,0.065,1.236035000033553,80
h0.01_r0.2_s10027,10027,0.01,0.2,0.12,recheck,0.9875,0.0125,0.25,0.042499999999999996,1.5686439999171853,80
h0.01_r0.2_s10027,10027,0.01,0.2,0.12,no_task,0.95,0.05,0.2375,0.07849999999999999,1.6220449999764242,80
h0.01_r0.2_s10028,10028,0.01,0.2,0.12,never,0.6125,0.118125,0.05,0.124125,1.0875519999444805,80
h0.01_r0.2_s10028,10028,0.01,0.2,0.12,fresh,1.0,0.0,1.325,0.15899999999999997,1.2043880000192075,80
h0.01_r0.2_s10028,10028,0.01,0.2,0.12,ttl,0.975,0.008749999999999999,0.3,0.04475,1.2481940000270697,80
h0.01_r0.2_s10028,10028,0.01,0.2,0.12,entropy,0.9125,0.023125,0.1625,0.042625,1.228032999961215,80
h0.01_r0.2_s10028,10028,0.01,0.2,0.12,random,1.0,0.0,0.3125,0.0375,1.3190700000222932,80
h0.01_r0.2_s10028,10028,0.01,0.2,0.12,myopic,0.7375,0.060625,0.125,0.075625,1.1612240000431484,80
h0.01_r0.2_s10028,10028,0.01,0.2,0.12,recheck,0.9625,0.010624999999999999,0.2625,0.042125,1.6459710000162886,80
h0.01_r0.2_s10028,10028,0.01,0.2,0.12,no_task,0.9,0.026249999999999996,0.2375,0.054749999999999986,1.627493000000868,80
h0.01_r0.2_s10029,10029,0.01,0.2,0.12,never,0.5375,0.24187499999999992,0.05,0.24787499999999993,1.1077030000024024,80
h0.01_r0.2_s10029,10029,0.01,0.2,0.12,fresh,1.0,0.0,1.125,0.13499999999999998,1.2290949999851364,80
h0.01_r0.2_s10029,10029,0.01,0.2,0.12,ttl,1.0,0.0,0.3125,0.0375,1.2224150000292866,80
h0.01_r0.2_s10029,10029,0.01,0.2,0.12,entropy,0.9375,0.030000000000000006,0.1625,0.0495,1.3041880000628225,80
h0.01_r0.2_s10029,10029,0.01,0.2,0.12,random,0.95,0.025625000000000002,0.3,0.061625,1.3869620000832583,80
h0.01_r0.2_s10029,10029,0.01,0.2,0.12,myopic,0.85,0.055625,0.125,0.07062500000000001,1.2958849999904487,80
h0.01_r0.2_s10029,10029,0.01,0.2,0.12,recheck,0.9625,0.02125,0.275,0.05425,1.590368000051967,80
h0.01_r0.2_s10029,10029,0.01,0.2,0.12,no_task,0.9625,0.010624999999999999,0.2375,0.039125,1.553282000031686,80
h0.01_r0.2_s10030,10030,0.01,0.2,0.12,never,0.7125,0.109375,0.05,0.115375,1.0742120000486466,80
h0.01_r0.2_s10030,10030,0.01,0.2,0.12,fresh,1.0,0.0,1.35,0.16199999999999998,1.2204619999920396,80
h0.01_r0.2_s10030,10030,0.01,0.2,0.12,ttl,0.95,0.0125,0.2875,0.047,1.2458800000558767,80
h0.01_r0.2_s10030,10030,0.01,0.2,0.12,entropy,0.8,0.0475,0.1625,0.06699999999999999,1.4115090000359487,80
h0.01_r0.2_s10030,10030,0.01,0.2,0.12,random,0.9,0.028125,0.4375,0.080625,1.4340029999857506,80
h0.01_r0.2_s10030,10030,0.01,0.2,0.12,myopic,0.875,0.03874999999999999,0.125,0.05375,1.5682129999277095,80
h0.01_r0.2_s10030,10030,0.01,0.2,0.12,recheck,0.8875,0.021875,0.225,0.048875,2.6152230000207055,80
h0.01_r0.2_s10030,10030,0.01,0.2,0.12,no_task,0.9,0.02,0.2375,0.0485,1.6404110000394212,80
h0.01_r0.2_s10031,10031,0.01,0.2,0.12,never,0.9375,0.015,0.05,0.020999999999999998,1.23619399994368,80
h0.01_r0.2_s10031,10031,0.01,0.2,0.12,fresh,1.0,0.0,1.225,0.147,1.2064100000088729,80
h0.01_r0.2_s10031,10031,0.01,0.2,0.12,ttl,0.9625,0.01125,0.275,0.04425,1.2494540000034249,80
h0.01_r0.2_s10031,10031,0.01,0.2,0.12,entropy,0.9375,0.015,0.175,0.036,1.256275000059759,80
h0.01_r0.2_s10031,10031,0.01,0.2,0.12,random,0.925,0.018749999999999996,0.25,0.048749999999999995,1.4582379999410477,80
h0.01_r0.2_s10031,10031,0.01,0.2,0.12,myopic,0.9375,0.015,0.1125,0.028500000000000004,1.225148999992598,80
h0.01_r0.2_s10031,10031,0.01,0.2,0.12,recheck,0.8875,0.022499999999999996,0.2125,0.048,1.6443270000081611,80
h0.01_r0.2_s10031,10031,0.01,0.2,0.12,no_task,0.9125,0.023749999999999997,0.2375,0.05225,1.6460190000771036,80
h0.01_r0.2_s10032,10032,0.01,0.2,0.12,never,0.9375,0.0125,0.05,0.0185,1.1485129999755372,80
h0.01_r0.2_s10032,10032,0.01,0.2,0.12,fresh,1.0,0.0,1.4,0.16799999999999998,1.2359739999965313,80
h0.01_r0.2_s10032,10032,0.01,0.2,0.12,ttl,1.0,0.0,0.2875,0.034499999999999996,1.4260499999636522,80
h0.01_r0.2_s10032,10032,0.01,0.2,0.12,entropy,0.9625,0.0075000000000000015,0.1875,0.03,1.3424240000858845,80
h0.01_r0.2_s10032,10032,0.01,0.2,0.12,random,0.95,0.01,0.2875,0.0445,1.4107069999909072,80
h0.01_r0.2_s10032,10032,0.01,0.2,0.12,myopic,0.9375,0.0125,0.1125,0.026000000000000002,1.1855290000539753,80
h0.01_r0.2_s10032,10032,0.01,0.2,0.12,recheck,0.9875,0.0025,0.2625,0.034,1.6504049999639392,80
h0.01_r0.2_s10032,10032,0.01,0.2,0.12,no_task,0.9375,0.0125,0.2375,0.040999999999999995,1.7558139999209743,80
h0.01_r0.2_s10033,10033,0.01,0.2,0.12,never,0.7,0.06937500000000003,0.05,0.07537500000000004,1.2371259999781614,80
h0.01_r0.2_s10033,10033,0.01,0.2,0.12,fresh,1.0,0.0,1.475,0.177,2.1782480000638316,80
h0.01_r0.2_s10033,10033,0.01,0.2,0.12,ttl,0.9375,0.014374999999999999,0.2875,0.048874999999999995,1.3795890000665167,80
h0.01_r0.2_s10033,10033,0.01,0.2,0.12,entropy,0.95,0.0125,0.175,0.033499999999999995,1.4232550000770061,80
h0.01_r0.2_s10033,10033,0.01,0.2,0.12,random,0.9,0.026250000000000002,0.375,0.07125,1.2857789999998204,80
h0.01_r0.2_s10033,10033,0.01,0.2,0.12,myopic,0.7,0.06937500000000003,0.1375,0.08587500000000003,1.4013020000902543,80
h0.01_r0.2_s10033,10033,0.01,0.2,0.12,recheck,0.95,0.009375,0.2375,0.037875,1.5786280000611441,80
h0.01_r0.2_s10033,10033,0.01,0.2,0.12,no_task,0.8875,0.02375,0.2375,0.05225,1.7966249999972206,80
h0.01_r0.2_s10034,10034,0.01,0.2,0.12,never,0.6625,0.09812499999999999,0.05,0.104125,1.0746219999191453,80
h0.01_r0.2_s10034,10034,0.01,0.2,0.12,fresh,1.0,0.0,1.2,0.144,1.3095250000105807,80
h0.01_r0.2_s10034,10034,0.01,0.2,0.12,ttl,0.975,0.008749999999999999,0.275,0.041749999999999995,1.2579769999092605,80
h0.01_r0.2_s10034,10034,0.01,0.2,0.12,entropy,0.95,0.017499999999999998,0.15,0.0355,1.2242459999924904,80
h0.01_r0.2_s10034,10034,0.01,0.2,0.12,random,1.0,0.0,0.3625,0.0435,1.480601000025672,80
h0.01_r0.2_s10034,10034,0.01,0.2,0.12,myopic,0.75,0.07749999999999999,0.125,0.0925,1.1904850000519218,80
h0.01_r0.2_s10034,10034,0.01,0.2,0.12,recheck,0.95,0.017499999999999998,0.2375,0.046,1.6306459999668732,80
h0.01_r0.2_s10034,10034,0.01,0.2,0.12,no_task,0.95,0.017499999999999998,0.2375,0.046,1.7756940000026589,80
h0.01_r0.2_s10035,10035,0.01,0.2,0.12,never,0.6125,0.18500000000000005,0.05,0.19100000000000006,1.093049000019164,80
h0.01_r0.2_s10035,10035,0.01,0.2,0.12,fresh,1.0,0.0,1.2625,0.1515,1.2279420000140817,80
h0.01_r0.2_s10035,10035,0.01,0.2,0.12,ttl,0.9375,0.036875000000000005,0.3,0.072875,2.1341219999158056,80
h0.01_r0.2_s10035,10035,0.01,0.2,0.12,entropy,0.925,0.04,0.175,0.061,2.0956939999905444,80
h0.01_r0.2_s10035,10035,0.01,0.2,0.12,random,0.9875,0.008125,0.425,0.059125000000000004,1.3462900000149602,80
h0.01_r0.2_s10035,10035,0.01,0.2,0.12,myopic,0.9125,0.041875,0.125,0.056874999999999995,1.2486230000376963,80
h0.01_r0.2_s10035,10035,0.01,0.2,0.12,recheck,0.95,0.0225,0.2625,0.054000000000000006,1.5420130000620702,80
h0.01_r0.2_s10035,10035,0.01,0.2,0.12,no_task,0.925,0.03875,0.2375,0.06725,1.6326589999380303,80
h0.01_r0.2_s10036,10036,0.01,0.2,0.12,never,0.9,0.03750000000000001,0.05,0.04350000000000001,1.0666800000080912,80
h0.01_r0.2_s10036,10036,0.01,0.2,0.12,fresh,1.0,0.0,1.575,0.189,1.5840060000300582,80
h0.01_r0.2_s10036,10036,0.01,0.2,0.12,ttl,0.9375,0.030000000000000006,0.3125,0.0675,1.3211629999432262,80
h0.01_r0.2_s10036,10036,0.01,0.2,0.12,entropy,0.9375,0.030000000000000006,0.175,0.051000000000000004,1.3011720000122295,80
h0.01_r0.2_s10036,10036,0.01,0.2,0.12,random,0.9,0.03750000000000001,0.525,0.1005,1.3037460000759893,80
h0.01_r0.2_s10036,10036,0.01,0.2,0.12,myopic,0.9,0.03750000000000001,0.125,0.05250000000000001,1.3057589999334596,80
h0.01_r0.2_s10036,10036,0.01,0.2,0.12,recheck,0.9125,0.026250000000000002,0.2625,0.05775,1.5590489999794954,80
h0.01_r0.2_s10036,10036,0.01,0.2,0.12,no_task,0.9,0.03750000000000001,0.2375,0.06600000000000002,2.020069999957741,80
h0.01_r0.2_s10037,10037,0.01,0.2,0.12,never,0.925,0.015,0.05,0.020999999999999998,1.089914999965913,80
h0.01_r0.2_s10037,10037,0.01,0.2,0.12,fresh,1.0,0.0,1.1125,0.1335,1.2874020000026576,80
h0.01_r0.2_s10037,10037,0.01,0.2,0.12,ttl,0.9875,0.0025,0.2875,0.037,1.2289430000009816,80
h0.01_r0.2_s10037,10037,0.01,0.2,0.12,entropy,0.9625,0.0075000000000000015,0.1875,0.03,1.2486040000112553,80
h0.01_r0.2_s10037,10037,0.01,0.2,0.12,random,0.9875,0.0025,0.35,0.0445,1.4406509999389527,80
h0.01_r0.2_s10037,10037,0.01,0.2,0.12,myopic,0.925,0.015,0.1375,0.03149999999999999,1.3803909999978714,80
h0.01_r0.2_s10037,10037,0.01,0.2,0.12,recheck,0.9875,0.0025,0.25,0.0325,1.6843460000472987,80
h0.01_r0.2_s10037,10037,0.01,0.2,0.12,no_task,0.9625,0.0075000000000000015,0.2375,0.036,1.6346020000810313,80
h0.01_r0.2_s10038,10038,0.01,0.2,0.12,never,0.525,0.19625000000000004,0.05,0.20225000000000004,1.4640670000289902,80
h0.01_r0.2_s10038,10038,0.01,0.2,0.12,fresh,1.0,0.0,1.3,0.156,1.2308459999985644,80
h0.01_r0.2_s10038,10038,0.01,0.2,0.12,ttl,0.8625,0.042499999999999996,0.325,0.08149999999999999,1.4112970000041969,80
h0.01_r0.2_s10038,10038,0.01,0.2,0.12,entropy,0.725,0.074375,0.175,0.095375,1.2387880000233054,80
h0.01_r0.2_s10038,10038,0.01,0.2,0.12,random,0.6625,0.14250000000000004,0.35,0.18450000000000005,1.413309999975354,80
h0.01_r0.2_s10038,10038,0.01,0.2,0.12,myopic,0.9125,0.024999999999999998,0.1375,0.041499999999999995,1.3292840000076467,80
h0.01_r0.2_s10038,10038,0.01,0.2,0.12,recheck,0.7875,0.05312500000000001,0.25,0.083125,1.5821639999558101,80
h0.01_r0.2_s10038,10038,0.01,0.2,0.12,no_task,0.9,0.029374999999999995,0.2375,0.05787499999999999,1.8655590000662414,80
h0.01_r0.2_s10039,10039,0.01,0.2,0.12,never,0.775,0.10500000000000002,0.05,0.11100000000000003,1.1515479999388845,80
h0.01_r0.2_s10039,10039,0.01,0.2,0.12,fresh,1.0,0.0,1.225,0.147,1.3341110000055778,80
h0.01_r0.2_s10039,10039,0.01,0.2,0.12,ttl,0.925,0.03874999999999999,0.2875,0.07325,1.3742720000209374,80
h0.01_r0.2_s10039,10039,0.01,0.2,0.12,entropy,0.875,0.06,0.175,0.08099999999999999,1.325838999946427,80
h0.01_r0.2_s10039,10039,0.01,0.2,0.12,random,0.8375,0.071875,0.3,0.10787499999999998,1.3313370000105351,80
h0.01_r0.2_s10039,10039,0.01,0.2,0.12,myopic,0.95,0.01875,0.1375,0.03525,1.195703999997022,80
h0.01_r0.2_s10039,10039,0.01,0.2,0.12,recheck,0.9375,0.030624999999999996,0.2625,0.062125,1.662373999920419,80
h0.01_r0.2_s10039,10039,0.01,0.2,0.12,no_task,0.95,0.0125,0.2375,0.040999999999999995,1.5759739999339217,80
h0.01_r0.2_s10040,10040,0.01,0.2,0.12,never,0.6,0.33062500000000017,0.05,0.3366250000000002,1.0679419999632955,80
h0.01_r0.2_s10040,10040,0.01,0.2,0.12,fresh,1.0,0.0,1.1625,0.1395,1.196865999986585,80
h0.01_r0.2_s10040,10040,0.01,0.2,0.12,ttl,0.9125,0.06312499999999999,0.275,0.09612499999999999,1.2409719998913715,80
h0.01_r0.2_s10040,10040,0.01,0.2,0.12,entropy,0.725,0.21125000000000002,0.175,0.23225,1.2301250000064101,80
h0.01_r0.2_s10040,10040,0.01,0.2,0.12,random,0.9625,0.008124999999999999,0.3875,0.05462499999999999,1.312740000003032,80
h0.01_r0.2_s10040,10040,0.01,0.2,0.12,myopic,0.8625,0.118125,0.1375,0.134625,1.162944999919091,80
h0.01_r0.2_s10040,10040,0.01,0.2,0.12,recheck,0.875,0.074375,0.25,0.104375,1.5592199999900913,80
h0.01_r0.2_s10040,10040,0.01,0.2,0.12,no_task,0.9125,0.06312499999999999,0.2375,0.09162499999999998,1.6022839998868221,80
h0.01_r0.2_s10041,10041,0.01,0.2,0.12,never,0.8875,0.026875,0.05,0.032875,1.1600400000588706,80
h0.01_r0.2_s10041,10041,0.01,0.2,0.12,fresh,1.0,0.0,1.2375,0.1485,1.5139509999926304,80
h0.01_r0.2_s10041,10041,0.01,0.2,0.12,ttl,0.95,0.0125,0.3,0.0485,2.1182379999800105,80
h0.01_r0.2_s10041,10041,0.01,0.2,0.12,entropy,0.8625,0.033125,0.175,0.054125,1.3279020000709352,80
h0.01_r0.2_s10041,10041,0.01,0.2,0.12,random,0.9125,0.020624999999999998,0.3375,0.061125,1.3072409999494994,80
h0.01_r0.2_s10041,10041,0.01,0.2,0.12,myopic,0.825,0.03874999999999999,0.125,0.05375,1.1692239999092635,80
h0.01_r0.2_s10041,10041,0.01,0.2,0.12,recheck,0.925,0.016249999999999997,0.2625,0.04775,1.608662999956323,80
h0.01_r0.2_s10041,10041,0.01,0.2,0.12,no_task,0.975,0.00625,0.2375,0.034749999999999996,1.583756000059111,80
h0.01_r0.2_s10042,10042,0.01,0.2,0.12,never,0.9125,0.031875,0.05,0.037875,1.0958039999877656,80
h0.01_r0.2_s10042,10042,0.01,0.2,0.12,fresh,1.0,0.0,1.3,0.156,1.2112169999909383,80
h0.01_r0.2_s10042,10042,0.01,0.2,0.12,ttl,0.9875,0.003125,0.3125,0.040625,1.3152129999980389,80
h0.01_r0.2_s10042,10042,0.01,0.2,0.12,entropy,0.975,0.01125,0.175,0.03225,1.2715880000087054,80
h0.01_r0.2_s10042,10042,0.01,0.2,0.12,random,0.975,0.01125,0.3375,0.05175,1.49293000004036,80
h0.01_r0.2_s10042,10042,0.01,0.2,0.12,myopic,0.925,0.02375,0.125,0.03874999999999999,1.2765159999617026,80
h0.01_r0.2_s10042,10042,0.01,0.2,0.12,recheck,0.9875,0.003125,0.2375,0.031625,1.5597899999875153,80
h0.01_r0.2_s10042,10042,0.01,0.2,0.12,no_task,0.95,0.017499999999999998,0.2375,0.046,1.5391380001119614,80
h0.01_r0.2_s10043,10043,0.01,0.2,0.12,never,0.65,0.13437500000000005,0.05,0.14037500000000006,1.0695440000745293,80
h0.01_r0.2_s10043,10043,0.01,0.2,0.12,fresh,1.0,0.0,1.1875,0.14250000000000002,1.203044999897429,80
h0.01_r0.2_s10043,10043,0.01,0.2,0.12,ttl,1.0,0.0,0.2875,0.034499999999999996,1.2097449999828314,80
h0.01_r0.2_s10043,10043,0.01,0.2,0.12,entropy,0.9375,0.020624999999999998,0.175,0.041625,1.3012519999620054,80
h0.01_r0.2_s10043,10043,0.01,0.2,0.12,random,0.95,0.01625,0.3,0.05225,1.3028140000415078,80
h0.01_r0.2_s10043,10043,0.01,0.2,0.12,myopic,0.7,0.09875000000000003,0.125,0.11375000000000005,1.1767549999603943,80
h0.01_r0.2_s10043,10043,0.01,0.2,0.12,recheck,0.9125,0.025625,0.2625,0.057125,1.5423340000779717,80
h0.01_r0.2_s10043,10043,0.01,0.2,0.12,no_task,0.9375,0.020624999999999998,0.2375,0.049124999999999995,1.58425699999043,80
h0.01_r0.2_s10044,10044,0.01,0.2,0.12,never,0.8375,0.065625,0.05,0.07162500000000001,1.2086629999430443,80
h0.01_r0.2_s10044,10044,0.01,0.2,0.12,fresh,1.0,0.0,1.3,0.156,2.2323590000041804,80
h0.01_r0.2_s10044,10044,0.01,0.2,0.12,ttl,0.925,0.0225,0.2875,0.056999999999999995,1.3328699999419769,80
h0.01_r0.2_s10044,10044,0.01,0.2,0.12,entropy,0.925,0.0225,0.175,0.0435,1.2425549999761643,80
h0.01_r0.2_s10044,10044,0.01,0.2,0.12,random,0.8875,0.038125,0.3,0.074125,1.426981000008709,80
h0.01_r0.2_s10044,10044,0.01,0.2,0.12,myopic,0.975,0.00375,0.125,0.01875,1.1893240000517835,80
h0.01_r0.2_s10044,10044,0.01,0.2,0.12,recheck,0.9625,0.008124999999999999,0.2375,0.036625,1.9007820000069842,80
h0.01_r0.2_s10044,10044,0.01,0.2,0.12,no_task,0.95,0.01625,0.2375,0.04475,1.560601000051065,80
h0.01_r0.2_s10045,10045,0.01,0.2,0.12,never,0.6625,0.14562500000000003,0.05,0.15162500000000004,1.135513000008359,80
h0.01_r0.2_s10045,10045,0.01,0.2,0.12,fresh,1.0,0.0,1.2,0.144,1.4318680000542372,80
h0.01_r0.2_s10045,10045,0.01,0.2,0.12,ttl,0.8375,0.065,0.275,0.098,1.7699459999676037,80
h0.01_r0.2_s10045,10045,0.01,0.2,0.12,entropy,0.9,0.028125,0.175,0.049124999999999995,1.2801099999251164,80
h0.01_r0.2_s10045,10045,0.01,0.2,0.12,random,0.825,0.060625000000000005,0.3875,0.107125,1.3753429999496802,80
h0.01_r0.2_s10045,10045,0.01,0.2,0.12,myopic,0.75,0.07375000000000001,0.125,0.08875000000000002,1.5649880000410121,80
h0.01_r0.2_s10045,10045,0.01,0.2,0.12,recheck,0.8375,0.04375,0.225,0.07075000000000001,1.6922579999345544,80
h0.01_r0.2_s10045,10045,0.01,0.2,0.12,no_task,0.8375,0.065,0.2375,0.0935,1.616345000002184,80
h0.01_r0.2_s10046,10046,0.01,0.2,0.12,never,0.4875,0.3174999999999999,0.05,0.3234999999999999,1.081842999951732,80
h0.01_r0.2_s10046,10046,0.01,0.2,0.12,fresh,1.0,0.0,1.175,0.141,1.2358239999912257,80
h0.01_r0.2_s10046,10046,0.01,0.2,0.12,ttl,0.9375,0.030625000000000003,0.2875,0.065125,1.2265099999240192,80
h0.01_r0.2_s10046,10046,0.01,0.2,0.12,entropy,0.85,0.08750000000000001,0.175,0.10850000000000001,1.2865899999496833,80
h0.01_r0.2_s10046,10046,0.01,0.2,0.12,random,0.8375,0.08687500000000001,0.3375,0.12737500000000002,1.433040000051733,80
h0.01_r0.2_s10046,10046,0.01,0.2,0.12,myopic,0.7375,0.109375,0.1375,0.12587500000000001,1.2300350000487015,80
h0.01_r0.2_s10046,10046,0.01,0.2,0.12,recheck,0.9625,0.013750000000000002,0.275,0.04675,3.2507370000303126,80
h0.01_r0.2_s10046,10046,0.01,0.2,0.12,no_task,0.7625,0.08125000000000002,0.2375,0.10975000000000001,1.7150429999901462,80
h0.01_r0.2_s10047,10047,0.01,0.2,0.12,never,0.9875,0.008125,0.05,0.014124999999999999,1.0669009999446644,80
h0.01_r0.2_s10047,10047,0.01,0.2,0.12,fresh,1.0,0.0,1.0375,0.12449999999999999,1.193840000041746,80
h0.01_r0.2_s10047,10047,0.01,0.2,0.12,ttl,0.9875,0.008125,0.2625,0.039625,1.21018599998024,80
h0.01_r0.2_s10047,10047,0.01,0.2,0.12,entropy,0.975,0.01125,0.175,0.03225,1.23426200002541,80
h0.01_r0.2_s10047,10047,0.01,0.2,0.12,random,0.9875,0.008125,0.2875,0.042624999999999996,1.2892239999473531,80
h0.01_r0.2_s10047,10047,0.01,0.2,0.12,myopic,0.9875,0.008125,0.125,0.023125,1.1900749999540494,80
h0.01_r0.2_s10047,10047,0.01,0.2,0.12,recheck,0.9875,0.003125,0.25,0.033125,1.549465000039163,80
h0.01_r0.2_s10047,10047,0.01,0.2,0.12,no_task,0.9875,0.008125,0.2375,0.036625,1.7542519999551587,80
h0.01_r0.2_s10048,10048,0.01,0.2,0.12,never,0.5,0.19999999999999996,0.05,0.20599999999999996,1.0746520000566306,80
h0.01_r0.2_s10048,10048,0.01,0.2,0.12,fresh,1.0,0.0,1.125,0.13499999999999998,1.1992890000556145,80
h0.01_r0.2_s10048,10048,0.01,0.2,0.12,ttl,0.95,0.027500000000000004,0.25,0.057499999999999996,1.2489739999637095,80
h0.01_r0.2_s10048,10048,0.01,0.2,0.12,entropy,0.9375,0.030625000000000003,0.1625,0.050124999999999996,1.2257490000138205,80
h0.01_r0.2_s10048,10048,0.01,0.2,0.12,random,0.925,0.016875,0.4,0.06487499999999999,1.3183879999587589,80
h0.01_r0.2_s10048,10048,0.01,0.2,0.12,myopic,0.775,0.06500000000000003,0.1375,0.08150000000000002,1.1660689999644092,80
h0.01_r0.2_s10048,10048,0.01,0.2,0.12,recheck,1.0,0.0,0.2375,0.028499999999999998,1.5765050000027259,80
h0.01_r0.2_s10048,10048,0.01,0.2,0.12,no_task,0.95,0.027500000000000004,0.2375,0.05600000000000001,1.54971500001011,80
h0.01_r0.2_s10049,10049,0.01,0.2,0.12,never,0.6125,0.11062499999999997,0.05,0.11662499999999998,1.0975269999562443,80
h0.01_r0.2_s10049,10049,0.01,0.2,0.12,fresh,1.0,0.0,1.2125,0.1455,1.2382979999756571,80
h0.01_r0.2_s10049,10049,0.01,0.2,0.12,ttl,0.975,0.00625,0.275,0.03924999999999999,1.2246579999555252,80
h0.01_r0.2_s10049,10049,0.01,0.2,0.12,entropy,0.95,0.015,0.175,0.036,1.2306559999615274,80
h0.01_r0.2_s10049,10049,0.01,0.2,0.12,random,0.95,0.015,0.3625,0.058499999999999996,1.3180569999349245,80
h0.01_r0.2_s10049,10049,0.01,0.2,0.12,myopic,0.7875,0.059375,0.125,0.074375,1.1869500000329936,80
h0.01_r0.2_s10049,10049,0.01,0.2,0.12,recheck,0.975,0.00625,0.25,0.03625,1.5474619999622519,80
h0.01_r0.2_s10049,10049,0.01,0.2,0.12,no_task,0.95,0.015,0.2375,0.0435,1.585007000016958,80
h0.01_r0.2_s10050,10050,0.01,0.2,0.12,never,0.8125,0.11687500000000003,0.05,0.12287500000000004,1.078819000099429,80
h0.01_r0.2_s10050,10050,0.01,0.2,0.12,fresh,1.0,0.0,1.0375,0.12449999999999999,1.2241769999263852,80
h0.01_r0.2_s10050,10050,0.01,0.2,0.12,ttl,1.0,0.0,0.2625,0.0315,1.223826000000372,80
h0.01_r0.2_s10050,10050,0.01,0.2,0.12,entropy,1.0,0.0,0.1625,0.0195,1.329615000031481,80
h0.01_r0.2_s10050,10050,0.01,0.2,0.12,random,1.0,0.0,0.275,0.032999999999999995,1.2916980000454714,80
h0.01_r0.2_s10050,10050,0.01,0.2,0.12,myopic,0.9875,0.003125,0.1,0.015125,1.1688439999488764,80
h0.01_r0.2_s10050,10050,0.01,0.2,0.12,recheck,1.0,0.0,0.25,0.03,1.7908360000546963,80
h0.01_r0.2_s10050,10050,0.01,0.2,0.12,no_task,1.0,0.0,0.2375,0.028499999999999998,1.5905459999885352,80
h0.01_r0.2_s10051,10051,0.01,0.2,0.12,never,0.875,0.024374999999999997,0.05,0.030374999999999996,1.1056890000418207,80
h0.01_r0.2_s10051,10051,0.01,0.2,0.12,fresh,1.0,0.0,1.35,0.16199999999999998,1.308973999925911,80
h0.01_r0.2_s10051,10051,0.01,0.2,0.12,ttl,0.9875,0.001875,0.2875,0.036375,1.2661800000159928,80
h0.01_r0.2_s10051,10051,0.01,0.2,0.12,entropy,0.95,0.009375000000000001,0.1875,0.031875,1.2390790000154084,80
h0.01_r0.2_s10051,10051,0.01,0.2,0.12,random,0.9,0.019374999999999996,0.3875,0.06587499999999999,1.3416929999721106,80
h0.01_r0.2_s10051,10051,0.01,0.2,0.12,myopic,0.875,0.024374999999999997,0.1125,0.037875,1.1630449999984194,80
h0.01_r0.2_s10051,10051,0.01,0.2,0.12,recheck,0.95,0.009375000000000001,0.275,0.042374999999999996,1.8864500000290718,80
h0.01_r0.2_s10051,10051,0.01,0.2,0.12,no_task,0.9375,0.011875,0.2375,0.040375,1.5483520000998396,80
h0.01_r0.2_s10052,10052,0.01,0.2,0.12,never,0.4875,0.3875000000000003,0.05,0.3935000000000003,1.1160239999981059,80
h0.01_r0.2_s10052,10052,0.01,0.2,0.12,fresh,1.0,0.0,1.2875,0.1545,1.203396000050816,80
h0.01_r0.2_s10052,10052,0.01,0.2,0.12,ttl,0.85,0.09937500000000002,0.3,0.13537500000000002,1.2396590000207652,80
h0.01_r0.2_s10052,10052,0.01,0.2,0.12,entropy,0.6,0.28375000000000006,0.175,0.30475,1.2289439999904062,80
h0.01_r0.2_s10052,10052,0.01,0.2,0.12,random,0.8875,0.049999999999999996,0.3,0.086,1.6016530000797502,80
h0.01_r0.2_s10052,10052,0.01,0.2,0.12,myopic,0.65,0.23500000000000004,0.125,0.25000000000000006,1.1946420000867874,80
h0.01_r0.2_s10052,10052,0.01,0.2,0.12,recheck,0.8375,0.07062500000000002,0.2625,0.10212500000000002,1.6806419999966238,80
h0.01_r0.2_s10052,10052,0.01,0.2,0.12,no_task,0.8,0.11875000000000002,0.2375,0.14725000000000002,1.5946119999625807,80
h0.01_r0.2_s10053,10053,0.01,0.2,0.12,never,0.6,0.25499999999999995,0.05,0.26099999999999995,1.0785779999196166,80
h0.01_r0.2_s10053,10053,0.01,0.2,0.12,fresh,1.0,0.0,1.15,0.13799999999999998,1.2148119999437768,80
h0.01_r0.2_s10053,10053,0.01,0.2,0.12,ttl,0.9125,0.03250000000000001,0.325,0.07150000000000001,1.235573000030854,80
h0.01_r0.2_s10053,10053,0.01,0.2,0.12,entropy,0.8375,0.09250000000000001,0.175,0.11350000000000002,1.25709500002813,80
h0.01_r0.2_s10053,10053,0.01,0.2,0.12,random,0.7125,0.165,0.2625,0.1965,1.295412999979817,80
h0.01_r0.2_s10053,10053,0.01,0.2,0.12,myopic,0.775,0.048125,0.125,0.063125,1.1939209999809464,80
h0.01_r0.2_s10053,10053,0.01,0.2,0.12,recheck,0.9,0.024374999999999997,0.2375,0.05287499999999999,1.575092999928529,80
h0.01_r0.2_s10053,10053,0.01,0.2,0.12,no_task,0.9625,0.013750000000000002,0.2375,0.042249999999999996,1.5841360000194982,80
h0.01_r0.2_s10054,10054,0.01,0.2,0.12,never,0.75,0.07250000000000001,0.05,0.07850000000000001,1.0868909999999232,80
h0.01_r0.2_s10054,10054,0.01,0.2,0.12,fresh,1.0,0.0,1.325,0.15899999999999997,1.24222399995233,80
h0.01_r0.2_s10054,10054,0.01,0.2,0.12,ttl,0.9875,0.003125,0.3,0.039125,1.3239670000757542,80
h0.01_r0.2_s10054,10054,0.01,0.2,0.12,entropy,0.925,0.023125,0.1875,0.045625,1.3715069999307161,80
h0.01_r0.2_s10054,10054,0.01,0.2,0.12,random,0.95,0.017499999999999998,0.4,0.0655,1.5170850000458813,80
h0.01_r0.2_s10054,10054,0.01,0.2,0.12,myopic,0.8,0.05,0.125,0.065,1.2151729999914096,80
h0.01_r0.2_s10054,10054,0.01,0.2,0.12,recheck,0.975,0.00625,0.25,0.03625,1.5503459999308689,80
h0.01_r0.2_s10054,10054,0.01,0.2,0.12,no_task,0.9,0.028125,0.2375,0.056624999999999995,1.937346999966394,80
h0.01_r0.2_s10055,10055,0.01,0.2,0.12,never,0.975,0.005,0.05,0.011,1.161121999984971,80
h0.01_r0.2_s10055,10055,0.01,0.2,0.12,fresh,1.0,0.0,1.0125,0.12149999999999998,1.2006810000002588,80
h0.01_r0.2_s10055,10055,0.01,0.2,0.12,ttl,1.0,0.0,0.275,0.032999999999999995,1.222923999989689,80
h0.01_r0.2_s10055,10055,0.01,0.2,0.12,entropy,1.0,0.0,0.175,0.020999999999999998,1.2173060000577607,80
h0.01_r0.2_s10055,10055,0.01,0.2,0.12,random,0.975,0.005,0.3,0.040999999999999995,1.3115879999077151,80
h0.01_r0.2_s10055,10055,0.01,0.2,0.12,myopic,0.975,0.005,0.125,0.02,1.155502999949931,80
h0.01_r0.2_s10055,10055,0.01,0.2,0.12,recheck,1.0,0.0,0.25,0.03,1.5930399999888323,80
h0.01_r0.2_s10055,10055,0.01,0.2,0.12,no_task,0.975,0.005,0.2375,0.033499999999999995,1.5584579999767811,80
h0.01_r0.2_s10056,10056,0.01,0.2,0.12,never,0.9125,0.021875,0.05,0.027875,1.1017529999435283,80
h0.01_r0.2_s10056,10056,0.01,0.2,0.12,fresh,1.0,0.0,1.1,0.13199999999999998,1.2092540000594454,80
h0.01_r0.2_s10056,10056,0.01,0.2,0.12,ttl,0.9625,0.009375,0.2875,0.043875,1.2300549999508803,80
h0.01_r0.2_s10056,10056,0.01,0.2,0.12,entropy,0.9875,0.001875,0.175,0.022875,1.228833999903145,80
h0.01_r0.2_s10056,10056,0.01,0.2,0.12,random,0.9125,0.021875,0.275,0.05487499999999999,1.2987389999352672,80
h0.01_r0.2_s10056,10056,0.01,0.2,0.12,myopic,0.875,0.034375,0.125,0.049375,1.1845970000194939,80
h0.01_r0.2_s10056,10056,0.01,0.2,0.12,recheck,0.9,0.028125,0.2625,0.059625,1.8144119999305985,80
h0.01_r0.2_s10056,10056,0.01,0.2,0.12,no_task,0.925,0.024375,0.2375,0.052875000000000005,1.5908969999145484,80
h0.01_r0.2_s10057,10057,0.01,0.2,0.12,never,0.7,0.12687500000000002,0.05,0.13287500000000002,1.0855379999838988,80
h0.01_r0.2_s10057,10057,0.01,0.2,0.12,fresh,1.0,0.0,1.325,0.15899999999999997,1.2475219999714682,80
h0.01_r0.2_s10057,10057,0.01,0.2,0.12,ttl,0.925,0.065625,0.3,0.101625,1.2358230000018011,80
h0.01_r0.2_s10057,10057,0.01,0.2,0.12,entropy,0.9375,0.03250000000000001,0.1875,0.05500000000000001,1.3396100000591105,80
h0.01_r0.2_s10057,10057,0.01,0.2,0.12,random,0.7875,0.14375,0.275,0.17674999999999996,1.5753029999814316,80
h0.01_r0.2_s10057,10057,0.01,0.2,0.12,myopic,0.7125,0.19687499999999997,0.125,0.21187499999999995,1.2066499999718872,80
h0.01_r0.2_s10057,10057,0.01,0.2,0.12,recheck,0.925,0.05,0.25,0.08,1.5676210000492574,80
h0.01_r0.2_s10057,10057,0.01,0.2,0.12,no_task,0.95,0.035625000000000004,0.2375,0.064125,1.5991190000477218,80
h0.01_r0.2_s10058,10058,0.01,0.2,0.12,never,0.775,0.079375,0.05,0.085375,1.0767649999934292,80
h0.01_r0.2_s10058,10058,0.01,0.2,0.12,fresh,1.0,0.0,1.3375,0.1605,1.2199900000950947,80
h0.01_r0.2_s10058,10058,0.01,0.2,0.12,ttl,0.9125,0.040624999999999994,0.325,0.07962499999999999,2.0267209999929037,80
h0.01_r0.2_s10058,10058,0.01,0.2,0.12,entropy,0.875,0.048124999999999994,0.175,0.06912499999999999,1.7476619999570175,80
h0.01_r0.2_s10058,10058,0.01,0.2,0.12,random,0.95,0.024375,0.325,0.063375,1.301993000083712,80
h0.01_r0.2_s10058,10058,0.01,0.2,0.12,myopic,0.8125,0.052500000000000005,0.125,0.0675,1.2231739999606361,80
h0.01_r0.2_s10058,10058,0.01,0.2,0.12,recheck,0.9375,0.02375,0.25,0.05375,1.6482919999134538,80
h0.01_r0.2_s10058,10058,0.01,0.2,0.12,no_task,0.9,0.041249999999999995,0.2375,0.06975,2.8907870000693947,80
h0.01_r0.2_s10059,10059,0.01,0.2,0.12,never,0.675,0.189375,0.05,0.195375,1.5907769999330412,80
h0.01_r0.2_s10059,10059,0.01,0.2,0.12,fresh,1.0,0.0,1.25,0.15,1.9749519999550103,80
h0.01_r0.2_s10059,10059,0.01,0.2,0.12,ttl,0.9,0.0625,0.25,0.0925,1.804486999958499,80
h0.01_r0.2_s10059,10059,0.01,0.2,0.12,entropy,0.725,0.1775,0.15,0.19549999999999998,1.4070209999772487,80
h0.01_r0.2_s10059,10059,0.01,0.2,0.12,random,0.8875,0.05437499999999999,0.45,0.108375,1.4272910000272532,80
h0.01_r0.2_s10059,10059,0.01,0.2,0.12,myopic,0.725,0.1575,0.1125,0.17099999999999999,1.3702149999517133,80
h0.01_r0.2_s10059,10059,0.01,0.2,0.12,recheck,0.9,0.040625,0.225,0.067625,1.6463299999713854,80
h0.01_r0.2_s10059,10059,0.01,0.2,0.12,no_task,0.8625,0.06749999999999999,0.2375,0.096,1.7250880000574398,80
h0.01_r0.2_s10060,10060,0.01,0.2,0.12,never,0.9625,0.027500000000000004,0.05,0.0335,1.0908069999686631,80
h0.01_r0.2_s10060,10060,0.01,0.2,0.12,fresh,1.0,0.0,1.3,0.156,1.34296400005951,80
h0.01_r0.2_s10060,10060,0.01,0.2,0.12,ttl,1.0,0.0,0.3,0.036,1.2719580000748465,80
h0.01_r0.2_s10060,10060,0.01,0.2,0.12,entropy,0.9625,0.027500000000000004,0.1625,0.047,1.3581780000322397,80
h0.01_r0.2_s10060,10060,0.01,0.2,0.12,random,0.9875,0.0075,0.2625,0.039,1.3293040000235123,80
h0.01_r0.2_s10060,10060,0.01,0.2,0.12,myopic,0.975,0.015,0.125,0.03,1.232518999927379,80
h0.01_r0.2_s10060,10060,0.01,0.2,0.12,recheck,0.9625,0.027500000000000004,0.2625,0.05900000000000001,1.6600699999571589,80
h0.01_r0.2_s10060,10060,0.01,0.2,0.12,no_task,0.9625,0.027500000000000004,0.2375,0.05600000000000001,1.685649000023659,80
h0.01_r0.2_s10061,10061,0.01,0.2,0.12,never,0.65,0.09812500000000002,0.05,0.10412500000000002,1.5983980000555675,80
h0.01_r0.2_s10061,10061,0.01,0.2,0.12,fresh,1.0,0.0,1.35,0.16199999999999998,1.7663390000279833,80
h0.01_r0.2_s10061,10061,0.01,0.2,0.12,ttl,0.9875,0.0025,0.275,0.0355,1.3055089999625125,80
h0.01_r0.2_s10061,10061,0.01,0.2,0.12,entropy,0.975,0.005,0.1625,0.0245,1.3024040000573223,80
h0.01_r0.2_s10061,10061,0.01,0.2,0.12,random,0.925,0.015625,0.45,0.069625,1.4328490000252714,80
h0.01_r0.2_s10061,10061,0.01,0.2,0.12,myopic,0.775,0.051875000000000004,0.0875,0.062375,1.5423940000118819,80
h0.01_r0.2_s10061,10061,0.01,0.2,0.12,recheck,0.975,0.005,0.2375,0.033499999999999995,1.5880920000199694,80
h0.01_r0.2_s10061,10061,0.01,0.2,0.12,no_task,0.8375,0.03875,0.2375,0.06725,1.6356339999674674,80
h0.01_r0.2_s10062,10062,0.01,0.2,0.12,never,0.65,0.18812500000000004,0.05,0.19412500000000005,1.0989880000806806,80
h0.01_r0.2_s10062,10062,0.01,0.2,0.12,fresh,1.0,0.0,1.075,0.129,1.2185580000050322,80
h0.01_r0.2_s10062,10062,0.01,0.2,0.12,ttl,0.975,0.020624999999999998,0.3,0.056624999999999995,1.218799000071158,80
h0.01_r0.2_s10062,10062,0.01,0.2,0.12,entropy,0.9375,0.04875,0.1875,0.07125,1.223696000010932,80
h0.01_r0.2_s10062,10062,0.01,0.2,0.12,random,0.85,0.06812499999999999,0.325,0.107125,1.3329890000477462,80
h0.01_r0.2_s10062,10062,0.01,0.2,0.12,myopic,0.9125,0.059375,0.1375,0.075875,1.1728700000048775,80
h0.01_r0.2_s10062,10062,0.01,0.2,0.12,recheck,0.9375,0.043125000000000004,0.25,0.073125,1.5634259999615097,80
h0.01_r0.2_s10062,10062,0.01,0.2,0.12,no_task,0.925,0.05125,0.2375,0.07974999999999999,1.7459790000202702,80
h0.01_r0.2_s10063,10063,0.01,0.2,0.12,never,0.9,0.032499999999999994,0.05,0.03849999999999999,1.0802709999779836,80
h0.01_r0.2_s10063,10063,0.01,0.2,0.12,fresh,1.0,0.0,1.3375,0.1605,1.2812520000125005,80
h0.01_r0.2_s10063,10063,0.01,0.2,0.12,ttl,0.875,0.033749999999999995,0.3,0.06975,1.2637660000791584,80
h0.01_r0.2_s10063,10063,0.01,0.2,0.12,entropy,0.8625,0.041874999999999996,0.175,0.06287499999999999,1.2450680000029024,80
h0.01_r0.2_s10063,10063,0.01,0.2,0.12,random,0.85,0.04499999999999999,0.4125,0.09449999999999999,1.312249000079646,80
h0.01_r0.2_s10063,10063,0.01,0.2,0.12,myopic,0.9,0.032499999999999994,0.1375,0.048999999999999995,1.1887130000332036,80
h0.01_r0.2_s10063,10063,0.01,0.2,0.12,recheck,0.925,0.016249999999999997,0.3,0.05225,1.8414319999919826,80
h0.01_r0.2_s10063,10063,0.01,0.2,0.12,no_task,0.9,0.032499999999999994,0.2375,0.060999999999999985,1.67127800000344,80
h0.01_r0.2_s10000,10000,0.01,0.2,0.35,never,0.675,0.27749999999999997,0.05,0.295,1.1241169999038902,80
h0.01_r0.2_s10000,10000,0.01,0.2,0.35,fresh,1.0,0.0,1.225,0.42874999999999996,1.5145319999874118,80
h0.01_r0.2_s10000,10000,0.01,0.2,0.35,ttl,0.9,0.0875,0.1,0.12250000000000001,1.3419230000408788,80
h0.01_r0.2_s10000,10000,0.01,0.2,0.35,entropy,0.875,0.10374999999999998,0.175,0.16499999999999998,1.2675919999765028,80
h0.01_r0.2_s10000,10000,0.01,0.2,0.35,random,0.675,0.27749999999999997,0.075,0.30374999999999996,1.3040970000020025,80
h0.01_r0.2_s10000,10000,0.01,0.2,0.35,myopic,0.675,0.27749999999999997,0.05,0.295,1.2290139999322491,80
h0.01_r0.2_s10000,10000,0.01,0.2,0.35,recheck,0.9625,0.014374999999999999,0.15,0.06687499999999999,1.6445780000822197,80
h0.01_r0.2_s10000,10000,0.01,0.2,0.35,no_task,0.9,0.06812500000000002,0.125,0.11187500000000002,1.6379979999783245,80
h0.01_r0.2_s10001,10001,0.01,0.2,0.35,never,0.9875,0.008125,0.05,0.025625,1.1028249999753825,80
h0.01_r0.2_s10001,10001,0.01,0.2,0.35,fresh,1.0,0.0,0.9875,0.34562499999999996,1.1958840000261262,80
h0.01_r0.2_s10001,10001,0.01,0.2,0.35,ttl,0.8625,0.06937499999999999,0.1,0.104375,1.2718479999875854,80
h0.01_r0.2_s10001,10001,0.01,0.2,0.35,entropy,0.95,0.0325,0.1625,0.08937500000000001,1.2231859999474182,80
h0.01_r0.2_s10001,10001,0.01,0.2,0.35,random,0.8625,0.06937499999999999,0.1375,0.11749999999999998,1.3189490000513615,80
h0.01_r0.2_s10001,10001,0.01,0.2,0.35,myopic,0.9875,0.008125,0.05,0.025625,1.1644569999589294,80
h0.01_r0.2_s10001,10001,0.01,0.2,0.35,recheck,0.95,0.0325,0.125,0.07625,1.603144999990036,80
h0.01_r0.2_s10001,10001,0.01,0.2,0.35,no_task,0.95,0.0325,0.125,0.07625,2.5498250000737244,80
h0.01_r0.2_s10002,10002,0.01,0.2,0.35,never,0.475,0.290625,0.05,0.308125,1.175783999997293,80
h0.01_r0.2_s10002,10002,0.01,0.2,0.35,fresh,1.0,0.0,1.175,0.41125,1.2164650000840993,80
h0.01_r0.2_s10002,10002,0.01,0.2,0.35,ttl,0.725,0.13875000000000004,0.1,0.17375000000000002,1.2316180000198074,80
h0.01_r0.2_s10002,10002,0.01,0.2,0.35,entropy,0.85,0.10750000000000001,0.1875,0.17312500000000003,1.2681629999633515,80
h0.01_r0.2_s10002,10002,0.01,0.2,0.35,random,0.6875,0.12124999999999994,0.125,0.16499999999999995,1.2782569999671978,80
h0.01_r0.2_s10002,10002,0.01,0.2,0.35,myopic,0.475,0.290625,0.05,0.308125,1.182824000011351,80
h0.01_r0.2_s10002,10002,0.01,0.2,0.35,recheck,0.7875,0.06250000000000001,0.1375,0.11062500000000001,1.5562639999870953,80
h0.01_r0.2_s10002,10002,0.01,0.2,0.35,no_task,0.6875,0.09000000000000002,0.125,0.13375000000000004,1.5719779999017192,80
h0.01_r0.2_s10003,10003,0.01,0.2,0.35,never,0.7,0.09687500000000002,0.05,0.114375,1.101412000025448,80
h0.01_r0.2_s10003,10003,0.01,0.2,0.35,fresh,1.0,0.0,1.1125,0.38937499999999997,1.3453880000042773,80
h0.01_r0.2_s10003,10003,0.01,0.2,0.35,ttl,0.825,0.05499999999999999,0.1,0.09,1.221803000021282,80
h0.01_r0.2_s10003,10003,0.01,0.2,0.35,entropy,0.8625,0.048124999999999994,0.175,0.109375,1.3223839999909615,80
h0.01_r0.2_s10003,10003,0.01,0.2,0.35,random,0.975,0.0075,0.1625,0.06437499999999999,1.3005810000095153,80
h0.01_r0.2_s10003,10003,0.01,0.2,0.35,myopic,0.7,0.09687500000000002,0.05,0.114375,1.1747319999813044,80
h0.01_r0.2_s10003,10003,0.01,0.2,0.35,recheck,0.825,0.05499999999999999,0.1125,0.09437499999999999,1.557736999984627,80
h0.01_r0.2_s10003,10003,0.01,0.2,0.35,no_task,0.825,0.05499999999999999,0.125,0.09874999999999999,1.5890240000544509,80
h0.01_r0.2_s10004,10004,0.01,0.2,0.35,never,0.9125,0.028749999999999998,0.05,0.04625,1.090576000024157,80
h0.01_r0.2_s10004,10004,0.01,0.2,0.35,fresh,1.0,0.0,1.0875,0.380625,1.2151729999914096,80
h0.01_r0.2_s10004,10004,0.01,0.2,0.35,ttl,0.9125,0.026875,0.1125,0.06625,1.2956739999481215,80
h0.01_r0.2_s10004,10004,0.01,0.2,0.35,entropy,0.9375,0.018125,0.175,0.079375,1.3481020000654098,80
h0.01_r0.2_s10004,10004,0.01,0.2,0.35,random,0.925,0.0225,0.1875,0.088125,1.3201909999907002,80
h0.01_r0.2_s10004,10004,0.01,0.2,0.35,myopic,0.9125,0.028749999999999998,0.05,0.04625,1.1608820000219566,80
h0.01_r0.2_s10004,10004,0.01,0.2,0.35,recheck,0.9125,0.028749999999999998,0.1375,0.076875,1.602093999963472,80
h0.01_r0.2_s10004,10004,0.01,0.2,0.35,no_task,0.9125,0.028749999999999998,0.125,0.0725,1.541532999908668,80
h0.01_r0.2_s10005,10005,0.01,0.2,0.35,never,0.9,0.03125000000000001,0.05,0.04875,1.0979180000276756,80
h0.01_r0.2_s10005,10005,0.01,0.2,0.35,fresh,1.0,0.0,1.1875,0.415625,1.228852999929586,80
h0.01_r0.2_s10005,10005,0.01,0.2,0.35,ttl,0.8125,0.06312500000000001,0.1125,0.10250000000000001,1.2230940000108603,80
h0.01_r0.2_s10005,10005,0.01,0.2,0.35,entropy,0.9,0.038125000000000006,0.1875,0.10375000000000001,1.2597099999993588,80
h0.01_r0.2_s10005,10005,0.01,0.2,0.35,random,0.9,0.03125000000000001,0.1125,0.07062500000000001,1.2947919999533042,80
h0.01_r0.2_s10005,10005,0.01,0.2,0.35,myopic,0.9,0.03125000000000001,0.05,0.04875,1.1800400000083755,80
h0.01_r0.2_s10005,10005,0.01,0.2,0.35,recheck,0.85,0.04875000000000001,0.1375,0.096875,1.5606509999770424,80
h0.01_r0.2_s10005,10005,0.01,0.2,0.35,no_task,0.9,0.03125000000000001,0.125,0.075,1.7433759999221365,80
h0.01_r0.2_s10006,10006,0.01,0.2,0.35,never,1.0,0.0,0.05,0.017499999999999998,1.4091839999537115,80
h0.01_r0.2_s10006,10006,0.01,0.2,0.35,fresh,1.0,0.0,1.375,0.48125,1.2482219999583322,80
h0.01_r0.2_s10006,10006,0.01,0.2,0.35,ttl,1.0,0.0,0.1,0.034999999999999996,1.575152999976126,80
h0.01_r0.2_s10006,10006,0.01,0.2,0.35,entropy,1.0,0.0,0.1625,0.056874999999999995,1.271807999955854,80
h0.01_r0.2_s10006,10006,0.01,0.2,0.35,random,1.0,0.0,0.1625,0.056874999999999995,1.3018329999567868,80
h0.01_r0.2_s10006,10006,0.01,0.2,0.35,myopic,1.0,0.0,0.05,0.017499999999999998,1.1476720000018759,80
h0.01_r0.2_s10006,10006,0.01,0.2,0.35,recheck,1.0,0.0,0.1375,0.048124999999999994,1.6471310000270023,80
h0.01_r0.2_s10006,10006,0.01,0.2,0.35,no_task,1.0,0.0,0.125,0.04375,1.6007310000532016,80
h0.01_r0.2_s10007,10007,0.01,0.2,0.35,never,0.8875,0.038125,0.05,0.055624999999999994,1.1854589999984455,80
h0.01_r0.2_s10007,10007,0.01,0.2,0.35,fresh,1.0,0.0,1.3125,0.459375,1.23337000002266,80
h0.01_r0.2_s10007,10007,0.01,0.2,0.35,ttl,0.8875,0.038125,0.1125,0.07749999999999999,1.3536010000052556,80
h0.01_r0.2_s10007,10007,0.01,0.2,0.35,entropy,0.95,0.0225,0.1625,0.079375,1.2410320000526553,80
h0.01_r0.2_s10007,10007,0.01,0.2,0.35,random,0.8875,0.038125,0.1125,0.07749999999999999,1.3054279999096252,80
h0.01_r0.2_s10007,10007,0.01,0.2,0.35,myopic,0.8875,0.038125,0.05,0.055624999999999994,1.149865000002137,80
h0.01_r0.2_s10007,10007,0.01,0.2,0.35,recheck,0.8875,0.038125,0.1375,0.08625,1.5528500000527856,80
h0.01_r0.2_s10007,10007,0.01,0.2,0.35,no_task,0.9625,0.019375,0.125,0.063125,1.5592490000244652,80
h0.01_r0.2_s10008,10008,0.01,0.2,0.35,never,0.875,0.05625,0.05,0.07375000000000001,1.077585999951225,80
h0.01_r0.2_s10008,10008,0.01,0.2,0.35,fresh,1.0,0.0,1.2625,0.4418749999999999,1.2424239999972997,80
h0.01_r0.2_s10008,10008,0.01,0.2,0.35,ttl,1.0,0.0,0.1375,0.048124999999999994,1.2177869999732138,80
h0.01_r0.2_s10008,10008,0.01,0.2,0.35,entropy,0.95,0.0225,0.175,0.08374999999999999,1.5832050000881281,80
h0.01_r0.2_s10008,10008,0.01,0.2,0.35,random,0.9875,0.003125,0.2,0.073125,1.28948400003992,80
h0.01_r0.2_s10008,10008,0.01,0.2,0.35,myopic,0.875,0.05625,0.05,0.07375000000000001,1.1829149999584843,80
h0.01_r0.2_s10008,10008,0.01,0.2,0.35,recheck,0.9875,0.003125,0.1375,0.05125,1.5346620000400435,80
h0.01_r0.2_s10008,10008,0.01,0.2,0.35,no_task,0.9875,0.003125,0.125,0.046875,1.569423999967512,80
h0.01_r0.2_s10009,10009,0.01,0.2,0.35,never,0.6875,0.06437500000000003,0.05,0.08187500000000003,1.0778469999195295,80
h0.01_r0.2_s10009,10009,0.01,0.2,0.35,fresh,1.0,0.0,1.2375,0.433125,1.208622999911313,80
h0.01_r0.2_s10009,10009,0.01,0.2,0.35,ttl,0.9125,0.019374999999999996,0.1,0.05437499999999999,1.3185880000037287,80
h0.01_r0.2_s10009,10009,0.01,0.2,0.35,entropy,0.9625,0.009375,0.175,0.070625,1.2378970000099798,80
h0.01_r0.2_s10009,10009,0.01,0.2,0.35,random,0.9375,0.016875,0.1375,0.06499999999999999,1.3245570000890439,80
h0.01_r0.2_s10009,10009,0.01,0.2,0.35,myopic,0.6875,0.06437500000000003,0.05,0.08187500000000003,1.1863400000038382,80
h0.01_r0.2_s10009,10009,0.01,0.2,0.35,recheck,0.6875,0.06687500000000002,0.1375,0.11500000000000002,1.587352000001374,80
h0.01_r0.2_s10009,10009,0.01,0.2,0.35,no_task,0.6875,0.06437500000000003,0.125,0.10812500000000003,1.5632550000646006,80
h0.01_r0.2_s10010,10010,0.01,0.2,0.35,never,0.7625,0.06812500000000002,0.05,0.08562500000000002,1.0818530000733517,80
h0.01_r0.2_s10010,10010,0.01,0.2,0.35,fresh,1.0,0.0,1.225,0.42874999999999996,1.2155729999676623,80
h0.01_r0.2_s10010,10010,0.01,0.2,0.35,ttl,0.8125,0.06500000000000002,0.1,0.1,1.2067300000353498,80
h0.01_r0.2_s10010,10010,0.01,0.2,0.35,entropy,0.9375,0.013750000000000002,0.1625,0.07062500000000001,1.2531200000012177,80
h0.01_r0.2_s10010,10010,0.01,0.2,0.35,random,0.825,0.055625,0.1875,0.12125,1.3084330000765476,80
h0.01_r0.2_s10010,10010,0.01,0.2,0.35,myopic,0.7625,0.06812500000000002,0.05,0.08562500000000002,1.1820030000535553,80
h0.01_r0.2_s10010,10010,0.01,0.2,0.35,recheck,0.8625,0.03,0.125,0.07375000000000001,1.5679120000413604,80
h0.01_r0.2_s10010,10010,0.01,0.2,0.35,no_task,0.8375,0.0425,0.125,0.08625000000000001,1.5844569999217128,80
h0.01_r0.2_s10011,10011,0.01,0.2,0.35,never,0.7125,0.07812500000000003,0.05,0.09562500000000003,1.0863700000527388,80
h0.01_r0.2_s10011,10011,0.01,0.2,0.35,fresh,1.0,0.0,1.175,0.41125,1.2045869999610659,80
h0.01_r0.2_s10011,10011,0.01,0.2,0.35,ttl,0.8375,0.051875000000000004,0.1,0.08687500000000001,1.2432549999630282,80
h0.01_r0.2_s10011,10011,0.01,0.2,0.35,entropy,0.8875,0.034374999999999996,0.1625,0.09124999999999998,1.248614000019188,80
h0.01_r0.2_s10011,10011,0.01,0.2,0.35,random,0.875,0.03874999999999999,0.1875,0.104375,1.3072110000393877,80
h0.01_r0.2_s10011,10011,0.01,0.2,0.35,myopic,0.7125,0.07812500000000003,0.05,0.09562500000000003,1.1654479999378964,80
h0.01_r0.2_s10011,10011,0.01,0.2,0.35,recheck,0.825,0.05,0.125,0.09375,1.6806620000124894,80
h0.01_r0.2_s10011,10011,0.01,0.2,0.35,no_task,0.8125,0.05437499999999999,0.125,0.09812499999999999,1.5632149999191824,80
h0.01_r0.2_s10012,10012,0.01,0.2,0.35,never,0.875,0.041249999999999995,0.05,0.05874999999999999,1.1108470000635862,80
h0.01_r0.2_s10012,10012,0.01,0.2,0.35,fresh,1.0,0.0,1.25,0.4375,1.2152430000469394,80
h0.01_r0.2_s10012,10012,0.01,0.2,0.35,ttl,0.8875,0.038125,0.1375,0.08625,1.2179070000684078,80
h0.01_r0.2_s10012,10012,0.01,0.2,0.35,entropy,1.0,0.0,0.1875,0.065625,1.265439000007973,80
h0.01_r0.2_s10012,10012,0.01,0.2,0.35,random,1.0,0.0,0.125,0.04375,1.2810819999913292,80
h0.01_r0.2_s10012,10012,0.01,0.2,0.35,myopic,0.875,0.041249999999999995,0.05,0.05874999999999999,1.187150999953701,80
h0.01_r0.2_s10012,10012,0.01,0.2,0.35,recheck,1.0,0.0,0.125,0.04375,1.5777470000557514,80
h0.01_r0.2_s10012,10012,0.01,0.2,0.35,no_task,0.9375,0.020624999999999998,0.125,0.064375,1.5840359999401699,80
h0.01_r0.2_s10013,10013,0.01,0.2,0.35,never,0.7875,0.09062500000000002,0.05,0.10812500000000003,1.3160140000536558,80
h0.01_r0.2_s10013,10013,0.01,0.2,0.35,fresh,1.0,0.0,1.2375,0.433125,1.3301559999945312,80
h0.01_r0.2_s10013,10013,0.01,0.2,0.35,ttl,0.7875,0.09062500000000002,0.1,0.12562500000000001,1.2377269999888085,80
h0.01_r0.2_s10013,10013,0.01,0.2,0.35,entropy,0.975,0.005,0.175,0.06625,1.2826739999809433,80
h0.01_r0.2_s10013,10013,0.01,0.2,0.35,random,0.8875,0.032499999999999994,0.15,0.08499999999999999,1.3951429999679021,80
h0.01_r0.2_s10013,10013,0.01,0.2,0.35,myopic,0.7875,0.09062500000000002,0.05,0.10812500000000003,1.1726689999704831,80
h0.01_r0.2_s10013,10013,0.01,0.2,0.35,recheck,0.875,0.027499999999999997,0.125,0.07125,1.5715470000259302,80
h0.01_r0.2_s10013,10013,0.01,0.2,0.35,no_task,0.8625,0.056874999999999995,0.125,0.100625,1.5496150000444686,80
h0.01_r0.2_s10014,10014,0.01,0.2,0.35,never,0.95,0.01,0.05,0.027500000000000004,1.361041999984991,80
h0.01_r0.2_s10014,10014,0.01,0.2,0.35,fresh,1.0,0.0,1.2,0.41999999999999993,1.192659000025742,80
h0.01_r0.2_s10014,10014,0.01,0.2,0.35,ttl,0.95,0.01,0.1,0.045,1.273080000032678,80
h0.01_r0.2_s10014,10014,0.01,0.2,0.35,entropy,1.0,0.0,0.175,0.06124999999999999,1.2648770000396325,80
h0.01_r0.2_s10014,10014,0.01,0.2,0.35,random,0.95,0.01,0.175,0.07125,1.2811819999569707,80
h0.01_r0.2_s10014,10014,0.01,0.2,0.35,myopic,0.95,0.01,0.05,0.027500000000000004,1.15035600003921,80
h0.01_r0.2_s10014,10014,0.01,0.2,0.35,recheck,0.95,0.01,0.125,0.05375,1.5465300000414572,80
h0.01_r0.2_s10014,10014,0.01,0.2,0.35,no_task,0.95,0.01,0.125,0.05375,1.5637249999826963,80
h0.01_r0.2_s10015,10015,0.01,0.2,0.35,never,0.95,0.0225,0.05,0.039999999999999994,1.0801710000123421,80
h0.01_r0.2_s10015,10015,0.01,0.2,0.35,fresh,1.0,0.0,1.275,0.4462499999999999,1.2404600000763821,80
h0.01_r0.2_s10015,10015,0.01,0.2,0.35,ttl,0.8,0.09,0.1,0.125,1.248462999910771,80
h0.01_r0.2_s10015,10015,0.01,0.2,0.35,entropy,0.95,0.0225,0.1625,0.079375,1.2490440000192393,80
h0.01_r0.2_s10015,10015,0.01,0.2,0.35,random,0.8375,0.07062500000000001,0.1875,0.13625,1.3608120000299095,80
h0.01_r0.2_s10015,10015,0.01,0.2,0.35,myopic,0.95,0.0225,0.05,0.039999999999999994,1.3207009999405273,80
h0.01_r0.2_s10015,10015,0.01,0.2,0.35,recheck,0.8,0.09,0.1125,0.129375,1.726230000031137,80
h0.01_r0.2_s10015,10015,0.01,0.2,0.35,no_task,0.8625,0.06437499999999999,0.125,0.10812499999999999,1.5489439999782917,80
h0.01_r0.2_s10016,10016,0.01,0.2,0.35,never,0.4375,0.4450000000000001,0.05,0.4625000000000001,1.084207000076276,80
h0.01_r0.2_s10016,10016,0.01,0.2,0.35,fresh,1.0,0.0,1.275,0.4462499999999999,1.2032150000322872,80
h0.01_r0.2_s10016,10016,0.01,0.2,0.35,ttl,0.7125,0.23000000000000004,0.1,0.265,1.2240969999766094,80
h0.01_r0.2_s10016,10016,0.01,0.2,0.35,entropy,0.8,0.15875,0.175,0.21999999999999997,1.2545219999537949,80
h0.01_r0.2_s10016,10016,0.01,0.2,0.35,random,0.875,0.048125,0.225,0.12687500000000002,1.415022000060162,80
h0.01_r0.2_s10016,10016,0.01,0.2,0.35,myopic,0.4375,0.4450000000000001,0.05,0.4625000000000001,1.153591000047527,80
h0.01_r0.2_s10016,10016,0.01,0.2,0.35,recheck,0.8625,0.07125000000000001,0.125,0.11499999999999999,1.9144230000165408,80
h0.01_r0.2_s10016,10016,0.01,0.2,0.35,no_task,0.7875,0.135625,0.125,0.179375,1.6898549999950774,80
h0.01_r0.2_s10017,10017,0.01,0.2,0.35,never,0.65,0.14000000000000004,0.05,0.15750000000000003,1.1059590000286335,80
h0.01_r0.2_s10017,10017,0.01,0.2,0.35,fresh,1.0,0.0,1.2,0.41999999999999993,1.300731000014821,80
h0.01_r0.2_s10017,10017,0.01,0.2,0.35,ttl,0.8625,0.04375,0.1,0.07875,1.250415999948018,80
h0.01_r0.2_s10017,10017,0.01,0.2,0.35,entropy,0.8375,0.04875,0.175,0.11000000000000001,1.3105259999974805,80
h0.01_r0.2_s10017,10017,0.01,0.2,0.35,random,0.9,0.03125,0.1625,0.088125,1.3302649999786809,80
h0.01_r0.2_s10017,10017,0.01,0.2,0.35,myopic,0.65,0.14000000000000004,0.05,0.15750000000000003,1.18245399994521,80
h0.01_r0.2_s10017,10017,0.01,0.2,0.35,recheck,0.8,0.06062500000000002,0.1375,0.10875000000000001,1.6511669999772494,80
h0.01_r0.2_s10017,10017,0.01,0.2,0.35,no_task,0.95,0.01875,0.125,0.0625,1.558778000003258,80
h0.01_r0.2_s10018,10018,0.01,0.2,0.35,never,0.9375,0.011875,0.05,0.029375000000000002,1.0761639999827821,80
h0.01_r0.2_s10018,10018,0.01,0.2,0.35,fresh,1.0,0.0,1.225,0.42874999999999996,1.2202499999602878,80
h0.01_r0.2_s10018,10018,0.01,0.2,0.35,ttl,0.9375,0.011875,0.1,0.046875,1.2519879999217665,80
h0.01_r0.2_s10018,10018,0.01,0.2,0.35,entropy,0.9625,0.008125,0.175,0.06937499999999999,1.2488830000165763,80
h0.01_r0.2_s10018,10018,0.01,0.2,0.35,random,0.9625,0.008125,0.15,0.060625,1.306820999957381,80
h0.01_r0.2_s10018,10018,0.01,0.2,0.35,myopic,0.9375,0.011875,0.05,0.029375000000000002,1.1557240000001912,80
h0.01_r0.2_s10018,10018,0.01,0.2,0.35,recheck,0.9375,0.011875,0.1375,0.06,1.5707759999941118,80
h0.01_r0.2_s10018,10018,0.01,0.2,0.35,no_task,0.9375,0.011875,0.125,0.055625,1.5294449999601056,80
h0.01_r0.2_s10019,10019,0.01,0.2,0.35,never,0.875,0.045,0.05,0.0625,1.1219830000754882,80
h0.01_r0.2_s10019,10019,0.01,0.2,0.35,fresh,1.0,0.0,1.1875,0.415625,1.2152629999491182,80
h0.01_r0.2_s10019,10019,0.01,0.2,0.35,ttl,0.875,0.045,0.1,0.07999999999999999,2.3160439999401206,80
h0.01_r0.2_s10019,10019,0.01,0.2,0.35,entropy,0.925,0.027500000000000004,0.175,0.08875,1.5522179999152286,80
h0.01_r0.2_s10019,10019,0.01,0.2,0.35,random,0.7,0.08624999999999998,0.15,0.13874999999999998,1.4602909999439362,80
h0.01_r0.2_s10019,10019,0.01,0.2,0.35,myopic,0.875,0.045,0.05,0.0625,1.218517999973301,80
h0.01_r0.2_s10019,10019,0.01,0.2,0.35,recheck,0.875,0.034999999999999996,0.15,0.0875,1.5594690000853006,80
h0.01_r0.2_s10019,10019,0.01,0.2,0.35,no_task,0.875,0.045,0.125,0.08875,1.6912480000428332,80
h0.01_r0.2_s10020,10020,0.01,0.2,0.35,never,0.9625,0.024375,0.05,0.041875,1.0719279999875653,80
h0.01_r0.2_s10020,10020,0.01,0.2,0.35,fresh,1.0,0.0,1.05,0.3675,1.278727999988405,80
h0.01_r0.2_s10020,10020,0.01,0.2,0.35,ttl,0.9625,0.024375,0.1125,0.06375,1.2807909999992262,80
h0.01_r0.2_s10020,10020,0.01,0.2,0.35,entropy,1.0,0.0,0.175,0.06124999999999999,1.3543820000450069,80
h0.01_r0.2_s10020,10020,0.01,0.2,0.35,random,0.9625,0.024375,0.1625,0.08125,1.2820429999464977,80
h0.01_r0.2_s10020,10020,0.01,0.2,0.35,myopic,0.9625,0.024375,0.05,0.041875,1.1724590000312674,80
h0.01_r0.2_s10020,10020,0.01,0.2,0.35,recheck,1.0,0.0,0.125,0.04375,1.6519380000090678,80
h0.01_r0.2_s10020,10020,0.01,0.2,0.35,no_task,0.9625,0.024375,0.125,0.068125,1.8143620000046212,80
h0.01_r0.2_s10021,10021,0.01,0.2,0.35,never,0.5375,0.20937500000000003,0.05,0.22687500000000002,1.122544000054404,80
h0.01_r0.2_s10021,10021,0.01,0.2,0.35,fresh,1.0,0.0,1.325,0.46374999999999994,1.2248280000903833,80
h0.01_r0.2_s10021,10021,0.01,0.2,0.35,ttl,0.8375,0.076875,0.1125,0.11625,1.2750329999562382,80
h0.01_r0.2_s10021,10021,0.01,0.2,0.35,entropy,0.8875,0.040625,0.1875,0.10625,1.2696449999793913,80
h0.01_r0.2_s10021,10021,0.01,0.2,0.35,random,0.8375,0.073125,0.1625,0.12999999999999998,1.3618929999665852,80
h0.01_r0.2_s10021,10021,0.01,0.2,0.35,myopic,0.5375,0.20937500000000003,0.05,0.22687500000000002,1.1755040000025474,80
h0.01_r0.2_s10021,10021,0.01,0.2,0.35,recheck,0.9,0.03625,0.15,0.08875,1.9269909998911317,80
h0.01_r0.2_s10021,10021,0.01,0.2,0.35,no_task,0.95,0.01875,0.125,0.0625,1.7619829999375725,80
h0.01_r0.2_s10022,10022,0.01,0.2,0.35,never,1.0,0.0,0.05,0.017499999999999998,1.1184179999190746,80
h0.01_r0.2_s10022,10022,0.01,0.2,0.35,fresh,1.0,0.0,1.3875,0.4856249999999999,1.2373359999173772,80
h0.01_r0.2_s10022,10022,0.01,0.2,0.35,ttl,1.0,0.0,0.1,0.034999999999999996,1.2389990000656326,80
h0.01_r0.2_s10022,10022,0.01,0.2,0.35,entropy,1.0,0.0,0.175,0.06124999999999999,1.2669509999341244,80
h0.01_r0.2_s10022,10022,0.01,0.2,0.35,random,1.0,0.0,0.2,0.06999999999999999,1.3321179999365995,80
h0.01_r0.2_s10022,10022,0.01,0.2,0.35,myopic,1.0,0.0,0.05,0.017499999999999998,1.2148819999993066,80
h0.01_r0.2_s10022,10022,0.01,0.2,0.35,recheck,1.0,0.0,0.1375,0.048124999999999994,1.5530900000157999,80
h0.01_r0.2_s10022,10022,0.01,0.2,0.35,no_task,1.0,0.0,0.125,0.04375,1.6185079999786467,80
h0.01_r0.2_s10023,10023,0.01,0.2,0.35,never,0.65,0.144375,0.05,0.16187500000000002,1.0744920000433922,80
h0.01_r0.2_s10023,10023,0.01,0.2,0.35,fresh,1.0,0.0,1.25,0.4375,1.217716999917684,80
h0.01_r0.2_s10023,10023,0.01,0.2,0.35,ttl,0.8625,0.055625,0.1,0.090625,1.3103960000080406,80
h0.01_r0.2_s10023,10023,0.01,0.2,0.35,entropy,1.0,0.0,0.175,0.06124999999999999,1.346249999983229,80
h0.01_r0.2_s10023,10023,0.01,0.2,0.35,random,0.7375,0.104375,0.1,0.13937499999999997,1.4793990000043777,80
h0.01_r0.2_s10023,10023,0.01,0.2,0.35,myopic,0.65,0.144375,0.05,0.16187500000000002,1.2114280000332656,80
h0.01_r0.2_s10023,10023,0.01,0.2,0.35,recheck,0.8875,0.026875,0.1375,0.075,1.5905360000942892,80
h0.01_r0.2_s10023,10023,0.01,0.2,0.35,no_task,0.8875,0.026875,0.125,0.07062500000000001,1.6734109999561042,80
h0.01_r0.2_s10024,10024,0.01,0.2,0.35,never,0.875,0.049374999999999995,0.05,0.06687499999999999,1.150124999981017,80
h0.01_r0.2_s10024,10024,0.01,0.2,0.35,fresh,1.0,0.0,1.2375,0.433125,1.295023000011497,80
h0.01_r0.2_s10024,10024,0.01,0.2,0.35,ttl,0.8875,0.04687499999999999,0.1,0.08187499999999999,1.6309459999774845,80
h0.01_r0.2_s10024,10024,0.01,0.2,0.35,entropy,0.975,0.006875000000000001,0.1875,0.0725,1.415554000004704,80
h0.01_r0.2_s10024,10024,0.01,0.2,0.35,random,0.9125,0.038125,0.175,0.09937499999999999,1.369174000046769,80
h0.01_r0.2_s10024,10024,0.01,0.2,0.35,myopic,0.875,0.049374999999999995,0.05,0.06687499999999999,1.1519779999389357,80
h0.01_r0.2_s10024,10024,0.01,0.2,0.35,recheck,0.65,0.110625,0.1375,0.15875,1.6507760000195049,80
h0.01_r0.2_s10024,10024,0.01,0.2,0.35,no_task,0.875,0.049374999999999995,0.125,0.09312499999999999,1.5335609999738153,80
h0.01_r0.2_s10025,10025,0.01,0.2,0.35,never,0.7125,0.150625,0.05,0.16812500000000002,1.1522879999574798,80
h0.01_r0.2_s10025,10025,0.01,0.2,0.35,fresh,1.0,0.0,1.0625,0.37187499999999996,1.224886999921182,80
h0.01_r0.2_s10025,10025,0.01,0.2,0.35,ttl,0.8625,0.096875,0.1125,0.13625,1.252969999995912,80
h0.01_r0.2_s10025,10025,0.01,0.2,0.35,entropy,0.925,0.06499999999999999,0.175,0.12624999999999997,1.2248470000031375,80
h0.01_r0.2_s10025,10025,0.01,0.2,0.35,random,0.7625,0.08562500000000002,0.125,0.12937500000000002,1.3126999999713007,80
h0.01_r0.2_s10025,10025,0.01,0.2,0.35,myopic,0.7125,0.150625,0.05,0.16812500000000002,1.149975999965136,80
h0.01_r0.2_s10025,10025,0.01,0.2,0.35,recheck,1.0,0.0,0.1625,0.056874999999999995,1.5545119999842427,80
h0.01_r0.2_s10025,10025,0.01,0.2,0.35,no_task,0.8625,0.104375,0.125,0.148125,1.5375460000086605,80
h0.01_r0.2_s10026,10026,0.01,0.2,0.35,never,0.9625,0.029375000000000002,0.05,0.046875,1.0780170000543876,80
h0.01_r0.2_s10026,10026,0.01,0.2,0.35,fresh,1.0,0.0,1.1375,0.39812499999999995,1.2485629999900993,80
h0.01_r0.2_s10026,10026,0.01,0.2,0.35,ttl,0.9625,0.029375000000000002,0.1,0.064375,1.4332199999671502,80
h0.01_r0.2_s10026,10026,0.01,0.2,0.35,entropy,0.975,0.025,0.175,0.08625,1.391718000036235,80
h0.01_r0.2_s10026,10026,0.01,0.2,0.35,random,0.9625,0.029375000000000002,0.125,0.073125,1.3843859999269625,80
h0.01_r0.2_s10026,10026,0.01,0.2,0.35,myopic,0.9625,0.029375000000000002,0.05,0.046875,1.1755440000342787,80
h0.01_r0.2_s10026,10026,0.01,0.2,0.35,recheck,0.9625,0.029375000000000002,0.125,0.073125,1.618877999931101,80
h0.01_r0.2_s10026,10026,0.01,0.2,0.35,no_task,0.9625,0.029375000000000002,0.125,0.073125,1.6470010000375623,80
h0.01_r0.2_s10027,10027,0.01,0.2,0.35,never,0.7375,0.2325,0.05,0.25,1.4137610000943823,80
h0.01_r0.2_s10027,10027,0.01,0.2,0.35,fresh,1.0,0.0,1.0625,0.37187499999999996,1.2392889999546242,80
h0.01_r0.2_s10027,10027,0.01,0.2,0.35,ttl,0.9125,0.08249999999999999,0.1,0.11749999999999998,1.3045770000417178,80
h0.01_r0.2_s10027,10027,0.01,0.2,0.35,entropy,0.9,0.09,0.175,0.15124999999999997,1.4001900000266687,80
h0.01_r0.2_s10027,10027,0.01,0.2,0.35,random,0.925,0.075,0.125,0.11875,1.7316479999180956,80
h0.01_r0.2_s10027,10027,0.01,0.2,0.35,myopic,0.7375,0.2325,0.05,0.25,1.2127990000863065,80
h0.01_r0.2_s10027,10027,0.01,0.2,0.35,recheck,0.9875,0.0125,0.125,0.05625,1.592708999964998,80
h0.01_r0.2_s10027,10027,0.01,0.2,0.35,no_task,0.95,0.05,0.125,0.09375,1.7825840000114113,80
h0.01_r0.2_s10028,10028,0.01,0.2,0.35,never,0.6125,0.118125,0.05,0.135625,1.0974959999430212,80
h0.01_r0.2_s10028,10028,0.01,0.2,0.35,fresh,1.0,0.0,1.325,0.46374999999999994,1.3141419999556092,80
h0.01_r0.2_s10028,10028,0.01,0.2,0.35,ttl,0.825,0.04999999999999999,0.1375,0.09812499999999999,1.3665799999671435,80
h0.01_r0.2_s10028,10028,0.01,0.2,0.35,entropy,0.9125,0.023125,0.1625,0.07999999999999999,1.3315470000634377,80
h0.01_r0.2_s10028,10028,0.01,0.2,0.35,random,1.0,0.0,0.15,0.05249999999999999,1.4042569999901389,80
h0.01_r0.2_s10028,10028,0.01,0.2,0.35,myopic,0.6125,0.118125,0.05,0.135625,1.319229000046107,80
h0.01_r0.2_s10028,10028,0.01,0.2,0.35,recheck,0.85,0.032499999999999994,0.1375,0.08062499999999999,1.573060000055193,80
h0.01_r0.2_s10028,10028,0.01,0.2,0.35,no_task,0.8,0.05499999999999999,0.125,0.09874999999999999,1.7159640000272702,80
h0.01_r0.2_s10029,10029,0.01,0.2,0.35,never,0.5375,0.24187499999999992,0.05,0.2593749999999999,1.0894539999526387,80
h0.01_r0.2_s10029,10029,0.01,0.2,0.35,fresh,1.0,0.0,1.125,0.39374999999999993,1.2886530000741914,80
h0.01_r0.2_s10029,10029,0.01,0.2,0.35,ttl,0.8125,0.10437500000000002,0.1,0.13937500000000003,1.4095439998982329,80
h0.01_r0.2_s10029,10029,0.01,0.2,0.35,entropy,0.9375,0.030000000000000006,0.1625,0.08687500000000001,1.2854279999601204,80
h0.01_r0.2_s10029,10029,0.01,0.2,0.35,random,0.875,0.04687500000000001,0.1375,0.095,1.3392900000326335,80
h0.01_r0.2_s10029,10029,0.01,0.2,0.35,myopic,0.5375,0.24187499999999992,0.05,0.2593749999999999,1.4391290000048684,80
h0.01_r0.2_s10029,10029,0.01,0.2,0.35,recheck,0.9125,0.036250000000000004,0.125,0.08,1.92291500002284,80
h0.01_r0.2_s10029,10029,0.01,0.2,0.35,no_task,0.9125,0.036250000000000004,0.125,0.08,1.815113000020574,80
h0.01_r0.2_s10030,10030,0.01,0.2,0.35,never,0.7125,0.109375,0.05,0.12687500000000002,1.1827140000377767,80
h0.01_r0.2_s10030,10030,0.01,0.2,0.35,fresh,1.0,0.0,1.35,0.4725,1.223155000047882,80
h0.01_r0.2_s10030,10030,0.01,0.2,0.35,ttl,0.75,0.05875000000000001,0.1125,0.09812500000000002,1.305478999938714,80
h0.01_r0.2_s10030,10030,0.01,0.2,0.35,entropy,0.8,0.0475,0.1625,0.104375,1.2364749999278501,80
h0.01_r0.2_s10030,10030,0.01,0.2,0.35,random,0.875,0.035625,0.275,0.131875,1.4435260000027483,80
h0.01_r0.2_s10030,10030,0.01,0.2,0.35,myopic,0.7125,0.109375,0.05,0.12687500000000002,1.2267009999504808,80
h0.01_r0.2_s10030,10030,0.01,0.2,0.35,recheck,0.7375,0.074375,0.1125,0.11374999999999999,1.6663299999208903,80
h0.01_r0.2_s10030,10030,0.01,0.2,0.35,no_task,0.75,0.05875000000000001,0.125,0.10250000000000001,1.5368360000138637,80
h0.01_r0.2_s10031,10031,0.01,0.2,0.35,never,0.9375,0.015,0.05,0.032499999999999994,1.1604400000351234,80
h0.01_r0.2_s10031,10031,0.01,0.2,0.35,fresh,1.0,0.0,1.225,0.42874999999999996,1.2468310000031124,80
h0.01_r0.2_s10031,10031,0.01,0.2,0.35,ttl,0.9375,0.015,0.1,0.05,1.2281919999850288,80
h0.01_r0.2_s10031,10031,0.01,0.2,0.35,entropy,0.9375,0.015,0.175,0.07625,1.2718280000854065,80
h0.01_r0.2_s10031,10031,0.01,0.2,0.35,random,0.9375,0.015,0.125,0.058750000000000004,1.298869000038394,80
h0.01_r0.2_s10031,10031,0.01,0.2,0.35,myopic,0.9375,0.015,0.05,0.032499999999999994,1.1666110000305707,80
h0.01_r0.2_s10031,10031,0.01,0.2,0.35,recheck,0.9375,0.015,0.1375,0.063125,1.688472999944679,80
h0.01_r0.2_s10031,10031,0.01,0.2,0.35,no_task,0.9375,0.015,0.125,0.058750000000000004,1.6496050000114337,80
h0.01_r0.2_s10032,10032,0.01,0.2,0.35,never,0.9375,0.0125,0.05,0.03,1.088122999931329,80
h0.01_r0.2_s10032,10032,0.01,0.2,0.35,fresh,1.0,0.0,1.4,0.48999999999999994,1.223275000029389,80
h0.01_r0.2_s10032,10032,0.01,0.2,0.35,ttl,0.9375,0.0125,0.1,0.0475,1.2471310000137237,80
h0.01_r0.2_s10032,10032,0.01,0.2,0.35,entropy,0.9625,0.0075000000000000015,0.1875,0.073125,1.2475409999979092,80
h0.01_r0.2_s10032,10032,0.01,0.2,0.35,random,0.9375,0.0125,0.1,0.0475,1.2837360000048648,80
h0.01_r0.2_s10032,10032,0.01,0.2,0.35,myopic,0.9375,0.0125,0.05,0.03,1.2930500000720713,80
h0.01_r0.2_s10032,10032,0.01,0.2,0.35,recheck,0.9375,0.0125,0.1375,0.060625,1.5822539999135188,80
h0.01_r0.2_s10032,10032,0.01,0.2,0.35,no_task,0.9375,0.0125,0.125,0.05625,1.6657489999261088,80
h0.01_r0.2_s10033,10033,0.01,0.2,0.35,never,0.7,0.06937500000000003,0.05,0.08687500000000004,1.1248570000361724,80
h0.01_r0.2_s10033,10033,0.01,0.2,0.35,fresh,1.0,0.0,1.475,0.51625,1.2294749999455235,80
h0.01_r0.2_s10033,10033,0.01,0.2,0.35,ttl,0.7875,0.056874999999999995,0.1125,0.09624999999999999,1.369905000046856,80
h0.01_r0.2_s10033,10033,0.01,0.2,0.35,entropy,0.95,0.0125,0.175,0.07375,1.2863599999946018,80
h0.01_r0.2_s10033,10033,0.01,0.2,0.35,random,0.75,0.06437499999999999,0.125,0.10812499999999999,1.794382000070982,80
h0.01_r0.2_s10033,10033,0.01,0.2,0.35,myopic,0.7,0.06937500000000003,0.05,0.08687500000000004,1.1538510000264068,80
h0.01_r0.2_s10033,10033,0.01,0.2,0.35,recheck,0.825,0.04312500000000001,0.15,0.095625,2.0067600000857055,80
h0.01_r0.2_s10033,10033,0.01,0.2,0.35,no_task,0.75,0.06437499999999999,0.125,0.10812499999999999,1.817576000007648,80
h0.01_r0.2_s10034,10034,0.01,0.2,0.35,never,0.6625,0.09812499999999999,0.05,0.115625,1.0836849999122933,80
h0.01_r0.2_s10034,10034,0.01,0.2,0.35,fresh,1.0,0.0,1.2,0.41999999999999993,1.2244669999290636,80
h0.01_r0.2_s10034,10034,0.01,0.2,0.35,ttl,0.9,0.035,0.1125,0.074375,1.2833260000206792,80
h0.01_r0.2_s10034,10034,0.01,0.2,0.35,entropy,0.95,0.017499999999999998,0.15,0.06999999999999999,1.452089000054002,80
h0.01_r0.2_s10034,10034,0.01,0.2,0.35,random,0.825,0.05625,0.1625,0.113125,1.371187000017926,80
h0.01_r0.2_s10034,10034,0.01,0.2,0.35,myopic,0.6625,0.09812499999999999,0.05,0.115625,1.2565350000386388,80
h0.01_r0.2_s10034,10034,0.01,0.2,0.35,recheck,0.9125,0.030625000000000003,0.1125,0.06999999999999999,1.6788890000043466,80
h0.01_r0.2_s10034,10034,0.01,0.2,0.35,no_task,0.8875,0.036875000000000005,0.125,0.080625,1.6793199999938224,80
h0.01_r0.2_s10035,10035,0.01,0.2,0.35,never,0.6125,0.18500000000000005,0.05,0.20250000000000004,1.1394690000088303,80
h0.01_r0.2_s10035,10035,0.01,0.2,0.35,fresh,1.0,0.0,1.2625,0.4418749999999999,1.2389480000365438,80
h0.01_r0.2_s10035,10035,0.01,0.2,0.35,ttl,0.825,0.06875,0.1125,0.108125,1.2071009999772286,80
h0.01_r0.2_s10035,10035,0.01,0.2,0.35,entropy,0.925,0.04,0.175,0.10124999999999999,1.255053000022599,80
h0.01_r0.2_s10035,10035,0.01,0.2,0.35,random,0.8875,0.053125,0.2,0.123125,1.29095599993434,80
h0.01_r0.2_s10035,10035,0.01,0.2,0.35,myopic,0.6125,0.18500000000000005,0.05,0.20250000000000004,2.3680830000785136,80
h0.01_r0.2_s10035,10035,0.01,0.2,0.35,recheck,0.9125,0.041875,0.1375,0.09,2.1432350000623046,80
h0.01_r0.2_s10035,10035,0.01,0.2,0.35,no_task,0.9125,0.041875,0.125,0.08562499999999999,1.6089740000779784,80
h0.01_r0.2_s10036,10036,0.01,0.2,0.35,never,0.9,0.03750000000000001,0.05,0.05500000000000001,1.210816000025261,80
h0.01_r0.2_s10036,10036,0.01,0.2,0.35,fresh,1.0,0.0,1.575,0.5512499999999999,1.2801210000361607,80
h0.01_r0.2_s10036,10036,0.01,0.2,0.35,ttl,0.9,0.03750000000000001,0.1,0.07250000000000001,1.3323390001005464,80
h0.01_r0.2_s10036,10036,0.01,0.2,0.35,entropy,0.9375,0.030000000000000006,0.175,0.09125,1.4182979999759482,80
h0.01_r0.2_s10036,10036,0.01,0.2,0.35,random,0.9,0.03750000000000001,0.2375,0.12062500000000001,1.4701149999609697,80
h0.01_r0.2_s10036,10036,0.01,0.2,0.35,myopic,0.9,0.03750000000000001,0.05,0.05500000000000001,1.1658590000251934,80
h0.01_r0.2_s10036,10036,0.01,0.2,0.35,recheck,0.9,0.03750000000000001,0.1125,0.076875,1.6817629999650308,80
h0.01_r0.2_s10036,10036,0.01,0.2,0.35,no_task,0.9,0.03750000000000001,0.125,0.08125000000000002,1.692119000040293,80
h0.01_r0.2_s10037,10037,0.01,0.2,0.35,never,0.925,0.015,0.05,0.032499999999999994,1.3006309999354926,80
h0.01_r0.2_s10037,10037,0.01,0.2,0.35,fresh,1.0,0.0,1.1125,0.38937499999999997,1.2083929999562315,80
h0.01_r0.2_s10037,10037,0.01,0.2,0.35,ttl,0.9625,0.0075000000000000015,0.1125,0.046875,1.2460990000136007,80
h0.01_r0.2_s10037,10037,0.01,0.2,0.35,entropy,0.9625,0.0075000000000000015,0.1875,0.073125,1.2935409999954572,80
h0.01_r0.2_s10037,10037,0.01,0.2,0.35,random,0.9875,0.0025,0.125,0.04625,1.3093539999999848,80
h0.01_r0.2_s10037,10037,0.01,0.2,0.35,myopic,0.925,0.015,0.05,0.032499999999999994,1.286248999917916,80
h0.01_r0.2_s10037,10037,0.01,0.2,0.35,recheck,0.925,0.015,0.1375,0.063125,1.5851480000037554,80
h0.01_r0.2_s10037,10037,0.01,0.2,0.35,no_task,0.925,0.015,0.125,0.058750000000000004,1.6801710000891035,80
h0.01_r0.2_s10038,10038,0.01,0.2,0.35,never,0.525,0.19625000000000004,0.05,0.21375000000000002,1.1113079999631736,80
h0.01_r0.2_s10038,10038,0.01,0.2,0.35,fresh,1.0,0.0,1.3,0.45499999999999996,1.8953430000010485,80
h0.01_r0.2_s10038,10038,0.01,0.2,0.35,ttl,0.6375,0.11875,0.1125,0.15812500000000002,1.388904000009461,80
h0.01_r0.2_s10038,10038,0.01,0.2,0.35,entropy,0.725,0.074375,0.175,0.135625,1.6026040000269859,80
h0.01_r0.2_s10038,10038,0.01,0.2,0.35,random,0.575,0.17437500000000003,0.1625,0.23125000000000004,1.412980000054631,80
h0.01_r0.2_s10038,10038,0.01,0.2,0.35,myopic,0.525,0.19625000000000004,0.05,0.21375000000000002,1.2407219999204244,80
h0.01_r0.2_s10038,10038,0.01,0.2,0.35,recheck,0.7875,0.061250000000000006,0.1375,0.109375,1.5851089999614487,80
h0.01_r0.2_s10038,10038,0.01,0.2,0.35,no_task,0.7375,0.07875,0.125,0.12250000000000001,1.6712269999743512,80
h0.01_r0.2_s10039,10039,0.01,0.2,0.35,never,0.775,0.10500000000000002,0.05,0.12250000000000003,1.1169850000669612,80
h0.01_r0.2_s10039,10039,0.01,0.2,0.35,fresh,1.0,0.0,1.225,0.42874999999999996,1.714572000082626,80
h0.01_r0.2_s10039,10039,0.01,0.2,0.35,ttl,0.775,0.10500000000000002,0.1,0.14000000000000004,1.2152329999253197,80
h0.01_r0.2_s10039,10039,0.01,0.2,0.35,entropy,0.875,0.06,0.175,0.12125,1.4595690000760442,80
h0.01_r0.2_s10039,10039,0.01,0.2,0.35,random,0.825,0.078125,0.1,0.113125,1.3354339999978038,80
h0.01_r0.2_s10039,10039,0.01,0.2,0.35,myopic,0.775,0.10500000000000002,0.05,0.12250000000000003,1.2517979999984163,80
h0.01_r0.2_s10039,10039,0.01,0.2,0.35,recheck,0.85,0.04375,0.125,0.0875,1.6167859999995926,80
h0.01_r0.2_s10039,10039,0.01,0.2,0.35,no_task,0.85,0.04375,0.125,0.0875,1.6056690000141316,80
h0.01_r0.2_s10040,10040,0.01,0.2,0.35,never,0.6,0.33062500000000017,0.05,0.34812500000000013,1.087711999957719,80
h0.01_r0.2_s10040,10040,0.01,0.2,0.35,fresh,1.0,0.0,1.1625,0.406875,1.2408520000235512,80
h0.01_r0.2_s10040,10040,0.01,0.2,0.35,ttl,0.825,0.15562499999999999,0.1125,0.195,1.719439999988026,80
h0.01_r0.2_s10040,10040,0.01,0.2,0.35,entropy,0.725,0.21125000000000002,0.175,0.2725,1.260500999933356,80
h0.01_r0.2_s10040,10040,0.01,0.2,0.35,random,0.8625,0.103125,0.2,0.173125,1.4531199999510136,80
h0.01_r0.2_s10040,10040,0.01,0.2,0.35,myopic,0.6,0.33062500000000017,0.05,0.34812500000000013,1.1724789999334462,80
h0.01_r0.2_s10040,10040,0.01,0.2,0.35,recheck,0.875,0.090625,0.15,0.143125,1.5603499999770065,80
h0.01_r0.2_s10040,10040,0.01,0.2,0.35,no_task,0.8625,0.110625,0.125,0.15437499999999998,1.827832000003582,80
h0.01_r0.2_s10041,10041,0.01,0.2,0.35,never,0.8875,0.026875,0.05,0.044375,1.1113970000451445,80
h0.01_r0.2_s10041,10041,0.01,0.2,0.35,fresh,1.0,0.0,1.2375,0.433125,1.2390580000101181,80
h0.01_r0.2_s10041,10041,0.01,0.2,0.35,ttl,0.9,0.0225,0.1,0.057499999999999996,1.2329889999591614,80
h0.01_r0.2_s10041,10041,0.01,0.2,0.35,entropy,0.8625,0.033125,0.175,0.09437499999999999,1.2532499999906577,80
h0.01_r0.2_s10041,10041,0.01,0.2,0.35,random,0.9125,0.020624999999999998,0.1625,0.07749999999999999,1.4867399999047848,80
h0.01_r0.2_s10041,10041,0.01,0.2,0.35,myopic,0.8875,0.026875,0.05,0.044375,1.23324000003322,80
h0.01_r0.2_s10041,10041,0.01,0.2,0.35,recheck,0.9,0.0225,0.125,0.06625,1.6016130000480189,80
h0.01_r0.2_s10041,10041,0.01,0.2,0.35,no_task,0.9,0.0225,0.125,0.06625,1.7557439999791313,80
h0.01_r0.2_s10042,10042,0.01,0.2,0.35,never,0.9125,0.031875,0.05,0.049374999999999995,1.1325589999842123,80
h0.01_r0.2_s10042,10042,0.01,0.2,0.35,fresh,1.0,0.0,1.3,0.45499999999999996,1.5062300000181494,80
h0.01_r0.2_s10042,10042,0.01,0.2,0.35,ttl,0.9125,0.031875,0.1,0.06687499999999999,1.2783280000121522,80
h0.01_r0.2_s10042,10042,0.01,0.2,0.35,entropy,0.975,0.01125,0.175,0.0725,1.2387680000074397,80
h0.01_r0.2_s10042,10042,0.01,0.2,0.35,random,0.9625,0.014374999999999999,0.1875,0.08,1.404376999971646,80
h0.01_r0.2_s10042,10042,0.01,0.2,0.35,myopic,0.9125,0.031875,0.05,0.049374999999999995,1.1748130000341916,80
h0.01_r0.2_s10042,10042,0.01,0.2,0.35,recheck,0.9875,0.003125,0.15,0.055624999999999994,1.7203310000013516,80
h0.01_r0.2_s10042,10042,0.01,0.2,0.35,no_task,0.9125,0.031875,0.125,0.075625,2.512107999905311,80
h0.01_r0.2_s10043,10043,0.01,0.2,0.35,never,0.65,0.13437500000000005,0.05,0.15187500000000004,1.136105000000498,80
h0.01_r0.2_s10043,10043,0.01,0.2,0.35,fresh,1.0,0.0,1.1875,0.415625,1.2663200000133656,80
h0.01_r0.2_s10043,10043,0.01,0.2,0.35,ttl,0.7125,0.10187500000000001,0.1,0.136875,1.318086999958723,80
h0.01_r0.2_s10043,10043,0.01,0.2,0.35,entropy,0.9375,0.020624999999999998,0.175,0.08187499999999999,1.2250469999344205,80
h0.01_r0.2_s10043,10043,0.01,0.2,0.35,random,0.7,0.10625000000000002,0.175,0.16750000000000004,1.319919999900776,80
h0.01_r0.2_s10043,10043,0.01,0.2,0.35,myopic,0.65,0.13437500000000005,0.05,0.15187500000000004,1.1544220000132555,80
h0.01_r0.2_s10043,10043,0.01,0.2,0.35,recheck,0.8375,0.04687499999999999,0.15,0.09937499999999999,1.5854990000434555,80
h0.01_r0.2_s10043,10043,0.01,0.2,0.35,no_task,0.8125,0.053125,0.125,0.096875,1.5546419999736827,80
h0.01_r0.2_s10044,10044,0.01,0.2,0.35,never,0.8375,0.065625,0.05,0.083125,1.0838770000418663,80
h0.01_r0.2_s10044,10044,0.01,0.2,0.35,fresh,1.0,0.0,1.3,0.45499999999999996,1.2906160000056843,80
h0.01_r0.2_s10044,10044,0.01,0.2,0.35,ttl,0.85,0.057499999999999996,0.1125,0.096875,1.237656000057541,80
h0.01_r0.2_s10044,10044,0.01,0.2,0.35,entropy,0.925,0.0225,0.175,0.08374999999999999,1.2676820000478983,80
h0.01_r0.2_s10044,10044,0.01,0.2,0.35,random,0.8875,0.039999999999999994,0.1625,0.096875,1.3348530000030223,80
h0.01_r0.2_s10044,10044,0.01,0.2,0.35,myopic,0.8375,0.065625,0.05,0.083125,1.1891650000279697,80
h0.01_r0.2_s10044,10044,0.01,0.2,0.35,recheck,0.875,0.034999999999999996,0.1375,0.08312499999999999,1.5477720000944828,80
h0.01_r0.2_s10044,10044,0.01,0.2,0.35,no_task,0.9375,0.019374999999999996,0.125,0.063125,1.5772460000107458,80
h0.01_r0.2_s10045,10045,0.01,0.2,0.35,never,0.6625,0.14562500000000003,0.05,0.16312500000000002,1.107891999936328,80
h0.01_r0.2_s10045,10045,0.01,0.2,0.35,fresh,1.0,0.0,1.2,0.41999999999999993,1.210376000017277,80
h0.01_r0.2_s10045,10045,0.01,0.2,0.35,ttl,0.725,0.13312500000000005,0.1,0.16812500000000002,1.2577069999224477,80
h0.01_r0.2_s10045,10045,0.01,0.2,0.35,entropy,0.9,0.028125,0.175,0.089375,1.244967999923574,80
h0.01_r0.2_s10045,10045,0.01,0.2,0.35,random,0.7875,0.07500000000000001,0.1875,0.140625,1.3359150000269437,80
h0.01_r0.2_s10045,10045,0.01,0.2,0.35,myopic,0.6625,0.14562500000000003,0.05,0.16312500000000002,1.1512369999309158,80
h0.01_r0.2_s10045,10045,0.01,0.2,0.35,recheck,0.7375,0.08187500000000002,0.1375,0.13000000000000003,1.5683430000308363,80
h0.01_r0.2_s10045,10045,0.01,0.2,0.35,no_task,0.725,0.10500000000000002,0.125,0.14875000000000002,1.7897049999646697,80
h0.01_r0.2_s10046,10046,0.01,0.2,0.35,never,0.4875,0.3174999999999999,0.05,0.33499999999999985,1.082744999962415,80
h0.01_r0.2_s10046,10046,0.01,0.2,0.35,fresh,1.0,0.0,1.175,0.41125,1.2205110000422792,80
h0.01_r0.2_s10046,10046,0.01,0.2,0.35,ttl,0.875,0.043750000000000004,0.1125,0.083125,1.211718000035944,80
h0.01_r0.2_s10046,10046,0.01,0.2,0.35,entropy,0.85,0.08750000000000001,0.175,0.14875,1.2900450000188357,80
h0.01_r0.2_s10046,10046,0.01,0.2,0.35,random,0.6375,0.16687500000000002,0.1625,0.22375000000000003,1.29355100000339,80
h0.01_r0.2_s10046,10046,0.01,0.2,0.35,myopic,0.4875,0.3174999999999999,0.05,0.33499999999999985,1.1640670001042963,80
h0.01_r0.2_s10046,10046,0.01,0.2,0.35,recheck,0.8375,0.06562500000000002,0.1375,0.11375000000000002,1.5591900000799797,80
h0.01_r0.2_s10046,10046,0.01,0.2,0.35,no_task,0.875,0.041249999999999995,0.125,0.08499999999999999,1.593370000023242,80
h0.01_r0.2_s10047,10047,0.01,0.2,0.35,never,0.9875,0.008125,0.05,0.025625,1.0781980000729163,80
h0.01_r0.2_s10047,10047,0.01,0.2,0.35,fresh,1.0,0.0,1.0375,0.363125,1.2513169999692764,80
h0.01_r0.2_s10047,10047,0.01,0.2,0.35,ttl,0.9875,0.008125,0.1,0.043125,1.2919580000243513,80
h0.01_r0.2_s10047,10047,0.01,0.2,0.35,entropy,0.975,0.01125,0.175,0.0725,1.2669000000187225,80
h0.01_r0.2_s10047,10047,0.01,0.2,0.35,random,0.9875,0.008125,0.0875,0.03874999999999999,1.2728689999903509,80
h0.01_r0.2_s10047,10047,0.01,0.2,0.35,myopic,0.9875,0.008125,0.05,0.025625,1.1442170000464102,80
h0.01_r0.2_s10047,10047,0.01,0.2,0.35,recheck,0.9625,0.014374999999999999,0.15,0.06687499999999999,1.793309999925441,80
h0.01_r0.2_s10047,10047,0.01,0.2,0.35,no_task,0.9875,0.008125,0.125,0.051875000000000004,1.710605999960535,80
h0.01_r0.2_s10048,10048,0.01,0.2,0.35,never,0.5,0.19999999999999996,0.05,0.21749999999999994,1.1122189999923648,80
h0.01_r0.2_s10048,10048,0.01,0.2,0.35,fresh,1.0,0.0,1.125,0.39374999999999993,1.1878320000278109,80
h0.01_r0.2_s10048,10048,0.01,0.2,0.35,ttl,0.7375,0.11687500000000002,0.1,0.15187500000000004,1.6090840000515527,80
h0.01_r0.2_s10048,10048,0.01,0.2,0.35,entropy,0.9375,0.030625000000000003,0.1625,0.0875,1.3215330000093672,80
h0.01_r0.2_s10048,10048,0.01,0.2,0.35,random,0.7875,0.06312500000000001,0.1875,0.12875,1.334721999910471,80
h0.01_r0.2_s10048,10048,0.01,0.2,0.35,myopic,0.5,0.19999999999999996,0.05,0.21749999999999994,1.145038000004206,80
h0.01_r0.2_s10048,10048,0.01,0.2,0.35,recheck,0.7625,0.06937500000000002,0.1375,0.11750000000000002,1.7117590000452765,80
h0.01_r0.2_s10048,10048,0.01,0.2,0.35,no_task,0.7625,0.06937500000000002,0.125,0.113125,1.6287839999904463,80
h0.01_r0.2_s10049,10049,0.01,0.2,0.35,never,0.6125,0.11062499999999997,0.05,0.128125,1.1208610000039698,80
h0.01_r0.2_s10049,10049,0.01,0.2,0.35,fresh,1.0,0.0,1.2125,0.42437499999999995,1.203975999942486,80
h0.01_r0.2_s10049,10049,0.01,0.2,0.35,ttl,0.875,0.033749999999999995,0.1,0.06875,1.223575999915738,80
h0.01_r0.2_s10049,10049,0.01,0.2,0.35,entropy,0.95,0.015,0.175,0.07625,1.2453690000029383,80
h0.01_r0.2_s10049,10049,0.01,0.2,0.35,random,0.9375,0.019374999999999996,0.1125,0.05874999999999999,1.2838760000022376,80
h0.01_r0.2_s10049,10049,0.01,0.2,0.35,myopic,0.6125,0.11062499999999997,0.05,0.128125,1.2247969999634734,80
h0.01_r0.2_s10049,10049,0.01,0.2,0.35,recheck,0.8875,0.029374999999999995,0.125,0.073125,1.8103359999486202,80
h0.01_r0.2_s10049,10049,0.01,0.2,0.35,no_task,0.875,0.033749999999999995,0.125,0.07749999999999999,1.6634959999919374,80
h0.01_r0.2_s10050,10050,0.01,0.2,0.35,never,0.8125,0.11687500000000003,0.05,0.13437500000000005,1.0851679999177577,80
h0.01_r0.2_s10050,10050,0.01,0.2,0.35,fresh,1.0,0.0,1.0375,0.363125,1.2501049999400493,80
h0.01_r0.2_s10050,10050,0.01,0.2,0.35,ttl,1.0,0.0,0.1,0.034999999999999996,1.2630850000050486,80
h0.01_r0.2_s10050,10050,0.01,0.2,0.35,entropy,1.0,0.0,0.1625,0.056874999999999995,1.2643170000501414,80
h0.01_r0.2_s10050,10050,0.01,0.2,0.35,random,1.0,0.0,0.1125,0.039375,1.3061899999229354,80
h0.01_r0.2_s10050,10050,0.01,0.2,0.35,myopic,0.8125,0.11687500000000003,0.05,0.13437500000000005,1.1531999999760956,80
h0.01_r0.2_s10050,10050,0.01,0.2,0.35,recheck,0.9875,0.003125,0.1375,0.05125,1.6698149999001544,80
h0.01_r0.2_s10050,10050,0.01,0.2,0.35,no_task,1.0,0.0,0.125,0.04375,1.593661000015345,80
h0.01_r0.2_s10051,10051,0.01,0.2,0.35,never,0.875,0.024374999999999997,0.05,0.041874999999999996,1.1130390000744228,80
h0.01_r0.2_s10051,10051,0.01,0.2,0.35,fresh,1.0,0.0,1.35,0.4725,1.2469199999713965,80
h0.01_r0.2_s10051,10051,0.01,0.2,0.35,ttl,0.9375,0.011875,0.1,0.046875,1.2238859999342822,80
h0.01_r0.2_s10051,10051,0.01,0.2,0.35,entropy,0.95,0.009375000000000001,0.1875,0.075,1.2459690000241608,80
h0.01_r0.2_s10051,10051,0.01,0.2,0.35,random,0.875,0.024374999999999997,0.2125,0.09874999999999998,1.5073410000923104,80
h0.01_r0.2_s10051,10051,0.01,0.2,0.35,myopic,0.875,0.024374999999999997,0.05,0.041874999999999996,1.258608000057393,80
h0.01_r0.2_s10051,10051,0.01,0.2,0.35,recheck,0.875,0.024374999999999997,0.125,0.06812499999999999,1.5678319999778978,80
h0.01_r0.2_s10051,10051,0.01,0.2,0.35,no_task,0.875,0.024374999999999997,0.125,0.06812499999999999,1.5389889999823936,80
h0.01_r0.2_s10052,10052,0.01,0.2,0.35,never,0.4875,0.3875000000000003,0.05,0.40500000000000025,1.0762040000145134,80
h0.01_r0.2_s10052,10052,0.01,0.2,0.35,fresh,1.0,0.0,1.2875,0.45062499999999994,1.2445869999737624,80
h0.01_r0.2_s10052,10052,0.01,0.2,0.35,ttl,0.55,0.28125,0.1,0.31625000000000003,1.2181969999573994,80
h0.01_r0.2_s10052,10052,0.01,0.2,0.35,entropy,0.6,0.28375000000000006,0.175,0.34500000000000003,1.2789690000545306,80
h0.01_r0.2_s10052,10052,0.01,0.2,0.35,random,0.7875,0.075,0.1375,0.123125,1.3025639999568739,80
h0.01_r0.2_s10052,10052,0.01,0.2,0.35,myopic,0.4875,0.3875000000000003,0.05,0.40500000000000025,1.1585780000586965,80
h0.01_r0.2_s10052,10052,0.01,0.2,0.35,recheck,0.75,0.184375,0.1375,0.2325,1.6002400000161288,80
h0.01_r0.2_s10052,10052,0.01,0.2,0.35,no_task,0.575,0.24874999999999997,0.125,0.2925,1.7532710000978113,80
h0.01_r0.2_s10053,10053,0.01,0.2,0.35,never,0.6,0.25499999999999995,0.05,0.2724999999999999,1.122224000027927,80
h0.01_r0.2_s10053,10053,0.01,0.2,0.35,fresh,1.0,0.0,1.15,0.40249999999999997,1.2143909999622338,80
h0.01_r0.2_s10053,10053,0.01,0.2,0.35,ttl,0.825,0.06500000000000003,0.1,0.10000000000000002,1.3106359999710548,80
h0.01_r0.2_s10053,10053,0.01,0.2,0.35,entropy,0.8375,0.09250000000000001,0.175,0.15375,1.240131000031397,80
h0.01_r0.2_s10053,10053,0.01,0.2,0.35,random,0.6375,0.24749999999999997,0.1375,0.29562499999999997,1.3403509999534435,80
h0.01_r0.2_s10053,10053,0.01,0.2,0.35,myopic,0.6,0.25499999999999995,0.05,0.2724999999999999,1.172839999981079,80
h0.01_r0.2_s10053,10053,0.01,0.2,0.35,recheck,0.7875,0.09187500000000003,0.1375,0.14000000000000004,1.5870810000251367,80
h0.01_r0.2_s10053,10053,0.01,0.2,0.35,no_task,0.775,0.045,0.125,0.08875,1.556735999997727,80
h0.01_r0.2_s10054,10054,0.01,0.2,0.35,never,0.75,0.07250000000000001,0.05,0.09000000000000001,1.3576369999555027,80
h0.01_r0.2_s10054,10054,0.01,0.2,0.35,fresh,1.0,0.0,1.325,0.46374999999999994,1.2979370000039125,80
h0.01_r0.2_s10054,10054,0.01,0.2,0.35,ttl,0.8125,0.06,0.1125,0.09937499999999999,1.2366449999490214,80
h0.01_r0.2_s10054,10054,0.01,0.2,0.35,entropy,0.925,0.023125,0.1875,0.08875,1.3841670000829254,80
h0.01_r0.2_s10054,10054,0.01,0.2,0.35,random,0.95,0.017499999999999998,0.2,0.0875,1.4723580000008951,80
h0.01_r0.2_s10054,10054,0.01,0.2,0.35,myopic,0.75,0.07250000000000001,0.05,0.09000000000000001,1.4811220000865433,80
h0.01_r0.2_s10054,10054,0.01,0.2,0.35,recheck,0.8,0.05,0.1375,0.09812499999999999,1.6010919999871476,80
h0.01_r0.2_s10054,10054,0.01,0.2,0.35,no_task,0.8375,0.04062500000000001,0.125,0.084375,1.5728099999705591,80
h0.01_r0.2_s10055,10055,0.01,0.2,0.35,never,0.975,0.005,0.05,0.0225,1.0923489999186131,80
h0.01_r0.2_s10055,10055,0.01,0.2,0.35,fresh,1.0,0.0,1.0125,0.354375,1.222312999971109,80
h0.01_r0.2_s10055,10055,0.01,0.2,0.35,ttl,0.975,0.005,0.1,0.039999999999999994,1.216716000044471,80
h0.01_r0.2_s10055,10055,0.01,0.2,0.35,entropy,1.0,0.0,0.175,0.06124999999999999,1.502293999919857,80
h0.01_r0.2_s10055,10055,0.01,0.2,0.35,random,0.975,0.005,0.1875,0.07062500000000001,1.3503860000128043,80
h0.01_r0.2_s10055,10055,0.01,0.2,0.35,myopic,0.975,0.005,0.05,0.0225,1.2250080000058006,80
h0.01_r0.2_s10055,10055,0.01,0.2,0.35,recheck,0.975,0.005,0.125,0.04875,1.5567259999897942,80
h0.01_r0.2_s10055,10055,0.01,0.2,0.35,no_task,0.975,0.005,0.125,0.04875,1.5662999999221938,80
h0.01_r0.2_s10056,10056,0.01,0.2,0.35,never,0.9125,0.021875,0.05,0.039375,1.089243999899736,80
h0.01_r0.2_s10056,10056,0.01,0.2,0.35,fresh,1.0,0.0,1.1,0.38499999999999995,1.2158439999438997,80
h0.01_r0.2_s10056,10056,0.01,0.2,0.35,ttl,0.925,0.024375,0.1125,0.06375,1.2668199999552598,80
h0.01_r0.2_s10056,10056,0.01,0.2,0.35,entropy,0.9875,0.001875,0.175,0.063125,1.2308970000276531,80
h0.01_r0.2_s10056,10056,0.01,0.2,0.35,random,0.9125,0.021875,0.175,0.08312499999999999,1.3100959999974293,80
h0.01_r0.2_s10056,10056,0.01,0.2,0.35,myopic,0.9125,0.021875,0.05,0.039375,1.1790590000373413,80
h0.01_r0.2_s10056,10056,0.01,0.2,0.35,recheck,0.9,0.028125,0.125,0.071875,1.562364000051275,80
h0.01_r0.2_s10056,10056,0.01,0.2,0.35,no_task,0.925,0.024375,0.125,0.068125,2.013380999983383,80
h0.01_r0.2_s10057,10057,0.01,0.2,0.35,never,0.7,0.12687500000000002,0.05,0.144375,1.082393999922715,80
h0.01_r0.2_s10057,10057,0.01,0.2,0.35,fresh,1.0,0.0,1.325,0.46374999999999994,1.2448679999579326,80
h0.01_r0.2_s10057,10057,0.01,0.2,0.35,ttl,0.7,0.24375,0.1375,0.291875,1.20409600003768,80
h0.01_r0.2_s10057,10057,0.01,0.2,0.35,entropy,0.9375,0.03250000000000001,0.1875,0.098125,1.2810619999754636,80
h0.01_r0.2_s10057,10057,0.01,0.2,0.35,random,0.6,0.23437499999999994,0.1125,0.27374999999999994,1.2796290000096633,80
h0.01_r0.2_s10057,10057,0.01,0.2,0.35,myopic,0.7,0.12687500000000002,0.05,0.144375,1.1873910000304022,80
h0.01_r0.2_s10057,10057,0.01,0.2,0.35,recheck,0.85,0.064375,0.1375,0.1125,1.66964499999267,80
h0.01_r0.2_s10057,10057,0.01,0.2,0.35,no_task,0.9,0.051875000000000004,0.125,0.095625,1.6300849999879574,80
h0.01_r0.2_s10058,10058,0.01,0.2,0.35,never,0.775,0.079375,0.05,0.096875,1.4730000000326982,80
h0.01_r0.2_s10058,10058,0.01,0.2,0.35,fresh,1.0,0.0,1.3375,0.46812499999999996,1.2523390000751533,80
h0.01_r0.2_s10058,10058,0.01,0.2,0.35,ttl,0.75,0.12562500000000004,0.1125,0.16500000000000004,1.2965159999112075,80
h0.01_r0.2_s10058,10058,0.01,0.2,0.35,entropy,0.875,0.048124999999999994,0.175,0.109375,1.280620999978055,80
h0.01_r0.2_s10058,10058,0.01,0.2,0.35,random,0.7375,0.10062500000000003,0.1625,0.15750000000000003,1.292089000003216,80
h0.01_r0.2_s10058,10058,0.01,0.2,0.35,myopic,0.775,0.079375,0.05,0.096875,1.1395699999638964,80
h0.01_r0.2_s10058,10058,0.01,0.2,0.35,recheck,0.95,0.019374999999999996,0.125,0.063125,1.665978999994877,80
h0.01_r0.2_s10058,10058,0.01,0.2,0.35,no_task,0.875,0.060625000000000005,0.125,0.10437500000000002,1.7774259999896458,80
h0.01_r0.2_s10059,10059,0.01,0.2,0.35,never,0.675,0.189375,0.05,0.20687499999999998,1.1424439999245806,80
h0.01_r0.2_s10059,10059,0.01,0.2,0.35,fresh,1.0,0.0,1.25,0.4375,1.4266099999531434,80
h0.01_r0.2_s10059,10059,0.01,0.2,0.35,ttl,0.7625,0.163125,0.1,0.19812499999999997,1.3240360000281726,80
h0.01_r0.2_s10059,10059,0.01,0.2,0.35,entropy,0.725,0.1775,0.15,0.22999999999999998,1.351998000018284,80
h0.01_r0.2_s10059,10059,0.01,0.2,0.35,random,0.8625,0.078125,0.1625,0.135,1.3046269999676952,80
h0.01_r0.2_s10059,10059,0.01,0.2,0.35,myopic,0.675,0.189375,0.05,0.20687499999999998,1.1518779999732942,80
h0.01_r0.2_s10059,10059,0.01,0.2,0.35,recheck,0.8,0.11000000000000001,0.125,0.15375,1.5681430000995533,80
h0.01_r0.2_s10059,10059,0.01,0.2,0.35,no_task,0.875,0.05499999999999999,0.125,0.09874999999999999,1.5680520000387332,80
h0.01_r0.2_s10060,10060,0.01,0.2,0.35,never,0.9625,0.027500000000000004,0.05,0.045,1.0881520000793898,80
h0.01_r0.2_s10060,10060,0.01,0.2,0.35,fresh,1.0,0.0,1.3,0.45499999999999996,1.4356530000441126,80
h0.01_r0.2_s10060,10060,0.01,0.2,0.35,ttl,0.975,0.015,0.1125,0.05437499999999999,1.2321280000833212,80
h0.01_r0.2_s10060,10060,0.01,0.2,0.35,entropy,0.9625,0.027500000000000004,0.1625,0.084375,1.2500150000960275,80
h0.01_r0.2_s10060,10060,0.01,0.2,0.35,random,0.9625,0.027500000000000004,0.125,0.07125000000000001,1.2886140000318846,80
h0.01_r0.2_s10060,10060,0.01,0.2,0.35,myopic,0.9625,0.027500000000000004,0.05,0.045,1.1916479999172225,80
h0.01_r0.2_s10060,10060,0.01,0.2,0.35,recheck,0.9625,0.027500000000000004,0.1375,0.075625,1.6304460000355903,80
h0.01_r0.2_s10060,10060,0.01,0.2,0.35,no_task,0.9625,0.027500000000000004,0.125,0.07125000000000001,1.6294139999217805,80
h0.01_r0.2_s10061,10061,0.01,0.2,0.35,never,0.65,0.09812500000000002,0.05,0.11562500000000002,1.0989189999008886,80
h0.01_r0.2_s10061,10061,0.01,0.2,0.35,fresh,1.0,0.0,1.35,0.4725,1.3442260000147144,80
h0.01_r0.2_s10061,10061,0.01,0.2,0.35,ttl,0.7875,0.05125000000000002,0.1,0.08625000000000002,1.2260299999979907,80
h0.01_r0.2_s10061,10061,0.01,0.2,0.35,entropy,0.975,0.005,0.1625,0.061875,1.2736010000935494,80
h0.01_r0.2_s10061,10061,0.01,0.2,0.35,random,0.8875,0.028749999999999998,0.2125,0.103125,1.4633349999257916,80
h0.01_r0.2_s10061,10061,0.01,0.2,0.35,myopic,0.65,0.09812500000000002,0.05,0.11562500000000002,1.1531200000263198,80
h0.01_r0.2_s10061,10061,0.01,0.2,0.35,recheck,0.8375,0.04125,0.1125,0.080625,2.1071209999945495,80
h0.01_r0.2_s10061,10061,0.01,0.2,0.35,no_task,0.9,0.025625,0.125,0.06937499999999999,2.414401999999427,80
h0.01_r0.2_s10062,10062,0.01,0.2,0.35,never,0.65,0.18812500000000004,0.05,0.20562500000000003,1.0955029999877297,80
h0.01_r0.2_s10062,10062,0.01,0.2,0.35,fresh,1.0,0.0,1.075,0.37625,1.2695850000454811,80
h0.01_r0.2_s10062,10062,0.01,0.2,0.35,ttl,0.8,0.1125,0.1125,0.151875,1.2283730000035575,80
h0.01_r0.2_s10062,10062,0.01,0.2,0.35,entropy,0.9375,0.04875,0.1875,0.114375,1.2698750000481596,80
h0.01_r0.2_s10062,10062,0.01,0.2,0.35,random,0.7875,0.12062500000000001,0.2,0.190625,2.4791089999780525,80
h0.01_r0.2_s10062,10062,0.01,0.2,0.35,myopic,0.65,0.18812500000000004,0.05,0.20562500000000003,1.4855489999945348,80
h0.01_r0.2_s10062,10062,0.01,0.2,0.35,recheck,0.9125,0.059375,0.1375,0.1075,2.4155140000630126,80
h0.01_r0.2_s10062,10062,0.01,0.2,0.35,no_task,0.8875,0.07062500000000001,0.125,0.114375,1.6681619999872055,80
h0.01_r0.2_s10063,10063,0.01,0.2,0.35,never,0.9,0.032499999999999994,0.05,0.049999999999999996,1.1943420000761762,80
h0.01_r0.2_s10063,10063,0.01,0.2,0.35,fresh,1.0,0.0,1.3375,0.46812499999999996,1.217897000060475,80
h0.01_r0.2_s10063,10063,0.01,0.2,0.35,ttl,0.9,0.032499999999999994,0.1,0.06749999999999999,1.2426539999523811,80
h0.01_r0.2_s10063,10063,0.01,0.2,0.35,entropy,0.8625,0.041874999999999996,0.175,0.103125,1.23095700007525,80
h0.01_r0.2_s10063,10063,0.01,0.2,0.35,random,0.8375,0.046874999999999986,0.1875,0.1125,1.3836360000141212,80
h0.01_r0.2_s10063,10063,0.01,0.2,0.35,myopic,0.9,0.032499999999999994,0.05,0.049999999999999996,1.1496550000629213,80
h0.01_r0.2_s10063,10063,0.01,0.2,0.35,recheck,0.9,0.032499999999999994,0.15,0.08499999999999999,1.647401000013815,80
h0.01_r0.2_s10063,10063,0.01,0.2,0.35,no_task,0.8625,0.041874999999999996,0.125,0.08562499999999999,1.594211999986328,80
h0.01_r0.9_s10000,10000,0.01,0.9,0.04,never,0.6375,0.26062499999999994,0.05,0.26262499999999994,1.223474999960672,80
h0.01_r0.9_s10000,10000,0.01,0.9,0.04,fresh,1.0,0.0,0.9125,0.0365,1.5792389999660372,80
h0.01_r0.9_s10000,10000,0.01,0.9,0.04,ttl,0.9375,0.058125,0.25,0.068125,1.3525089999575357,80
h0.01_r0.9_s10000,10000,0.01,0.9,0.04,entropy,0.9125,0.07875000000000001,0.275,0.08975000000000001,1.3497449999704259,80
h0.01_r0.9_s10000,10000,0.01,0.9,0.04,random,0.9,0.09,0.2625,0.10049999999999999,1.3055590000021766,80
h0.01_r0.9_s10000,10000,0.01,0.9,0.04,myopic,0.9625,0.033125,0.1875,0.040625,1.193431000046985,80
h0.01_r0.9_s10000,10000,0.01,0.9,0.04,recheck,0.975,0.01625,0.2875,0.027750000000000004,1.5894050000042625,80
h0.01_r0.9_s10000,10000,0.01,0.9,0.04,no_task,0.975,0.020624999999999998,0.4375,0.038125,1.5885629999274897,80
h0.01_r0.9_s10001,10001,0.01,0.9,0.04,never,0.9375,0.030625000000000003,0.05,0.032625,1.1047780000126295,80
h0.01_r0.9_s10001,10001,0.01,0.9,0.04,fresh,1.0,0.0,1.1625,0.0465,1.2101250000569053,80
h0.01_r0.9_s10001,10001,0.01,0.9,0.04,ttl,1.0,0.0,0.3375,0.013500000000000002,1.295532999961324,80
h0.01_r0.9_s10001,10001,0.01,0.9,0.04,entropy,1.0,0.0,0.3875,0.0155,1.2769059999300225,80
h0.01_r0.9_s10001,10001,0.01,0.9,0.04,random,0.95,0.0125,0.325,0.025500000000000002,1.2884730000450872,80
h0.01_r0.9_s10001,10001,0.01,0.9,0.04,myopic,1.0,0.0,0.1875,0.0075,1.1717879999650904,80
h0.01_r0.9_s10001,10001,0.01,0.9,0.04,recheck,1.0,0.0,0.3375,0.013500000000000002,1.5752530000554543,80
h0.01_r0.9_s10001,10001,0.01,0.9,0.04,no_task,1.0,0.0,0.4375,0.0175,1.5832450000061726,80
h0.01_r0.9_s10002,10002,0.01,0.9,0.04,never,0.5,0.29000000000000004,0.05,0.29200000000000004,1.0857790000500245,80
h0.01_r0.9_s10002,10002,0.01,0.9,0.04,fresh,1.0,0.0,0.775,0.031,1.298838000025171,80
h0.01_r0.9_s10002,10002,0.01,0.9,0.04,ttl,1.0,0.0,0.2125,0.0085,2.0419630000105826,80
h0.01_r0.9_s10002,10002,0.01,0.9,0.04,entropy,1.0,0.0,0.225,0.009,1.2489839999716423,80
h0.01_r0.9_s10002,10002,0.01,0.9,0.04,random,0.9625,0.017499999999999998,0.2125,0.026000000000000002,1.2922079999952985,80
h0.01_r0.9_s10002,10002,0.01,0.9,0.04,myopic,1.0,0.0,0.1125,0.0045,1.2482519999821307,80
h0.01_r0.9_s10002,10002,0.01,0.9,0.04,recheck,1.0,0.0,0.2125,0.0085,1.5442870000015319,80
h0.01_r0.9_s10002,10002,0.01,0.9,0.04,no_task,1.0,0.0,0.4375,0.0175,1.7842869999640243,80
h0.01_r0.9_s10003,10003,0.01,0.9,0.04,never,0.775,0.03687499999999999,0.05,0.03887499999999999,1.0766359999934139,80
h0.01_r0.9_s10003,10003,0.01,0.9,0.04,fresh,1.0,0.0,1.2625,0.0505,1.2908369999422575,80
h0.01_r0.9_s10003,10003,0.01,0.9,0.04,ttl,1.0,0.0,0.35,0.014000000000000002,1.3547319999815954,80
h0.01_r0.9_s10003,10003,0.01,0.9,0.04,entropy,1.0,0.0,0.4,0.016,1.3517380000394041,80
h0.01_r0.9_s10003,10003,0.01,0.9,0.04,random,1.0,0.0,0.3625,0.014499999999999999,1.318567999987863,80
h0.01_r0.9_s10003,10003,0.01,0.9,0.04,myopic,0.7875,0.031874999999999994,0.2,0.039874999999999994,1.2599499999623731,80
h0.01_r0.9_s10003,10003,0.01,0.9,0.04,recheck,1.0,0.0,0.35,0.014000000000000002,1.5424340000436132,80
h0.01_r0.9_s10003,10003,0.01,0.9,0.04,no_task,1.0,0.0,0.4375,0.0175,2.054721999911635,80
h0.01_r0.9_s10004,10004,0.01,0.9,0.04,never,0.7625,0.08312499999999998,0.05,0.08512499999999998,1.0842059999731646,80
h0.01_r0.9_s10004,10004,0.01,0.9,0.04,fresh,1.0,0.0,1.05,0.041999999999999996,1.5076319999707266,80
h0.01_r0.9_s10004,10004,0.01,0.9,0.04,ttl,1.0,0.0,0.25,0.01,1.2148120000574636,80
h0.01_r0.9_s10004,10004,0.01,0.9,0.04,entropy,1.0,0.0,0.3625,0.014499999999999999,1.2679720000505768,80
h0.01_r0.9_s10004,10004,0.01,0.9,0.04,random,0.9875,0.0043749999999999995,0.375,0.019374999999999996,1.3047269999333366,80
h0.01_r0.9_s10004,10004,0.01,0.9,0.04,myopic,1.0,0.0,0.225,0.009,1.1617930000511478,80
h0.01_r0.9_s10004,10004,0.01,0.9,0.04,recheck,1.0,0.0,0.35,0.014000000000000002,1.60582900002737,80
h0.01_r0.9_s10004,10004,0.01,0.9,0.04,no_task,1.0,0.0,0.4375,0.0175,1.570575999949142,80
h0.01_r0.9_s10005,10005,0.01,0.9,0.04,never,0.95,0.0125,0.05,0.014499999999999999,1.0977970000567439,80
h0.01_r0.9_s10005,10005,0.01,0.9,0.04,fresh,1.0,0.0,1.6,0.064,1.2416430000712353,80
h0.01_r0.9_s10005,10005,0.01,0.9,0.04,ttl,0.9625,0.009375,0.375,0.024375,1.2526290000778317,80
h0.01_r0.9_s10005,10005,0.01,0.9,0.04,entropy,0.975,0.00625,0.375,0.021249999999999998,1.276714999903561,80
h0.01_r0.9_s10005,10005,0.01,0.9,0.04,random,0.95,0.0125,0.2875,0.024,1.2867099999311904,80
h0.01_r0.9_s10005,10005,0.01,0.9,0.04,myopic,0.95,0.0125,0.1875,0.02,1.1618930000167893,80
h0.01_r0.9_s10005,10005,0.01,0.9,0.04,recheck,0.9625,0.009375,0.3625,0.023875,1.5496539999730885,80
h0.01_r0.9_s10005,10005,0.01,0.9,0.04,no_task,0.95,0.0125,0.4375,0.030000000000000006,1.9514279999839346,80
h0.01_r0.9_s10006,10006,0.01,0.9,0.04,never,1.0,0.0,0.05,0.002,1.0863789999575602,80
h0.01_r0.9_s10006,10006,0.01,0.9,0.04,fresh,1.0,0.0,1.1125,0.0445,1.2836960000868203,80
h0.01_r0.9_s10006,10006,0.01,0.9,0.04,ttl,1.0,0.0,0.3125,0.0125,1.2422130000686593,80
h0.01_r0.9_s10006,10006,0.01,0.9,0.04,entropy,1.0,0.0,0.3625,0.014499999999999999,1.5431660000331249,80
h0.01_r0.9_s10006,10006,0.01,0.9,0.04,random,1.0,0.0,0.3,0.012,1.577596999936759,80
h0.01_r0.9_s10006,10006,0.01,0.9,0.04,myopic,1.0,0.0,0.2125,0.0085,1.2899750000769927,80
h0.01_r0.9_s10006,10006,0.01,0.9,0.04,recheck,1.0,0.0,0.3125,0.0125,1.6651479999154617,80
h0.01_r0.9_s10006,10006,0.01,0.9,0.04,no_task,1.0,0.0,0.4375,0.0175,1.6001599999526661,80
h0.01_r0.9_s10007,10007,0.01,0.9,0.04,never,1.0,0.0,0.05,0.002,1.074081000069782,80
h0.01_r0.9_s10007,10007,0.01,0.9,0.04,fresh,1.0,0.0,1.0375,0.0415,1.2055089999876145,80
h0.01_r0.9_s10007,10007,0.01,0.9,0.04,ttl,1.0,0.0,0.25,0.01,1.342583999985436,80
h0.01_r0.9_s10007,10007,0.01,0.9,0.04,entropy,1.0,0.0,0.25,0.01,1.2475710000217077,80
h0.01_r0.9_s10007,10007,0.01,0.9,0.04,random,1.0,0.0,0.25,0.01,1.3075320000552892,80
h0.01_r0.9_s10007,10007,0.01,0.9,0.04,myopic,1.0,0.0,0.1625,0.006500000000000001,1.1635959999694023,80
h0.01_r0.9_s10007,10007,0.01,0.9,0.04,recheck,1.0,0.0,0.2875,0.0115,1.5870409999934054,80
h0.01_r0.9_s10007,10007,0.01,0.9,0.04,no_task,1.0,0.0,0.4375,0.0175,1.5653990000146223,80
h0.01_r0.9_s10008,10008,0.01,0.9,0.04,never,1.0,0.0,0.05,0.002,1.0746919999746751,80
h0.01_r0.9_s10008,10008,0.01,0.9,0.04,fresh,1.0,0.0,1.05,0.041999999999999996,1.2095939999881011,80
h0.01_r0.9_s10008,10008,0.01,0.9,0.04,ttl,1.0,0.0,0.2625,0.010499999999999999,1.2319779999643288,80
h0.01_r0.9_s10008,10008,0.01,0.9,0.04,entropy,1.0,0.0,0.3125,0.0125,1.2692940000533781,80
h0.01_r0.9_s10008,10008,0.01,0.9,0.04,random,1.0,0.0,0.275,0.011,1.3212320000093314,80
h0.01_r0.9_s10008,10008,0.01,0.9,0.04,myopic,1.0,0.0,0.15,0.006,1.2768960000357765,80
h0.01_r0.9_s10008,10008,0.01,0.9,0.04,recheck,1.0,0.0,0.2375,0.0095,1.5456290000201989,80
h0.01_r0.9_s10008,10008,0.01,0.9,0.04,no_task,1.0,0.0,0.4375,0.0175,1.685389000044779,80
h0.01_r0.9_s10009,10009,0.01,0.9,0.04,never,0.7875,0.07437499999999998,0.05,0.07637499999999998,1.0979569999562955,80
h0.01_r0.9_s10009,10009,0.01,0.9,0.04,fresh,1.0,0.0,1.575,0.063,1.3318779999735852,80
h0.01_r0.9_s10009,10009,0.01,0.9,0.04,ttl,0.9375,0.014374999999999999,0.35,0.028375,1.251156999956038,80
h0.01_r0.9_s10009,10009,0.01,0.9,0.04,entropy,0.9375,0.019374999999999996,0.425,0.036375000000000005,1.3347630000453137,80
h0.01_r0.9_s10009,10009,0.01,0.9,0.04,random,0.8375,0.046875,0.325,0.059875,1.3242769999806114,80
h0.01_r0.9_s10009,10009,0.01,0.9,0.04,myopic,0.775,0.04374999999999998,0.15,0.04974999999999998,1.1708659999385418,80
h0.01_r0.9_s10009,10009,0.01,0.9,0.04,recheck,0.875,0.031249999999999993,0.3125,0.04375,1.6038559999742574,80
h0.01_r0.9_s10009,10009,0.01,0.9,0.04,no_task,0.9125,0.020624999999999994,0.4375,0.038125,1.5667210000174236,80
h0.01_r0.9_s10010,10010,0.01,0.9,0.04,never,0.7125,0.08625000000000006,0.05,0.08825000000000006,1.0972960000117382,80
h0.01_r0.9_s10010,10010,0.01,0.9,0.04,fresh,1.0,0.0,1.3,0.052000000000000005,1.2093550000145115,80
h0.01_r0.9_s10010,10010,0.01,0.9,0.04,ttl,1.0,0.0,0.3375,0.013500000000000002,1.2316979999695832,80
h0.01_r0.9_s10010,10010,0.01,0.9,0.04,entropy,1.0,0.0,0.35,0.014000000000000002,1.26366599999983,80
h0.01_r0.9_s10010,10010,0.01,0.9,0.04,random,0.8875,0.019999999999999997,0.3,0.031999999999999994,1.3112469999896348,80
h0.01_r0.9_s10010,10010,0.01,0.9,0.04,myopic,0.95,0.0125,0.2125,0.021,1.1942109999836248,80
h0.01_r0.9_s10010,10010,0.01,0.9,0.04,recheck,1.0,0.0,0.375,0.015,1.5600899999981266,80
h0.01_r0.9_s10010,10010,0.01,0.9,0.04,no_task,0.9125,0.015624999999999997,0.4375,0.033125,1.6218230000504263,80
h0.01_r0.9_s10011,10011,0.01,0.9,0.04,never,0.225,0.12375000000000011,0.05,0.1257500000000001,1.0825339999200878,80
h0.01_r0.9_s10011,10011,0.01,0.9,0.04,fresh,1.0,0.0,2.65,0.10600000000000001,1.327241000012691,80
h0.01_r0.9_s10011,10011,0.01,0.9,0.04,ttl,0.95,0.0075,0.5625,0.03,1.237396000078661,80
h0.01_r0.9_s10011,10011,0.01,0.9,0.04,entropy,0.975,0.00375,0.6875,0.03125,1.3018230000625408,80
h0.01_r0.9_s10011,10011,0.01,0.9,0.04,random,0.975,0.00375,0.7375,0.033249999999999995,1.3182980000010502,80
h0.01_r0.9_s10011,10011,0.01,0.9,0.04,myopic,0.6,0.06000000000000001,0.2,0.068,1.211848000025384,80
h0.01_r0.9_s10011,10011,0.01,0.9,0.04,recheck,0.975,0.00375,0.475,0.02275,1.586960000054205,80
h0.01_r0.9_s10011,10011,0.01,0.9,0.04,no_task,0.9375,0.009375,0.4375,0.026875000000000003,1.6210219999948094,80
h0.01_r0.9_s10012,10012,0.01,0.9,0.04,never,0.825,0.07875000000000001,0.05,0.08075000000000002,1.0826639999095278,80
h0.01_r0.9_s10012,10012,0.01,0.9,0.04,fresh,1.0,0.0,0.9875,0.0395,1.1932909999359254,80
h0.01_r0.9_s10012,10012,0.01,0.9,0.04,ttl,0.95,0.0125,0.3125,0.025,1.2540610000542074,80
h0.01_r0.9_s10012,10012,0.01,0.9,0.04,entropy,0.975,0.00625,0.3375,0.01975,1.3570459999527884,80
h0.01_r0.9_s10012,10012,0.01,0.9,0.04,random,0.9875,0.003125,0.2375,0.012625,1.3355940000110422,80
h0.01_r0.9_s10012,10012,0.01,0.9,0.04,myopic,0.95,0.0125,0.2,0.0205,1.17430200009494,80
h0.01_r0.9_s10012,10012,0.01,0.9,0.04,recheck,0.95,0.0125,0.3125,0.025,1.8406020000156786,80
h0.01_r0.9_s10012,10012,0.01,0.9,0.04,no_task,0.9625,0.009375,0.4375,0.026875000000000003,1.621792999912941,80
h0.01_r0.9_s10013,10013,0.01,0.9,0.04,never,0.9,0.065,0.05,0.067,1.0993189999908282,80
h0.01_r0.9_s10013,10013,0.01,0.9,0.04,fresh,1.0,0.0,0.6875,0.027500000000000004,1.1745819999759988,80
h0.01_r0.9_s10013,10013,0.01,0.9,0.04,ttl,0.95,0.0325,0.2,0.0405,1.2411219998966772,80
h0.01_r0.9_s10013,10013,0.01,0.9,0.04,entropy,0.9875,0.008125,0.275,0.019125,1.4672909999262629,80
h0.01_r0.9_s10013,10013,0.01,0.9,0.04,random,1.0,0.0,0.2375,0.0095,1.2833359999149252,80
h0.01_r0.9_s10013,10013,0.01,0.9,0.04,myopic,0.95,0.0325,0.1875,0.04,1.1995300000080533,80
h0.01_r0.9_s10013,10013,0.01,0.9,0.04,recheck,0.9875,0.008125,0.2625,0.018625,1.5700049999622934,80
h0.01_r0.9_s10013,10013,0.01,0.9,0.04,no_task,0.95,0.0325,0.4375,0.05,1.6065800000433228,80
h0.01_r0.9_s10014,10014,0.01,0.9,0.04,never,0.9,0.019999999999999997,0.05,0.022,1.0733899999877394,80
h0.01_r0.9_s10014,10014,0.01,0.9,0.04,fresh,1.0,0.0,0.675,0.027000000000000003,1.215402999946491,80
h0.01_r0.9_s10014,10014,0.01,0.9,0.04,ttl,1.0,0.0,0.1875,0.0075,1.218568000012965,80
h0.01_r0.9_s10014,10014,0.01,0.9,0.04,entropy,1.0,0.0,0.2,0.008,1.2222039999869594,80
h0.01_r0.9_s10014,10014,0.01,0.9,0.04,random,1.0,0.0,0.1875,0.0075,1.320590999966953,80
h0.01_r0.9_s10014,10014,0.01,0.9,0.04,myopic,1.0,0.0,0.125,0.005,1.1488540000073044,80
h0.01_r0.9_s10014,10014,0.01,0.9,0.04,recheck,1.0,0.0,0.1875,0.0075,1.5778569999156389,80
h0.01_r0.9_s10014,10014,0.01,0.9,0.04,no_task,1.0,0.0,0.4375,0.0175,1.5775970000504458,80
h0.01_r0.9_s10015,10015,0.01,0.9,0.04,never,0.825,0.04375,0.05,0.04575,1.24337599993396,80
h0.01_r0.9_s10015,10015,0.01,0.9,0.04,fresh,1.0,0.0,1.95,0.078,1.4824239999597921,80
h0.01_r0.9_s10015,10015,0.01,0.9,0.04,ttl,0.9125,0.021875,0.475,0.040875,1.2679220000109126,80
h0.01_r0.9_s10015,10015,0.01,0.9,0.04,entropy,0.975,0.00625,0.5625,0.028749999999999998,1.2576959999250903,80
h0.01_r0.9_s10015,10015,0.01,0.9,0.04,random,0.9625,0.009375,0.5875,0.032875,1.298837999911484,80
h0.01_r0.9_s10015,10015,0.01,0.9,0.04,myopic,0.9125,0.021875,0.2,0.029875000000000002,1.176454999949783,80
h0.01_r0.9_s10015,10015,0.01,0.9,0.04,recheck,0.9625,0.009375,0.4125,0.025875000000000002,1.5579470000375295,80
h0.01_r0.9_s10015,10015,0.01,0.9,0.04,no_task,0.95,0.0125,0.4375,0.030000000000000006,1.7110569999658765,80
h0.01_r0.9_s10016,10016,0.01,0.9,0.04,never,0.375,0.49812499999999976,0.05,0.5001249999999997,1.1034859999199398,80
h0.01_r0.9_s10016,10016,0.01,0.9,0.04,fresh,1.0,0.0,1.6125,0.0645,1.6324290000966357,80
h0.01_r0.9_s10016,10016,0.01,0.9,0.04,ttl,0.9625,0.018125,0.3875,0.033625,1.3357339998947282,80
h0.01_r0.9_s10016,10016,0.01,0.9,0.04,entropy,0.925,0.040625,0.4375,0.058125,1.4210219999313267,80
h0.01_r0.9_s10016,10016,0.01,0.9,0.04,random,0.85,0.06749999999999999,0.4625,0.086,1.3124690000267947,80
h0.01_r0.9_s10016,10016,0.01,0.9,0.04,myopic,0.7875,0.086875,0.1875,0.09437499999999999,1.190575999999055,80
h0.01_r0.9_s10016,10016,0.01,0.9,0.04,recheck,0.9625,0.018125,0.3625,0.032625,1.6827540000576846,80
h0.01_r0.9_s10016,10016,0.01,0.9,0.04,no_task,0.85,0.08999999999999998,0.4375,0.10749999999999997,1.6805109999040724,80
h0.01_r0.9_s10017,10017,0.01,0.9,0.04,never,0.8625,0.05500000000000001,0.05,0.05700000000000001,1.0861790000262772,80
h0.01_r0.9_s10017,10017,0.01,0.9,0.04,fresh,1.0,0.0,0.65,0.026000000000000002,1.1893250000412081,80
h0.01_r0.9_s10017,10017,0.01,0.9,0.04,ttl,0.95,0.0125,0.225,0.0215,1.23843799997303,80
h0.01_r0.9_s10017,10017,0.01,0.9,0.04,entropy,0.975,0.00625,0.2125,0.014750000000000003,1.2249870000005103,80
h0.01_r0.9_s10017,10017,0.01,0.9,0.04,random,0.875,0.05375,0.1375,0.059250000000000004,1.318378000064513,80
h0.01_r0.9_s10017,10017,0.01,0.9,0.04,myopic,0.9375,0.015625,0.1375,0.021124999999999998,1.1545319999868298,80
h0.01_r0.9_s10017,10017,0.01,0.9,0.04,recheck,0.9375,0.015625,0.2,0.023625,1.6509770000538992,80
h0.01_r0.9_s10017,10017,0.01,0.9,0.04,no_task,0.9375,0.015625,0.4375,0.033125,1.5484729999570845,80
h0.01_r0.9_s10018,10018,0.01,0.9,0.04,never,0.8125,0.05562500000000002,0.05,0.05762500000000002,1.097626000046148,80
h0.01_r0.9_s10018,10018,0.01,0.9,0.04,fresh,1.0,0.0,1.1875,0.0475,1.1969659999522264,80
h0.01_r0.9_s10018,10018,0.01,0.9,0.04,ttl,0.975,0.008749999999999999,0.275,0.01975,1.247332000048118,80
h0.01_r0.9_s10018,10018,0.01,0.9,0.04,entropy,0.9625,0.013124999999999998,0.3625,0.027625,1.2480220000270492,80
h0.01_r0.9_s10018,10018,0.01,0.9,0.04,random,0.95,0.017499999999999998,0.45,0.0355,1.2963039999931425,80
h0.01_r0.9_s10018,10018,0.01,0.9,0.04,myopic,1.0,0.0,0.1625,0.006500000000000001,1.2547119999908318,80
h0.01_r0.9_s10018,10018,0.01,0.9,0.04,recheck,0.975,0.008749999999999999,0.2625,0.01925,1.687511000000086,80
h0.01_r0.9_s10018,10018,0.01,0.9,0.04,no_task,0.9375,0.021875,0.4375,0.03937500000000001,1.587732000075448,80
h0.01_r0.9_s10019,10019,0.01,0.9,0.04,never,0.925,0.04875,0.05,0.050749999999999997,1.071948000003431,80
h0.01_r0.9_s10019,10019,0.01,0.9,0.04,fresh,1.0,0.0,1.0375,0.0415,3.1878020000704055,80
h0.01_r0.9_s10019,10019,0.01,0.9,0.04,ttl,0.95,0.0325,0.2625,0.043,1.2209509999365764,80
h0.01_r0.9_s10019,10019,0.01,0.9,0.04,entropy,0.9875,0.008125,0.325,0.021124999999999998,1.416345000052388,80
h0.01_r0.9_s10019,10019,0.01,0.9,0.04,random,0.9375,0.040625,0.25,0.050624999999999996,1.280170999962138,80
h0.01_r0.9_s10019,10019,0.01,0.9,0.04,myopic,0.95,0.0325,0.125,0.0375,1.3261799999781942,80
h0.01_r0.9_s10019,10019,0.01,0.9,0.04,recheck,0.9875,0.008125,0.225,0.017125,1.5434550000463787,80
h0.01_r0.9_s10019,10019,0.01,0.9,0.04,no_task,0.9875,0.008125,0.4375,0.025625000000000002,1.706930999944234,80
h0.01_r0.9_s10020,10020,0.01,0.9,0.04,never,1.0,0.0,0.05,0.002,1.073030000043218,80
h0.01_r0.9_s10020,10020,0.01,0.9,0.04,fresh,1.0,0.0,2.0625,0.0825,1.3078819999918778,80
h0.01_r0.9_s10020,10020,0.01,0.9,0.04,ttl,1.0,0.0,0.4625,0.0185,1.3514180000129272,80
h0.01_r0.9_s10020,10020,0.01,0.9,0.04,entropy,1.0,0.0,0.5375,0.0215,1.3539309999259785,80
h0.01_r0.9_s10020,10020,0.01,0.9,0.04,random,1.0,0.0,0.575,0.023,1.3255489999437486,80
h0.01_r0.9_s10020,10020,0.01,0.9,0.04,myopic,1.0,0.0,0.175,0.007000000000000001,1.1815330000217728,80
h0.01_r0.9_s10020,10020,0.01,0.9,0.04,recheck,1.0,0.0,0.4,0.016,1.5724800000498362,80
h0.01_r0.9_s10020,10020,0.01,0.9,0.04,no_task,1.0,0.0,0.4375,0.0175,1.6343419999884645,80
h0.01_r0.9_s10021,10021,0.01,0.9,0.04,never,0.9625,0.013124999999999998,0.05,0.015124999999999996,1.3413730000593205,80
h0.01_r0.9_s10021,10021,0.01,0.9,0.04,fresh,1.0,0.0,1.05,0.041999999999999996,1.327852000031271,80
h0.01_r0.9_s10021,10021,0.01,0.9,0.04,ttl,1.0,0.0,0.2625,0.010499999999999999,1.2257490000138205,80
h0.01_r0.9_s10021,10021,0.01,0.9,0.04,entropy,1.0,0.0,0.2,0.008,1.2487840000403594,80
h0.01_r0.9_s10021,10021,0.01,0.9,0.04,random,0.9875,0.0043749999999999995,0.2875,0.015875,1.3563649999923655,80
h0.01_r0.9_s10021,10021,0.01,0.9,0.04,myopic,1.0,0.0,0.175,0.007000000000000001,1.2131500000123197,80
h0.01_r0.9_s10021,10021,0.01,0.9,0.04,recheck,1.0,0.0,0.3,0.012,1.576365000005353,80
h0.01_r0.9_s10021,10021,0.01,0.9,0.04,no_task,1.0,0.0,0.4375,0.0175,1.5652590000172495,80
h0.01_r0.9_s10022,10022,0.01,0.9,0.04,never,1.0,0.0,0.05,0.002,1.1910569999145082,80
h0.01_r0.9_s10022,10022,0.01,0.9,0.04,fresh,1.0,0.0,1.9,0.076,1.2298249999957989,80
h0.01_r0.9_s10022,10022,0.01,0.9,0.04,ttl,1.0,0.0,0.425,0.017,1.3074909999204465,80
h0.01_r0.9_s10022,10022,0.01,0.9,0.04,entropy,1.0,0.0,0.4875,0.0195,1.2551030000622632,80
h0.01_r0.9_s10022,10022,0.01,0.9,0.04,random,1.0,0.0,0.475,0.019,1.4402109999309687,80
h0.01_r0.9_s10022,10022,0.01,0.9,0.04,myopic,1.0,0.0,0.1875,0.0075,1.1862400000381967,80
h0.01_r0.9_s10022,10022,0.01,0.9,0.04,recheck,1.0,0.0,0.3875,0.0155,1.556704999984504,80
h0.01_r0.9_s10022,10022,0.01,0.9,0.04,no_task,1.0,0.0,0.4375,0.0175,1.5719079999598762,80
h0.01_r0.9_s10023,10023,0.01,0.9,0.04,never,0.5875,0.12062499999999998,0.05,0.12262499999999998,1.0715669999399324,80
h0.01_r0.9_s10023,10023,0.01,0.9,0.04,fresh,1.0,0.0,1.6,0.064,1.2425539999867397,80
h0.01_r0.9_s10023,10023,0.01,0.9,0.04,ttl,0.975,0.00375,0.4,0.01975,1.3349229999448653,80
h0.01_r0.9_s10023,10023,0.01,0.9,0.04,entropy,0.9875,0.001875,0.425,0.018875,1.2576570001101572,80
h0.01_r0.9_s10023,10023,0.01,0.9,0.04,random,0.975,0.005,0.4375,0.022500000000000003,1.2972370000170486,80
h0.01_r0.9_s10023,10023,0.01,0.9,0.04,myopic,0.8875,0.023124999999999996,0.1625,0.029624999999999995,1.298067999982777,80
h0.01_r0.9_s10023,10023,0.01,0.9,0.04,recheck,0.9875,0.001875,0.35,0.015875,2.012908999972751,80
h0.01_r0.9_s10023,10023,0.01,0.9,0.04,no_task,0.975,0.00375,0.4375,0.02125,1.6821140000047308,80
h0.01_r0.9_s10024,10024,0.01,0.9,0.04,never,0.5875,0.09437500000000004,0.05,0.09637500000000004,1.1570059999712612,80
h0.01_r0.9_s10024,10024,0.01,0.9,0.04,fresh,1.0,0.0,1.7375,0.0695,1.2957639999058301,80
h0.01_r0.9_s10024,10024,0.01,0.9,0.04,ttl,0.9875,0.003125,0.4125,0.019625,1.2425840000105381,80
h0.01_r0.9_s10024,10024,0.01,0.9,0.04,entropy,0.975,0.00375,0.4875,0.02325,1.2300250000407686,80
h0.01_r0.9_s10024,10024,0.01,0.9,0.04,random,0.8625,0.03625,0.45,0.05425,1.3190690000328686,80
h0.01_r0.9_s10024,10024,0.01,0.9,0.04,myopic,0.8875,0.024999999999999994,0.175,0.031999999999999994,1.1691639999753534,80
h0.01_r0.9_s10024,10024,0.01,0.9,0.04,recheck,0.9375,0.010625,0.35,0.024625,1.5741109999680702,80
h0.01_r0.9_s10024,10024,0.01,0.9,0.04,no_task,0.9375,0.010625,0.4375,0.028125,1.560031000053641,80
h0.01_r0.9_s10025,10025,0.01,0.9,0.04,never,0.9875,0.0043749999999999995,0.05,0.0063750000000000005,1.2593389999437932,80
h0.01_r0.9_s10025,10025,0.01,0.9,0.04,fresh,1.0,0.0,0.9125,0.0365,1.1913670000467391,80
h0.01_r0.9_s10025,10025,0.01,0.9,0.04,ttl,0.9875,0.0043749999999999995,0.275,0.015375,1.3319779999392267,80
h0.01_r0.9_s10025,10025,0.01,0.9,0.04,entropy,0.9875,0.0043749999999999995,0.35,0.018375000000000002,1.3875009999537724,80
h0.01_r0.9_s10025,10025,0.01,0.9,0.04,random,0.9875,0.0043749999999999995,0.225,0.013374999999999998,1.3858390000223153,80
h0.01_r0.9_s10025,10025,0.01,0.9,0.04,myopic,0.9875,0.0043749999999999995,0.2125,0.012875000000000001,1.1682929999778935,80
h0.01_r0.9_s10025,10025,0.01,0.9,0.04,recheck,0.9875,0.0043749999999999995,0.3125,0.016875,1.571366999996826,80
h0.01_r0.9_s10025,10025,0.01,0.9,0.04,no_task,0.9875,0.0043749999999999995,0.4375,0.021875,1.5769249999948443,80
h0.01_r0.9_s10026,10026,0.01,0.9,0.04,never,0.9375,0.0125,0.05,0.014499999999999999,1.072077999992871,80
h0.01_r0.9_s10026,10026,0.01,0.9,0.04,fresh,1.0,0.0,0.85,0.034,1.4698349999662241,80
h0.01_r0.9_s10026,10026,0.01,0.9,0.04,ttl,1.0,0.0,0.225,0.009,1.322644999959266,80
h0.01_r0.9_s10026,10026,0.01,0.9,0.04,entropy,1.0,0.0,0.275,0.011,1.6168250000418993,80
h0.01_r0.9_s10026,10026,0.01,0.9,0.04,random,0.9625,0.0075000000000000015,0.25,0.0175,1.418919000002461,80
h0.01_r0.9_s10026,10026,0.01,0.9,0.04,myopic,0.9375,0.0125,0.0875,0.016,1.1755940000739429,80
h0.01_r0.9_s10026,10026,0.01,0.9,0.04,recheck,0.9375,0.0125,0.1625,0.019,1.6292139999904975,80
h0.01_r0.9_s10026,10026,0.01,0.9,0.04,no_task,0.9375,0.0125,0.4375,0.030000000000000006,1.5967750000527303,80
h0.01_r0.9_s10027,10027,0.01,0.9,0.04,never,0.775,0.21000000000000002,0.05,0.21200000000000002,1.304927999967731,80
h0.01_r0.9_s10027,10027,0.01,0.9,0.04,fresh,1.0,0.0,1.05,0.041999999999999996,1.3223939999988943,80
h0.01_r0.9_s10027,10027,0.01,0.9,0.04,ttl,1.0,0.0,0.2625,0.010499999999999999,1.2195499999734238,80
h0.01_r0.9_s10027,10027,0.01,0.9,0.04,entropy,1.0,0.0,0.325,0.013000000000000001,1.2777169999935722,80
h0.01_r0.9_s10027,10027,0.01,0.9,0.04,random,0.975,0.025,0.325,0.038,2.0927200000642188,80
h0.01_r0.9_s10027,10027,0.01,0.9,0.04,myopic,1.0,0.0,0.175,0.007000000000000001,1.1666000000332133,80
h0.01_r0.9_s10027,10027,0.01,0.9,0.04,recheck,1.0,0.0,0.325,0.013000000000000001,1.6710669999611127,80
h0.01_r0.9_s10027,10027,0.01,0.9,0.04,no_task,1.0,0.0,0.4375,0.0175,1.587190999998711,80
h0.01_r0.9_s10028,10028,0.01,0.9,0.04,never,0.575,0.1487499999999999,0.05,0.1507499999999999,1.1193289999482658,80
h0.01_r0.9_s10028,10028,0.01,0.9,0.04,fresh,1.0,0.0,0.925,0.037,1.3582379999661498,80
h0.01_r0.9_s10028,10028,0.01,0.9,0.04,ttl,1.0,0.0,0.25,0.01,1.3157739999769547,80
h0.01_r0.9_s10028,10028,0.01,0.9,0.04,entropy,1.0,0.0,0.3,0.012,1.2550619999274204,80
h0.01_r0.9_s10028,10028,0.01,0.9,0.04,random,0.95,0.017499999999999998,0.325,0.0305,1.2957630000300924,80
h0.01_r0.9_s10028,10028,0.01,0.9,0.04,myopic,1.0,0.0,0.175,0.007000000000000001,1.2478919999239224,80
h0.01_r0.9_s10028,10028,0.01,0.9,0.04,recheck,1.0,0.0,0.275,0.011,1.5361850000772392,80
h0.01_r0.9_s10028,10028,0.01,0.9,0.04,no_task,1.0,0.0,0.4375,0.0175,1.8143629999940458,80
h0.01_r0.9_s10029,10029,0.01,0.9,0.04,never,0.45,0.2331249999999999,0.05,0.2351249999999999,1.224567000008392,80
h0.01_r0.9_s10029,10029,0.01,0.9,0.04,fresh,1.0,0.0,1.6125,0.0645,1.4524890000302548,80
h0.01_r0.9_s10029,10029,0.01,0.9,0.04,ttl,0.95,0.016875,0.375,0.031875,1.2366259999225804,80
h0.01_r0.9_s10029,10029,0.01,0.9,0.04,entropy,0.9875,0.001875,0.4625,0.020374999999999997,1.4361449999569231,80
h0.01_r0.9_s10029,10029,0.01,0.9,0.04,random,0.95,0.013125000000000001,0.4125,0.029625000000000002,1.326801000004707,80
h0.01_r0.9_s10029,10029,0.01,0.9,0.04,myopic,0.925,0.014374999999999999,0.1625,0.020874999999999998,1.2523890000011306,80
h0.01_r0.9_s10029,10029,0.01,0.9,0.04,recheck,0.9375,0.01875,0.325,0.03175,1.6227449999632881,80
h0.01_r0.9_s10029,10029,0.01,0.9,0.04,no_task,0.975,0.00625,0.4375,0.02375,1.7611920000035752,80
h0.01_r0.9_s10030,10030,0.01,0.9,0.04,never,0.6375,0.22625,0.05,0.22825,1.1048370000708019,80
h0.01_r0.9_s10030,10030,0.01,0.9,0.04,fresh,1.0,0.0,1.1,0.044,1.305187999946611,80
h0.01_r0.9_s10030,10030,0.01,0.9,0.04,ttl,1.0,0.0,0.3125,0.0125,1.4243069999793079,80
h0.01_r0.9_s10030,10030,0.01,0.9,0.04,entropy,1.0,0.0,0.3625,0.014499999999999999,1.385308000067198,80
h0.01_r0.9_s10030,10030,0.01,0.9,0.04,random,0.8625,0.07062500000000002,0.325,0.08362500000000002,1.5714070000285574,80
h0.01_r0.9_s10030,10030,0.01,0.9,0.04,myopic,1.0,0.0,0.225,0.009,1.1639760000434762,80
h0.01_r0.9_s10030,10030,0.01,0.9,0.04,recheck,1.0,0.0,0.3375,0.013500000000000002,1.8314069999405547,80
h0.01_r0.9_s10030,10030,0.01,0.9,0.04,no_task,1.0,0.0,0.4375,0.0175,1.6183779999892067,80
h0.01_r0.9_s10031,10031,0.01,0.9,0.04,never,0.95,0.0075,0.05,0.0095,1.0934809999980644,80
h0.01_r0.9_s10031,10031,0.01,0.9,0.04,fresh,1.0,0.0,1.125,0.045,1.2186579999706737,80
h0.01_r0.9_s10031,10031,0.01,0.9,0.04,ttl,0.9875,0.0043749999999999995,0.3,0.016375,1.3950829999203052,80
h0.01_r0.9_s10031,10031,0.01,0.9,0.04,entropy,1.0,0.0,0.375,0.015,1.4788590000307522,80
h0.01_r0.9_s10031,10031,0.01,0.9,0.04,random,0.95,0.015,0.3125,0.027500000000000004,1.540380999927038,80
h0.01_r0.9_s10031,10031,0.01,0.9,0.04,myopic,0.95,0.0075,0.2125,0.016,1.3572359999898254,80
h0.01_r0.9_s10031,10031,0.01,0.9,0.04,recheck,0.9875,0.0043749999999999995,0.3375,0.017875000000000002,1.794261999975788,80
h0.01_r0.9_s10031,10031,0.01,0.9,0.04,no_task,0.9375,0.021875,0.4375,0.03937500000000001,1.7314070000793436,80
h0.01_r0.9_s10032,10032,0.01,0.9,0.04,never,1.0,0.0,0.05,0.002,1.1341609999817592,80
h0.01_r0.9_s10032,10032,0.01,0.9,0.04,fresh,1.0,0.0,1.025,0.041,1.3025040000229637,80
h0.01_r0.9_s10032,10032,0.01,0.9,0.04,ttl,1.0,0.0,0.2375,0.0095,1.3155440000218732,80
h0.01_r0.9_s10032,10032,0.01,0.9,0.04,entropy,1.0,0.0,0.2,0.008,1.2472509999952308,80
h0.01_r0.9_s10032,10032,0.01,0.9,0.04,random,1.0,0.0,0.225,0.009,1.2997599999380327,80
h0.01_r0.9_s10032,10032,0.01,0.9,0.04,myopic,1.0,0.0,0.15,0.006,1.2532199999668592,80
h0.01_r0.9_s10032,10032,0.01,0.9,0.04,recheck,1.0,0.0,0.2875,0.0115,1.5699549999226292,80
h0.01_r0.9_s10032,10032,0.01,0.9,0.04,no_task,1.0,0.0,0.4375,0.0175,2.0325089999460033,80
h0.01_r0.9_s10033,10033,0.01,0.9,0.04,never,0.8875,0.03937500000000001,0.05,0.04137500000000001,1.1001309999301156,80
h0.01_r0.9_s10033,10033,0.01,0.9,0.04,fresh,1.0,0.0,1.2,0.048,1.2271409999584648,80
h0.01_r0.9_s10033,10033,0.01,0.9,0.04,ttl,0.975,0.008749999999999999,0.2875,0.02025,1.2246069999264364,80
h0.01_r0.9_s10033,10033,0.01,0.9,0.04,entropy,0.975,0.008749999999999999,0.3375,0.02225,1.3387579999744048,80
h0.01_r0.9_s10033,10033,0.01,0.9,0.04,random,0.975,0.008749999999999999,0.3125,0.021249999999999998,1.3147930000059205,80
h0.01_r0.9_s10033,10033,0.01,0.9,0.04,myopic,0.8875,0.03937500000000001,0.15,0.045375000000000006,1.4721890000828353,80
h0.01_r0.9_s10033,10033,0.01,0.9,0.04,recheck,0.9875,0.0043749999999999995,0.2875,0.015875,1.6962649999641144,80
h0.01_r0.9_s10033,10033,0.01,0.9,0.04,no_task,0.9625,0.013124999999999998,0.4375,0.030625000000000003,1.7796399999951973,80
h0.01_r0.9_s10034,10034,0.01,0.9,0.04,never,0.725,0.09624999999999996,0.05,0.09824999999999996,1.1647869999933391,80
h0.01_r0.9_s10034,10034,0.01,0.9,0.04,fresh,1.0,0.0,1.15,0.046,1.2573060000704572,80
h0.01_r0.9_s10034,10034,0.01,0.9,0.04,ttl,1.0,0.0,0.2625,0.010499999999999999,1.355363000016041,80
h0.01_r0.9_s10034,10034,0.01,0.9,0.04,entropy,0.975,0.008749999999999999,0.325,0.02175,1.2572360000149274,80
h0.01_r0.9_s10034,10034,0.01,0.9,0.04,random,0.975,0.008749999999999999,0.3,0.020749999999999998,1.278648000038629,80
h0.01_r0.9_s10034,10034,0.01,0.9,0.04,myopic,0.9625,0.013124999999999998,0.125,0.018124999999999995,1.1525389999178515,80
h0.01_r0.9_s10034,10034,0.01,0.9,0.04,recheck,1.0,0.0,0.25,0.01,1.6628349999336933,80
h0.01_r0.9_s10034,10034,0.01,0.9,0.04,no_task,0.95,0.017499999999999998,0.4375,0.034999999999999996,1.562854999974661,80
h0.01_r0.9_s10035,10035,0.01,0.9,0.04,never,0.8,0.10187500000000002,0.05,0.10387500000000002,1.205798999990293,80
h0.01_r0.9_s10035,10035,0.01,0.9,0.04,fresh,1.0,0.0,0.825,0.033,1.1638760000778348,80
h0.01_r0.9_s10035,10035,0.01,0.9,0.04,ttl,0.9875,0.008125,0.2125,0.016625,2.484086999970714,80
h0.01_r0.9_s10035,10035,0.01,0.9,0.04,entropy,0.975,0.01625,0.225,0.02525,1.6888640000161104,80
h0.01_r0.9_s10035,10035,0.01,0.9,0.04,random,0.9375,0.021875,0.225,0.030874999999999996,2.8730800000857926,80
h0.01_r0.9_s10035,10035,0.01,0.9,0.04,myopic,0.9875,0.008125,0.15,0.014124999999999999,1.1750830000210044,80
h0.01_r0.9_s10035,10035,0.01,0.9,0.04,recheck,0.975,0.01625,0.225,0.02525,1.6651079999974172,80
h0.01_r0.9_s10035,10035,0.01,0.9,0.04,no_task,0.9625,0.024375,0.4375,0.04187500000000001,1.6703960000086227,80
h0.01_r0.9_s10036,10036,0.01,0.9,0.04,never,1.0,0.0,0.05,0.002,1.305688000002192,80
h0.01_r0.9_s10036,10036,0.01,0.9,0.04,fresh,1.0,0.0,1.25,0.05,1.2302659999932075,80
h0.01_r0.9_s10036,10036,0.01,0.9,0.04,ttl,1.0,0.0,0.3375,0.013500000000000002,1.4063500000247586,80
h0.01_r0.9_s10036,10036,0.01,0.9,0.04,entropy,1.0,0.0,0.3625,0.014499999999999999,1.2761640000462648,80
h0.01_r0.9_s10036,10036,0.01,0.9,0.04,random,1.0,0.0,0.375,0.015,1.3430550000066432,80
h0.01_r0.9_s10036,10036,0.01,0.9,0.04,myopic,1.0,0.0,0.1625,0.006500000000000001,1.1632349999217695,80
h0.01_r0.9_s10036,10036,0.01,0.9,0.04,recheck,1.0,0.0,0.2625,0.010499999999999999,1.6660799999499432,80
h0.01_r0.9_s10036,10036,0.01,0.9,0.04,no_task,1.0,0.0,0.4375,0.0175,1.5867810000145255,80
h0.01_r0.9_s10037,10037,0.01,0.9,0.04,never,0.7,0.06000000000000002,0.05,0.06200000000000002,1.0671509999156115,80
h0.01_r0.9_s10037,10037,0.01,0.9,0.04,fresh,1.0,0.0,1.075,0.043,1.20820199992977,80
h0.01_r0.9_s10037,10037,0.01,0.9,0.04,ttl,1.0,0.0,0.35,0.014000000000000002,1.2485729999980322,80
h0.01_r0.9_s10037,10037,0.01,0.9,0.04,entropy,1.0,0.0,0.3375,0.013500000000000002,1.3140209999846775,80
h0.01_r0.9_s10037,10037,0.01,0.9,0.04,random,0.975,0.005,0.2875,0.0165,1.3980070000343403,80
h0.01_r0.9_s10037,10037,0.01,0.9,0.04,myopic,1.0,0.0,0.1875,0.0075,1.241251999999804,80
h0.01_r0.9_s10037,10037,0.01,0.9,0.04,recheck,1.0,0.0,0.3125,0.0125,1.6021640000190018,80
h0.01_r0.9_s10037,10037,0.01,0.9,0.04,no_task,1.0,0.0,0.4375,0.0175,1.66762200001358,80
h0.01_r0.9_s10038,10038,0.01,0.9,0.04,never,0.35,0.2181249999999999,0.05,0.2201249999999999,1.0668710000345527,80
h0.01_r0.9_s10038,10038,0.01,0.9,0.04,fresh,1.0,0.0,1.3375,0.053500000000000006,1.261171999999533,80
h0.01_r0.9_s10038,10038,0.01,0.9,0.04,ttl,0.925,0.020624999999999998,0.325,0.033625,1.5649779999193925,80
h0.01_r0.9_s10038,10038,0.01,0.9,0.04,entropy,0.975,0.008749999999999999,0.3875,0.02425,1.418437999973321,80
h0.01_r0.9_s10038,10038,0.01,0.9,0.04,random,0.975,0.01625,0.4,0.03225,1.315943999998126,80
h0.01_r0.9_s10038,10038,0.01,0.9,0.04,myopic,0.8,0.0475,0.175,0.05450000000000001,1.1707469999464593,80
h0.01_r0.9_s10038,10038,0.01,0.9,0.04,recheck,0.9375,0.014374999999999999,0.3,0.026375,1.6133709999621715,80
h0.01_r0.9_s10038,10038,0.01,0.9,0.04,no_task,0.875,0.026875,0.4375,0.044375,1.6512069998952938,80
h0.01_r0.9_s10039,10039,0.01,0.9,0.04,never,0.8,0.08625000000000002,0.05,0.08825000000000002,1.1090240000157792,80
h0.01_r0.9_s10039,10039,0.01,0.9,0.04,fresh,1.0,0.0,1.4,0.05600000000000001,1.2359440000864197,80
h0.01_r0.9_s10039,10039,0.01,0.9,0.04,ttl,1.0,0.0,0.3375,0.013500000000000002,1.7801110000164044,80
h0.01_r0.9_s10039,10039,0.01,0.9,0.04,entropy,1.0,0.0,0.4125,0.0165,1.3954940000076022,80
h0.01_r0.9_s10039,10039,0.01,0.9,0.04,random,0.9875,0.001875,0.5125,0.022375,1.3312370000448936,80
h0.01_r0.9_s10039,10039,0.01,0.9,0.04,myopic,0.875,0.018749999999999996,0.1625,0.025249999999999995,1.1601800000562434,80
h0.01_r0.9_s10039,10039,0.01,0.9,0.04,recheck,1.0,0.0,0.3,0.012,1.7205509999485002,80
h0.01_r0.9_s10039,10039,0.01,0.9,0.04,no_task,1.0,0.0,0.4375,0.0175,1.9853279999324513,80
h0.01_r0.9_s10040,10040,0.01,0.9,0.04,never,0.45,0.35312500000000024,0.05,0.35512500000000025,1.5273809999598598,80
h0.01_r0.9_s10040,10040,0.01,0.9,0.04,fresh,1.0,0.0,1.425,0.05700000000000001,1.389223999922251,80
h0.01_r0.9_s10040,10040,0.01,0.9,0.04,ttl,1.0,0.0,0.3375,0.013500000000000002,1.2267100000826758,80
h0.01_r0.9_s10040,10040,0.01,0.9,0.04,entropy,1.0,0.0,0.3875,0.0155,1.3511069998912717,80
h0.01_r0.9_s10040,10040,0.01,0.9,0.04,random,0.8875,0.055624999999999994,0.3125,0.06812499999999999,1.6043070000932858,80
h0.01_r0.9_s10040,10040,0.01,0.9,0.04,myopic,1.0,0.0,0.1625,0.006500000000000001,1.2446870000530907,80
h0.01_r0.9_s10040,10040,0.01,0.9,0.04,recheck,1.0,0.0,0.3,0.012,1.5415819999589075,80
h0.01_r0.9_s10040,10040,0.01,0.9,0.04,no_task,0.95,0.017499999999999998,0.4375,0.034999999999999996,1.580480999905376,80
h0.01_r0.9_s10041,10041,0.01,0.9,0.04,never,0.9875,0.0043749999999999995,0.05,0.0063750000000000005,1.075983999953678,80
h0.01_r0.9_s10041,10041,0.01,0.9,0.04,fresh,1.0,0.0,0.975,0.039,1.224877000026936,80
h0.01_r0.9_s10041,10041,0.01,0.9,0.04,ttl,1.0,0.0,0.3,0.012,1.2221130000398261,80
h0.01_r0.9_s10041,10041,0.01,0.9,0.04,entropy,1.0,0.0,0.3625,0.014499999999999999,1.2691340000401397,80
h0.01_r0.9_s10041,10041,0.01,0.9,0.04,random,0.9875,0.0043749999999999995,0.325,0.017375,1.2977570000884953,80
h0.01_r0.9_s10041,10041,0.01,0.9,0.04,myopic,0.975,0.00375,0.1875,0.01125,1.1592990000508507,80
h0.01_r0.9_s10041,10041,0.01,0.9,0.04,recheck,1.0,0.0,0.2875,0.0115,1.6304470000250149,80
h0.01_r0.9_s10041,10041,0.01,0.9,0.04,no_task,1.0,0.0,0.4375,0.0175,1.8020629999000448,80
h0.01_r0.9_s10042,10042,0.01,0.9,0.04,never,0.9625,0.009375,0.05,0.011375,1.1844969999401656,80
h0.01_r0.9_s10042,10042,0.01,0.9,0.04,fresh,1.0,0.0,1.125,0.045,1.2101250000569053,80
h0.01_r0.9_s10042,10042,0.01,0.9,0.04,ttl,1.0,0.0,0.3,0.012,1.3295449999759512,80
h0.01_r0.9_s10042,10042,0.01,0.9,0.04,entropy,1.0,0.0,0.3,0.012,1.2448469999526424,80
h0.01_r0.9_s10042,10042,0.01,0.9,0.04,random,0.975,0.00625,0.2625,0.016749999999999998,1.4380779999783044,80
h0.01_r0.9_s10042,10042,0.01,0.9,0.04,myopic,1.0,0.0,0.1875,0.0075,1.1669010000332491,80
h0.01_r0.9_s10042,10042,0.01,0.9,0.04,recheck,1.0,0.0,0.2875,0.0115,1.5831850000722625,80
h0.01_r0.9_s10042,10042,0.01,0.9,0.04,no_task,1.0,0.0,0.4375,0.0175,2.079690000073242,80
h0.01_r0.9_s10043,10043,0.01,0.9,0.04,never,0.3375,0.19750000000000012,0.05,0.19950000000000012,1.1756330000025628,80
h0.01_r0.9_s10043,10043,0.01,0.9,0.04,fresh,1.0,0.0,1.6625,0.0665,1.1978170000475075,80
h0.01_r0.9_s10043,10043,0.01,0.9,0.04,ttl,0.95,0.0325,0.45,0.0505,1.2560339999936332,80
h0.01_r0.9_s10043,10043,0.01,0.9,0.04,entropy,0.9875,0.008125,0.5625,0.030625000000000003,1.2612120000312643,80
h0.01_r0.9_s10043,10043,0.01,0.9,0.04,random,0.825,0.06999999999999999,0.4,0.086,1.3161750000563188,80
h0.01_r0.9_s10043,10043,0.01,0.9,0.04,myopic,0.9625,0.016875,0.2125,0.025375,1.164125999935095,80
h0.01_r0.9_s10043,10043,0.01,0.9,0.04,recheck,1.0,0.0,0.4,0.016,1.5688130000626188,80
h0.01_r0.9_s10043,10043,0.01,0.9,0.04,no_task,0.975,0.01625,0.4375,0.03375,1.568783999914558,80
h0.01_r0.9_s10044,10044,0.01,0.9,0.04,never,0.8375,0.10562500000000001,0.05,0.10762500000000001,1.0922090000349272,80
h0.01_r0.9_s10044,10044,0.01,0.9,0.04,fresh,1.0,0.0,0.825,0.033,1.212097999996331,80
h0.01_r0.9_s10044,10044,0.01,0.9,0.04,ttl,0.9875,0.008125,0.2,0.016125,1.2160440001025563,80
h0.01_r0.9_s10044,10044,0.01,0.9,0.04,entropy,0.9875,0.008125,0.2125,0.016625,1.2410719999706998,80
h0.01_r0.9_s10044,10044,0.01,0.9,0.04,random,0.9375,0.040625,0.2,0.048625,1.3017630000149438,80
h0.01_r0.9_s10044,10044,0.01,0.9,0.04,myopic,0.9875,0.008125,0.15,0.014124999999999999,1.1650280000594648,80
h0.01_r0.9_s10044,10044,0.01,0.9,0.04,recheck,0.9875,0.008125,0.2625,0.018625,1.6055280000273342,80
h0.01_r0.9_s10044,10044,0.01,0.9,0.04,no_task,0.9875,0.008125,0.4375,0.025625000000000002,1.5585679999503554,80
h0.01_r0.9_s10045,10045,0.01,0.9,0.04,never,0.7875,0.076875,0.05,0.078875,1.0941709999769955,80
h0.01_r0.9_s10045,10045,0.01,0.9,0.04,fresh,1.0,0.0,1.425,0.05700000000000001,1.202553999974043,80
h0.01_r0.9_s10045,10045,0.01,0.9,0.04,ttl,0.9,0.038125000000000006,0.3625,0.05262500000000001,1.255844000070283,80
h0.01_r0.9_s10045,10045,0.01,0.9,0.04,entropy,0.95,0.01625,0.4375,0.03375,1.2355240000943013,80
h0.01_r0.9_s10045,10045,0.01,0.9,0.04,random,0.8375,0.06250000000000001,0.35,0.07650000000000001,1.2951130000828925,80
h0.01_r0.9_s10045,10045,0.01,0.9,0.04,myopic,0.875,0.045000000000000005,0.15,0.051000000000000004,1.3990779999630831,80
h0.01_r0.9_s10045,10045,0.01,0.9,0.04,recheck,0.8875,0.029374999999999995,0.325,0.042374999999999996,1.5726689999837618,80
h0.01_r0.9_s10045,10045,0.01,0.9,0.04,no_task,0.9,0.04875,0.4375,0.06625,1.5538610000476183,80
h0.01_r0.9_s10046,10046,0.01,0.9,0.04,never,0.75,0.05750000000000001,0.05,0.05950000000000001,1.2036059999900317,80
h0.01_r0.9_s10046,10046,0.01,0.9,0.04,fresh,1.0,0.0,1.025,0.041,1.440501000047334,80
h0.01_r0.9_s10046,10046,0.01,0.9,0.04,ttl,0.9875,0.0025,0.25,0.0125,1.2541209999881175,80
h0.01_r0.9_s10046,10046,0.01,0.9,0.04,entropy,0.925,0.015,0.2875,0.026500000000000003,1.3134499999978289,80
h0.01_r0.9_s10046,10046,0.01,0.9,0.04,random,0.925,0.020624999999999998,0.275,0.031625,1.3165149999849746,80
h0.01_r0.9_s10046,10046,0.01,0.9,0.04,myopic,0.725,0.055000000000000014,0.0875,0.05850000000000002,1.1551730000292082,80
h0.01_r0.9_s10046,10046,0.01,0.9,0.04,recheck,0.925,0.015,0.175,0.022,2.3681029999806924,80
h0.01_r0.9_s10046,10046,0.01,0.9,0.04,no_task,0.65,0.07000000000000003,0.4375,0.08750000000000004,1.5901849999409023,80
h0.01_r0.9_s10047,10047,0.01,0.9,0.04,never,1.0,0.0,0.05,0.002,1.0642170000210172,80
h0.01_r0.9_s10047,10047,0.01,0.9,0.04,fresh,1.0,0.0,1.0125,0.0405,1.52705099992545,80
h0.01_r0.9_s10047,10047,0.01,0.9,0.04,ttl,1.0,0.0,0.2625,0.010499999999999999,1.284387000055176,80
h0.01_r0.9_s10047,10047,0.01,0.9,0.04,entropy,1.0,0.0,0.275,0.011,1.2397899999996298,80
h0.01_r0.9_s10047,10047,0.01,0.9,0.04,random,1.0,0.0,0.25,0.01,1.307741999994505,80
h0.01_r0.9_s10047,10047,0.01,0.9,0.04,myopic,1.0,0.0,0.2,0.008,1.2215130000186036,80
h0.01_r0.9_s10047,10047,0.01,0.9,0.04,recheck,1.0,0.0,0.325,0.013000000000000001,1.5593990000297708,80
h0.01_r0.9_s10047,10047,0.01,0.9,0.04,no_task,1.0,0.0,0.4375,0.0175,1.6640060000554513,80
h0.01_r0.9_s10048,10048,0.01,0.9,0.04,never,0.675,0.10437500000000002,0.05,0.10637500000000003,1.107520999994449,80
h0.01_r0.9_s10048,10048,0.01,0.9,0.04,fresh,1.0,0.0,0.8,0.032,1.181703000042944,80
h0.01_r0.9_s10048,10048,0.01,0.9,0.04,ttl,1.0,0.0,0.225,0.009,1.2393789999123328,80
h0.01_r0.9_s10048,10048,0.01,0.9,0.04,entropy,1.0,0.0,0.2625,0.010499999999999999,1.2492839999822536,80
h0.01_r0.9_s10048,10048,0.01,0.9,0.04,random,0.8625,0.04437500000000002,0.1875,0.05187500000000002,1.3676620000069306,80
h0.01_r0.9_s10048,10048,0.01,0.9,0.04,myopic,1.0,0.0,0.125,0.005,1.169535000030919,80
h0.01_r0.9_s10048,10048,0.01,0.9,0.04,recheck,1.0,0.0,0.225,0.009,1.6595600000073318,80
h0.01_r0.9_s10048,10048,0.01,0.9,0.04,no_task,1.0,0.0,0.4375,0.0175,1.5466800000467629,80
h0.01_r0.9_s10049,10049,0.01,0.9,0.04,never,0.6125,0.10312500000000002,0.05,0.10512500000000002,1.109584999994695,80
h0.01_r0.9_s10049,10049,0.01,0.9,0.04,fresh,1.0,0.0,1.0125,0.0405,1.205149000043093,80
h0.01_r0.9_s10049,10049,0.01,0.9,0.04,ttl,0.975,0.008749999999999999,0.275,0.01975,1.254201999927318,80
h0.01_r0.9_s10049,10049,0.01,0.9,0.04,entropy,1.0,0.0,0.325,0.013000000000000001,1.258006999933059,80
h0.01_r0.9_s10049,10049,0.01,0.9,0.04,random,0.8375,0.056874999999999995,0.3,0.06887499999999999,1.4326790000041,80
h0.01_r0.9_s10049,10049,0.01,0.9,0.04,myopic,0.9375,0.021875,0.1125,0.026375,1.1757039999338303,80
h0.01_r0.9_s10049,10049,0.01,0.9,0.04,recheck,0.975,0.008749999999999999,0.2375,0.01825,1.5556839999817385,80
h0.01_r0.9_s10049,10049,0.01,0.9,0.04,no_task,0.9625,0.013124999999999998,0.4375,0.030625000000000003,1.5707669999756035,80
h0.01_r0.9_s10050,10050,0.01,0.9,0.04,never,1.0,0.0,0.05,0.002,1.071887999955834,80
h0.01_r0.9_s10050,10050,0.01,0.9,0.04,fresh,1.0,0.0,0.9125,0.0365,1.205317999961153,80
h0.01_r0.9_s10050,10050,0.01,0.9,0.04,ttl,1.0,0.0,0.2375,0.0095,1.2281329999268564,80
h0.01_r0.9_s10050,10050,0.01,0.9,0.04,entropy,1.0,0.0,0.25,0.01,1.279148999969948,80
h0.01_r0.9_s10050,10050,0.01,0.9,0.04,random,1.0,0.0,0.1625,0.006500000000000001,1.2761140000066007,80
h0.01_r0.9_s10050,10050,0.01,0.9,0.04,myopic,1.0,0.0,0.0875,0.0035000000000000005,1.1560240000108024,80
h0.01_r0.9_s10050,10050,0.01,0.9,0.04,recheck,1.0,0.0,0.175,0.007000000000000001,1.5542109999842069,80
h0.01_r0.9_s10050,10050,0.01,0.9,0.04,no_task,1.0,0.0,0.4375,0.0175,1.5466809999225006,80
h0.01_r0.9_s10051,10051,0.01,0.9,0.04,never,0.9875,0.0043749999999999995,0.05,0.0063750000000000005,1.0865600000897757,80
h0.01_r0.9_s10051,10051,0.01,0.9,0.04,fresh,1.0,0.0,1.05,0.041999999999999996,1.2019229999395975,80
h0.01_r0.9_s10051,10051,0.01,0.9,0.04,ttl,1.0,0.0,0.25,0.01,1.394231999938711,80
h0.01_r0.9_s10051,10051,0.01,0.9,0.04,entropy,0.9875,0.0043749999999999995,0.325,0.017375,1.234331999967253,80
h0.01_r0.9_s10051,10051,0.01,0.9,0.04,random,0.9875,0.0043749999999999995,0.275,0.015375,1.4601799999809373,80
h0.01_r0.9_s10051,10051,0.01,0.9,0.04,myopic,0.9875,0.0043749999999999995,0.1625,0.010875,1.1590289999503511,80
h0.01_r0.9_s10051,10051,0.01,0.9,0.04,recheck,0.9875,0.0043749999999999995,0.275,0.015375,1.5741919999072707,80
h0.01_r0.9_s10051,10051,0.01,0.9,0.04,no_task,0.9875,0.0043749999999999995,0.4375,0.021875,1.58188299997164,80
h0.01_r0.9_s10052,10052,0.01,0.9,0.04,never,0.575,0.328125,0.05,0.330125,1.0956940000141913,80
h0.01_r0.9_s10052,10052,0.01,0.9,0.04,fresh,1.0,0.0,0.675,0.027000000000000003,1.1929199999940465,80
h0.01_r0.9_s10052,10052,0.01,0.9,0.04,ttl,0.9625,0.013124999999999998,0.175,0.020124999999999997,1.2210319999894637,80
h0.01_r0.9_s10052,10052,0.01,0.9,0.04,entropy,0.9875,0.0043749999999999995,0.2,0.012375,1.3591990000350052,80
h0.01_r0.9_s10052,10052,0.01,0.9,0.04,random,0.975,0.016875,0.175,0.023875,1.290927000013653,80
h0.01_r0.9_s10052,10052,0.01,0.9,0.04,myopic,0.925,0.026250000000000002,0.1125,0.03075,1.1827140000377767,80
h0.01_r0.9_s10052,10052,0.01,0.9,0.04,recheck,0.9625,0.013124999999999998,0.1875,0.020624999999999998,1.5530499999840686,80
h0.01_r0.9_s10052,10052,0.01,0.9,0.04,no_task,0.95,0.017499999999999998,0.4375,0.034999999999999996,1.5759250001110559,80
h0.01_r0.9_s10053,10053,0.01,0.9,0.04,never,0.7625,0.17249999999999996,0.05,0.17449999999999996,1.0898650000399357,80
h0.01_r0.9_s10053,10053,0.01,0.9,0.04,fresh,1.0,0.0,0.8375,0.0335,1.2218529999472594,80
h0.01_r0.9_s10053,10053,0.01,0.9,0.04,ttl,1.0,0.0,0.2125,0.0085,1.2567859999990105,80
h0.01_r0.9_s10053,10053,0.01,0.9,0.04,entropy,1.0,0.0,0.225,0.009,1.2937409999267402,80
h0.01_r0.9_s10053,10053,0.01,0.9,0.04,random,0.975,0.016875,0.2125,0.025375,1.5283629999203185,80
h0.01_r0.9_s10053,10053,0.01,0.9,0.04,myopic,1.0,0.0,0.1625,0.006500000000000001,1.1718380000047546,80
h0.01_r0.9_s10053,10053,0.01,0.9,0.04,recheck,1.0,0.0,0.25,0.01,1.8806209999411294,80
h0.01_r0.9_s10053,10053,0.01,0.9,0.04,no_task,1.0,0.0,0.4375,0.0175,1.6038659999821903,80
h0.01_r0.9_s10054,10054,0.01,0.9,0.04,never,0.7,0.09437500000000001,0.05,0.09637500000000002,1.0765050000145493,80
h0.01_r0.9_s10054,10054,0.01,0.9,0.04,fresh,1.0,0.0,1.2625,0.0505,1.2067500000512155,80
h0.01_r0.9_s10054,10054,0.01,0.9,0.04,ttl,0.9125,0.019375,0.3125,0.031875,1.228663000006236,80
h0.01_r0.9_s10054,10054,0.01,0.9,0.04,entropy,0.9875,0.003125,0.325,0.016125,1.2684729999818956,80
h0.01_r0.9_s10054,10054,0.01,0.9,0.04,random,0.9375,0.015625,0.4125,0.032125,1.3058389999969222,80
h0.01_r0.9_s10054,10054,0.01,0.9,0.04,myopic,0.7625,0.05375,0.15,0.05974999999999999,1.1921289999463625,80
h0.01_r0.9_s10054,10054,0.01,0.9,0.04,recheck,0.9625,0.009375,0.3,0.021374999999999998,1.5606120000484225,80
h0.01_r0.9_s10054,10054,0.01,0.9,0.04,no_task,0.9125,0.01875,0.4375,0.036250000000000004,1.5900250000413507,80
h0.01_r0.9_s10055,10055,0.01,0.9,0.04,never,1.0,0.0,0.05,0.002,1.0784980000835276,80
h0.01_r0.9_s10055,10055,0.01,0.9,0.04,fresh,1.0,0.0,0.675,0.027000000000000003,1.1980670000184546,80
h0.01_r0.9_s10055,10055,0.01,0.9,0.04,ttl,1.0,0.0,0.175,0.007000000000000001,1.2243859999898632,80
h0.01_r0.9_s10055,10055,0.01,0.9,0.04,entropy,1.0,0.0,0.2125,0.0085,1.2488539999822024,80
h0.01_r0.9_s10055,10055,0.01,0.9,0.04,random,1.0,0.0,0.1375,0.0055,1.3000200000305995,80
h0.01_r0.9_s10055,10055,0.01,0.9,0.04,myopic,1.0,0.0,0.125,0.005,1.3347230000135824,80
h0.01_r0.9_s10055,10055,0.01,0.9,0.04,recheck,1.0,0.0,0.175,0.007000000000000001,1.6542119999485294,80
h0.01_r0.9_s10055,10055,0.01,0.9,0.04,no_task,1.0,0.0,0.4375,0.0175,1.5721979999625546,80
h0.01_r0.9_s10056,10056,0.01,0.9,0.04,never,1.0,0.0,0.05,0.002,1.1024239998960184,80
h0.01_r0.9_s10056,10056,0.01,0.9,0.04,fresh,1.0,0.0,1.025,0.041,1.1888239999962025,80
h0.01_r0.9_s10056,10056,0.01,0.9,0.04,ttl,1.0,0.0,0.275,0.011,1.2332600000490856,80
h0.01_r0.9_s10056,10056,0.01,0.9,0.04,entropy,1.0,0.0,0.3375,0.013500000000000002,1.29358999993201,80
h0.01_r0.9_s10056,10056,0.01,0.9,0.04,random,1.0,0.0,0.25,0.01,1.2938009999743372,80
h0.01_r0.9_s10056,10056,0.01,0.9,0.04,myopic,1.0,0.0,0.15,0.006,1.1661999999432737,80
h0.01_r0.9_s10056,10056,0.01,0.9,0.04,recheck,1.0,0.0,0.2375,0.0095,1.5518879999945057,80
h0.01_r0.9_s10056,10056,0.01,0.9,0.04,no_task,1.0,0.0,0.4375,0.0175,1.6110569999909785,80
h0.01_r0.9_s10057,10057,0.01,0.9,0.04,never,0.3875,0.3756249999999997,0.05,0.3776249999999997,1.0731700000405908,80
h0.01_r0.9_s10057,10057,0.01,0.9,0.04,fresh,1.0,0.0,1.3375,0.053500000000000006,1.2586579999833702,80
h0.01_r0.9_s10057,10057,0.01,0.9,0.04,ttl,0.975,0.015,0.325,0.028000000000000004,1.2552330000517031,80
h0.01_r0.9_s10057,10057,0.01,0.9,0.04,entropy,0.95,0.02125,0.425,0.038250000000000006,1.3418130000673045,80
h0.01_r0.9_s10057,10057,0.01,0.9,0.04,random,0.9,0.04687500000000001,0.3125,0.059375,1.292149000050813,80
h0.01_r0.9_s10057,10057,0.01,0.9,0.04,myopic,0.9125,0.03937500000000001,0.2125,0.04787500000000001,1.1864900000091438,80
h0.01_r0.9_s10057,10057,0.01,0.9,0.04,recheck,0.9125,0.052500000000000005,0.35,0.0665,1.5498550000074829,80
h0.01_r0.9_s10057,10057,0.01,0.9,0.04,no_task,0.925,0.040625,0.4375,0.058125,1.7103249999763648,80
h0.01_r0.9_s10058,10058,0.01,0.9,0.04,never,0.85,0.050624999999999996,0.05,0.052625,1.074151000011625,80
h0.01_r0.9_s10058,10058,0.01,0.9,0.04,fresh,1.0,0.0,1.8,0.072,1.1935699999412464,80
h0.01_r0.9_s10058,10058,0.01,0.9,0.04,ttl,0.9875,0.003125,0.4375,0.020625,1.3404910000645032,80
h0.01_r0.9_s10058,10058,0.01,0.9,0.04,entropy,0.9875,0.003125,0.5,0.023125,1.254862999985562,80
h0.01_r0.9_s10058,10058,0.01,0.9,0.04,random,0.975,0.006875000000000001,0.55,0.028875,1.328023000041867,80
h0.01_r0.9_s10058,10058,0.01,0.9,0.04,myopic,0.8875,0.023124999999999996,0.2,0.031124999999999996,1.2513570000010077,80
h0.01_r0.9_s10058,10058,0.01,0.9,0.04,recheck,0.95,0.013750000000000002,0.4125,0.03025,1.6244969999661407,80
h0.01_r0.9_s10058,10058,0.01,0.9,0.04,no_task,0.95,0.01625,0.4375,0.03375,1.6761950000727666,80
h0.01_r0.9_s10059,10059,0.01,0.9,0.04,never,0.725,0.11124999999999993,0.05,0.11324999999999993,1.0909470000797228,80
h0.01_r0.9_s10059,10059,0.01,0.9,0.04,fresh,1.0,0.0,1.425,0.05700000000000001,1.1923289999913322,80
h0.01_r0.9_s10059,10059,0.01,0.9,0.04,ttl,1.0,0.0,0.35,0.014000000000000002,1.2791590000915676,80
h0.01_r0.9_s10059,10059,0.01,0.9,0.04,entropy,1.0,0.0,0.375,0.015,1.265106999994714,80
h0.01_r0.9_s10059,10059,0.01,0.9,0.04,random,0.8875,0.04687500000000001,0.45,0.064875,1.3214319999406143,80
h0.01_r0.9_s10059,10059,0.01,0.9,0.04,myopic,1.0,0.0,0.1625,0.006500000000000001,1.1926490000178092,80
h0.01_r0.9_s10059,10059,0.01,0.9,0.04,recheck,1.0,0.0,0.3375,0.013500000000000002,1.568904000009752,80
h0.01_r0.9_s10059,10059,0.01,0.9,0.04,no_task,0.95,0.0325,0.4375,0.05,1.5672309999672507,80
h0.01_r0.9_s10060,10060,0.01,0.9,0.04,never,0.9375,0.04375,0.05,0.04575,1.341982999974789,80
h0.01_r0.9_s10060,10060,0.01,0.9,0.04,fresh,1.0,0.0,1.175,0.047,1.288423000005423,80
h0.01_r0.9_s10060,10060,0.01,0.9,0.04,ttl,0.9875,0.003125,0.2875,0.014624999999999999,1.254951999953846,80
h0.01_r0.9_s10060,10060,0.01,0.9,0.04,entropy,1.0,0.0,0.325,0.013000000000000001,1.2455280000267521,80
h0.01_r0.9_s10060,10060,0.01,0.9,0.04,random,0.9875,0.003125,0.4,0.019125,1.2865200000078403,80
h0.01_r0.9_s10060,10060,0.01,0.9,0.04,myopic,0.975,0.00625,0.2,0.014250000000000002,1.3229539999883855,80
h0.01_r0.9_s10060,10060,0.01,0.9,0.04,recheck,0.975,0.00625,0.325,0.01925,1.5795990000242455,80
h0.01_r0.9_s10060,10060,0.01,0.9,0.04,no_task,0.975,0.00625,0.4375,0.02375,1.5801109999529217,80
h0.01_r0.9_s10061,10061,0.01,0.9,0.04,never,0.575,0.2275000000000001,0.05,0.2295000000000001,1.092919000029724,80
h0.01_r0.9_s10061,10061,0.01,0.9,0.04,fresh,1.0,0.0,1.125,0.045,1.2288340000168319,80
h0.01_r0.9_s10061,10061,0.01,0.9,0.04,ttl,1.0,0.0,0.2875,0.0115,1.239419000057751,80
h0.01_r0.9_s10061,10061,0.01,0.9,0.04,entropy,1.0,0.0,0.2875,0.0115,1.2371259999781614,80
h0.01_r0.9_s10061,10061,0.01,0.9,0.04,random,0.925,0.04375,0.375,0.058750000000000004,1.3118680000161476,80
h0.01_r0.9_s10061,10061,0.01,0.9,0.04,myopic,1.0,0.0,0.2125,0.0085,1.1627650000036738,80
h0.01_r0.9_s10061,10061,0.01,0.9,0.04,recheck,1.0,0.0,0.3375,0.013500000000000002,1.5877719999934925,80
h0.01_r0.9_s10061,10061,0.01,0.9,0.04,no_task,0.9875,0.0043749999999999995,0.4375,0.021875,1.567081000075632,80
h0.01_r0.9_s10062,10062,0.01,0.9,0.04,never,0.7125,0.17437500000000006,0.05,0.17637500000000006,1.0805509999727292,80
h0.01_r0.9_s10062,10062,0.01,0.9,0.04,fresh,1.0,0.0,0.8375,0.0335,1.196885000013026,80
h0.01_r0.9_s10062,10062,0.01,0.9,0.04,ttl,1.0,0.0,0.2625,0.010499999999999999,2.3989789999632194,80
h0.01_r0.9_s10062,10062,0.01,0.9,0.04,entropy,1.0,0.0,0.3,0.012,1.6112970000676796,80
h0.01_r0.9_s10062,10062,0.01,0.9,0.04,random,0.95,0.019999999999999997,0.3,0.031999999999999994,3.5976770000161196,80
h0.01_r0.9_s10062,10062,0.01,0.9,0.04,myopic,0.95,0.0075,0.2125,0.016,1.2131500000123197,80
h0.01_r0.9_s10062,10062,0.01,0.9,0.04,recheck,1.0,0.0,0.2875,0.0115,1.6627350000817387,80
h0.01_r0.9_s10062,10062,0.01,0.9,0.04,no_task,0.9375,0.028125,0.4375,0.045625000000000006,1.595652999981212,80
h0.01_r0.9_s10063,10063,0.01,0.9,0.04,never,0.9375,0.015625,0.05,0.017625,1.1599299999716095,80
h0.01_r0.9_s10063,10063,0.01,0.9,0.04,fresh,1.0,0.0,1.525,0.061,1.2552029999142178,80
h0.01_r0.9_s10063,10063,0.01,0.9,0.04,ttl,1.0,0.0,0.3875,0.0155,1.3115270000980672,80
h0.01_r0.9_s10063,10063,0.01,0.9,0.04,entropy,0.9875,0.003125,0.3875,0.018625,1.31747600005383,80
h0.01_r0.9_s10063,10063,0.01,0.9,0.04,random,0.9875,0.003125,0.35,0.017125,1.2883330000477144,80
h0.01_r0.9_s10063,10063,0.01,0.9,0.04,myopic,0.9,0.025,0.1875,0.0325,1.1809620000349241,80
h0.01_r0.9_s10063,10063,0.01,0.9,0.04,recheck,1.0,0.0,0.35,0.014000000000000002,1.6235250000136148,80
h0.01_r0.9_s10063,10063,0.01,0.9,0.04,no_task,1.0,0.0,0.4375,0.0175,1.6643669999893973,80
h0.01_r0.9_s10000,10000,0.01,0.9,0.12,never,0.6375,0.26062499999999994,0.05,0.26662499999999995,1.186350000011771,80
h0.01_r0.9_s10000,10000,0.01,0.9,0.12,fresh,1.0,0.0,0.9125,0.1095,1.3829839999743854,80
h0.01_r0.9_s10000,10000,0.01,0.9,0.12,ttl,0.75,0.18000000000000008,0.1375,0.19650000000000006,1.2404210000340754,80
h0.01_r0.9_s10000,10000,0.01,0.9,0.12,entropy,0.8875,0.09812499999999999,0.2,0.122125,1.3679720000254747,80
h0.01_r0.9_s10000,10000,0.01,0.9,0.12,random,0.9,0.09,0.125,0.10499999999999998,1.3104760000715032,80
h0.01_r0.9_s10000,10000,0.01,0.9,0.12,myopic,0.725,0.20375000000000004,0.0875,0.21425000000000005,1.1876910000410135,80
h0.01_r0.9_s10000,10000,0.01,0.9,0.12,recheck,0.9875,0.008125,0.2,0.032125,1.7266499999095686,80
h0.01_r0.9_s10000,10000,0.01,0.9,0.12,no_task,0.775,0.17125000000000004,0.2375,0.19975000000000004,1.6611319999810803,80
h0.01_r0.9_s10001,10001,0.01,0.9,0.12,never,0.9375,0.030625000000000003,0.05,0.036625000000000005,1.1132500000030632,80
h0.01_r0.9_s10001,10001,0.01,0.9,0.12,fresh,1.0,0.0,1.1625,0.1395,1.3153630000033445,80
h0.01_r0.9_s10001,10001,0.01,0.9,0.12,ttl,1.0,0.0,0.15,0.018,1.321442000062234,80
h0.01_r0.9_s10001,10001,0.01,0.9,0.12,entropy,1.0,0.0,0.2625,0.0315,1.3393400000722977,80
h0.01_r0.9_s10001,10001,0.01,0.9,0.12,random,0.9375,0.030625000000000003,0.1625,0.050124999999999996,1.3246470000467525,80
h0.01_r0.9_s10001,10001,0.01,0.9,0.12,myopic,0.9125,0.021875,0.0875,0.032375,1.243496000029154,80
h0.01_r0.9_s10001,10001,0.01,0.9,0.12,recheck,1.0,0.0,0.225,0.027000000000000003,1.7131900000322275,80
h0.01_r0.9_s10001,10001,0.01,0.9,0.12,no_task,0.975,0.01625,0.2375,0.04475,1.9147729999531293,80
h0.01_r0.9_s10002,10002,0.01,0.9,0.12,never,0.5,0.29000000000000004,0.05,0.29600000000000004,1.142993999906139,80
h0.01_r0.9_s10002,10002,0.01,0.9,0.12,fresh,1.0,0.0,0.775,0.093,1.316105000000789,80
h0.01_r0.9_s10002,10002,0.01,0.9,0.12,ttl,1.0,0.0,0.1125,0.013500000000000002,1.2172560000180965,80
h0.01_r0.9_s10002,10002,0.01,0.9,0.12,entropy,1.0,0.0,0.15,0.018,1.2299250000751272,80
h0.01_r0.9_s10002,10002,0.01,0.9,0.12,random,0.725,0.06500000000000003,0.1,0.07700000000000003,1.460690999920189,80
h0.01_r0.9_s10002,10002,0.01,0.9,0.12,myopic,0.7375,0.05250000000000001,0.075,0.06150000000000001,1.2073809999719742,80
h0.01_r0.9_s10002,10002,0.01,0.9,0.12,recheck,1.0,0.0,0.1375,0.016499999999999997,1.565669000001435,80
h0.01_r0.9_s10002,10002,0.01,0.9,0.12,no_task,1.0,0.0,0.2375,0.028499999999999998,1.941332000001239,80
h0.01_r0.9_s10003,10003,0.01,0.9,0.12,never,0.775,0.03687499999999999,0.05,0.04287499999999999,1.072488999966481,80
h0.01_r0.9_s10003,10003,0.01,0.9,0.12,fresh,1.0,0.0,1.2625,0.1515,1.2083429999165674,80
h0.01_r0.9_s10003,10003,0.01,0.9,0.12,ttl,0.9625,0.005625,0.175,0.026625,1.2047569999822372,80
h0.01_r0.9_s10003,10003,0.01,0.9,0.12,entropy,1.0,0.0,0.2875,0.034499999999999996,1.2591189999966446,80
h0.01_r0.9_s10003,10003,0.01,0.9,0.12,random,0.9125,0.013125000000000001,0.1375,0.029625000000000002,1.46586899995782,80
h0.01_r0.9_s10003,10003,0.01,0.9,0.12,myopic,0.775,0.03687499999999999,0.075,0.045874999999999985,1.1879620000172508,80
h0.01_r0.9_s10003,10003,0.01,0.9,0.12,recheck,0.9875,0.003125,0.225,0.030125000000000002,1.5465899999753674,80
h0.01_r0.9_s10003,10003,0.01,0.9,0.12,no_task,0.95,0.0075,0.2375,0.036,1.5807610000138084,80
h0.01_r0.9_s10004,10004,0.01,0.9,0.12,never,0.7625,0.08312499999999998,0.05,0.08912499999999997,1.080500999933065,80
h0.01_r0.9_s10004,10004,0.01,0.9,0.12,fresh,1.0,0.0,1.05,0.126,1.2023240000189617,80
h0.01_r0.9_s10004,10004,0.01,0.9,0.12,ttl,1.0,0.0,0.1,0.012,1.2967650000064168,80
h0.01_r0.9_s10004,10004,0.01,0.9,0.12,entropy,1.0,0.0,0.2375,0.028499999999999998,1.240320999954747,80
h0.01_r0.9_s10004,10004,0.01,0.9,0.12,random,0.8,0.06999999999999998,0.1375,0.08649999999999998,1.3072210000473206,80
h0.01_r0.9_s10004,10004,0.01,0.9,0.12,myopic,1.0,0.0,0.1,0.012,1.1759940000501956,80
h0.01_r0.9_s10004,10004,0.01,0.9,0.12,recheck,1.0,0.0,0.225,0.027000000000000003,1.562494000040715,80
h0.01_r0.9_s10004,10004,0.01,0.9,0.12,no_task,1.0,0.0,0.2375,0.028499999999999998,1.5477019999252661,80
h0.01_r0.9_s10005,10005,0.01,0.9,0.12,never,0.95,0.0125,0.05,0.0185,1.2959750000618442,80
h0.01_r0.9_s10005,10005,0.01,0.9,0.12,fresh,1.0,0.0,1.6,0.192,1.2290729999904215,80
h0.01_r0.9_s10005,10005,0.01,0.9,0.12,ttl,0.95,0.0125,0.125,0.027500000000000004,1.2063789999956498,80
h0.01_r0.9_s10005,10005,0.01,0.9,0.12,entropy,0.9625,0.009375,0.2375,0.037875,1.272858999982418,80
h0.01_r0.9_s10005,10005,0.01,0.9,0.12,random,0.95,0.0125,0.1375,0.028999999999999998,1.493731000095977,80
h0.01_r0.9_s10005,10005,0.01,0.9,0.12,myopic,0.95,0.0125,0.075,0.0215,1.2458189999051683,80
h0.01_r0.9_s10005,10005,0.01,0.9,0.12,recheck,0.95,0.0125,0.2,0.0365,1.5358639999476509,80
h0.01_r0.9_s10005,10005,0.01,0.9,0.12,no_task,0.95,0.0125,0.2375,0.040999999999999995,1.6314380000039819,80
h0.01_r0.9_s10006,10006,0.01,0.9,0.12,never,1.0,0.0,0.05,0.006,1.1173159999771087,80
h0.01_r0.9_s10006,10006,0.01,0.9,0.12,fresh,1.0,0.0,1.1125,0.1335,1.2209220000158894,80
h0.01_r0.9_s10006,10006,0.01,0.9,0.12,ttl,1.0,0.0,0.15,0.018,1.535043000103542,80
h0.01_r0.9_s10006,10006,0.01,0.9,0.12,entropy,1.0,0.0,0.25,0.03,1.2210219999815308,80
h0.01_r0.9_s10006,10006,0.01,0.9,0.12,random,1.0,0.0,0.15,0.018,1.4005609999685475,80
h0.01_r0.9_s10006,10006,0.01,0.9,0.12,myopic,1.0,0.0,0.1,0.012,1.1472910000520642,80
h0.01_r0.9_s10006,10006,0.01,0.9,0.12,recheck,1.0,0.0,0.2125,0.025500000000000002,1.7258289999517729,80
h0.01_r0.9_s10006,10006,0.01,0.9,0.12,no_task,1.0,0.0,0.2375,0.028499999999999998,1.543255000001409,80
h0.01_r0.9_s10007,10007,0.01,0.9,0.12,never,1.0,0.0,0.05,0.006,1.1932300000125906,80
h0.01_r0.9_s10007,10007,0.01,0.9,0.12,fresh,1.0,0.0,1.0375,0.12449999999999999,1.2101150000489724,80
h0.01_r0.9_s10007,10007,0.01,0.9,0.12,ttl,1.0,0.0,0.1125,0.013500000000000002,1.233600999967166,80
h0.01_r0.9_s10007,10007,0.01,0.9,0.12,entropy,1.0,0.0,0.1625,0.0195,1.3811119999900257,80
h0.01_r0.9_s10007,10007,0.01,0.9,0.12,random,1.0,0.0,0.1,0.012,1.3611720000881178,80
h0.01_r0.9_s10007,10007,0.01,0.9,0.12,myopic,1.0,0.0,0.075,0.009,1.250916000003599,80
h0.01_r0.9_s10007,10007,0.01,0.9,0.12,recheck,1.0,0.0,0.1875,0.0225,1.5635160000329051,80
h0.01_r0.9_s10007,10007,0.01,0.9,0.12,no_task,1.0,0.0,0.2375,0.028499999999999998,1.561471999934838,80
h0.01_r0.9_s10008,10008,0.01,0.9,0.12,never,1.0,0.0,0.05,0.006,1.1581070000374893,80
h0.01_r0.9_s10008,10008,0.01,0.9,0.12,fresh,1.0,0.0,1.05,0.126,1.2338310000359343,80
h0.01_r0.9_s10008,10008,0.01,0.9,0.12,ttl,1.0,0.0,0.1,0.012,1.2046079999663561,80
h0.01_r0.9_s10008,10008,0.01,0.9,0.12,entropy,1.0,0.0,0.2,0.024,1.217776999965281,80
h0.01_r0.9_s10008,10008,0.01,0.9,0.12,random,1.0,0.0,0.1125,0.013500000000000002,1.3108269999975164,80
h0.01_r0.9_s10008,10008,0.01,0.9,0.12,myopic,1.0,0.0,0.0625,0.0075,1.144107000072836,80
h0.01_r0.9_s10008,10008,0.01,0.9,0.12,recheck,1.0,0.0,0.1625,0.0195,1.5882730000384981,80
h0.01_r0.9_s10008,10008,0.01,0.9,0.12,no_task,1.0,0.0,0.2375,0.028499999999999998,1.7885529999830396,80
h0.01_r0.9_s10009,10009,0.01,0.9,0.12,never,0.7875,0.07437499999999998,0.05,0.08037499999999997,1.1077919999706864,80
h0.01_r0.9_s10009,10009,0.01,0.9,0.12,fresh,1.0,0.0,1.575,0.189,1.3088839999682023,80
h0.01_r0.9_s10009,10009,0.01,0.9,0.12,ttl,0.6875,0.07687500000000005,0.125,0.09187500000000007,1.210075000017241,80
h0.01_r0.9_s10009,10009,0.01,0.9,0.12,entropy,0.95,0.01,0.2625,0.0415,1.5246980000256372,80
h0.01_r0.9_s10009,10009,0.01,0.9,0.12,random,0.8375,0.046875,0.1875,0.06937499999999999,1.8436359999896013,80
h0.01_r0.9_s10009,10009,0.01,0.9,0.12,myopic,0.7,0.07000000000000005,0.075,0.07900000000000004,1.191997999967498,80
h0.01_r0.9_s10009,10009,0.01,0.9,0.12,recheck,0.75,0.05249999999999999,0.175,0.07349999999999998,1.561642999945434,80
h0.01_r0.9_s10009,10009,0.01,0.9,0.12,no_task,0.6625,0.08312500000000006,0.2375,0.11162500000000006,1.5660590000834418,80
h0.01_r0.9_s10010,10010,0.01,0.9,0.12,never,0.7125,0.08625000000000006,0.05,0.09225000000000005,1.0692140000401196,80
h0.01_r0.9_s10010,10010,0.01,0.9,0.12,fresh,1.0,0.0,1.3,0.156,1.2084930000355598,80
h0.01_r0.9_s10010,10010,0.01,0.9,0.12,ttl,0.95,0.0125,0.15,0.0305,1.204517000019223,80
h0.01_r0.9_s10010,10010,0.01,0.9,0.12,entropy,1.0,0.0,0.225,0.027000000000000003,1.247531999979401,80
h0.01_r0.9_s10010,10010,0.01,0.9,0.12,random,0.8,0.07687500000000001,0.1375,0.09337500000000001,1.2719879999849582,80
h0.01_r0.9_s10010,10010,0.01,0.9,0.12,myopic,0.775,0.08000000000000004,0.1,0.09200000000000004,1.1965850000024147,80
h0.01_r0.9_s10010,10010,0.01,0.9,0.12,recheck,0.9875,0.003125,0.2375,0.031625,1.629114000024856,80
h0.01_r0.9_s10010,10010,0.01,0.9,0.12,no_task,0.9125,0.015624999999999997,0.2375,0.04412499999999999,1.5586790000270412,80
h0.01_r0.9_s10011,10011,0.01,0.9,0.12,never,0.225,0.12375000000000011,0.05,0.12975000000000012,1.0714879999795812,80
h0.01_r0.9_s10011,10011,0.01,0.9,0.12,fresh,1.0,0.0,2.65,0.31799999999999995,1.2209920000714192,80
h0.01_r0.9_s10011,10011,0.01,0.9,0.12,ttl,0.825,0.026249999999999996,0.175,0.04724999999999999,1.228533000016796,80
h0.01_r0.9_s10011,10011,0.01,0.9,0.12,entropy,0.9875,0.001875,0.425,0.052875000000000005,1.2418830000342496,80
h0.01_r0.9_s10011,10011,0.01,0.9,0.12,random,0.825,0.026249999999999996,0.4,0.07425,1.3728190000392715,80
h0.01_r0.9_s10011,10011,0.01,0.9,0.12,myopic,0.375,0.09625000000000009,0.0875,0.10675000000000008,1.1736809999547404,80
h0.01_r0.9_s10011,10011,0.01,0.9,0.12,recheck,0.875,0.018749999999999996,0.2875,0.05325,1.610425999956533,80
h0.01_r0.9_s10011,10011,0.01,0.9,0.12,no_task,0.8125,0.028124999999999994,0.2375,0.056624999999999995,1.565539000011995,80
h0.01_r0.9_s10012,10012,0.01,0.9,0.12,never,0.825,0.07875000000000001,0.05,0.08475000000000002,1.0832660000232863,80
h0.01_r0.9_s10012,10012,0.01,0.9,0.12,fresh,1.0,0.0,0.9875,0.11850000000000001,1.2017920000744198,80
h0.01_r0.9_s10012,10012,0.01,0.9,0.12,ttl,0.8625,0.05437499999999999,0.175,0.075375,1.2161639999703766,80
h0.01_r0.9_s10012,10012,0.01,0.9,0.12,entropy,0.95,0.0125,0.275,0.0455,1.2423939999735012,80
h0.01_r0.9_s10012,10012,0.01,0.9,0.12,random,0.9875,0.003125,0.125,0.018125,1.3037559999702353,80
h0.01_r0.9_s10012,10012,0.01,0.9,0.12,myopic,0.9125,0.021875,0.125,0.036875000000000005,1.198467999984132,80
h0.01_r0.9_s10012,10012,0.01,0.9,0.12,recheck,0.9875,0.003125,0.2375,0.031625,1.7559340000161683,80
h0.01_r0.9_s10012,10012,0.01,0.9,0.12,no_task,1.0,0.0,0.2375,0.028499999999999998,1.6358540000283028,80
h0.01_r0.9_s10013,10013,0.01,0.9,0.12,never,0.9,0.065,0.05,0.071,1.102243999980601,80
h0.01_r0.9_s10013,10013,0.01,0.9,0.12,fresh,1.0,0.0,0.6875,0.08249999999999999,1.2031249999608917,80
h0.01_r0.9_s10013,10013,0.01,0.9,0.12,ttl,0.9,0.065,0.1,0.077,1.362003999929584,80
h0.01_r0.9_s10013,10013,0.01,0.9,0.12,entropy,0.95,0.0325,0.1875,0.05500000000000001,1.2647769999603042,80
h0.01_r0.9_s10013,10013,0.01,0.9,0.12,random,0.925,0.04875,0.1125,0.06225000000000001,1.3246769999568642,80
h0.01_r0.9_s10013,10013,0.01,0.9,0.12,myopic,0.9375,0.040625,0.0875,0.051125,1.1852879999878496,80
h0.01_r0.9_s10013,10013,0.01,0.9,0.12,recheck,0.95,0.0325,0.1875,0.05500000000000001,1.565549000019928,80
h0.01_r0.9_s10013,10013,0.01,0.9,0.12,no_task,0.8,0.13000000000000003,0.2375,0.15850000000000003,1.5886130000808407,80
h0.01_r0.9_s10014,10014,0.01,0.9,0.12,never,0.9,0.019999999999999997,0.05,0.026000000000000002,1.08747100000528,80
h0.01_r0.9_s10014,10014,0.01,0.9,0.12,fresh,1.0,0.0,0.675,0.08099999999999999,1.2163039999677494,80
h0.01_r0.9_s10014,10014,0.01,0.9,0.12,ttl,1.0,0.0,0.1125,0.013500000000000002,1.2106760000278882,80
h0.01_r0.9_s10014,10014,0.01,0.9,0.12,entropy,1.0,0.0,0.1375,0.016499999999999997,1.3009909999937008,80
h0.01_r0.9_s10014,10014,0.01,0.9,0.12,random,0.9,0.019999999999999997,0.1375,0.0365,1.2920279999661943,80
h0.01_r0.9_s10014,10014,0.01,0.9,0.12,myopic,0.9,0.019999999999999997,0.0875,0.0305,1.161944000045878,80
h0.01_r0.9_s10014,10014,0.01,0.9,0.12,recheck,1.0,0.0,0.1375,0.016499999999999997,1.5796800000771327,80
h0.01_r0.9_s10014,10014,0.01,0.9,0.12,no_task,0.9,0.019999999999999997,0.2375,0.0485,1.540722000072492,80
h0.01_r0.9_s10015,10015,0.01,0.9,0.12,never,0.825,0.04375,0.05,0.04975,1.0936809999293473,80
h0.01_r0.9_s10015,10015,0.01,0.9,0.12,fresh,1.0,0.0,1.95,0.23399999999999999,1.2218430000530134,80
h0.01_r0.9_s10015,10015,0.01,0.9,0.12,ttl,0.825,0.04375,0.1875,0.06625,1.2132800000017596,80
h0.01_r0.9_s10015,10015,0.01,0.9,0.12,entropy,0.9125,0.021875,0.35,0.06387499999999999,1.2466110000559638,80
h0.01_r0.9_s10015,10015,0.01,0.9,0.12,random,0.85,0.057499999999999996,0.2875,0.092,1.3032950000706478,80
h0.01_r0.9_s10015,10015,0.01,0.9,0.12,myopic,0.825,0.04375,0.0875,0.05425,1.1775560000160112,80
h0.01_r0.9_s10015,10015,0.01,0.9,0.12,recheck,0.85,0.0375,0.2625,0.06899999999999999,1.5347529999871767,80
h0.01_r0.9_s10015,10015,0.01,0.9,0.12,no_task,0.95,0.0125,0.2375,0.040999999999999995,1.5779880000081903,80
h0.01_r0.9_s10016,10016,0.01,0.9,0.12,never,0.375,0.49812499999999976,0.05,0.5041249999999997,1.0792589999937263,80
h0.01_r0.9_s10016,10016,0.01,0.9,0.12,fresh,1.0,0.0,1.6125,0.19349999999999998,1.245638999989751,80
h0.01_r0.9_s10016,10016,0.01,0.9,0.12,ttl,0.7625,0.15937499999999996,0.15,0.17737499999999995,1.2908559999686986,80
h0.01_r0.9_s10016,10016,0.01,0.9,0.12,entropy,0.95,0.025625,0.2875,0.060125,1.2748330000249553,80
h0.01_r0.9_s10016,10016,0.01,0.9,0.12,random,0.8125,0.08562499999999998,0.25,0.11562499999999998,1.2775369999644681,80
h0.01_r0.9_s10016,10016,0.01,0.9,0.12,myopic,0.65,0.2743749999999999,0.1,0.28637499999999994,1.1473910000177057,80
h0.01_r0.9_s10016,10016,0.01,0.9,0.12,recheck,0.8625,0.05625,0.225,0.08325,1.7131609999978537,80
h0.01_r0.9_s10016,10016,0.01,0.9,0.12,no_task,0.7875,0.09249999999999999,0.2375,0.12099999999999997,1.5429949999088421,80
h0.01_r0.9_s10017,10017,0.01,0.9,0.12,never,0.8625,0.05500000000000001,0.05,0.06100000000000001,1.2201100000766019,80
h0.01_r0.9_s10017,10017,0.01,0.9,0.12,fresh,1.0,0.0,0.65,0.078,1.1657190000278206,80
h0.01_r0.9_s10017,10017,0.01,0.9,0.12,ttl,0.9375,0.015625,0.1375,0.032125,1.2307759999430345,80
h0.01_r0.9_s10017,10017,0.01,0.9,0.12,entropy,0.95,0.0125,0.1625,0.032,1.2150630000178353,80
h0.01_r0.9_s10017,10017,0.01,0.9,0.12,random,0.875,0.059375,0.1,0.071375,1.3120680000611173,80
h0.01_r0.9_s10017,10017,0.01,0.9,0.12,myopic,0.925,0.026875,0.0875,0.037375,1.1542220000819725,80
h0.01_r0.9_s10017,10017,0.01,0.9,0.12,recheck,0.9375,0.015625,0.1625,0.035125,1.544207000051756,80
h0.01_r0.9_s10017,10017,0.01,0.9,0.12,no_task,0.9375,0.015625,0.2375,0.044125,1.559619999966344,80
h0.01_r0.9_s10018,10018,0.01,0.9,0.12,never,0.8125,0.05562500000000002,0.05,0.06162500000000002,1.7718180000656503,80
h0.01_r0.9_s10018,10018,0.01,0.9,0.12,fresh,1.0,0.0,1.1875,0.14250000000000002,1.2141820000124426,80
h0.01_r0.9_s10018,10018,0.01,0.9,0.12,ttl,0.9125,0.030625000000000003,0.1375,0.047125,1.3407820000566062,80
h0.01_r0.9_s10018,10018,0.01,0.9,0.12,entropy,0.9875,0.0043749999999999995,0.225,0.031375,1.2597900000628215,80
h0.01_r0.9_s10018,10018,0.01,0.9,0.12,random,0.95,0.017499999999999998,0.175,0.0385,1.2747020000460907,80
h0.01_r0.9_s10018,10018,0.01,0.9,0.12,myopic,0.8125,0.05562500000000002,0.1,0.06762500000000002,1.1732399999573317,80
h0.01_r0.9_s10018,10018,0.01,0.9,0.12,recheck,0.9375,0.021875,0.1875,0.044375,1.546128999962093,80
h0.01_r0.9_s10018,10018,0.01,0.9,0.12,no_task,0.8125,0.05562500000000002,0.2375,0.08412500000000003,1.667641000040021,80
h0.01_r0.9_s10019,10019,0.01,0.9,0.12,never,0.925,0.04875,0.05,0.05475,1.0742919999984224,80
h0.01_r0.9_s10019,10019,0.01,0.9,0.12,fresh,1.0,0.0,1.0375,0.12449999999999999,1.1969060000183163,80
h0.01_r0.9_s10019,10019,0.01,0.9,0.12,ttl,0.925,0.04875,0.1,0.06074999999999999,1.2426940000977993,80
h0.01_r0.9_s10019,10019,0.01,0.9,0.12,entropy,0.95,0.0325,0.2,0.056499999999999995,1.2438259999498769,80
h0.01_r0.9_s10019,10019,0.01,0.9,0.12,random,0.9375,0.040625,0.1125,0.054125,1.335553999979311,80
h0.01_r0.9_s10019,10019,0.01,0.9,0.12,myopic,0.9375,0.040625,0.075,0.049624999999999996,1.1497350000126971,80
h0.01_r0.9_s10019,10019,0.01,0.9,0.12,recheck,0.95,0.0325,0.15,0.0505,1.5641569999615967,80
h0.01_r0.9_s10019,10019,0.01,0.9,0.12,no_task,0.975,0.01625,0.2375,0.04475,1.5543009999419155,80
h0.01_r0.9_s10020,10020,0.01,0.9,0.12,never,1.0,0.0,0.05,0.006,1.0982679999642642,80
h0.01_r0.9_s10020,10020,0.01,0.9,0.12,fresh,1.0,0.0,2.0625,0.2475,1.1924190000627277,80
h0.01_r0.9_s10020,10020,0.01,0.9,0.12,ttl,1.0,0.0,0.1375,0.016499999999999997,1.2278320000405074,80
h0.01_r0.9_s10020,10020,0.01,0.9,0.12,entropy,1.0,0.0,0.35,0.041999999999999996,1.2631849999706901,80
h0.01_r0.9_s10020,10020,0.01,0.9,0.12,random,1.0,0.0,0.275,0.032999999999999995,1.284998000073756,80
h0.01_r0.9_s10020,10020,0.01,0.9,0.12,myopic,1.0,0.0,0.075,0.009,1.2556340000173805,80
h0.01_r0.9_s10020,10020,0.01,0.9,0.12,recheck,1.0,0.0,0.2375,0.028499999999999998,1.5961349999997765,80
h0.01_r0.9_s10020,10020,0.01,0.9,0.12,no_task,1.0,0.0,0.2375,0.028499999999999998,1.5675409999857948,80
h0.01_r0.9_s10021,10021,0.01,0.9,0.12,never,0.9625,0.013124999999999998,0.05,0.019124999999999996,1.075372999935098,80
h0.01_r0.9_s10021,10021,0.01,0.9,0.12,fresh,1.0,0.0,1.05,0.126,1.2237160000267977,80
h0.01_r0.9_s10021,10021,0.01,0.9,0.12,ttl,1.0,0.0,0.125,0.015,1.2447579999843583,80
h0.01_r0.9_s10021,10021,0.01,0.9,0.12,entropy,1.0,0.0,0.15,0.018,1.2104160000490083,80
h0.01_r0.9_s10021,10021,0.01,0.9,0.12,random,0.9875,0.0043749999999999995,0.15,0.022375,1.308353000013085,80
h0.01_r0.9_s10021,10021,0.01,0.9,0.12,myopic,0.9625,0.013124999999999998,0.075,0.022125,1.141733000054046,80
h0.01_r0.9_s10021,10021,0.01,0.9,0.12,recheck,1.0,0.0,0.2,0.024,1.5476510000098642,80
h0.01_r0.9_s10021,10021,0.01,0.9,0.12,no_task,1.0,0.0,0.2375,0.028499999999999998,1.537977999987561,80
h0.01_r0.9_s10022,10022,0.01,0.9,0.12,never,1.0,0.0,0.05,0.006,1.0675620000029085,80
h0.01_r0.9_s10022,10022,0.01,0.9,0.12,fresh,1.0,0.0,1.9,0.22799999999999998,1.285618999986582,80
h0.01_r0.9_s10022,10022,0.01,0.9,0.12,ttl,1.0,0.0,0.1375,0.016499999999999997,1.225367999950322,80
h0.01_r0.9_s10022,10022,0.01,0.9,0.12,entropy,1.0,0.0,0.3125,0.0375,1.2609520000523844,80
h0.01_r0.9_s10022,10022,0.01,0.9,0.12,random,1.0,0.0,0.25,0.03,1.2804709999727493,80
h0.01_r0.9_s10022,10022,0.01,0.9,0.12,myopic,1.0,0.0,0.075,0.009,1.1461100000360602,80
h0.01_r0.9_s10022,10022,0.01,0.9,0.12,recheck,1.0,0.0,0.25,0.03,1.5495750000127373,80
h0.01_r0.9_s10022,10022,0.01,0.9,0.12,no_task,1.0,0.0,0.2375,0.028499999999999998,1.5695749999622421,80
h0.01_r0.9_s10023,10023,0.01,0.9,0.12,never,0.5875,0.12062499999999998,0.05,0.126625,1.0872509999444446,80
h0.01_r0.9_s10023,10023,0.01,0.9,0.12,fresh,1.0,0.0,1.6,0.192,1.188784000078158,80
h0.01_r0.9_s10023,10023,0.01,0.9,0.12,ttl,0.8,0.045,0.1375,0.0615,1.4612319999969259,80
h0.01_r0.9_s10023,10023,0.01,0.9,0.12,entropy,1.0,0.0,0.275,0.032999999999999995,1.342694999948435,80
h0.01_r0.9_s10023,10023,0.01,0.9,0.12,random,0.5875,0.12062499999999998,0.15,0.13862499999999997,1.293240999984846,80
h0.01_r0.9_s10023,10023,0.01,0.9,0.12,myopic,0.6375,0.103125,0.0875,0.113625,1.153841000018474,80
h0.01_r0.9_s10023,10023,0.01,0.9,0.12,recheck,0.9375,0.011875,0.225,0.03887500000000001,1.5434860000596018,80
h0.01_r0.9_s10023,10023,0.01,0.9,0.12,no_task,0.9,0.019999999999999997,0.2375,0.048499999999999995,1.668654000013703,80
h0.01_r0.9_s10024,10024,0.01,0.9,0.12,never,0.5875,0.09437500000000004,0.05,0.10037500000000003,1.0787890000756306,80
h0.01_r0.9_s10024,10024,0.01,0.9,0.12,fresh,1.0,0.0,1.7375,0.2085,1.230976999977429,80
h0.01_r0.9_s10024,10024,0.01,0.9,0.12,ttl,0.9125,0.029374999999999995,0.15,0.047374999999999994,1.2546319999273692,80
h0.01_r0.9_s10024,10024,0.01,0.9,0.12,entropy,0.9375,0.010625,0.3125,0.048125,1.2742210000169507,80
h0.01_r0.9_s10024,10024,0.01,0.9,0.12,random,0.8625,0.03625,0.275,0.06924999999999999,1.3301750000209722,80
h0.01_r0.9_s10024,10024,0.01,0.9,0.12,myopic,0.5875,0.09437500000000004,0.075,0.10337500000000004,1.2435060000370868,80
h0.01_r0.9_s10024,10024,0.01,0.9,0.12,recheck,0.95,0.0075,0.2125,0.033,1.6993799999909243,80
h0.01_r0.9_s10024,10024,0.01,0.9,0.12,no_task,0.8125,0.04937499999999999,0.2375,0.07787499999999999,1.5631649999932051,80
h0.01_r0.9_s10025,10025,0.01,0.9,0.12,never,0.9875,0.0043749999999999995,0.05,0.010374999999999999,1.1664600000358405,80
h0.01_r0.9_s10025,10025,0.01,0.9,0.12,fresh,1.0,0.0,0.9125,0.1095,1.2416230000553696,80
h0.01_r0.9_s10025,10025,0.01,0.9,0.12,ttl,1.0,0.0,0.1375,0.016499999999999997,1.2832459999572166,80
h0.01_r0.9_s10025,10025,0.01,0.9,0.12,entropy,0.9875,0.0043749999999999995,0.2625,0.035875000000000004,1.2586090000468175,80
h0.01_r0.9_s10025,10025,0.01,0.9,0.12,random,0.9875,0.0043749999999999995,0.125,0.019374999999999996,1.3492739999492187,80
h0.01_r0.9_s10025,10025,0.01,0.9,0.12,myopic,0.9875,0.0043749999999999995,0.0875,0.014875,1.158969000016441,80
h0.01_r0.9_s10025,10025,0.01,0.9,0.12,recheck,0.9875,0.0043749999999999995,0.2375,0.032875,1.6741709999905652,80
h0.01_r0.9_s10025,10025,0.01,0.9,0.12,no_task,0.9875,0.0043749999999999995,0.2375,0.032875,1.5907560000414378,80
h0.01_r0.9_s10026,10026,0.01,0.9,0.12,never,0.9375,0.0125,0.05,0.0185,1.1131500000374217,80
h0.01_r0.9_s10026,10026,0.01,0.9,0.12,fresh,1.0,0.0,0.85,0.10200000000000001,1.217225999994298,80
h0.01_r0.9_s10026,10026,0.01,0.9,0.12,ttl,1.0,0.0,0.1,0.012,1.2607109999862587,80
h0.01_r0.9_s10026,10026,0.01,0.9,0.12,entropy,0.95,0.01,0.1625,0.029500000000000005,1.2574769999673663,80
h0.01_r0.9_s10026,10026,0.01,0.9,0.12,random,0.9375,0.0125,0.1125,0.026000000000000002,1.3213619999987714,80
h0.01_r0.9_s10026,10026,0.01,0.9,0.12,myopic,0.9375,0.0125,0.05,0.0185,1.2397599999758313,80
h0.01_r0.9_s10026,10026,0.01,0.9,0.12,recheck,0.9375,0.0125,0.1125,0.026000000000000002,1.6705359998923086,80
h0.01_r0.9_s10026,10026,0.01,0.9,0.12,no_task,0.9375,0.0125,0.2375,0.040999999999999995,1.6631849999839687,80
h0.01_r0.9_s10027,10027,0.01,0.9,0.12,never,0.775,0.21000000000000002,0.05,0.21600000000000003,1.0786180000650347,80
h0.01_r0.9_s10027,10027,0.01,0.9,0.12,fresh,1.0,0.0,1.05,0.126,1.328023000041867,80
h0.01_r0.9_s10027,10027,0.01,0.9,0.12,ttl,1.0,0.0,0.125,0.015,1.4879220000239002,80
h0.01_r0.9_s10027,10027,0.01,0.9,0.12,entropy,1.0,0.0,0.2,0.024,1.3402999999243548,80
h0.01_r0.9_s10027,10027,0.01,0.9,0.12,random,0.9375,0.0625,0.1125,0.076,1.2667699999155957,80
h0.01_r0.9_s10027,10027,0.01,0.9,0.12,myopic,0.975,0.025,0.1,0.037,1.2819730000046548,80
h0.01_r0.9_s10027,10027,0.01,0.9,0.12,recheck,1.0,0.0,0.2125,0.025500000000000002,1.5772760000345443,80
h0.01_r0.9_s10027,10027,0.01,0.9,0.12,no_task,0.975,0.025,0.2375,0.05349999999999999,1.6452480000452852,80
h0.01_r0.9_s10028,10028,0.01,0.9,0.12,never,0.575,0.1487499999999999,0.05,0.15474999999999992,1.0849179999468106,80
h0.01_r0.9_s10028,10028,0.01,0.9,0.12,fresh,1.0,0.0,0.925,0.11099999999999999,1.1962949999997363,80
h0.01_r0.9_s10028,10028,0.01,0.9,0.12,ttl,1.0,0.0,0.1,0.012,1.2330900000279144,80
h0.01_r0.9_s10028,10028,0.01,0.9,0.12,entropy,1.0,0.0,0.1875,0.0225,1.233049999996183,80
h0.01_r0.9_s10028,10028,0.01,0.9,0.12,random,0.65,0.12249999999999994,0.1,0.13449999999999993,1.3016330000255039,80
h0.01_r0.9_s10028,10028,0.01,0.9,0.12,myopic,0.7375,0.09187499999999996,0.0875,0.10237499999999997,1.1554940000451097,80
h0.01_r0.9_s10028,10028,0.01,0.9,0.12,recheck,1.0,0.0,0.1875,0.0225,1.5847370000301453,80
h0.01_r0.9_s10028,10028,0.01,0.9,0.12,no_task,1.0,0.0,0.2375,0.028499999999999998,1.5679020000334276,80
h0.01_r0.9_s10029,10029,0.01,0.9,0.12,never,0.45,0.2331249999999999,0.05,0.2391249999999999,1.079158999914398,80
h0.01_r0.9_s10029,10029,0.01,0.9,0.12,fresh,1.0,0.0,1.6125,0.19349999999999998,1.4546829999062538,80
h0.01_r0.9_s10029,10029,0.01,0.9,0.12,ttl,0.8875,0.04,0.1375,0.056499999999999995,1.2335700000676297,80
h0.01_r0.9_s10029,10029,0.01,0.9,0.12,entropy,0.95,0.015000000000000003,0.2875,0.0495,1.2556939999512906,80
h0.01_r0.9_s10029,10029,0.01,0.9,0.12,random,0.6875,0.12375000000000003,0.1625,0.14325000000000004,1.2870109999312263,80
h0.01_r0.9_s10029,10029,0.01,0.9,0.12,myopic,0.5625,0.12874999999999998,0.075,0.13774999999999998,1.2507969998978297,80
h0.01_r0.9_s10029,10029,0.01,0.9,0.12,recheck,0.925,0.025,0.175,0.046,1.5579780000507526,80
h0.01_r0.9_s10029,10029,0.01,0.9,0.12,no_task,0.875,0.028750000000000005,0.2375,0.05725,1.586650000035661,80
h0.01_r0.9_s10030,10030,0.01,0.9,0.12,never,0.6375,0.22625,0.05,0.23225,1.082934999999452,80
h0.01_r0.9_s10030,10030,0.01,0.9,0.12,fresh,1.0,0.0,1.1,0.13199999999999998,1.582765000080144,80
h0.01_r0.9_s10030,10030,0.01,0.9,0.12,ttl,1.0,0.0,0.1375,0.016499999999999997,1.3157239999372905,80
h0.01_r0.9_s10030,10030,0.01,0.9,0.12,entropy,1.0,0.0,0.25,0.03,1.307871999983945,80
h0.01_r0.9_s10030,10030,0.01,0.9,0.12,random,0.8625,0.07062500000000002,0.1625,0.09012500000000001,1.3244970000414469,80
h0.01_r0.9_s10030,10030,0.01,0.9,0.12,myopic,0.9625,0.005625,0.1,0.017625,1.1725090000709315,80
h0.01_r0.9_s10030,10030,0.01,0.9,0.12,recheck,1.0,0.0,0.2375,0.028499999999999998,1.8895649999421948,80
h0.01_r0.9_s10030,10030,0.01,0.9,0.12,no_task,1.0,0.0,0.2375,0.028499999999999998,1.5908870000203024,80
h0.01_r0.9_s10031,10031,0.01,0.9,0.12,never,0.95,0.0075,0.05,0.013500000000000002,1.0813729999199495,80
h0.01_r0.9_s10031,10031,0.01,0.9,0.12,fresh,1.0,0.0,1.125,0.13499999999999998,1.2182469999970635,80
h0.01_r0.9_s10031,10031,0.01,0.9,0.12,ttl,0.8375,0.056874999999999995,0.15,0.074875,1.6501349999771264,80
h0.01_r0.9_s10031,10031,0.01,0.9,0.12,entropy,0.9625,0.013124999999999998,0.25,0.043125,1.3270309999597885,80
h0.01_r0.9_s10031,10031,0.01,0.9,0.12,random,0.95,0.015,0.1125,0.028500000000000004,1.5042070000390595,80
h0.01_r0.9_s10031,10031,0.01,0.9,0.12,myopic,0.95,0.0075,0.1,0.0195,2.153189999944516,80
h0.01_r0.9_s10031,10031,0.01,0.9,0.12,recheck,0.9375,0.021875,0.2375,0.05037499999999999,2.2832560000551894,80
h0.01_r0.9_s10031,10031,0.01,0.9,0.12,no_task,0.8375,0.056874999999999995,0.2375,0.085375,1.6027140000005602,80
h0.01_r0.9_s10032,10032,0.01,0.9,0.12,never,1.0,0.0,0.05,0.006,1.0817529999940234,80
h0.01_r0.9_s10032,10032,0.01,0.9,0.12,fresh,1.0,0.0,1.025,0.123,1.3068709999970451,80
h0.01_r0.9_s10032,10032,0.01,0.9,0.12,ttl,1.0,0.0,0.1,0.012,1.233971000033307,80
h0.01_r0.9_s10032,10032,0.01,0.9,0.12,entropy,1.0,0.0,0.125,0.015,1.2892640000927713,80
h0.01_r0.9_s10032,10032,0.01,0.9,0.12,random,1.0,0.0,0.1125,0.013500000000000002,1.4550629999803277,80
h0.01_r0.9_s10032,10032,0.01,0.9,0.12,myopic,1.0,0.0,0.075,0.009,1.1718580000206202,80
h0.01_r0.9_s10032,10032,0.01,0.9,0.12,recheck,1.0,0.0,0.175,0.020999999999999998,1.6138710000177525,80
h0.01_r0.9_s10032,10032,0.01,0.9,0.12,no_task,1.0,0.0,0.2375,0.028499999999999998,1.541963000022406,80
h0.01_r0.9_s10033,10033,0.01,0.9,0.12,never,0.8875,0.03937500000000001,0.05,0.045375000000000006,1.1553530000583123,80
h0.01_r0.9_s10033,10033,0.01,0.9,0.12,fresh,1.0,0.0,1.2,0.144,1.1908760000096663,80
h0.01_r0.9_s10033,10033,0.01,0.9,0.12,ttl,0.975,0.008749999999999999,0.1125,0.02225,1.1994189999313676,80
h0.01_r0.9_s10033,10033,0.01,0.9,0.12,entropy,0.9625,0.013124999999999998,0.225,0.040125,1.248614000019188,80
h0.01_r0.9_s10033,10033,0.01,0.9,0.12,random,0.8875,0.03937500000000001,0.1125,0.052875000000000005,1.2680930000215085,80
h0.01_r0.9_s10033,10033,0.01,0.9,0.12,myopic,0.8875,0.03937500000000001,0.0875,0.049875,1.2444669999922553,80
h0.01_r0.9_s10033,10033,0.01,0.9,0.12,recheck,0.9375,0.021875,0.175,0.042874999999999996,1.5561239999897225,80
h0.01_r0.9_s10033,10033,0.01,0.9,0.12,no_task,0.9625,0.013124999999999998,0.2375,0.041624999999999995,1.6562349999276194,80
h0.01_r0.9_s10034,10034,0.01,0.9,0.12,never,0.725,0.09624999999999996,0.05,0.10224999999999995,1.0647479999761345,80
h0.01_r0.9_s10034,10034,0.01,0.9,0.12,fresh,1.0,0.0,1.15,0.13799999999999998,1.3052080000761634,80
h0.01_r0.9_s10034,10034,0.01,0.9,0.12,ttl,0.95,0.017499999999999998,0.1125,0.031,1.299439000035818,80
h0.01_r0.9_s10034,10034,0.01,0.9,0.12,entropy,0.95,0.017499999999999998,0.1875,0.039999999999999994,1.3216529999908744,80
h0.01_r0.9_s10034,10034,0.01,0.9,0.12,random,0.8,0.06999999999999998,0.175,0.09099999999999998,1.3011119999646326,80
h0.01_r0.9_s10034,10034,0.01,0.9,0.12,myopic,0.85,0.052500000000000005,0.075,0.0615,1.1487129999068202,80
h0.01_r0.9_s10034,10034,0.01,0.9,0.12,recheck,0.95,0.017499999999999998,0.1625,0.037,1.853389999951105,80
h0.01_r0.9_s10034,10034,0.01,0.9,0.12,no_task,0.95,0.017499999999999998,0.2375,0.046,1.580271000079847,80
h0.01_r0.9_s10035,10035,0.01,0.9,0.12,never,0.8,0.10187500000000002,0.05,0.10787500000000003,1.1072309999917707,80
h0.01_r0.9_s10035,10035,0.01,0.9,0.12,fresh,1.0,0.0,0.825,0.099,1.162805000035405,80
h0.01_r0.9_s10035,10035,0.01,0.9,0.12,ttl,0.9125,0.056874999999999995,0.1,0.06887499999999999,1.201562999995076,80
h0.01_r0.9_s10035,10035,0.01,0.9,0.12,entropy,0.9875,0.008125,0.1625,0.027625,1.226640000027146,80
h0.01_r0.9_s10035,10035,0.01,0.9,0.12,random,0.8,0.09437500000000001,0.0875,0.10487500000000002,1.2832349999598591,80
h0.01_r0.9_s10035,10035,0.01,0.9,0.12,myopic,0.8,0.10187500000000002,0.0625,0.10937500000000003,1.185267999971984,80
h0.01_r0.9_s10035,10035,0.01,0.9,0.12,recheck,0.9875,0.008125,0.15,0.026125,1.7077620000236493,80
h0.01_r0.9_s10035,10035,0.01,0.9,0.12,no_task,0.8,0.07375000000000004,0.2375,0.10225000000000004,1.8337809999593446,80
h0.01_r0.9_s10036,10036,0.01,0.9,0.12,never,1.0,0.0,0.05,0.006,1.089294000053087,80
h0.01_r0.9_s10036,10036,0.01,0.9,0.12,fresh,1.0,0.0,1.25,0.15,1.2058789999400688,80
h0.01_r0.9_s10036,10036,0.01,0.9,0.12,ttl,1.0,0.0,0.15,0.018,1.3958450000473022,80
h0.01_r0.9_s10036,10036,0.01,0.9,0.12,entropy,1.0,0.0,0.2375,0.028499999999999998,1.2443569999049942,80
h0.01_r0.9_s10036,10036,0.01,0.9,0.12,random,1.0,0.0,0.1625,0.0195,1.302142999975331,80
h0.01_r0.9_s10036,10036,0.01,0.9,0.12,myopic,1.0,0.0,0.075,0.009,1.1588090000032025,80
h0.01_r0.9_s10036,10036,0.01,0.9,0.12,recheck,1.0,0.0,0.2,0.024,1.6523689999985436,80
h0.01_r0.9_s10036,10036,0.01,0.9,0.12,no_task,1.0,0.0,0.2375,0.028499999999999998,1.5496749999783788,80
h0.01_r0.9_s10037,10037,0.01,0.9,0.12,never,0.7,0.06000000000000002,0.05,0.06600000000000002,1.4099349999696642,80
h0.01_r0.9_s10037,10037,0.01,0.9,0.12,fresh,1.0,0.0,1.075,0.129,1.2115579999090187,80
h0.01_r0.9_s10037,10037,0.01,0.9,0.12,ttl,1.0,0.0,0.175,0.020999999999999998,1.2468600000374863,80
h0.01_r0.9_s10037,10037,0.01,0.9,0.12,entropy,1.0,0.0,0.25,0.03,1.2289630000168472,80
h0.01_r0.9_s10037,10037,0.01,0.9,0.12,random,0.9375,0.0125,0.15,0.0305,1.278698999954031,80
h0.01_r0.9_s10037,10037,0.01,0.9,0.12,myopic,0.7,0.06000000000000002,0.0875,0.07050000000000002,1.188923999961844,80
h0.01_r0.9_s10037,10037,0.01,0.9,0.12,recheck,1.0,0.0,0.2125,0.025500000000000002,1.5652390000013838,80
h0.01_r0.9_s10037,10037,0.01,0.9,0.12,no_task,0.8875,0.0225,0.2375,0.051000000000000004,1.5825240000140184,80
h0.01_r0.9_s10038,10038,0.01,0.9,0.12,never,0.35,0.2181249999999999,0.05,0.2241249999999999,1.0786090000465265,80
h0.01_r0.9_s10038,10038,0.01,0.9,0.12,fresh,1.0,0.0,1.3375,0.1605,1.2314780000224346,80
h0.01_r0.9_s10038,10038,0.01,0.9,0.12,ttl,0.675,0.09874999999999995,0.15,0.11674999999999995,1.2268810000932717,80
h0.01_r0.9_s10038,10038,0.01,0.9,0.12,entropy,0.875,0.036250000000000004,0.25,0.06625,1.2458690000585193,80
h0.01_r0.9_s10038,10038,0.01,0.9,0.12,random,0.5125,0.156875,0.15,0.17487499999999997,1.2879820000080144,80
h0.01_r0.9_s10038,10038,0.01,0.9,0.12,myopic,0.5875,0.11437499999999996,0.0875,0.12487499999999996,1.1960340000314318,80
h0.01_r0.9_s10038,10038,0.01,0.9,0.12,recheck,0.95,0.01,0.2,0.033999999999999996,1.5282929999784756,80
h0.01_r0.9_s10038,10038,0.01,0.9,0.12,no_task,0.8375,0.034375,0.2375,0.06287499999999999,1.9451580000122703,80
h0.01_r0.9_s10039,10039,0.01,0.9,0.12,never,0.8,0.08625000000000002,0.05,0.09225000000000003,1.2209320000238222,80
h0.01_r0.9_s10039,10039,0.01,0.9,0.12,fresh,1.0,0.0,1.4,0.16799999999999998,1.3355940000110422,80
h0.01_r0.9_s10039,10039,0.01,0.9,0.12,ttl,1.0,0.0,0.125,0.015,1.3311769999972967,80
h0.01_r0.9_s10039,10039,0.01,0.9,0.12,entropy,1.0,0.0,0.275,0.032999999999999995,1.255623000020023,80
h0.01_r0.9_s10039,10039,0.01,0.9,0.12,random,0.8,0.08000000000000003,0.1875,0.10250000000000004,1.2853580000182774,80
h0.01_r0.9_s10039,10039,0.01,0.9,0.12,myopic,0.825,0.03874999999999999,0.075,0.047749999999999994,1.1516680000340784,80
h0.01_r0.9_s10039,10039,0.01,0.9,0.12,recheck,1.0,0.0,0.2,0.024,1.5833460000749255,80
h0.01_r0.9_s10039,10039,0.01,0.9,0.12,no_task,1.0,0.0,0.2375,0.028499999999999998,2.214823000031174,80
h0.01_r0.9_s10040,10040,0.01,0.9,0.12,never,0.45,0.35312500000000024,0.05,0.35912500000000025,1.308112000060646,80
h0.01_r0.9_s10040,10040,0.01,0.9,0.12,fresh,1.0,0.0,1.425,0.17099999999999999,1.2140520000230026,80
h0.01_r0.9_s10040,10040,0.01,0.9,0.12,ttl,0.9625,0.013124999999999998,0.1375,0.029624999999999995,1.2864400000580645,80
h0.01_r0.9_s10040,10040,0.01,0.9,0.12,entropy,1.0,0.0,0.2625,0.0315,1.230185000054007,80
h0.01_r0.9_s10040,10040,0.01,0.9,0.12,random,0.8875,0.055624999999999994,0.2125,0.08112499999999999,1.3155840000536045,80
h0.01_r0.9_s10040,10040,0.01,0.9,0.12,myopic,0.8125,0.06562499999999999,0.075,0.07462499999999998,1.2178770000446093,80
h0.01_r0.9_s10040,10040,0.01,0.9,0.12,recheck,1.0,0.0,0.2,0.024,1.557536999939657,80
h0.01_r0.9_s10040,10040,0.01,0.9,0.12,no_task,0.95,0.017499999999999998,0.2375,0.046,1.614892000020518,80
h0.01_r0.9_s10041,10041,0.01,0.9,0.12,never,0.9875,0.0043749999999999995,0.05,0.010374999999999999,1.0957439999401686,80
h0.01_r0.9_s10041,10041,0.01,0.9,0.12,fresh,1.0,0.0,0.975,0.11699999999999999,1.3281330000154412,80
h0.01_r0.9_s10041,10041,0.01,0.9,0.12,ttl,0.975,0.00375,0.1375,0.020249999999999997,1.2518979999640578,80
h0.01_r0.9_s10041,10041,0.01,0.9,0.12,entropy,1.0,0.0,0.2625,0.0315,1.323715000012271,80
h0.01_r0.9_s10041,10041,0.01,0.9,0.12,random,0.9875,0.0043749999999999995,0.1375,0.020874999999999998,1.3523790000817826,80
h0.01_r0.9_s10041,10041,0.01,0.9,0.12,myopic,0.9875,0.0043749999999999995,0.075,0.013374999999999998,1.2435060000370868,80
h0.01_r0.9_s10041,10041,0.01,0.9,0.12,recheck,0.975,0.00375,0.2,0.027749999999999997,1.5527300000712785,80
h0.01_r0.9_s10041,10041,0.01,0.9,0.12,no_task,1.0,0.0,0.2375,0.028499999999999998,1.649044000032518,80
h0.01_r0.9_s10042,10042,0.01,0.9,0.12,never,0.9625,0.009375,0.05,0.015375,1.0751219999747264,80
h0.01_r0.9_s10042,10042,0.01,0.9,0.12,fresh,1.0,0.0,1.125,0.13499999999999998,1.2156640000284824,80
h0.01_r0.9_s10042,10042,0.01,0.9,0.12,ttl,1.0,0.0,0.15,0.018,1.2390790000154084,80
h0.01_r0.9_s10042,10042,0.01,0.9,0.12,entropy,1.0,0.0,0.2,0.024,1.2442360000477493,80
h0.01_r0.9_s10042,10042,0.01,0.9,0.12,random,0.975,0.00625,0.1,0.01825,1.3741519999257434,80
h0.01_r0.9_s10042,10042,0.01,0.9,0.12,myopic,0.9625,0.009375,0.0875,0.019874999999999997,1.1795599999686601,80
h0.01_r0.9_s10042,10042,0.01,0.9,0.12,recheck,1.0,0.0,0.2,0.024,1.6446269999050855,80
h0.01_r0.9_s10042,10042,0.01,0.9,0.12,no_task,1.0,0.0,0.2375,0.028499999999999998,1.5693039999860048,80
h0.01_r0.9_s10043,10043,0.01,0.9,0.12,never,0.3375,0.19750000000000012,0.05,0.2035000000000001,1.1926600000151666,80
h0.01_r0.9_s10043,10043,0.01,0.9,0.12,fresh,1.0,0.0,1.6625,0.19949999999999998,1.227792000008776,80
h0.01_r0.9_s10043,10043,0.01,0.9,0.12,ttl,0.8375,0.068125,0.1875,0.090625,1.2391389999493185,80
h0.01_r0.9_s10043,10043,0.01,0.9,0.12,entropy,0.95,0.0325,0.375,0.07749999999999999,1.8474720000085654,80
h0.01_r0.9_s10043,10043,0.01,0.9,0.12,random,0.675,0.11250000000000004,0.3,0.14850000000000002,1.4828439999519105,80
h0.01_r0.9_s10043,10043,0.01,0.9,0.12,myopic,0.4,0.1587500000000001,0.0875,0.1692500000000001,1.1916280000150437,80
h0.01_r0.9_s10043,10043,0.01,0.9,0.12,recheck,0.95,0.0325,0.25,0.0625,1.9159740000986858,80
h0.01_r0.9_s10043,10043,0.01,0.9,0.12,no_task,0.875,0.058750000000000004,0.2375,0.08725000000000001,1.6581779999569335,80
h0.01_r0.9_s10044,10044,0.01,0.9,0.12,never,0.8375,0.10562500000000001,0.05,0.11162500000000002,1.1471509999410046,80
h0.01_r0.9_s10044,10044,0.01,0.9,0.12,fresh,1.0,0.0,0.825,0.099,1.226029000008566,80
h0.01_r0.9_s10044,10044,0.01,0.9,0.12,ttl,0.9875,0.008125,0.1,0.020124999999999997,1.7553640000187443,80
h0.01_r0.9_s10044,10044,0.01,0.9,0.12,entropy,0.9875,0.008125,0.1375,0.024624999999999998,1.305618000060349,80
h0.01_r0.9_s10044,10044,0.01,0.9,0.12,random,0.875,0.08125000000000002,0.1125,0.09475000000000001,1.5190889999985302,80
h0.01_r0.9_s10044,10044,0.01,0.9,0.12,myopic,0.9875,0.008125,0.0875,0.018625,1.2362049999410374,80
h0.01_r0.9_s10044,10044,0.01,0.9,0.12,recheck,0.9875,0.008125,0.175,0.029125,1.5944519999493423,80
h0.01_r0.9_s10044,10044,0.01,0.9,0.12,no_task,0.9875,0.008125,0.2375,0.036625,1.535312999976668,80
h0.01_r0.9_s10045,10045,0.01,0.9,0.12,never,0.7875,0.076875,0.05,0.082875,1.1022639999964667,80
h0.01_r0.9_s10045,10045,0.01,0.9,0.12,fresh,1.0,0.0,1.425,0.17099999999999999,1.2018529999977545,80
h0.01_r0.9_s10045,10045,0.01,0.9,0.12,ttl,0.8,0.07375000000000001,0.125,0.08875000000000001,1.2221839999710937,80
h0.01_r0.9_s10045,10045,0.01,0.9,0.12,entropy,0.8625,0.04562500000000001,0.2875,0.08012500000000002,1.2294240000301215,80
h0.01_r0.9_s10045,10045,0.01,0.9,0.12,random,0.7125,0.095625,0.15,0.113625,1.26784199994745,80
h0.01_r0.9_s10045,10045,0.01,0.9,0.12,myopic,0.7875,0.076875,0.075,0.085875,1.1784280000028957,80
h0.01_r0.9_s10045,10045,0.01,0.9,0.12,recheck,0.9375,0.029375000000000005,0.2,0.053375000000000006,1.5554240000028585,80
h0.01_r0.9_s10045,10045,0.01,0.9,0.12,no_task,0.8125,0.07062500000000001,0.2375,0.09912499999999999,1.5784880000637713,80
h0.01_r0.9_s10046,10046,0.01,0.9,0.12,never,0.75,0.05750000000000001,0.05,0.0635,1.071878000061588,80
h0.01_r0.9_s10046,10046,0.01,0.9,0.12,fresh,1.0,0.0,1.025,0.123,1.2746920000381579,80
h0.01_r0.9_s10046,10046,0.01,0.9,0.12,ttl,0.675,0.06500000000000003,0.1,0.07700000000000003,1.4061800000035873,80
h0.01_r0.9_s10046,10046,0.01,0.9,0.12,entropy,0.925,0.015,0.175,0.036,1.3487929999200787,80
h0.01_r0.9_s10046,10046,0.01,0.9,0.12,random,0.7125,0.063125,0.1375,0.07962499999999999,1.2997100000120554,80
h0.01_r0.9_s10046,10046,0.01,0.9,0.12,myopic,0.8,0.04000000000000001,0.0625,0.04750000000000001,1.1774560000503698,80
h0.01_r0.9_s10046,10046,0.01,0.9,0.12,recheck,0.925,0.015,0.1125,0.028500000000000004,1.587232000019867,80
h0.01_r0.9_s10046,10046,0.01,0.9,0.12,no_task,0.4625,0.10750000000000001,0.2375,0.136,1.6102160000173171,80
h0.01_r0.9_s10047,10047,0.01,0.9,0.12,never,1.0,0.0,0.05,0.006,1.1333899999499408,80
h0.01_r0.9_s10047,10047,0.01,0.9,0.12,fresh,1.0,0.0,1.0125,0.12149999999999998,1.220841000076689,80
h0.01_r0.9_s10047,10047,0.01,0.9,0.12,ttl,1.0,0.0,0.125,0.015,1.2461889999713094,80
h0.01_r0.9_s10047,10047,0.01,0.9,0.12,entropy,1.0,0.0,0.2,0.024,1.2348220000149013,80
h0.01_r0.9_s10047,10047,0.01,0.9,0.12,random,1.0,0.0,0.1125,0.013500000000000002,1.3011019999566997,80
h0.01_r0.9_s10047,10047,0.01,0.9,0.12,myopic,1.0,0.0,0.1125,0.013500000000000002,1.1577369999713483,80
h0.01_r0.9_s10047,10047,0.01,0.9,0.12,recheck,1.0,0.0,0.1875,0.0225,1.5652679999220709,80
h0.01_r0.9_s10047,10047,0.01,0.9,0.12,no_task,1.0,0.0,0.2375,0.028499999999999998,1.588153000056991,80
h0.01_r0.9_s10048,10048,0.01,0.9,0.12,never,0.675,0.10437500000000002,0.05,0.11037500000000003,1.0840859999916574,80
h0.01_r0.9_s10048,10048,0.01,0.9,0.12,fresh,1.0,0.0,0.8,0.096,1.2158040000258552,80
h0.01_r0.9_s10048,10048,0.01,0.9,0.12,ttl,0.9125,0.056874999999999995,0.1,0.06887499999999999,1.2251379999952405,80
h0.01_r0.9_s10048,10048,0.01,0.9,0.12,entropy,1.0,0.0,0.1875,0.0225,1.2261190000799616,80
h0.01_r0.9_s10048,10048,0.01,0.9,0.12,random,0.7375,0.07500000000000004,0.125,0.09000000000000004,1.314471999990019,80
h0.01_r0.9_s10048,10048,0.01,0.9,0.12,myopic,0.7125,0.08000000000000004,0.0625,0.08750000000000004,1.1600810000800266,80
h0.01_r0.9_s10048,10048,0.01,0.9,0.12,recheck,1.0,0.0,0.1625,0.0195,1.587320999988151,80
h0.01_r0.9_s10048,10048,0.01,0.9,0.12,no_task,1.0,0.0,0.2375,0.028499999999999998,1.5695539999569519,80
h0.01_r0.9_s10049,10049,0.01,0.9,0.12,never,0.6125,0.10312500000000002,0.05,0.10912500000000003,1.157626999997774,80
h0.01_r0.9_s10049,10049,0.01,0.9,0.12,fresh,1.0,0.0,1.0125,0.12149999999999998,1.2232960000346793,80
h0.01_r0.9_s10049,10049,0.01,0.9,0.12,ttl,0.8875,0.03937500000000001,0.125,0.05437500000000001,1.2203610000369736,80
h0.01_r0.9_s10049,10049,0.01,0.9,0.12,entropy,0.9375,0.021875,0.1875,0.044375,1.2580679999700806,80
h0.01_r0.9_s10049,10049,0.01,0.9,0.12,random,0.8,0.06999999999999998,0.175,0.09099999999999998,1.3108759999340691,80
h0.01_r0.9_s10049,10049,0.01,0.9,0.12,myopic,0.6125,0.10312500000000002,0.0625,0.11062500000000001,1.1833649999744011,80
h0.01_r0.9_s10049,10049,0.01,0.9,0.12,recheck,0.9875,0.0043749999999999995,0.175,0.025374999999999998,1.5648180000198408,80
h0.01_r0.9_s10049,10049,0.01,0.9,0.12,no_task,0.875,0.043750000000000004,0.2375,0.07225000000000001,1.6097550000040428,80
h0.01_r0.9_s10050,10050,0.01,0.9,0.12,never,1.0,0.0,0.05,0.006,1.0819530000389932,80
h0.01_r0.9_s10050,10050,0.01,0.9,0.12,fresh,1.0,0.0,0.9125,0.1095,1.2127190000228438,80
h0.01_r0.9_s10050,10050,0.01,0.9,0.12,ttl,1.0,0.0,0.0875,0.010499999999999999,1.2129299999514842,80
h0.01_r0.9_s10050,10050,0.01,0.9,0.12,entropy,1.0,0.0,0.1625,0.0195,1.2744120000434123,80
h0.01_r0.9_s10050,10050,0.01,0.9,0.12,random,1.0,0.0,0.075,0.009,1.2809520000018892,80
h0.01_r0.9_s10050,10050,0.01,0.9,0.12,myopic,1.0,0.0,0.05,0.006,1.1485129999755372,80
h0.01_r0.9_s10050,10050,0.01,0.9,0.12,recheck,1.0,0.0,0.1125,0.013500000000000002,1.5439159999459662,80
h0.01_r0.9_s10050,10050,0.01,0.9,0.12,no_task,1.0,0.0,0.2375,0.028499999999999998,1.5523879999363999,80
h0.01_r0.9_s10051,10051,0.01,0.9,0.12,never,0.9875,0.0043749999999999995,0.05,0.010374999999999999,1.1015630000201782,80
h0.01_r0.9_s10051,10051,0.01,0.9,0.12,fresh,1.0,0.0,1.05,0.126,1.6753229999721952,80
h0.01_r0.9_s10051,10051,0.01,0.9,0.12,ttl,0.9875,0.0043749999999999995,0.1,0.016375,1.374422000026243,80
h0.01_r0.9_s10051,10051,0.01,0.9,0.12,entropy,1.0,0.0,0.2125,0.025500000000000002,1.2359150000520458,80
h0.01_r0.9_s10051,10051,0.01,0.9,0.12,random,0.9875,0.0043749999999999995,0.175,0.025374999999999998,1.470455999992737,80
h0.01_r0.9_s10051,10051,0.01,0.9,0.12,myopic,0.9875,0.0043749999999999995,0.0875,0.014875,1.1757439999655617,80
h0.01_r0.9_s10051,10051,0.01,0.9,0.12,recheck,0.9875,0.0043749999999999995,0.175,0.025374999999999998,2.0363449999649674,80
h0.01_r0.9_s10051,10051,0.01,0.9,0.12,no_task,0.9875,0.0043749999999999995,0.2375,0.032875,1.5722890000233747,80
h0.01_r0.9_s10052,10052,0.01,0.9,0.12,never,0.575,0.328125,0.05,0.334125,1.0726400000748981,80
h0.01_r0.9_s10052,10052,0.01,0.9,0.12,fresh,1.0,0.0,0.675,0.08099999999999999,1.1761439999418144,80
h0.01_r0.9_s10052,10052,0.01,0.9,0.12,ttl,0.8375,0.08125,0.1,0.09325,1.2107670000887083,80
h0.01_r0.9_s10052,10052,0.01,0.9,0.12,entropy,1.0,0.0,0.125,0.015,1.2448880000874851,80
h0.01_r0.9_s10052,10052,0.01,0.9,0.12,random,0.6875,0.2793750000000001,0.1125,0.2928750000000001,1.4160140000285537,80
h0.01_r0.9_s10052,10052,0.01,0.9,0.12,myopic,0.675,0.19062500000000002,0.0625,0.19812500000000002,1.2106070000754698,80
h0.01_r0.9_s10052,10052,0.01,0.9,0.12,recheck,0.975,0.008749999999999999,0.125,0.02375,1.6800310000917307,80
h0.01_r0.9_s10052,10052,0.01,0.9,0.12,no_task,0.875,0.043750000000000004,0.2375,0.07225000000000001,1.8656080000027941,80
h0.01_r0.9_s10053,10053,0.01,0.9,0.12,never,0.7625,0.17249999999999996,0.05,0.17849999999999996,1.072679000003518,80
h0.01_r0.9_s10053,10053,0.01,0.9,0.12,fresh,1.0,0.0,0.8375,0.10049999999999999,1.2427350000052684,80
h0.01_r0.9_s10053,10053,0.01,0.9,0.12,ttl,1.0,0.0,0.1,0.012,1.2207409999973606,80
h0.01_r0.9_s10053,10053,0.01,0.9,0.12,entropy,1.0,0.0,0.1625,0.0195,1.2246569999661006,80
h0.01_r0.9_s10053,10053,0.01,0.9,0.12,random,0.8375,0.14625,0.1125,0.15975,1.723014000049261,80
h0.01_r0.9_s10053,10053,0.01,0.9,0.12,myopic,1.0,0.0,0.0875,0.010499999999999999,1.1542510000026596,80
h0.01_r0.9_s10053,10053,0.01,0.9,0.12,recheck,1.0,0.0,0.175,0.020999999999999998,1.5782279999712046,80
h0.01_r0.9_s10053,10053,0.01,0.9,0.12,no_task,0.9625,0.013124999999999998,0.2375,0.041624999999999995,1.5434650000543115,80
h0.01_r0.9_s10054,10054,0.01,0.9,0.12,never,0.7,0.09437500000000001,0.05,0.10037500000000002,1.2178869999388553,80
h0.01_r0.9_s10054,10054,0.01,0.9,0.12,fresh,1.0,0.0,1.2625,0.1515,1.2165250000180095,80
h0.01_r0.9_s10054,10054,0.01,0.9,0.12,ttl,0.775,0.07375000000000001,0.1375,0.09025000000000001,1.23487300004399,80
h0.01_r0.9_s10054,10054,0.01,0.9,0.12,entropy,0.9625,0.009375,0.2125,0.034875,1.234762999956729,80
h0.01_r0.9_s10054,10054,0.01,0.9,0.12,random,0.8875,0.028125,0.2125,0.053625,1.2905559999580873,80
h0.01_r0.9_s10054,10054,0.01,0.9,0.12,myopic,0.7625,0.05375,0.0875,0.06425,1.1671910000359276,80
h0.01_r0.9_s10054,10054,0.01,0.9,0.12,recheck,0.9125,0.021875,0.1875,0.044375,1.5585989999635785,80
h0.01_r0.9_s10054,10054,0.01,0.9,0.12,no_task,0.7625,0.05375,0.2375,0.08225,1.5965249999680964,80
h0.01_r0.9_s10055,10055,0.01,0.9,0.12,never,1.0,0.0,0.05,0.006,1.0765050000145493,80
h0.01_r0.9_s10055,10055,0.01,0.9,0.12,fresh,1.0,0.0,0.675,0.08099999999999999,1.1923380000098405,80
h0.01_r0.9_s10055,10055,0.01,0.9,0.12,ttl,1.0,0.0,0.075,0.009,1.2312470000779285,80
h0.01_r0.9_s10055,10055,0.01,0.9,0.12,entropy,1.0,0.0,0.1375,0.016499999999999997,1.2518979999640578,80
h0.01_r0.9_s10055,10055,0.01,0.9,0.12,random,1.0,0.0,0.0625,0.0075,1.3146920000508544,80
h0.01_r0.9_s10055,10055,0.01,0.9,0.12,myopic,1.0,0.0,0.075,0.009,1.1705969999411536,80
h0.01_r0.9_s10055,10055,0.01,0.9,0.12,recheck,1.0,0.0,0.125,0.015,1.5783280000505329,80
h0.01_r0.9_s10055,10055,0.01,0.9,0.12,no_task,1.0,0.0,0.2375,0.028499999999999998,1.5537209999365587,80
h0.01_r0.9_s10056,10056,0.01,0.9,0.12,never,1.0,0.0,0.05,0.006,1.078728000038609,80
h0.01_r0.9_s10056,10056,0.01,0.9,0.12,fresh,1.0,0.0,1.025,0.123,1.193710000052306,80
h0.01_r0.9_s10056,10056,0.01,0.9,0.12,ttl,1.0,0.0,0.1625,0.0195,1.2158040000258552,80
h0.01_r0.9_s10056,10056,0.01,0.9,0.12,entropy,1.0,0.0,0.2125,0.025500000000000002,1.2465999999449195,80
h0.01_r0.9_s10056,10056,0.01,0.9,0.12,random,1.0,0.0,0.1,0.012,1.2768149999828893,80
h0.01_r0.9_s10056,10056,0.01,0.9,0.12,myopic,1.0,0.0,0.075,0.009,1.2418730000263167,80
h0.01_r0.9_s10056,10056,0.01,0.9,0.12,recheck,1.0,0.0,0.175,0.020999999999999998,1.5325790000133566,80
h0.01_r0.9_s10056,10056,0.01,0.9,0.12,no_task,0.9875,0.001875,0.2375,0.030374999999999996,1.5949229999705494,80
h0.01_r0.9_s10057,10057,0.01,0.9,0.12,never,0.3875,0.3756249999999997,0.05,0.3816249999999997,1.1200809999536432,80
h0.01_r0.9_s10057,10057,0.01,0.9,0.12,fresh,1.0,0.0,1.3375,0.1605,1.213860999996541,80
h0.01_r0.9_s10057,10057,0.01,0.9,0.12,ttl,0.875,0.06875,0.1375,0.08525,1.2380780000285085,80
h0.01_r0.9_s10057,10057,0.01,0.9,0.12,entropy,0.9375,0.0375,0.275,0.0705,1.2250580000454647,80
h0.01_r0.9_s10057,10057,0.01,0.9,0.12,random,0.575,0.2537499999999999,0.125,0.26874999999999993,1.3291139999864754,80
h0.01_r0.9_s10057,10057,0.01,0.9,0.12,myopic,0.85,0.075,0.0875,0.08549999999999999,1.1499860000867557,80
h0.01_r0.9_s10057,10057,0.01,0.9,0.12,recheck,0.8875,0.065625,0.2375,0.09412499999999999,1.5519480000421026,80
h0.01_r0.9_s10057,10057,0.01,0.9,0.12,no_task,0.8875,0.05,0.2375,0.07849999999999999,1.6479820000085965,80
h0.01_r0.9_s10058,10058,0.01,0.9,0.12,never,0.85,0.050624999999999996,0.05,0.056624999999999995,1.0855579999997644,80
h0.01_r0.9_s10058,10058,0.01,0.9,0.12,fresh,1.0,0.0,1.8,0.21600000000000003,1.2311660000250413,80
h0.01_r0.9_s10058,10058,0.01,0.9,0.12,ttl,0.8875,0.045,0.15,0.06299999999999999,1.2194490000183578,80
h0.01_r0.9_s10058,10058,0.01,0.9,0.12,entropy,0.9875,0.005,0.3125,0.042499999999999996,1.4904160000241973,80
h0.01_r0.9_s10058,10058,0.01,0.9,0.12,random,0.85,0.050624999999999996,0.2,0.074625,1.3094349999391852,80
h0.01_r0.9_s10058,10058,0.01,0.9,0.12,myopic,0.85,0.050624999999999996,0.075,0.059625,1.2741010000354436,80
h0.01_r0.9_s10058,10058,0.01,0.9,0.12,recheck,0.925,0.024375,0.2625,0.05587500000000001,1.6019830000004731,80
h0.01_r0.9_s10058,10058,0.01,0.9,0.12,no_task,0.8875,0.03874999999999999,0.2375,0.06724999999999999,1.6023340000401731,80
h0.01_r0.9_s10059,10059,0.01,0.9,0.12,never,0.725,0.11124999999999993,0.05,0.11724999999999994,1.0848680000208333,80
h0.01_r0.9_s10059,10059,0.01,0.9,0.12,fresh,1.0,0.0,1.425,0.17099999999999999,1.3239259999409114,80
h0.01_r0.9_s10059,10059,0.01,0.9,0.12,ttl,0.95,0.0325,0.1125,0.046,1.267521999920973,80
h0.01_r0.9_s10059,10059,0.01,0.9,0.12,entropy,1.0,0.0,0.2375,0.028499999999999998,1.29076600001099,80
h0.01_r0.9_s10059,10059,0.01,0.9,0.12,random,0.825,0.07624999999999997,0.1625,0.09574999999999997,1.286188999984006,80
h0.01_r0.9_s10059,10059,0.01,0.9,0.12,myopic,0.8,0.06999999999999998,0.0875,0.08049999999999999,1.3038759999517424,80
h0.01_r0.9_s10059,10059,0.01,0.9,0.12,recheck,1.0,0.0,0.1875,0.0225,1.687421999918115,80
h0.01_r0.9_s10059,10059,0.01,0.9,0.12,no_task,0.95,0.0325,0.2375,0.061,1.5481330000284288,80
h0.01_r0.9_s10060,10060,0.01,0.9,0.12,never,0.9375,0.04375,0.05,0.04975,1.1032050000494564,80
h0.01_r0.9_s10060,10060,0.01,0.9,0.12,fresh,1.0,0.0,1.175,0.141,1.3110969999843292,80
h0.01_r0.9_s10060,10060,0.01,0.9,0.12,ttl,0.975,0.00625,0.1375,0.02275,1.2726190000194038,80
h0.01_r0.9_s10060,10060,0.01,0.9,0.12,entropy,0.9875,0.003125,0.2125,0.028625,1.228912999977183,80
h0.01_r0.9_s10060,10060,0.01,0.9,0.12,random,0.9875,0.003125,0.2125,0.028625,1.3077819999125495,80
h0.01_r0.9_s10060,10060,0.01,0.9,0.12,myopic,0.9375,0.04375,0.0875,0.05425,1.165818999993462,80
h0.01_r0.9_s10060,10060,0.01,0.9,0.12,recheck,0.975,0.00625,0.225,0.03325,1.556774999926347,80
h0.01_r0.9_s10060,10060,0.01,0.9,0.12,no_task,0.9375,0.04375,0.2375,0.07225,1.5548830000398084,80
h0.01_r0.9_s10061,10061,0.01,0.9,0.12,never,0.575,0.2275000000000001,0.05,0.2335000000000001,1.066269000034481,80
h0.01_r0.9_s10061,10061,0.01,0.9,0.12,fresh,1.0,0.0,1.125,0.13499999999999998,1.2208710001004874,80
h0.01_r0.9_s10061,10061,0.01,0.9,0.12,ttl,0.975,0.00625,0.125,0.021249999999999998,1.2284430000590874,80
h0.01_r0.9_s10061,10061,0.01,0.9,0.12,entropy,1.0,0.0,0.2125,0.025500000000000002,1.2773869999591625,80
h0.01_r0.9_s10061,10061,0.01,0.9,0.12,random,0.8,0.08437499999999999,0.2125,0.10987499999999999,1.3573360000691537,80
h0.01_r0.9_s10061,10061,0.01,0.9,0.12,myopic,0.9625,0.009375,0.1125,0.022875,1.1727500000233704,80
h0.01_r0.9_s10061,10061,0.01,0.9,0.12,recheck,1.0,0.0,0.2125,0.025500000000000002,1.622143999952641,80
h0.01_r0.9_s10061,10061,0.01,0.9,0.12,no_task,0.8625,0.05,0.2375,0.07849999999999999,1.5499950000048557,80
h0.01_r0.9_s10062,10062,0.01,0.9,0.12,never,0.7125,0.17437500000000006,0.05,0.18037500000000006,1.1452080000253773,80
h0.01_r0.9_s10062,10062,0.01,0.9,0.12,fresh,1.0,0.0,0.8375,0.10049999999999999,1.2804609999648164,80
h0.01_r0.9_s10062,10062,0.01,0.9,0.12,ttl,0.85,0.07875000000000001,0.1625,0.09825000000000002,1.261893000105374,80
h0.01_r0.9_s10062,10062,0.01,0.9,0.12,entropy,1.0,0.0,0.225,0.027000000000000003,1.2353429999620857,80
h0.01_r0.9_s10062,10062,0.01,0.9,0.12,random,0.7125,0.17437500000000006,0.1375,0.19087500000000007,1.2673109999923327,80
h0.01_r0.9_s10062,10062,0.01,0.9,0.12,myopic,0.8875,0.048124999999999994,0.0875,0.058625,1.3059290000683177,80
h0.01_r0.9_s10062,10062,0.01,0.9,0.12,recheck,1.0,0.0,0.225,0.027000000000000003,1.6597600000523016,80
h0.01_r0.9_s10062,10062,0.01,0.9,0.12,no_task,0.9375,0.015625,0.2375,0.044125,1.5455080000492671,80
h0.01_r0.9_s10063,10063,0.01,0.9,0.12,never,0.9375,0.015625,0.05,0.021625,1.0783379999566023,80
h0.01_r0.9_s10063,10063,0.01,0.9,0.12,fresh,1.0,0.0,1.525,0.183,1.2207309999894278,80
h0.01_r0.9_s10063,10063,0.01,0.9,0.12,ttl,0.8375,0.040625,0.15,0.058625,1.227310999979636,80
h0.01_r0.9_s10063,10063,0.01,0.9,0.12,entropy,1.0,0.0,0.2625,0.0315,1.243455000007998,80
h0.01_r0.9_s10063,10063,0.01,0.9,0.12,random,0.9375,0.015625,0.1875,0.038125,1.3395599999057595,80
h0.01_r0.9_s10063,10063,0.01,0.9,0.12,myopic,0.9375,0.015625,0.075,0.024625,1.2106660000199554,80
h0.01_r0.9_s10063,10063,0.01,0.9,0.12,recheck,0.95,0.0125,0.225,0.0395,1.7351930000586435,80
h0.01_r0.9_s10063,10063,0.01,0.9,0.12,no_task,0.9375,0.015625,0.2375,0.044125,1.6675419999501173,80
h0.01_r0.9_s10000,10000,0.01,0.9,0.35,never,0.6375,0.26062499999999994,0.05,0.2781249999999999,1.4822840000761062,80
h0.01_r0.9_s10000,10000,0.01,0.9,0.35,fresh,1.0,0.0,0.9125,0.31937499999999996,1.3378969999848778,80
h0.01_r0.9_s10000,10000,0.01,0.9,0.35,ttl,0.75,0.18000000000000008,0.1375,0.22812500000000008,1.316054000085387,80
h0.01_r0.9_s10000,10000,0.01,0.9,0.35,entropy,0.7625,0.17937500000000003,0.1125,0.21875000000000006,1.2712369999690054,80
h0.01_r0.9_s10000,10000,0.01,0.9,0.35,random,0.9,0.09,0.125,0.13374999999999998,1.3113580000663205,80
h0.01_r0.9_s10000,10000,0.01,0.9,0.35,myopic,0.6375,0.26062499999999994,0.05,0.2781249999999999,1.1738809999997102,80
h0.01_r0.9_s10000,10000,0.01,0.9,0.35,recheck,0.825,0.13875,0.1375,0.186875,1.8061289999877772,80
h0.01_r0.9_s10000,10000,0.01,0.9,0.35,no_task,0.7125,0.21187500000000004,0.125,0.25562500000000005,1.7013220000308138,80
h0.01_r0.9_s10001,10001,0.01,0.9,0.35,never,0.9375,0.030625000000000003,0.05,0.048125,1.2094539999907283,80
h0.01_r0.9_s10001,10001,0.01,0.9,0.35,fresh,1.0,0.0,1.1625,0.406875,1.4877219999789304,80
h0.01_r0.9_s10001,10001,0.01,0.9,0.35,ttl,1.0,0.0,0.15,0.05249999999999999,1.3082729999496223,80
h0.01_r0.9_s10001,10001,0.01,0.9,0.35,entropy,1.0,0.0,0.125,0.04375,1.3323489999947924,80
h0.01_r0.9_s10001,10001,0.01,0.9,0.35,random,0.9375,0.030625000000000003,0.1625,0.0875,1.3027050000573581,80
h0.01_r0.9_s10001,10001,0.01,0.9,0.35,myopic,0.9375,0.030625000000000003,0.05,0.048125,1.1569960000770152,80
h0.01_r0.9_s10001,10001,0.01,0.9,0.35,recheck,0.975,0.00625,0.1625,0.063125,1.5586179999900196,80
h0.01_r0.9_s10001,10001,0.01,0.9,0.35,no_task,0.9625,0.019375,0.125,0.063125,1.564618000088558,80
h0.01_r0.9_s10002,10002,0.01,0.9,0.35,never,0.5,0.29000000000000004,0.05,0.3075,1.1694339999621661,80
h0.01_r0.9_s10002,10002,0.01,0.9,0.35,fresh,1.0,0.0,0.775,0.27125,1.213450000022931,80
h0.01_r0.9_s10002,10002,0.01,0.9,0.35,ttl,1.0,0.0,0.1125,0.039375,1.2255489999688507,80
h0.01_r0.9_s10002,10002,0.01,0.9,0.35,entropy,0.95,0.05,0.075,0.07625,1.397045999965485,80
h0.01_r0.9_s10002,10002,0.01,0.9,0.35,random,0.725,0.06500000000000003,0.1,0.10000000000000002,1.6025139999555904,80
h0.01_r0.9_s10002,10002,0.01,0.9,0.35,myopic,0.5,0.29000000000000004,0.05,0.3075,1.2885630000027959,80
h0.01_r0.9_s10002,10002,0.01,0.9,0.35,recheck,1.0,0.0,0.0875,0.030624999999999996,2.548924000052466,80
h0.01_r0.9_s10002,10002,0.01,0.9,0.35,no_task,0.7375,0.05250000000000001,0.125,0.09625000000000002,2.9685540000627952,80
h0.01_r0.9_s10003,10003,0.01,0.9,0.35,never,0.775,0.03687499999999999,0.05,0.05437499999999999,1.4022740000427802,80
h0.01_r0.9_s10003,10003,0.01,0.9,0.35,fresh,1.0,0.0,1.2625,0.4418749999999999,1.2383380000073885,80
h0.01_r0.9_s10003,10003,0.01,0.9,0.35,ttl,0.9625,0.005625,0.175,0.06687499999999999,1.2896550000505158,80
h0.01_r0.9_s10003,10003,0.01,0.9,0.35,entropy,0.925,0.01125,0.1625,0.068125,1.2453279999817823,80
h0.01_r0.9_s10003,10003,0.01,0.9,0.35,random,0.9125,0.013125000000000001,0.1375,0.06124999999999999,1.275653999982751,80
h0.01_r0.9_s10003,10003,0.01,0.9,0.35,myopic,0.775,0.03687499999999999,0.05,0.05437499999999999,1.1682719999726032,80
h0.01_r0.9_s10003,10003,0.01,0.9,0.35,recheck,0.775,0.03687499999999999,0.125,0.08062499999999999,1.5756540000211317,80
h0.01_r0.9_s10003,10003,0.01,0.9,0.35,no_task,0.775,0.03499999999999999,0.125,0.07874999999999999,1.5521889999945415,80
h0.01_r0.9_s10004,10004,0.01,0.9,0.35,never,0.7625,0.08312499999999998,0.05,0.10062499999999996,1.0785979999354822,80
h0.01_r0.9_s10004,10004,0.01,0.9,0.35,fresh,1.0,0.0,1.05,0.3675,1.264977000005274,80
h0.01_r0.9_s10004,10004,0.01,0.9,0.35,ttl,1.0,0.0,0.1,0.034999999999999996,1.3572459999977582,80
h0.01_r0.9_s10004,10004,0.01,0.9,0.35,entropy,1.0,0.0,0.1125,0.039375,1.3102560000106678,80
h0.01_r0.9_s10004,10004,0.01,0.9,0.35,random,0.8,0.06999999999999998,0.1375,0.118125,1.3386189999664566,80
h0.01_r0.9_s10004,10004,0.01,0.9,0.35,myopic,0.7625,0.08312499999999998,0.05,0.10062499999999996,1.151596999989124,80
h0.01_r0.9_s10004,10004,0.01,0.9,0.35,recheck,1.0,0.0,0.1375,0.048124999999999994,1.6482419999874764,80
h0.01_r0.9_s10004,10004,0.01,0.9,0.35,no_task,0.7625,0.08312499999999998,0.125,0.126875,1.5482930000416673,80
h0.01_r0.9_s10005,10005,0.01,0.9,0.35,never,0.95,0.0125,0.05,0.03,1.1508160000630596,80
h0.01_r0.9_s10005,10005,0.01,0.9,0.35,fresh,1.0,0.0,1.6,0.5599999999999999,1.2298550000195974,80
h0.01_r0.9_s10005,10005,0.01,0.9,0.35,ttl,0.95,0.0125,0.125,0.05625,1.2182980000261523,80
h0.01_r0.9_s10005,10005,0.01,0.9,0.35,entropy,0.95,0.0125,0.1,0.0475,1.2814919999755148,80
h0.01_r0.9_s10005,10005,0.01,0.9,0.35,random,0.95,0.0125,0.1375,0.060625,1.29474199991364,80
h0.01_r0.9_s10005,10005,0.01,0.9,0.35,myopic,0.95,0.0125,0.05,0.03,1.377245999947263,80
h0.01_r0.9_s10005,10005,0.01,0.9,0.35,recheck,0.95,0.0125,0.125,0.05625,1.6277619999982562,80
h0.01_r0.9_s10005,10005,0.01,0.9,0.35,no_task,0.95,0.0125,0.125,0.05625,1.6683230001035554,80
h0.01_r0.9_s10006,10006,0.01,0.9,0.35,never,1.0,0.0,0.05,0.017499999999999998,1.3276509999968766,80
h0.01_r0.9_s10006,10006,0.01,0.9,0.35,fresh,1.0,0.0,1.1125,0.38937499999999997,1.385989000027621,80
h0.01_r0.9_s10006,10006,0.01,0.9,0.35,ttl,1.0,0.0,0.15,0.05249999999999999,1.2810409999701733,80
h0.01_r0.9_s10006,10006,0.01,0.9,0.35,entropy,1.0,0.0,0.125,0.04375,1.2236549999897761,80
h0.01_r0.9_s10006,10006,0.01,0.9,0.35,random,1.0,0.0,0.15,0.05249999999999999,1.334230999987085,80
h0.01_r0.9_s10006,10006,0.01,0.9,0.35,myopic,1.0,0.0,0.05,0.017499999999999998,1.3211919999776,80
h0.01_r0.9_s10006,10006,0.01,0.9,0.35,recheck,1.0,0.0,0.15,0.05249999999999999,1.750807000007626,80
h0.01_r0.9_s10006,10006,0.01,0.9,0.35,no_task,1.0,0.0,0.125,0.04375,1.7418730000144933,80
h0.01_r0.9_s10007,10007,0.01,0.9,0.35,never,1.0,0.0,0.05,0.017499999999999998,1.1383379999188037,80
h0.01_r0.9_s10007,10007,0.01,0.9,0.35,fresh,1.0,0.0,1.0375,0.363125,1.2975970000752568,80
h0.01_r0.9_s10007,10007,0.01,0.9,0.35,ttl,1.0,0.0,0.1125,0.039375,1.226339999902848,80
h0.01_r0.9_s10007,10007,0.01,0.9,0.35,entropy,1.0,0.0,0.0875,0.030624999999999996,1.29624499993497,80
h0.01_r0.9_s10007,10007,0.01,0.9,0.35,random,1.0,0.0,0.1,0.034999999999999996,1.440181000020857,80
h0.01_r0.9_s10007,10007,0.01,0.9,0.35,myopic,1.0,0.0,0.05,0.017499999999999998,1.2010409999447802,80
h0.01_r0.9_s10007,10007,0.01,0.9,0.35,recheck,1.0,0.0,0.1375,0.048124999999999994,1.6867299999603347,80
h0.01_r0.9_s10007,10007,0.01,0.9,0.35,no_task,1.0,0.0,0.125,0.04375,1.619279000010465,80
h0.01_r0.9_s10008,10008,0.01,0.9,0.35,never,1.0,0.0,0.05,0.017499999999999998,1.1861389999694438,80
h0.01_r0.9_s10008,10008,0.01,0.9,0.35,fresh,1.0,0.0,1.05,0.3675,1.2301149999984773,80
h0.01_r0.9_s10008,10008,0.01,0.9,0.35,ttl,1.0,0.0,0.1,0.034999999999999996,1.233791000004203,80
h0.01_r0.9_s10008,10008,0.01,0.9,0.35,entropy,1.0,0.0,0.1,0.034999999999999996,1.2255990000085148,80
h0.01_r0.9_s10008,10008,0.01,0.9,0.35,random,1.0,0.0,0.1125,0.039375,1.2823939999861977,80
h0.01_r0.9_s10008,10008,0.01,0.9,0.35,myopic,1.0,0.0,0.05,0.017499999999999998,1.1787390000108644,80
h0.01_r0.9_s10008,10008,0.01,0.9,0.35,recheck,1.0,0.0,0.1,0.034999999999999996,1.5504259999943315,80
h0.01_r0.9_s10008,10008,0.01,0.9,0.35,no_task,1.0,0.0,0.125,0.04375,1.5773470000794987,80
h0.01_r0.9_s10009,10009,0.01,0.9,0.35,never,0.7875,0.07437499999999998,0.05,0.09187499999999997,1.0807209999939005,80
h0.01_r0.9_s10009,10009,0.01,0.9,0.35,fresh,1.0,0.0,1.575,0.5512499999999999,1.20457700006682,80
h0.01_r0.9_s10009,10009,0.01,0.9,0.35,ttl,0.6875,0.07687500000000005,0.125,0.12062500000000007,1.2433650000502894,80
h0.01_r0.9_s10009,10009,0.01,0.9,0.35,entropy,0.7875,0.07437499999999998,0.1125,0.11374999999999998,1.232157999993433,80
h0.01_r0.9_s10009,10009,0.01,0.9,0.35,random,0.8375,0.046875,0.1875,0.1125,1.3675320000174906,80
h0.01_r0.9_s10009,10009,0.01,0.9,0.35,myopic,0.7875,0.07437499999999998,0.05,0.09187499999999997,1.1588790000587323,80
h0.01_r0.9_s10009,10009,0.01,0.9,0.35,recheck,0.725,0.06125000000000001,0.1125,0.100625,1.5618940000194925,80
h0.01_r0.9_s10009,10009,0.01,0.9,0.35,no_task,0.7875,0.07437499999999998,0.125,0.118125,1.5249780000203828,80
h0.01_r0.9_s10010,10010,0.01,0.9,0.35,never,0.7125,0.08625000000000006,0.05,0.10375000000000005,1.0760549999986324,80
h0.01_r0.9_s10010,10010,0.01,0.9,0.35,fresh,1.0,0.0,1.3,0.45499999999999996,1.2166159999651427,80
h0.01_r0.9_s10010,10010,0.01,0.9,0.35,ttl,0.95,0.0125,0.15,0.06499999999999999,1.436755999975503,80
h0.01_r0.9_s10010,10010,0.01,0.9,0.35,entropy,0.975,0.00625,0.1375,0.05437499999999999,1.2653579999550857,80
h0.01_r0.9_s10010,10010,0.01,0.9,0.35,random,0.8,0.07687500000000001,0.1375,0.125,1.309885000068789,80
h0.01_r0.9_s10010,10010,0.01,0.9,0.35,myopic,0.7125,0.08625000000000006,0.05,0.10375000000000005,1.1872009999933653,80
h0.01_r0.9_s10010,10010,0.01,0.9,0.35,recheck,0.95,0.0125,0.15,0.06499999999999999,1.5576170000031198,80
h0.01_r0.9_s10010,10010,0.01,0.9,0.35,no_task,0.775,0.03624999999999999,0.125,0.07999999999999999,2.454371999988325,80
h0.01_r0.9_s10011,10011,0.01,0.9,0.35,never,0.225,0.12375000000000011,0.05,0.14125000000000013,1.1206919999722231,80
h0.01_r0.9_s10011,10011,0.01,0.9,0.35,fresh,1.0,0.0,2.65,0.9274999999999999,1.23461300006511,80
h0.01_r0.9_s10011,10011,0.01,0.9,0.35,ttl,0.825,0.026249999999999996,0.175,0.0875,1.3419429999430577,80
h0.01_r0.9_s10011,10011,0.01,0.9,0.35,entropy,0.7875,0.031874999999999994,0.1625,0.08875,1.2019929999951273,80
h0.01_r0.9_s10011,10011,0.01,0.9,0.35,random,0.825,0.026249999999999996,0.4,0.16624999999999998,1.3918979999516523,80
h0.01_r0.9_s10011,10011,0.01,0.9,0.35,myopic,0.225,0.12375000000000011,0.05,0.14125000000000013,1.1457889999064719,80
h0.01_r0.9_s10011,10011,0.01,0.9,0.35,recheck,0.6125,0.058125,0.1625,0.11499999999999999,1.6455989999712983,80
h0.01_r0.9_s10011,10011,0.01,0.9,0.35,no_task,0.4375,0.09687500000000002,0.125,0.14062500000000003,1.8718679999665255,80
h0.01_r0.9_s10012,10012,0.01,0.9,0.35,never,0.825,0.07875000000000001,0.05,0.09625000000000002,1.2465800000427407,80
h0.01_r0.9_s10012,10012,0.01,0.9,0.35,fresh,1.0,0.0,0.9875,0.34562499999999996,1.2106469999935143,80
h0.01_r0.9_s10012,10012,0.01,0.9,0.35,ttl,0.8625,0.05437499999999999,0.175,0.115625,1.657657000009749,80
h0.01_r0.9_s10012,10012,0.01,0.9,0.35,entropy,0.925,0.01875,0.15,0.07125,1.2175959999467523,80
h0.01_r0.9_s10012,10012,0.01,0.9,0.35,random,0.9875,0.003125,0.125,0.046875,1.330356000039501,80
h0.01_r0.9_s10012,10012,0.01,0.9,0.35,myopic,0.825,0.07875000000000001,0.05,0.09625000000000002,1.1849069999243511,80
h0.01_r0.9_s10012,10012,0.01,0.9,0.35,recheck,0.9125,0.021875,0.1625,0.07875,1.5389579999691705,80
h0.01_r0.9_s10012,10012,0.01,0.9,0.35,no_task,0.8375,0.07062500000000001,0.125,0.114375,1.5542209999921397,80
h0.01_r0.9_s10013,10013,0.01,0.9,0.35,never,0.9,0.065,0.05,0.08249999999999999,1.0751840000011725,80
h0.01_r0.9_s10013,10013,0.01,0.9,0.35,fresh,1.0,0.0,0.6875,0.240625,1.3829049999003473,80
h0.01_r0.9_s10013,10013,0.01,0.9,0.35,ttl,0.9,0.065,0.1,0.1,1.2238859999342822,80
h0.01_r0.9_s10013,10013,0.01,0.9,0.35,entropy,0.95,0.0325,0.1125,0.071875,1.2644660000660224,80
h0.01_r0.9_s10013,10013,0.01,0.9,0.35,random,0.925,0.04875,0.1125,0.088125,1.338357999998152,80
h0.01_r0.9_s10013,10013,0.01,0.9,0.35,myopic,0.9,0.065,0.05,0.08249999999999999,1.1621740000009595,80
h0.01_r0.9_s10013,10013,0.01,0.9,0.35,recheck,0.9,0.065,0.1375,0.113125,1.632709999967119,80
h0.01_r0.9_s10013,10013,0.01,0.9,0.35,no_task,0.8875,0.07312500000000001,0.125,0.11687500000000002,1.5963249999231266,80
h0.01_r0.9_s10014,10014,0.01,0.9,0.35,never,0.9,0.019999999999999997,0.05,0.0375,1.395402999946782,80
h0.01_r0.9_s10014,10014,0.01,0.9,0.35,fresh,1.0,0.0,0.675,0.23625,1.2054190000299059,80
h0.01_r0.9_s10014,10014,0.01,0.9,0.35,ttl,1.0,0.0,0.1125,0.039375,1.3726990000577644,80
h0.01_r0.9_s10014,10014,0.01,0.9,0.35,entropy,1.0,0.0,0.1,0.034999999999999996,1.2763550000727264,80
h0.01_r0.9_s10014,10014,0.01,0.9,0.35,random,0.9,0.019999999999999997,0.1375,0.06812499999999999,1.653400000009242,80
h0.01_r0.9_s10014,10014,0.01,0.9,0.35,myopic,0.9,0.019999999999999997,0.05,0.0375,1.9623840000804194,80
h0.01_r0.9_s10014,10014,0.01,0.9,0.35,recheck,1.0,0.0,0.1125,0.039375,1.6924090000429715,80
h0.01_r0.9_s10014,10014,0.01,0.9,0.35,no_task,0.9,0.019999999999999997,0.125,0.06375,1.5872809999564197,80
h0.01_r0.9_s10015,10015,0.01,0.9,0.35,never,0.825,0.04375,0.05,0.061250000000000006,1.0974059999853125,80
h0.01_r0.9_s10015,10015,0.01,0.9,0.35,fresh,1.0,0.0,1.95,0.6824999999999999,1.215684000044348,80
h0.01_r0.9_s10015,10015,0.01,0.9,0.35,ttl,0.825,0.04375,0.1875,0.109375,1.210116000038397,80
h0.01_r0.9_s10015,10015,0.01,0.9,0.35,entropy,0.7625,0.059375,0.15,0.11187499999999999,1.2226940000346076,80
h0.01_r0.9_s10015,10015,0.01,0.9,0.35,random,0.85,0.057499999999999996,0.2875,0.158125,1.2909759999502057,80
h0.01_r0.9_s10015,10015,0.01,0.9,0.35,myopic,0.825,0.04375,0.05,0.061250000000000006,1.1865200000329423,80
h0.01_r0.9_s10015,10015,0.01,0.9,0.35,recheck,0.825,0.04375,0.175,0.10499999999999998,1.6436959999737155,80
h0.01_r0.9_s10015,10015,0.01,0.9,0.35,no_task,0.8125,0.046875,0.125,0.090625,1.6952330000776783,80
h0.01_r0.9_s10016,10016,0.01,0.9,0.35,never,0.375,0.49812499999999976,0.05,0.5156249999999998,1.0843969999996261,80
h0.01_r0.9_s10016,10016,0.01,0.9,0.35,fresh,1.0,0.0,1.6125,0.564375,1.2373469999147346,80
h0.01_r0.9_s10016,10016,0.01,0.9,0.35,ttl,0.7625,0.15937499999999996,0.15,0.21187499999999995,1.301652000051945,80
h0.01_r0.9_s10016,10016,0.01,0.9,0.35,entropy,0.5625,0.3212500000000001,0.1375,0.36937500000000006,1.2416419999681239,80
h0.01_r0.9_s10016,10016,0.01,0.9,0.35,random,0.8125,0.08562499999999998,0.25,0.17312499999999997,1.3272209999968254,80
h0.01_r0.9_s10016,10016,0.01,0.9,0.35,myopic,0.375,0.49812499999999976,0.05,0.5156249999999998,1.18254500000603,80
h0.01_r0.9_s10016,10016,0.01,0.9,0.35,recheck,0.775,0.14874999999999997,0.15,0.20124999999999993,1.6213229999948453,80
h0.01_r0.9_s10016,10016,0.01,0.9,0.35,no_task,0.675,0.24000000000000005,0.125,0.28375000000000006,1.560481000069558,80
h0.01_r0.9_s10017,10017,0.01,0.9,0.35,never,0.8625,0.05500000000000001,0.05,0.07250000000000001,1.1758739999550016,80
h0.01_r0.9_s10017,10017,0.01,0.9,0.35,fresh,1.0,0.0,0.65,0.22749999999999998,1.2106460000040897,80
h0.01_r0.9_s10017,10017,0.01,0.9,0.35,ttl,0.9375,0.015625,0.1375,0.06375,1.2105959999644256,80
h0.01_r0.9_s10017,10017,0.01,0.9,0.35,entropy,0.9375,0.015625,0.1125,0.05500000000000001,1.3595399999530855,80
h0.01_r0.9_s10017,10017,0.01,0.9,0.35,random,0.875,0.059375,0.1,0.094375,1.3054879999572222,80
h0.01_r0.9_s10017,10017,0.01,0.9,0.35,myopic,0.8625,0.05500000000000001,0.05,0.07250000000000001,1.3494940000100542,80
h0.01_r0.9_s10017,10017,0.01,0.9,0.35,recheck,0.925,0.026875,0.125,0.07062500000000001,1.5359639999132924,80
h0.01_r0.9_s10017,10017,0.01,0.9,0.35,no_task,0.9375,0.015625,0.125,0.059375,1.583706000019447,80
h0.01_r0.9_s10018,10018,0.01,0.9,0.35,never,0.8125,0.05562500000000002,0.05,0.07312500000000002,1.097245999972074,80
h0.01_r0.9_s10018,10018,0.01,0.9,0.35,fresh,1.0,0.0,1.1875,0.415625,1.2334000000464584,80
h0.01_r0.9_s10018,10018,0.01,0.9,0.35,ttl,0.9125,0.030625000000000003,0.1375,0.07875,1.2173459999758052,80
h0.01_r0.9_s10018,10018,0.01,0.9,0.35,entropy,0.875,0.043750000000000004,0.1375,0.091875,1.277565999998842,80
h0.01_r0.9_s10018,10018,0.01,0.9,0.35,random,0.95,0.017499999999999998,0.175,0.07874999999999999,1.2913080000771515,80
h0.01_r0.9_s10018,10018,0.01,0.9,0.35,myopic,0.8125,0.05562500000000002,0.05,0.07312500000000002,1.1512270000366698,80
h0.01_r0.9_s10018,10018,0.01,0.9,0.35,recheck,0.9625,0.013124999999999998,0.1125,0.05249999999999999,1.5920189999860668,80
h0.01_r0.9_s10018,10018,0.01,0.9,0.35,no_task,0.8125,0.05562500000000002,0.125,0.09937500000000002,1.7048769999519209,80
h0.01_r0.9_s10019,10019,0.01,0.9,0.35,never,0.925,0.04875,0.05,0.06625,1.1099050000211719,80
h0.01_r0.9_s10019,10019,0.01,0.9,0.35,fresh,1.0,0.0,1.0375,0.363125,1.2235049999844705,80
h0.01_r0.9_s10019,10019,0.01,0.9,0.35,ttl,0.925,0.04875,0.1,0.08374999999999999,1.2155340000390424,80
h0.01_r0.9_s10019,10019,0.01,0.9,0.35,entropy,0.95,0.0325,0.1,0.0675,1.2360040000203298,80
h0.01_r0.9_s10019,10019,0.01,0.9,0.35,random,0.9375,0.040625,0.1125,0.08,1.300850999996328,80
h0.01_r0.9_s10019,10019,0.01,0.9,0.35,myopic,0.925,0.04875,0.05,0.06625,1.202975000069273,80
h0.01_r0.9_s10019,10019,0.01,0.9,0.35,recheck,1.0,0.0,0.0875,0.030624999999999996,1.5258089999861113,80
h0.01_r0.9_s10019,10019,0.01,0.9,0.35,no_task,0.925,0.04875,0.125,0.0925,1.5638959999932922,80
h0.01_r0.9_s10020,10020,0.01,0.9,0.35,never,1.0,0.0,0.05,0.017499999999999998,1.0848980000446318,80
h0.01_r0.9_s10020,10020,0.01,0.9,0.35,fresh,1.0,0.0,2.0625,0.7218749999999999,1.501622999967367,80
h0.01_r0.9_s10020,10020,0.01,0.9,0.35,ttl,1.0,0.0,0.1375,0.048124999999999994,1.308543000050122,80
h0.01_r0.9_s10020,10020,0.01,0.9,0.35,entropy,1.0,0.0,0.15,0.05249999999999999,1.3296650000711452,80
h0.01_r0.9_s10020,10020,0.01,0.9,0.35,random,1.0,0.0,0.275,0.09624999999999999,1.3170360000458459,80
h0.01_r0.9_s10020,10020,0.01,0.9,0.35,myopic,1.0,0.0,0.05,0.017499999999999998,1.1431249999986903,80
h0.01_r0.9_s10020,10020,0.01,0.9,0.35,recheck,1.0,0.0,0.125,0.04375,1.5873109999802182,80
h0.01_r0.9_s10020,10020,0.01,0.9,0.35,no_task,1.0,0.0,0.125,0.04375,1.5488039999809189,80
h0.01_r0.9_s10021,10021,0.01,0.9,0.35,never,0.9625,0.013124999999999998,0.05,0.030624999999999996,1.1002009999856455,80
h0.01_r0.9_s10021,10021,0.01,0.9,0.35,fresh,1.0,0.0,1.05,0.3675,1.1979270000210818,80
h0.01_r0.9_s10021,10021,0.01,0.9,0.35,ttl,1.0,0.0,0.125,0.04375,1.208802999940417,80
h0.01_r0.9_s10021,10021,0.01,0.9,0.35,entropy,1.0,0.0,0.0875,0.030624999999999996,1.2939420000748214,80
h0.01_r0.9_s10021,10021,0.01,0.9,0.35,random,0.9875,0.0043749999999999995,0.15,0.05687499999999999,1.286349999986669,80
h0.01_r0.9_s10021,10021,0.01,0.9,0.35,myopic,0.9625,0.013124999999999998,0.05,0.030624999999999996,1.1644969999906607,80
h0.01_r0.9_s10021,10021,0.01,0.9,0.35,recheck,1.0,0.0,0.1375,0.048124999999999994,1.7382270000325661,80
h0.01_r0.9_s10021,10021,0.01,0.9,0.35,no_task,1.0,0.0,0.125,0.04375,1.5623540000433422,80
h0.01_r0.9_s10022,10022,0.01,0.9,0.35,never,1.0,0.0,0.05,0.017499999999999998,1.1020030000281622,80
h0.01_r0.9_s10022,10022,0.01,0.9,0.35,fresh,1.0,0.0,1.9,0.6649999999999999,1.2120179999328684,80
h0.01_r0.9_s10022,10022,0.01,0.9,0.35,ttl,1.0,0.0,0.1375,0.048124999999999994,1.293209999971623,80
h0.01_r0.9_s10022,10022,0.01,0.9,0.35,entropy,1.0,0.0,0.125,0.04375,1.2187889999495383,80
h0.01_r0.9_s10022,10022,0.01,0.9,0.35,random,1.0,0.0,0.25,0.0875,1.327310999954534,80
h0.01_r0.9_s10022,10022,0.01,0.9,0.35,myopic,1.0,0.0,0.05,0.017499999999999998,1.1457589999963602,80
h0.01_r0.9_s10022,10022,0.01,0.9,0.35,recheck,1.0,0.0,0.1375,0.048124999999999994,1.5408719999641107,80
h0.01_r0.9_s10022,10022,0.01,0.9,0.35,no_task,1.0,0.0,0.125,0.04375,1.5378169999848978,80
h0.01_r0.9_s10023,10023,0.01,0.9,0.35,never,0.5875,0.12062499999999998,0.05,0.138125,1.0679320000690495,80
h0.01_r0.9_s10023,10023,0.01,0.9,0.35,fresh,1.0,0.0,1.6,0.5599999999999999,1.2244069999951535,80
h0.01_r0.9_s10023,10023,0.01,0.9,0.35,ttl,0.8,0.045,0.1375,0.09312499999999999,1.2136010000176611,80
h0.01_r0.9_s10023,10023,0.01,0.9,0.35,entropy,0.8125,0.046875,0.125,0.090625,1.2318779999986873,80
h0.01_r0.9_s10023,10023,0.01,0.9,0.35,random,0.5875,0.12062499999999998,0.15,0.17312499999999997,1.4628940000420698,80
h0.01_r0.9_s10023,10023,0.01,0.9,0.35,myopic,0.5875,0.12062499999999998,0.05,0.138125,1.1668600000120932,80
h0.01_r0.9_s10023,10023,0.01,0.9,0.35,recheck,0.8125,0.041874999999999996,0.125,0.08562499999999999,1.5991389999499006,80
h0.01_r0.9_s10023,10023,0.01,0.9,0.35,no_task,0.7875,0.048124999999999994,0.125,0.091875,1.5757539999867731,80
h0.01_r0.9_s10024,10024,0.01,0.9,0.35,never,0.5875,0.09437500000000004,0.05,0.11187500000000003,1.1266200000363824,80
h0.01_r0.9_s10024,10024,0.01,0.9,0.35,fresh,1.0,0.0,1.7375,0.608125,1.2206109998942338,80
h0.01_r0.9_s10024,10024,0.01,0.9,0.35,ttl,0.9125,0.029374999999999995,0.15,0.08187499999999999,1.3476720000653586,80
h0.01_r0.9_s10024,10024,0.01,0.9,0.35,entropy,0.9125,0.026249999999999996,0.15,0.07874999999999999,1.5866600000435938,80
h0.01_r0.9_s10024,10024,0.01,0.9,0.35,random,0.8625,0.03625,0.275,0.1325,1.4708970001038324,80
h0.01_r0.9_s10024,10024,0.01,0.9,0.35,myopic,0.5875,0.09437500000000004,0.05,0.11187500000000003,1.2734599999930651,80
h0.01_r0.9_s10024,10024,0.01,0.9,0.35,recheck,0.85,0.041874999999999996,0.1375,0.09,1.605648999998266,80
h0.01_r0.9_s10024,10024,0.01,0.9,0.35,no_task,0.5875,0.09437500000000004,0.125,0.13812500000000005,1.5563450000399826,80
h0.01_r0.9_s10025,10025,0.01,0.9,0.35,never,0.9875,0.0043749999999999995,0.05,0.021875,1.1444569998957377,80
h0.01_r0.9_s10025,10025,0.01,0.9,0.35,fresh,1.0,0.0,0.9125,0.31937499999999996,1.274922999982664,80
h0.01_r0.9_s10025,10025,0.01,0.9,0.35,ttl,1.0,0.0,0.1375,0.048124999999999994,1.2384770000153367,80
h0.01_r0.9_s10025,10025,0.01,0.9,0.35,entropy,0.9875,0.0043749999999999995,0.125,0.048125,1.2234649999527392,80
h0.01_r0.9_s10025,10025,0.01,0.9,0.35,random,0.9875,0.0043749999999999995,0.125,0.048125,1.292648999992707,80
h0.01_r0.9_s10025,10025,0.01,0.9,0.35,myopic,0.9875,0.0043749999999999995,0.05,0.021875,1.1783880000848512,80
h0.01_r0.9_s10025,10025,0.01,0.9,0.35,recheck,0.9875,0.0043749999999999995,0.1375,0.05249999999999999,1.5461689999938244,80
h0.01_r0.9_s10025,10025,0.01,0.9,0.35,no_task,0.9875,0.0043749999999999995,0.125,0.048125,1.5578969999978654,80
h0.01_r0.9_s10026,10026,0.01,0.9,0.35,never,0.9375,0.0125,0.05,0.03,1.0878120000370473,80
h0.01_r0.9_s10026,10026,0.01,0.9,0.35,fresh,1.0,0.0,0.85,0.2975,1.207201000056557,80
h0.01_r0.9_s10026,10026,0.01,0.9,0.35,ttl,1.0,0.0,0.1,0.034999999999999996,1.2425939999047841,80
h0.01_r0.9_s10026,10026,0.01,0.9,0.35,entropy,0.9375,0.0125,0.0875,0.043125,1.26277399999708,80
h0.01_r0.9_s10026,10026,0.01,0.9,0.35,random,0.9375,0.0125,0.1125,0.051875000000000004,1.304215999994085,80
h0.01_r0.9_s10026,10026,0.01,0.9,0.35,myopic,0.9375,0.0125,0.05,0.03,1.2356240000599428,80
h0.01_r0.9_s10026,10026,0.01,0.9,0.35,recheck,0.9375,0.0125,0.075,0.03874999999999999,1.5588579999530339,80
h0.01_r0.9_s10026,10026,0.01,0.9,0.35,no_task,0.9375,0.0125,0.125,0.05625,1.547711999933199,80
h0.01_r0.9_s10027,10027,0.01,0.9,0.35,never,0.775,0.21000000000000002,0.05,0.22749999999999998,1.0692939999898954,80
h0.01_r0.9_s10027,10027,0.01,0.9,0.35,fresh,1.0,0.0,1.05,0.3675,1.221401999941918,80
h0.01_r0.9_s10027,10027,0.01,0.9,0.35,ttl,1.0,0.0,0.125,0.04375,1.2065410001014243,80
h0.01_r0.9_s10027,10027,0.01,0.9,0.35,entropy,0.8125,0.1875,0.1125,0.226875,1.2911370000665556,80
h0.01_r0.9_s10027,10027,0.01,0.9,0.35,random,0.9375,0.0625,0.1125,0.10187500000000001,1.2915769999608528,80
h0.01_r0.9_s10027,10027,0.01,0.9,0.35,myopic,0.775,0.21000000000000002,0.05,0.22749999999999998,1.1682229999223637,80
h0.01_r0.9_s10027,10027,0.01,0.9,0.35,recheck,0.975,0.025,0.15,0.07749999999999999,1.5568060000532569,80
h0.01_r0.9_s10027,10027,0.01,0.9,0.35,no_task,0.9875,0.0125,0.125,0.05625,1.5377980000721436,80
h0.01_r0.9_s10028,10028,0.01,0.9,0.35,never,0.575,0.1487499999999999,0.05,0.16624999999999993,1.1037860000442379,80
h0.01_r0.9_s10028,10028,0.01,0.9,0.35,fresh,1.0,0.0,0.925,0.32375,1.195833999986462,80
h0.01_r0.9_s10028,10028,0.01,0.9,0.35,ttl,1.0,0.0,0.1,0.034999999999999996,1.2331189999486014,80
h0.01_r0.9_s10028,10028,0.01,0.9,0.35,entropy,1.0,0.0,0.1,0.034999999999999996,1.2434249999841995,80
h0.01_r0.9_s10028,10028,0.01,0.9,0.35,random,0.65,0.12249999999999994,0.1,0.15749999999999992,1.5471509999542832,80
h0.01_r0.9_s10028,10028,0.01,0.9,0.35,myopic,0.575,0.1487499999999999,0.05,0.16624999999999993,1.1776270000609657,80
h0.01_r0.9_s10028,10028,0.01,0.9,0.35,recheck,1.0,0.0,0.1125,0.039375,3.014713000084157,80
h0.01_r0.9_s10028,10028,0.01,0.9,0.35,no_task,0.85,0.052500000000000005,0.125,0.09625,2.2113470000704183,80
h0.01_r0.9_s10029,10029,0.01,0.9,0.35,never,0.45,0.2331249999999999,0.05,0.2506249999999999,1.1805409999396943,80
h0.01_r0.9_s10029,10029,0.01,0.9,0.35,fresh,1.0,0.0,1.6125,0.564375,1.2156839999306612,80
h0.01_r0.9_s10029,10029,0.01,0.9,0.35,ttl,0.8875,0.04,0.1375,0.088125,1.2400000000525324,80
h0.01_r0.9_s10029,10029,0.01,0.9,0.35,entropy,0.85,0.04687500000000001,0.1375,0.095,1.2742919999482183,80
h0.01_r0.9_s10029,10029,0.01,0.9,0.35,random,0.6875,0.12375000000000003,0.1625,0.18062500000000004,1.3989789999868663,80
h0.01_r0.9_s10029,10029,0.01,0.9,0.35,myopic,0.45,0.2331249999999999,0.05,0.2506249999999999,1.38109199997416,80
h0.01_r0.9_s10029,10029,0.01,0.9,0.35,recheck,0.9125,0.03125,0.125,0.075,1.6486429999531538,80
h0.01_r0.9_s10029,10029,0.01,0.9,0.35,no_task,0.7625,0.08374999999999996,0.125,0.12749999999999997,1.5409920000593047,80
h0.01_r0.9_s10030,10030,0.01,0.9,0.35,never,0.6375,0.22625,0.05,0.24375,1.0623839999652773,80
h0.01_r0.9_s10030,10030,0.01,0.9,0.35,fresh,1.0,0.0,1.1,0.38499999999999995,1.201762999926359,80
h0.01_r0.9_s10030,10030,0.01,0.9,0.35,ttl,1.0,0.0,0.1375,0.048124999999999994,1.2019129999316647,80
h0.01_r0.9_s10030,10030,0.01,0.9,0.35,entropy,1.0,0.0,0.1375,0.048124999999999994,1.2362850000045,80
h0.01_r0.9_s10030,10030,0.01,0.9,0.35,random,0.8625,0.07062500000000002,0.1625,0.1275,1.277737000009438,80
h0.01_r0.9_s10030,10030,0.01,0.9,0.35,myopic,0.6375,0.22625,0.05,0.24375,1.18659099996421,80
h0.01_r0.9_s10030,10030,0.01,0.9,0.35,recheck,1.0,0.0,0.15,0.05249999999999999,1.5246269999806827,80
h0.01_r0.9_s10030,10030,0.01,0.9,0.35,no_task,0.9625,0.005625,0.125,0.049375,1.6839360000631132,80
h0.01_r0.9_s10031,10031,0.01,0.9,0.35,never,0.95,0.0075,0.05,0.025,1.0745920000090337,80
h0.01_r0.9_s10031,10031,0.01,0.9,0.35,fresh,1.0,0.0,1.125,0.39374999999999993,1.2129299999514842,80
h0.01_r0.9_s10031,10031,0.01,0.9,0.35,ttl,0.8375,0.056874999999999995,0.15,0.109375,1.2351230000149371,80
h0.01_r0.9_s10031,10031,0.01,0.9,0.35,entropy,0.825,0.05874999999999999,0.125,0.1025,1.4036159999477604,80
h0.01_r0.9_s10031,10031,0.01,0.9,0.35,random,0.95,0.015,0.1125,0.05437499999999999,1.3122190000558476,80
h0.01_r0.9_s10031,10031,0.01,0.9,0.35,myopic,0.95,0.0075,0.05,0.025,1.1513169999943784,80
h0.01_r0.9_s10031,10031,0.01,0.9,0.35,recheck,0.95,0.0075,0.15,0.059999999999999984,1.557496000032188,80
h0.01_r0.9_s10031,10031,0.01,0.9,0.35,no_task,0.95,0.0075,0.125,0.05125,1.597346000039579,80
h0.01_r0.9_s10032,10032,0.01,0.9,0.35,never,1.0,0.0,0.05,0.017499999999999998,1.075122999964151,80
h0.01_r0.9_s10032,10032,0.01,0.9,0.35,fresh,1.0,0.0,1.025,0.35875,1.2373260000231312,80
h0.01_r0.9_s10032,10032,0.01,0.9,0.35,ttl,1.0,0.0,0.1,0.034999999999999996,1.2123689999725684,80
h0.01_r0.9_s10032,10032,0.01,0.9,0.35,entropy,1.0,0.0,0.0625,0.021875,1.5252079999754642,80
h0.01_r0.9_s10032,10032,0.01,0.9,0.35,random,1.0,0.0,0.1125,0.039375,1.2765760000092996,80
h0.01_r0.9_s10032,10032,0.01,0.9,0.35,myopic,1.0,0.0,0.05,0.017499999999999998,1.2469099999634636,80
h0.01_r0.9_s10032,10032,0.01,0.9,0.35,recheck,1.0,0.0,0.1125,0.039375,1.6076319999456246,80
h0.01_r0.9_s10032,10032,0.01,0.9,0.35,no_task,1.0,0.0,0.125,0.04375,1.5265009999438917,80
h0.01_r0.9_s10033,10033,0.01,0.9,0.35,never,0.8875,0.03937500000000001,0.05,0.05687500000000001,1.103054999930464,80
h0.01_r0.9_s10033,10033,0.01,0.9,0.35,fresh,1.0,0.0,1.2,0.41999999999999993,1.2793189999911192,80
h0.01_r0.9_s10033,10033,0.01,0.9,0.35,ttl,0.975,0.008749999999999999,0.1125,0.048124999999999994,1.2041960000033214,80
h0.01_r0.9_s10033,10033,0.01,0.9,0.35,entropy,0.9375,0.021875,0.125,0.065625,1.2040660000138814,80
h0.01_r0.9_s10033,10033,0.01,0.9,0.35,random,0.8875,0.03937500000000001,0.1125,0.07875000000000001,1.2731600000961407,80
h0.01_r0.9_s10033,10033,0.01,0.9,0.35,myopic,0.8875,0.03937500000000001,0.05,0.05687500000000001,1.1536609999893699,80
h0.01_r0.9_s10033,10033,0.01,0.9,0.35,recheck,1.0,0.0,0.1125,0.039375,1.5341810000109035,80
h0.01_r0.9_s10033,10033,0.01,0.9,0.35,no_task,0.8875,0.03937500000000001,0.125,0.083125,1.5334710000161067,80
h0.01_r0.9_s10034,10034,0.01,0.9,0.35,never,0.725,0.09624999999999996,0.05,0.11374999999999995,1.069383999947604,80
h0.01_r0.9_s10034,10034,0.01,0.9,0.35,fresh,1.0,0.0,1.15,0.40249999999999997,1.2525289999985034,80
h0.01_r0.9_s10034,10034,0.01,0.9,0.35,ttl,0.95,0.017499999999999998,0.1125,0.056874999999999995,1.2173759999996037,80
h0.01_r0.9_s10034,10034,0.01,0.9,0.35,entropy,0.95,0.017499999999999998,0.1,0.05249999999999999,1.2301450000222758,80
h0.01_r0.9_s10034,10034,0.01,0.9,0.35,random,0.8,0.06999999999999998,0.175,0.13124999999999998,1.2897450000082245,80
h0.01_r0.9_s10034,10034,0.01,0.9,0.35,myopic,0.725,0.09624999999999996,0.05,0.11374999999999995,1.1644969999906607,80
h0.01_r0.9_s10034,10034,0.01,0.9,0.35,recheck,0.95,0.017499999999999998,0.1125,0.056874999999999995,1.6175769999335898,80
h0.01_r0.9_s10034,10034,0.01,0.9,0.35,no_task,0.95,0.017499999999999998,0.125,0.061250000000000006,1.5410620000011477,80
h0.01_r0.9_s10035,10035,0.01,0.9,0.35,never,0.8,0.10187500000000002,0.05,0.11937500000000004,1.0911360000136483,80
h0.01_r0.9_s10035,10035,0.01,0.9,0.35,fresh,1.0,0.0,0.825,0.28874999999999995,1.1827349999293801,80
h0.01_r0.9_s10035,10035,0.01,0.9,0.35,ttl,0.9125,0.056874999999999995,0.1,0.091875,1.20409600003768,80
h0.01_r0.9_s10035,10035,0.01,0.9,0.35,entropy,0.9125,0.056874999999999995,0.0875,0.0875,1.2116080000623697,80
h0.01_r0.9_s10035,10035,0.01,0.9,0.35,random,0.8,0.09437500000000001,0.0875,0.12500000000000003,1.5530900000157999,80
h0.01_r0.9_s10035,10035,0.01,0.9,0.35,myopic,0.8,0.10187500000000002,0.05,0.11937500000000004,1.1864299999615469,80
h0.01_r0.9_s10035,10035,0.01,0.9,0.35,recheck,0.925,0.04875,0.1125,0.088125,1.6253679999636006,80
h0.01_r0.9_s10035,10035,0.01,0.9,0.35,no_task,0.8,0.07375000000000004,0.125,0.11750000000000002,1.557056000024204,80
h0.01_r0.9_s10036,10036,0.01,0.9,0.35,never,1.0,0.0,0.05,0.017499999999999998,1.236605000030977,80
h0.01_r0.9_s10036,10036,0.01,0.9,0.35,fresh,1.0,0.0,1.25,0.4375,1.2086830000725968,80
h0.01_r0.9_s10036,10036,0.01,0.9,0.35,ttl,1.0,0.0,0.15,0.05249999999999999,1.3292739999997139,80
h0.01_r0.9_s10036,10036,0.01,0.9,0.35,entropy,1.0,0.0,0.125,0.04375,1.2124890000677624,80
h0.01_r0.9_s10036,10036,0.01,0.9,0.35,random,1.0,0.0,0.1625,0.056874999999999995,1.303424999946401,80
h0.01_r0.9_s10036,10036,0.01,0.9,0.35,myopic,1.0,0.0,0.05,0.017499999999999998,1.1360439999634764,80
h0.01_r0.9_s10036,10036,0.01,0.9,0.35,recheck,1.0,0.0,0.1375,0.048124999999999994,1.576785999986896,80
h0.01_r0.9_s10036,10036,0.01,0.9,0.35,no_task,1.0,0.0,0.125,0.04375,1.546429999962129,80
h0.01_r0.9_s10037,10037,0.01,0.9,0.35,never,0.7,0.06000000000000002,0.05,0.07750000000000001,1.198578000071393,80
h0.01_r0.9_s10037,10037,0.01,0.9,0.35,fresh,1.0,0.0,1.075,0.37625,1.200670999992326,80
h0.01_r0.9_s10037,10037,0.01,0.9,0.35,ttl,1.0,0.0,0.175,0.06124999999999999,1.7155739999452635,80
h0.01_r0.9_s10037,10037,0.01,0.9,0.35,entropy,1.0,0.0,0.15,0.05249999999999999,1.2637559999575387,80
h0.01_r0.9_s10037,10037,0.01,0.9,0.35,random,0.9375,0.0125,0.15,0.06499999999999999,1.8698349999795028,80
h0.01_r0.9_s10037,10037,0.01,0.9,0.35,myopic,0.7,0.06000000000000002,0.05,0.07750000000000001,1.1483229999385003,80
h0.01_r0.9_s10037,10037,0.01,0.9,0.35,recheck,0.9625,0.0075000000000000015,0.1625,0.064375,1.7339610000135508,80
h0.01_r0.9_s10037,10037,0.01,0.9,0.35,no_task,0.7,0.06000000000000002,0.125,0.10375000000000001,1.6419830000131697,80
h0.01_r0.9_s10038,10038,0.01,0.9,0.35,never,0.35,0.2181249999999999,0.05,0.2356249999999999,1.1627439999983835,80
h0.01_r0.9_s10038,10038,0.01,0.9,0.35,fresh,1.0,0.0,1.3375,0.46812499999999996,1.2272110000139946,80
h0.01_r0.9_s10038,10038,0.01,0.9,0.35,ttl,0.675,0.09874999999999995,0.15,0.15124999999999994,1.2199000000236992,80
h0.01_r0.9_s10038,10038,0.01,0.9,0.35,entropy,0.8375,0.034375,0.125,0.078125,1.3209719999167646,80
h0.01_r0.9_s10038,10038,0.01,0.9,0.35,random,0.5125,0.156875,0.15,0.209375,1.2756840000065495,80
h0.01_r0.9_s10038,10038,0.01,0.9,0.35,myopic,0.35,0.2181249999999999,0.05,0.2356249999999999,1.1889339999697768,80
h0.01_r0.9_s10038,10038,0.01,0.9,0.35,recheck,0.5875,0.11437499999999996,0.1,0.14937499999999995,1.541523000014422,80
h0.01_r0.9_s10038,10038,0.01,0.9,0.35,no_task,0.5875,0.11437499999999996,0.125,0.15812499999999996,1.633409999953983,80
h0.01_r0.9_s10039,10039,0.01,0.9,0.35,never,0.8,0.08625000000000002,0.05,0.10375000000000004,1.0691740000083882,80
h0.01_r0.9_s10039,10039,0.01,0.9,0.35,fresh,1.0,0.0,1.4,0.48999999999999994,1.280040999972698,80
h0.01_r0.9_s10039,10039,0.01,0.9,0.35,ttl,1.0,0.0,0.125,0.04375,1.2341219999143505,80
h0.01_r0.9_s10039,10039,0.01,0.9,0.35,entropy,1.0,0.0,0.125,0.04375,1.2823229999412433,80
h0.01_r0.9_s10039,10039,0.01,0.9,0.35,random,0.8,0.08000000000000003,0.1875,0.14562500000000003,1.3165249999929074,80
h0.01_r0.9_s10039,10039,0.01,0.9,0.35,myopic,0.8,0.08625000000000002,0.05,0.10375000000000004,1.1466800000334842,80
h0.01_r0.9_s10039,10039,0.01,0.9,0.35,recheck,0.825,0.026249999999999996,0.1125,0.065625,1.6706760000033682,80
h0.01_r0.9_s10039,10039,0.01,0.9,0.35,no_task,0.825,0.026249999999999996,0.125,0.06999999999999999,1.5856090000170298,80
h0.01_r0.9_s10040,10040,0.01,0.9,0.35,never,0.45,0.35312500000000024,0.05,0.37062500000000026,1.1841959999401297,80
h0.01_r0.9_s10040,10040,0.01,0.9,0.35,fresh,1.0,0.0,1.425,0.49874999999999997,1.222163999955228,80
h0.01_r0.9_s10040,10040,0.01,0.9,0.35,ttl,0.9625,0.013124999999999998,0.1375,0.06124999999999999,1.2143720000494795,80
h0.01_r0.9_s10040,10040,0.01,0.9,0.35,entropy,0.8625,0.08875,0.125,0.1325,1.2583980000044903,80
h0.01_r0.9_s10040,10040,0.01,0.9,0.35,random,0.8875,0.055624999999999994,0.2125,0.12999999999999998,1.2935499999002786,80
h0.01_r0.9_s10040,10040,0.01,0.9,0.35,myopic,0.45,0.35312500000000024,0.05,0.37062500000000026,1.1819129999821598,80
h0.01_r0.9_s10040,10040,0.01,0.9,0.35,recheck,0.9875,0.0043749999999999995,0.125,0.048125,1.5358140000216736,80
h0.01_r0.9_s10040,10040,0.01,0.9,0.35,no_task,0.8125,0.06562499999999999,0.125,0.109375,1.608532999966883,80
h0.01_r0.9_s10041,10041,0.01,0.9,0.35,never,0.9875,0.0043749999999999995,0.05,0.021875,1.0726190000696079,80
h0.01_r0.9_s10041,10041,0.01,0.9,0.35,fresh,1.0,0.0,0.975,0.34124999999999994,1.46709099999498,80
h0.01_r0.9_s10041,10041,0.01,0.9,0.35,ttl,0.975,0.00375,0.1375,0.05187499999999999,1.32985599998392,80
h0.01_r0.9_s10041,10041,0.01,0.9,0.35,entropy,0.975,0.00375,0.1375,0.05187499999999999,1.3047070000311578,80
h0.01_r0.9_s10041,10041,0.01,0.9,0.35,random,0.9875,0.0043749999999999995,0.1375,0.05249999999999999,1.3141020000375647,80
h0.01_r0.9_s10041,10041,0.01,0.9,0.35,myopic,0.9875,0.0043749999999999995,0.05,0.021875,1.2069309999560573,80
h0.01_r0.9_s10041,10041,0.01,0.9,0.35,recheck,0.975,0.00375,0.1375,0.05187499999999999,1.5671010000914976,80
h0.01_r0.9_s10041,10041,0.01,0.9,0.35,no_task,0.975,0.00375,0.125,0.0475,1.6837660000419419,80
h0.01_r0.9_s10042,10042,0.01,0.9,0.35,never,0.9625,0.009375,0.05,0.026875,1.110255999947185,80
h0.01_r0.9_s10042,10042,0.01,0.9,0.35,fresh,1.0,0.0,1.125,0.39374999999999993,1.2721679999003754,80
h0.01_r0.9_s10042,10042,0.01,0.9,0.35,ttl,1.0,0.0,0.15,0.05249999999999999,1.2704460000350082,80
h0.01_r0.9_s10042,10042,0.01,0.9,0.35,entropy,1.0,0.0,0.1125,0.039375,1.2067400000432826,80
h0.01_r0.9_s10042,10042,0.01,0.9,0.35,random,0.975,0.00625,0.1,0.041249999999999995,1.4111170000887796,80
h0.01_r0.9_s10042,10042,0.01,0.9,0.35,myopic,0.9625,0.009375,0.05,0.026875,1.2256090000164477,80
h0.01_r0.9_s10042,10042,0.01,0.9,0.35,recheck,0.9625,0.009375,0.125,0.053125,1.5652280000040264,80
h0.01_r0.9_s10042,10042,0.01,0.9,0.35,no_task,0.9625,0.009375,0.125,0.053125,1.574412000081793,80
h0.01_r0.9_s10043,10043,0.01,0.9,0.35,never,0.3375,0.19750000000000012,0.05,0.21500000000000014,1.2142909999965923,80
h0.01_r0.9_s10043,10043,0.01,0.9,0.35,fresh,1.0,0.0,1.6625,0.5818749999999999,1.3731500000631058,80
h0.01_r0.9_s10043,10043,0.01,0.9,0.35,ttl,0.8375,0.068125,0.1875,0.13374999999999998,1.2403509999785456,80
h0.01_r0.9_s10043,10043,0.01,0.9,0.35,entropy,0.8625,0.06312500000000001,0.15,0.115625,1.2496449999161996,80
h0.01_r0.9_s10043,10043,0.01,0.9,0.35,random,0.675,0.11250000000000004,0.3,0.21750000000000003,1.312189000032049,80
h0.01_r0.9_s10043,10043,0.01,0.9,0.35,myopic,0.3375,0.19750000000000012,0.05,0.21500000000000014,1.187531000027775,80
h0.01_r0.9_s10043,10043,0.01,0.9,0.35,recheck,0.8875,0.050624999999999996,0.175,0.11187499999999999,1.5578869999899325,80
h0.01_r0.9_s10043,10043,0.01,0.9,0.35,no_task,0.6375,0.11187500000000006,0.125,0.15562500000000007,1.5836059999401186,80
h0.01_r0.9_s10044,10044,0.01,0.9,0.35,never,0.8375,0.10562500000000001,0.05,0.12312500000000001,1.0918280000851155,80
h0.01_r0.9_s10044,10044,0.01,0.9,0.35,fresh,1.0,0.0,0.825,0.28874999999999995,1.209894999988137,80
h0.01_r0.9_s10044,10044,0.01,0.9,0.35,ttl,0.9875,0.008125,0.1,0.043125,1.2443560000292564,80
h0.01_r0.9_s10044,10044,0.01,0.9,0.35,entropy,0.9875,0.008125,0.0875,0.03874999999999999,1.221562999944581,80
h0.01_r0.9_s10044,10044,0.01,0.9,0.35,random,0.875,0.08125000000000002,0.1125,0.12062500000000001,1.329014000020834,80
h0.01_r0.9_s10044,10044,0.01,0.9,0.35,myopic,0.8375,0.10562500000000001,0.05,0.12312500000000001,1.1583180000798166,80
h0.01_r0.9_s10044,10044,0.01,0.9,0.35,recheck,0.9875,0.008125,0.125,0.051875000000000004,1.5533609999920373,80
h0.01_r0.9_s10044,10044,0.01,0.9,0.35,no_task,0.975,0.01625,0.125,0.06,1.5633759999218455,80
h0.01_r0.9_s10045,10045,0.01,0.9,0.35,never,0.7875,0.076875,0.05,0.09437500000000001,1.0757539999985966,80
h0.01_r0.9_s10045,10045,0.01,0.9,0.35,fresh,1.0,0.0,1.425,0.49874999999999997,1.2394990000075268,80
h0.01_r0.9_s10045,10045,0.01,0.9,0.35,ttl,0.8,0.07375000000000001,0.125,0.11750000000000001,1.215563999949154,80
h0.01_r0.9_s10045,10045,0.01,0.9,0.35,entropy,0.8,0.07375000000000001,0.1125,0.113125,1.2209609999445092,80
h0.01_r0.9_s10045,10045,0.01,0.9,0.35,random,0.7125,0.095625,0.15,0.148125,1.3037559999702353,80
h0.01_r0.9_s10045,10045,0.01,0.9,0.35,myopic,0.7875,0.076875,0.05,0.09437500000000001,1.145228000041243,80
h0.01_r0.9_s10045,10045,0.01,0.9,0.35,recheck,0.8,0.07375000000000001,0.125,0.11750000000000001,1.569413999959579,80
h0.01_r0.9_s10045,10045,0.01,0.9,0.35,no_task,0.8,0.07375000000000001,0.125,0.11750000000000001,1.5348719999792593,80
h0.01_r0.9_s10046,10046,0.01,0.9,0.35,never,0.75,0.05750000000000001,0.05,0.075,1.1140520000481047,80
h0.01_r0.9_s10046,10046,0.01,0.9,0.35,fresh,1.0,0.0,1.025,0.35875,1.2836660000630218,80
h0.01_r0.9_s10046,10046,0.01,0.9,0.35,ttl,0.675,0.06500000000000003,0.1,0.10000000000000002,1.2522289999878922,80
h0.01_r0.9_s10046,10046,0.01,0.9,0.35,entropy,0.8,0.04000000000000001,0.0875,0.07062500000000001,2.5989590000108365,80
h0.01_r0.9_s10046,10046,0.01,0.9,0.35,random,0.7125,0.063125,0.1375,0.11124999999999999,1.3392490000114776,80
h0.01_r0.9_s10046,10046,0.01,0.9,0.35,myopic,0.75,0.05750000000000001,0.05,0.075,1.1672609999777706,80
h0.01_r0.9_s10046,10046,0.01,0.9,0.35,recheck,0.5375,0.09250000000000005,0.075,0.11875000000000005,1.5434059999961391,80
h0.01_r0.9_s10046,10046,0.01,0.9,0.35,no_task,0.8,0.04000000000000001,0.125,0.08375000000000002,1.6064699999560617,80
h0.01_r0.9_s10047,10047,0.01,0.9,0.35,never,1.0,0.0,0.05,0.017499999999999998,1.0933699999213786,80
h0.01_r0.9_s10047,10047,0.01,0.9,0.35,fresh,1.0,0.0,1.0125,0.354375,1.2911270000586228,80
h0.01_r0.9_s10047,10047,0.01,0.9,0.35,ttl,1.0,0.0,0.125,0.04375,1.209534000054191,80
h0.01_r0.9_s10047,10047,0.01,0.9,0.35,entropy,1.0,0.0,0.1,0.034999999999999996,1.3046870000152921,80
h0.01_r0.9_s10047,10047,0.01,0.9,0.35,random,1.0,0.0,0.1125,0.039375,1.4122989999805213,80
h0.01_r0.9_s10047,10047,0.01,0.9,0.35,myopic,1.0,0.0,0.05,0.017499999999999998,1.2283229999638934,80
h0.01_r0.9_s10047,10047,0.01,0.9,0.35,recheck,1.0,0.0,0.1375,0.048124999999999994,1.640851999923143,80
h0.01_r0.9_s10047,10047,0.01,0.9,0.35,no_task,1.0,0.0,0.125,0.04375,1.5577260001009563,80
h0.01_r0.9_s10048,10048,0.01,0.9,0.35,never,0.675,0.10437500000000002,0.05,0.12187500000000002,1.4022740000427802,80
h0.01_r0.9_s10048,10048,0.01,0.9,0.35,fresh,1.0,0.0,0.8,0.27999999999999997,1.208062000046084,80
h0.01_r0.9_s10048,10048,0.01,0.9,0.35,ttl,0.9125,0.056874999999999995,0.1,0.091875,1.3187689999085705,80
h0.01_r0.9_s10048,10048,0.01,0.9,0.35,entropy,0.9625,0.024375,0.0875,0.05500000000000001,1.2342120000994328,80
h0.01_r0.9_s10048,10048,0.01,0.9,0.35,random,0.7375,0.07500000000000004,0.125,0.11875000000000005,1.3285429999996268,80
h0.01_r0.9_s10048,10048,0.01,0.9,0.35,myopic,0.675,0.10437500000000002,0.05,0.12187500000000002,1.1659090000648575,80
h0.01_r0.9_s10048,10048,0.01,0.9,0.35,recheck,1.0,0.0,0.1125,0.039375,1.5765050000027259,80
h0.01_r0.9_s10048,10048,0.01,0.9,0.35,no_task,0.675,0.10437500000000002,0.125,0.148125,1.620421999973587,80
h0.01_r0.9_s10049,10049,0.01,0.9,0.35,never,0.6125,0.10312500000000002,0.05,0.12062500000000002,1.648762999934661,80
h0.01_r0.9_s10049,10049,0.01,0.9,0.35,fresh,1.0,0.0,1.0125,0.354375,1.272039000014047,80
h0.01_r0.9_s10049,10049,0.01,0.9,0.35,ttl,0.8875,0.03937500000000001,0.125,0.083125,1.2550030000966217,80
h0.01_r0.9_s10049,10049,0.01,0.9,0.35,entropy,0.85,0.052500000000000005,0.1125,0.091875,1.299179000056938,80
h0.01_r0.9_s10049,10049,0.01,0.9,0.35,random,0.8,0.06999999999999998,0.175,0.13124999999999998,1.2990179999405882,80
h0.01_r0.9_s10049,10049,0.01,0.9,0.35,myopic,0.6125,0.10312500000000002,0.05,0.12062500000000002,1.2329099999988102,80
h0.01_r0.9_s10049,10049,0.01,0.9,0.35,recheck,0.9125,0.030625000000000003,0.1125,0.06999999999999999,1.5686529999356935,80
h0.01_r0.9_s10049,10049,0.01,0.9,0.35,no_task,0.775,0.07874999999999997,0.125,0.12249999999999997,1.9619629999851895,80
h0.01_r0.9_s10050,10050,0.01,0.9,0.35,never,1.0,0.0,0.05,0.017499999999999998,1.1106759999393034,80
h0.01_r0.9_s10050,10050,0.01,0.9,0.35,fresh,1.0,0.0,0.9125,0.31937499999999996,1.2957740000274498,80
h0.01_r0.9_s10050,10050,0.01,0.9,0.35,ttl,1.0,0.0,0.0875,0.030624999999999996,1.2424239999972997,80
h0.01_r0.9_s10050,10050,0.01,0.9,0.35,entropy,1.0,0.0,0.075,0.026249999999999996,1.2883530000635801,80
h0.01_r0.9_s10050,10050,0.01,0.9,0.35,random,1.0,0.0,0.075,0.026249999999999996,1.3146229999847492,80
h0.01_r0.9_s10050,10050,0.01,0.9,0.35,myopic,1.0,0.0,0.05,0.017499999999999998,1.1731399999916903,80
h0.01_r0.9_s10050,10050,0.01,0.9,0.35,recheck,1.0,0.0,0.075,0.026249999999999996,1.616664999914974,80
h0.01_r0.9_s10050,10050,0.01,0.9,0.35,no_task,1.0,0.0,0.125,0.04375,1.5509359999441585,80
h0.01_r0.9_s10051,10051,0.01,0.9,0.35,never,0.9875,0.0043749999999999995,0.05,0.021875,1.0726689999955852,80
h0.01_r0.9_s10051,10051,0.01,0.9,0.35,fresh,1.0,0.0,1.05,0.3675,1.218448000031458,80
h0.01_r0.9_s10051,10051,0.01,0.9,0.35,ttl,0.9875,0.0043749999999999995,0.1,0.039375,1.2375559999782126,80
h0.01_r0.9_s10051,10051,0.01,0.9,0.35,entropy,0.9875,0.0043749999999999995,0.1,0.039375,1.2202510000633993,80
h0.01_r0.9_s10051,10051,0.01,0.9,0.35,random,0.9875,0.0043749999999999995,0.175,0.06562499999999999,1.367771999980505,80
h0.01_r0.9_s10051,10051,0.01,0.9,0.35,myopic,0.9875,0.0043749999999999995,0.05,0.021875,1.1680720000413203,80
h0.01_r0.9_s10051,10051,0.01,0.9,0.35,recheck,0.9875,0.0043749999999999995,0.1125,0.04375,1.7073210000262407,80
h0.01_r0.9_s10051,10051,0.01,0.9,0.35,no_task,0.9875,0.0043749999999999995,0.125,0.048125,1.6512370000327792,80
h0.01_r0.9_s10052,10052,0.01,0.9,0.35,never,0.575,0.328125,0.05,0.34562499999999996,1.1050570000179505,80
h0.01_r0.9_s10052,10052,0.01,0.9,0.35,fresh,1.0,0.0,0.675,0.23625,1.1722079999572088,80
h0.01_r0.9_s10052,10052,0.01,0.9,0.35,ttl,0.8375,0.08125,0.1,0.11625,1.2207009999656293,80
h0.01_r0.9_s10052,10052,0.01,0.9,0.35,entropy,0.575,0.3187500000000001,0.075,0.3450000000000001,1.219568999999865,80
h0.01_r0.9_s10052,10052,0.01,0.9,0.35,random,0.6875,0.2793750000000001,0.1125,0.3187500000000001,1.2822240000787133,80
h0.01_r0.9_s10052,10052,0.01,0.9,0.35,myopic,0.575,0.328125,0.05,0.34562499999999996,1.1846070000274267,80
h0.01_r0.9_s10052,10052,0.01,0.9,0.35,recheck,0.8625,0.045625000000000006,0.1,0.080625,1.5397199999824807,80
h0.01_r0.9_s10052,10052,0.01,0.9,0.35,no_task,0.6875,0.17812500000000003,0.125,0.221875,1.5727490000472244,80
h0.01_r0.9_s10053,10053,0.01,0.9,0.35,never,0.7625,0.17249999999999996,0.05,0.18999999999999997,1.082735000068169,80
h0.01_r0.9_s10053,10053,0.01,0.9,0.35,fresh,1.0,0.0,0.8375,0.29312499999999997,1.191287999972701,80
h0.01_r0.9_s10053,10053,0.01,0.9,0.35,ttl,1.0,0.0,0.1,0.034999999999999996,1.2391789999810499,80
h0.01_r0.9_s10053,10053,0.01,0.9,0.35,entropy,0.975,0.008749999999999999,0.1,0.04375,1.218128000004981,80
h0.01_r0.9_s10053,10053,0.01,0.9,0.35,random,0.8375,0.14625,0.1125,0.18562499999999998,1.3461900000493188,80
h0.01_r0.9_s10053,10053,0.01,0.9,0.35,myopic,0.7625,0.17249999999999996,0.05,0.18999999999999997,1.2379269999200915,80
h0.01_r0.9_s10053,10053,0.01,0.9,0.35,recheck,1.0,0.0,0.125,0.04375,1.5543220000608926,80
h0.01_r0.9_s10053,10053,0.01,0.9,0.35,no_task,0.9,0.035,0.125,0.07875000000000001,1.6862300000184405,80
h0.01_r0.9_s10054,10054,0.01,0.9,0.35,never,0.7,0.09437500000000001,0.05,0.11187500000000002,1.084365999986403,80
h0.01_r0.9_s10054,10054,0.01,0.9,0.35,fresh,1.0,0.0,1.2625,0.4418749999999999,1.2313570000515028,80
h0.01_r0.9_s10054,10054,0.01,0.9,0.35,ttl,0.775,0.07375000000000001,0.1375,0.121875,1.2189689999786424,80
h0.01_r0.9_s10054,10054,0.01,0.9,0.35,entropy,0.7625,0.05375,0.1,0.08875,1.2702960000297026,80
h0.01_r0.9_s10054,10054,0.01,0.9,0.35,random,0.8875,0.028125,0.2125,0.1025,1.29076600001099,80
h0.01_r0.9_s10054,10054,0.01,0.9,0.35,myopic,0.7,0.09437500000000001,0.05,0.11187500000000002,1.272479000022031,80
h0.01_r0.9_s10054,10054,0.01,0.9,0.35,recheck,0.7625,0.05375,0.125,0.0975,1.5755539999418033,80
h0.01_r0.9_s10054,10054,0.01,0.9,0.35,no_task,0.7625,0.05375,0.125,0.0975,1.5739809999786303,80
h0.01_r0.9_s10055,10055,0.01,0.9,0.35,never,1.0,0.0,0.05,0.017499999999999998,1.0826339999994161,80
h0.01_r0.9_s10055,10055,0.01,0.9,0.35,fresh,1.0,0.0,0.675,0.23625,1.1778180000874272,80
h0.01_r0.9_s10055,10055,0.01,0.9,0.35,ttl,1.0,0.0,0.075,0.026249999999999996,1.26514800001587,80
h0.01_r0.9_s10055,10055,0.01,0.9,0.35,entropy,1.0,0.0,0.075,0.026249999999999996,1.2250180000137334,80
h0.01_r0.9_s10055,10055,0.01,0.9,0.35,random,1.0,0.0,0.0625,0.021875,1.2705260000984708,80
h0.01_r0.9_s10055,10055,0.01,0.9,0.35,myopic,1.0,0.0,0.05,0.017499999999999998,1.1610320000272623,80
h0.01_r0.9_s10055,10055,0.01,0.9,0.35,recheck,1.0,0.0,0.0875,0.030624999999999996,1.5440959999750703,80
h0.01_r0.9_s10055,10055,0.01,0.9,0.35,no_task,1.0,0.0,0.125,0.04375,1.5905569999858926,80
h0.01_r0.9_s10056,10056,0.01,0.9,0.35,never,1.0,0.0,0.05,0.017499999999999998,1.0830149999492278,80
h0.01_r0.9_s10056,10056,0.01,0.9,0.35,fresh,1.0,0.0,1.025,0.35875,1.1921279999569379,80
h0.01_r0.9_s10056,10056,0.01,0.9,0.35,ttl,1.0,0.0,0.1625,0.056874999999999995,1.2449570000399035,80
h0.01_r0.9_s10056,10056,0.01,0.9,0.35,entropy,1.0,0.0,0.125,0.04375,1.2178969999467881,80
h0.01_r0.9_s10056,10056,0.01,0.9,0.35,random,1.0,0.0,0.1,0.034999999999999996,1.4851480000288575,80
h0.01_r0.9_s10056,10056,0.01,0.9,0.35,myopic,1.0,0.0,0.05,0.017499999999999998,1.2121379999143755,80
h0.01_r0.9_s10056,10056,0.01,0.9,0.35,recheck,1.0,0.0,0.1375,0.048124999999999994,1.563646000022345,80
h0.01_r0.9_s10056,10056,0.01,0.9,0.35,no_task,0.9875,0.001875,0.125,0.045625,1.5365049999900293,80
h0.01_r0.9_s10057,10057,0.01,0.9,0.35,never,0.3875,0.3756249999999997,0.05,0.39312499999999967,1.0775969999485824,80
h0.01_r0.9_s10057,10057,0.01,0.9,0.35,fresh,1.0,0.0,1.3375,0.46812499999999996,1.212750000036067,80
h0.01_r0.9_s10057,10057,0.01,0.9,0.35,ttl,0.875,0.06875,0.1375,0.11687499999999999,1.3691940000626346,80
h0.01_r0.9_s10057,10057,0.01,0.9,0.35,entropy,0.8875,0.053125,0.1125,0.0925,1.327722000041831,80
h0.01_r0.9_s10057,10057,0.01,0.9,0.35,random,0.575,0.2537499999999999,0.125,0.29749999999999993,1.3030350000917679,80
h0.01_r0.9_s10057,10057,0.01,0.9,0.35,myopic,0.3875,0.3756249999999997,0.05,0.39312499999999967,1.1499160000312258,80
h0.01_r0.9_s10057,10057,0.01,0.9,0.35,recheck,0.8875,0.065625,0.15,0.118125,1.5685030000440747,80
h0.01_r0.9_s10057,10057,0.01,0.9,0.35,no_task,0.8875,0.065625,0.125,0.109375,1.5436549999776616,80
h0.01_r0.9_s10058,10058,0.01,0.9,0.35,never,0.85,0.050624999999999996,0.05,0.06812499999999999,1.0838859999466877,80
h0.01_r0.9_s10058,10058,0.01,0.9,0.35,fresh,1.0,0.0,1.8,0.63,1.20903399999861,80
h0.01_r0.9_s10058,10058,0.01,0.9,0.35,ttl,0.8875,0.045,0.15,0.09749999999999999,1.2652380000872654,80
h0.01_r0.9_s10058,10058,0.01,0.9,0.35,entropy,0.8875,0.019999999999999997,0.1375,0.06812499999999999,1.243015000000014,80
h0.01_r0.9_s10058,10058,0.01,0.9,0.35,random,0.85,0.050624999999999996,0.2,0.12062499999999998,1.3213020000648612,80
h0.01_r0.9_s10058,10058,0.01,0.9,0.35,myopic,0.85,0.050624999999999996,0.05,0.06812499999999999,1.171868000028553,80
h0.01_r0.9_s10058,10058,0.01,0.9,0.35,recheck,0.8875,0.043125,0.1375,0.09124999999999998,1.5686330000335147,80
h0.01_r0.9_s10058,10058,0.01,0.9,0.35,no_task,0.8875,0.045,0.125,0.08875,1.7073919999575082,80
h0.01_r0.9_s10059,10059,0.01,0.9,0.35,never,0.725,0.11124999999999993,0.05,0.12874999999999995,1.0950329999559472,80
h0.01_r0.9_s10059,10059,0.01,0.9,0.35,fresh,1.0,0.0,1.425,0.49874999999999997,1.259699999991426,80
h0.01_r0.9_s10059,10059,0.01,0.9,0.35,ttl,0.95,0.0325,0.1125,0.071875,1.228112000035253,80
h0.01_r0.9_s10059,10059,0.01,0.9,0.35,entropy,0.9875,0.008125,0.1,0.043125,1.3157639999690218,80
h0.01_r0.9_s10059,10059,0.01,0.9,0.35,random,0.825,0.07624999999999997,0.1625,0.133125,1.2964049999482086,80
h0.01_r0.9_s10059,10059,0.01,0.9,0.35,myopic,0.725,0.11124999999999993,0.05,0.12874999999999995,1.1912969999912093,80
h0.01_r0.9_s10059,10059,0.01,0.9,0.35,recheck,1.0,0.0,0.1375,0.048124999999999994,1.5559539999685512,80
h0.01_r0.9_s10059,10059,0.01,0.9,0.35,no_task,0.95,0.0325,0.125,0.07625,1.7062599999917438,80
h0.01_r0.9_s10060,10060,0.01,0.9,0.35,never,0.9375,0.04375,0.05,0.061250000000000006,1.1796090000188997,80
h0.01_r0.9_s10060,10060,0.01,0.9,0.35,fresh,1.0,0.0,1.175,0.41125,1.217707000023438,80
h0.01_r0.9_s10060,10060,0.01,0.9,0.35,ttl,0.975,0.00625,0.1375,0.05437499999999999,1.2475109999741107,80
h0.01_r0.9_s10060,10060,0.01,0.9,0.35,entropy,0.9375,0.04375,0.1125,0.083125,1.3135709999687606,80
h0.01_r0.9_s10060,10060,0.01,0.9,0.35,random,0.9875,0.003125,0.2125,0.07749999999999999,1.3680320000730717,80
h0.01_r0.9_s10060,10060,0.01,0.9,0.35,myopic,0.9375,0.04375,0.05,0.061250000000000006,1.200230999984342,80
h0.01_r0.9_s10060,10060,0.01,0.9,0.35,recheck,0.975,0.00625,0.1375,0.05437499999999999,1.5786689999686132,80
h0.01_r0.9_s10060,10060,0.01,0.9,0.35,no_task,0.9375,0.04375,0.125,0.0875,1.555102999986957,80
h0.01_r0.9_s10061,10061,0.01,0.9,0.35,never,0.575,0.2275000000000001,0.05,0.24500000000000005,1.1041170000680722,80
h0.01_r0.9_s10061,10061,0.01,0.9,0.35,fresh,1.0,0.0,1.125,0.39374999999999993,1.2409520001028795,80
h0.01_r0.9_s10061,10061,0.01,0.9,0.35,ttl,0.975,0.00625,0.125,0.05,1.2312469999642417,80
h0.01_r0.9_s10061,10061,0.01,0.9,0.35,entropy,1.0,0.0,0.1125,0.039375,1.2860890000183645,80
h0.01_r0.9_s10061,10061,0.01,0.9,0.35,random,0.8,0.08437499999999999,0.2125,0.15875,1.285729000073843,80
h0.01_r0.9_s10061,10061,0.01,0.9,0.35,myopic,0.575,0.2275000000000001,0.05,0.24500000000000005,1.1917279999806851,80
h0.01_r0.9_s10061,10061,0.01,0.9,0.35,recheck,0.9625,0.009375,0.1375,0.057499999999999996,1.5547120000292125,80
h0.01_r0.9_s10061,10061,0.01,0.9,0.35,no_task,0.8625,0.05,0.125,0.09375,1.5688040000441106,80
h0.01_r0.9_s10062,10062,0.01,0.9,0.35,never,0.7125,0.17437500000000006,0.05,0.19187500000000007,1.095343000088178,80
h0.01_r0.9_s10062,10062,0.01,0.9,0.35,fresh,1.0,0.0,0.8375,0.29312499999999997,1.197505999925852,80
h0.01_r0.9_s10062,10062,0.01,0.9,0.35,ttl,0.85,0.07875000000000001,0.1625,0.13562500000000002,1.2534100000038961,80
h0.01_r0.9_s10062,10062,0.01,0.9,0.35,entropy,0.9,0.039999999999999994,0.125,0.08374999999999999,1.2212320000344334,80
h0.01_r0.9_s10062,10062,0.01,0.9,0.35,random,0.7125,0.17437500000000006,0.1375,0.22250000000000006,1.3114370000266717,80
h0.01_r0.9_s10062,10062,0.01,0.9,0.35,myopic,0.7125,0.17437500000000006,0.05,0.19187500000000007,1.1549420000847022,80
h0.01_r0.9_s10062,10062,0.01,0.9,0.35,recheck,0.95,0.0075,0.15,0.059999999999999984,1.7019839999647957,80
h0.01_r0.9_s10062,10062,0.01,0.9,0.35,no_task,0.825,0.08875000000000002,0.125,0.1325,1.8856589999813878,80
h0.01_r0.9_s10063,10063,0.01,0.9,0.35,never,0.9375,0.015625,0.05,0.033125,1.074632000040765,80
h0.01_r0.9_s10063,10063,0.01,0.9,0.35,fresh,1.0,0.0,1.525,0.53375,1.2130400000387453,80
h0.01_r0.9_s10063,10063,0.01,0.9,0.35,ttl,0.8375,0.040625,0.15,0.09312499999999999,1.212809999969977,80
h0.01_r0.9_s10063,10063,0.01,0.9,0.35,entropy,0.875,0.03125,0.1375,0.079375,1.2415220001003036,80
h0.01_r0.9_s10063,10063,0.01,0.9,0.35,random,0.9375,0.015625,0.1875,0.08125,1.290275000087604,80
h0.01_r0.9_s10063,10063,0.01,0.9,0.35,myopic,0.9375,0.015625,0.05,0.033125,1.1882320000040636,80
h0.01_r0.9_s10063,10063,0.01,0.9,0.35,recheck,0.85,0.0375,0.15,0.09,1.5413630000011835,80
h0.01_r0.9_s10063,10063,0.01,0.9,0.35,no_task,0.85,0.0375,0.125,0.08125,1.6153640000311498,80
h0.05_r0.2_s10000,10000,0.05,0.2,0.04,never,0.5,0.295625,0.05,0.29762500000000003,1.2861299999258335,80
h0.05_r0.2_s10000,10000,0.05,0.2,0.04,fresh,1.0,0.0,1.225,0.049,1.3141819999873405,80
h0.05_r0.2_s10000,10000,0.05,0.2,0.04,ttl,0.9875,0.0025,0.7125,0.031000000000000007,1.305317999936051,80
h0.05_r0.2_s10000,10000,0.05,0.2,0.04,entropy,0.9875,0.0025,0.7,0.030500000000000006,1.2705560000085825,80
h0.05_r0.2_s10000,10000,0.05,0.2,0.04,random,1.0,0.0,1.225,0.049,1.4599500000258558,80
h0.05_r0.2_s10000,10000,0.05,0.2,0.04,myopic,0.9625,0.006875000000000001,0.7,0.034875,1.2620029999652616,80
h0.05_r0.2_s10000,10000,0.05,0.2,0.04,recheck,0.975,0.0043749999999999995,0.775,0.035375000000000004,1.6563249999990148,80
h0.05_r0.2_s10000,10000,0.05,0.2,0.04,no_task,0.9125,0.024375,0.9,0.060375,1.61048600000413,80
h0.05_r0.2_s10001,10001,0.05,0.2,0.04,never,0.575,0.23562499999999992,0.05,0.23762499999999992,1.0886439999922004,80
h0.05_r0.2_s10001,10001,0.05,0.2,0.04,fresh,1.0,0.0,0.9875,0.0395,1.217355999983738,80
h0.05_r0.2_s10001,10001,0.05,0.2,0.04,ttl,0.9625,0.02375,0.55,0.04575,1.2823939999861977,80
h0.05_r0.2_s10001,10001,0.05,0.2,0.04,entropy,0.95,0.03625,0.5125,0.05675,1.3653480000357376,80
h0.05_r0.2_s10001,10001,0.05,0.2,0.04,random,1.0,0.0,0.9875,0.0395,1.370456000017839,80
h0.05_r0.2_s10001,10001,0.05,0.2,0.04,myopic,0.9625,0.0125,0.6,0.0365,1.2603510000417373,80
h0.05_r0.2_s10001,10001,0.05,0.2,0.04,recheck,0.975,0.01,0.65,0.036,1.592479999999341,80
h0.05_r0.2_s10001,10001,0.05,0.2,0.04,no_task,0.9375,0.028125,0.9,0.064125,1.7556640000293555,80
h0.05_r0.2_s10002,10002,0.05,0.2,0.04,never,0.5375,0.283125,0.05,0.285125,1.2012619999950402,80
h0.05_r0.2_s10002,10002,0.05,0.2,0.04,fresh,1.0,0.0,1.175,0.047,1.237928000023203,80
h0.05_r0.2_s10002,10002,0.05,0.2,0.04,ttl,1.0,0.0,0.75,0.03,1.2614329999678375,80
h0.05_r0.2_s10002,10002,0.05,0.2,0.04,entropy,1.0,0.0,0.7375,0.0295,1.296976000048744,80
h0.05_r0.2_s10002,10002,0.05,0.2,0.04,random,1.0,0.0,1.175,0.047,1.3589989999900354,80
h0.05_r0.2_s10002,10002,0.05,0.2,0.04,myopic,0.9625,0.00625,0.7875,0.03775,1.2475620000031995,80
h0.05_r0.2_s10002,10002,0.05,0.2,0.04,recheck,0.975,0.00375,0.85,0.03775,1.6254280000111976,80
h0.05_r0.2_s10002,10002,0.05,0.2,0.04,no_task,0.9625,0.013750000000000002,0.9,0.04975,1.7315879999841854,80
h0.05_r0.2_s10003,10003,0.05,0.2,0.04,never,0.675,0.08812500000000004,0.05,0.09012500000000004,1.1010519999672397,80
h0.05_r0.2_s10003,10003,0.05,0.2,0.04,fresh,1.0,0.0,1.1125,0.0445,1.49415200007752,80
h0.05_r0.2_s10003,10003,0.05,0.2,0.04,ttl,0.975,0.008749999999999999,0.65,0.03475,1.2724489999982325,80
h0.05_r0.2_s10003,10003,0.05,0.2,0.04,entropy,0.975,0.008749999999999999,0.65,0.03475,1.287311999931262,80
h0.05_r0.2_s10003,10003,0.05,0.2,0.04,random,1.0,0.0,1.1125,0.0445,1.3434449999749631,80
h0.05_r0.2_s10003,10003,0.05,0.2,0.04,myopic,0.9375,0.013125000000000001,0.65,0.039125,1.388292999990881,80
h0.05_r0.2_s10003,10003,0.05,0.2,0.04,recheck,0.9875,0.0043749999999999995,0.7125,0.032875,1.6012120000823415,80
h0.05_r0.2_s10003,10003,0.05,0.2,0.04,no_task,0.8875,0.034375,0.9,0.070375,1.6986480000014126,80
h0.05_r0.2_s10004,10004,0.05,0.2,0.04,never,0.6625,0.18562499999999998,0.05,0.187625,1.1081220000050962,80
h0.05_r0.2_s10004,10004,0.05,0.2,0.04,fresh,1.0,0.0,1.0875,0.0435,1.2599510000654845,80
h0.05_r0.2_s10004,10004,0.05,0.2,0.04,ttl,0.9375,0.018124999999999995,0.6875,0.045625,1.3207210000700798,80
h0.05_r0.2_s10004,10004,0.05,0.2,0.04,entropy,0.95,0.015,0.675,0.042,1.3186580000592585,80
h0.05_r0.2_s10004,10004,0.05,0.2,0.04,random,1.0,0.0,1.0875,0.0435,1.392237999993995,80
h0.05_r0.2_s10004,10004,0.05,0.2,0.04,myopic,0.95,0.00875,0.7875,0.04025,1.2690940000084083,80
h0.05_r0.2_s10004,10004,0.05,0.2,0.04,recheck,0.95,0.00875,0.8125,0.04125,1.650876999974571,80
h0.05_r0.2_s10004,10004,0.05,0.2,0.04,no_task,0.9375,0.018125,0.9,0.054125,1.6793590000361291,80
h0.05_r0.2_s10005,10005,0.05,0.2,0.04,never,0.6125,0.19562499999999997,0.05,0.19762499999999997,1.1189189999640803,80
h0.05_r0.2_s10005,10005,0.05,0.2,0.04,fresh,1.0,0.0,1.1875,0.0475,1.2155339999253556,80
h0.05_r0.2_s10005,10005,0.05,0.2,0.04,ttl,1.0,0.0,0.7375,0.0295,1.3017719999197652,80
h0.05_r0.2_s10005,10005,0.05,0.2,0.04,entropy,0.95,0.045625,0.7125,0.074125,1.8495949999532968,80
h0.05_r0.2_s10005,10005,0.05,0.2,0.04,random,1.0,0.0,1.1875,0.0475,2.1007520000466684,80
h0.05_r0.2_s10005,10005,0.05,0.2,0.04,myopic,0.9875,0.0025,0.775,0.0335,1.270646000079978,80
h0.05_r0.2_s10005,10005,0.05,0.2,0.04,recheck,0.9875,0.0025,0.825,0.035500000000000004,1.835954000057427,80
h0.05_r0.2_s10005,10005,0.05,0.2,0.04,no_task,0.9125,0.03750000000000001,0.9,0.07350000000000001,1.6810920000125407,80
h0.05_r0.2_s10006,10006,0.05,0.2,0.04,never,0.4625,0.288125,0.05,0.290125,1.1700750000045446,80
h0.05_r0.2_s10006,10006,0.05,0.2,0.04,fresh,1.0,0.0,1.375,0.05500000000000001,1.2789689999408438,80
h0.05_r0.2_s10006,10006,0.05,0.2,0.04,ttl,0.9875,0.0075,0.7375,0.037,1.418678000050022,80
h0.05_r0.2_s10006,10006,0.05,0.2,0.04,entropy,0.975,0.015,0.7125,0.043500000000000004,1.6563549999091265,80
h0.05_r0.2_s10006,10006,0.05,0.2,0.04,random,1.0,0.0,1.375,0.05500000000000001,1.3965250000183005,80
h0.05_r0.2_s10006,10006,0.05,0.2,0.04,myopic,1.0,0.0,0.7,0.028000000000000004,1.2529589999985546,80
h0.05_r0.2_s10006,10006,0.05,0.2,0.04,recheck,1.0,0.0,0.7625,0.0305,1.679059000025518,80
h0.05_r0.2_s10006,10006,0.05,0.2,0.04,no_task,0.8625,0.053125,0.9,0.089125,1.6499850000855076,80
h0.05_r0.2_s10007,10007,0.05,0.2,0.04,never,0.65,0.22749999999999995,0.05,0.22949999999999995,1.1277620000100796,80
h0.05_r0.2_s10007,10007,0.05,0.2,0.04,fresh,1.0,0.0,1.3125,0.052500000000000005,1.2243870000929746,80
h0.05_r0.2_s10007,10007,0.05,0.2,0.04,ttl,0.9875,0.0125,0.7625,0.043,1.2545229999432195,80
h0.05_r0.2_s10007,10007,0.05,0.2,0.04,entropy,0.9875,0.0125,0.7875,0.044,1.4398800000208212,80
h0.05_r0.2_s10007,10007,0.05,0.2,0.04,random,1.0,0.0,1.3125,0.052500000000000005,1.4751329999853624,80
h0.05_r0.2_s10007,10007,0.05,0.2,0.04,myopic,1.0,0.0,0.775,0.031,1.3188079999508773,80
h0.05_r0.2_s10007,10007,0.05,0.2,0.04,recheck,1.0,0.0,0.8375,0.0335,1.7641770000409451,80
h0.05_r0.2_s10007,10007,0.05,0.2,0.04,no_task,0.9625,0.028749999999999998,0.9,0.06475,1.7523490000712627,80
h0.05_r0.2_s10008,10008,0.05,0.2,0.04,never,0.4125,0.36875,0.05,0.37075,1.1050279999835766,80
h0.05_r0.2_s10008,10008,0.05,0.2,0.04,fresh,1.0,0.0,1.2625,0.0505,1.2704760000588067,80
h0.05_r0.2_s10008,10008,0.05,0.2,0.04,ttl,0.975,0.005625,0.7875,0.037125000000000005,1.3522589999865886,80
h0.05_r0.2_s10008,10008,0.05,0.2,0.04,entropy,0.9875,0.0025,0.75,0.0325,1.3755930000343142,80
h0.05_r0.2_s10008,10008,0.05,0.2,0.04,random,1.0,0.0,1.2625,0.0505,1.3480720000416113,80
h0.05_r0.2_s10008,10008,0.05,0.2,0.04,myopic,0.9625,0.008125,0.7,0.036125000000000004,1.2697149999212343,80
h0.05_r0.2_s10008,10008,0.05,0.2,0.04,recheck,0.975,0.005625,0.775,0.036625000000000005,1.6434849999313883,80
h0.05_r0.2_s10008,10008,0.05,0.2,0.04,no_task,0.85,0.0375,0.9,0.0735,1.6621339999574047,80
h0.05_r0.2_s10009,10009,0.05,0.2,0.04,never,0.7125,0.15750000000000003,0.05,0.15950000000000003,1.172358999951939,80
h0.05_r0.2_s10009,10009,0.05,0.2,0.04,fresh,1.0,0.0,1.2375,0.0495,1.4221929999393979,80
h0.05_r0.2_s10009,10009,0.05,0.2,0.04,ttl,0.9875,0.008125,0.775,0.039125,1.3456089999408505,80
h0.05_r0.2_s10009,10009,0.05,0.2,0.04,entropy,0.975,0.025,0.725,0.054000000000000006,1.7554840000002514,80
h0.05_r0.2_s10009,10009,0.05,0.2,0.04,random,1.0,0.0,1.2375,0.0495,1.508843000010529,80
h0.05_r0.2_s10009,10009,0.05,0.2,0.04,myopic,0.975,0.005,0.6875,0.0325,1.2538309999854391,80
h0.05_r0.2_s10009,10009,0.05,0.2,0.04,recheck,0.975,0.005,0.7125,0.0335,1.7968160000236821,80
h0.05_r0.2_s10009,10009,0.05,0.2,0.04,no_task,0.9375,0.019374999999999996,0.9,0.055374999999999994,1.6964550000011513,80
h0.05_r0.2_s10010,10010,0.05,0.2,0.04,never,0.6125,0.22312499999999993,0.05,0.22512499999999994,1.1103759999286922,80
h0.05_r0.2_s10010,10010,0.05,0.2,0.04,fresh,1.0,0.0,1.225,0.049,1.3513470000816596,80
h0.05_r0.2_s10010,10010,0.05,0.2,0.04,ttl,0.975,0.009375,0.725,0.038375,1.2994789999538625,80
h0.05_r0.2_s10010,10010,0.05,0.2,0.04,entropy,0.9625,0.016875,0.675,0.043875000000000004,1.3089729999364863,80
h0.05_r0.2_s10010,10010,0.05,0.2,0.04,random,1.0,0.0,1.225,0.049,1.4624840000578843,80
h0.05_r0.2_s10010,10010,0.05,0.2,0.04,myopic,0.975,0.009375,0.725,0.038375,1.3326889999234481,80
h0.05_r0.2_s10010,10010,0.05,0.2,0.04,recheck,0.975,0.009375,0.75,0.039375,1.592128999959641,80
h0.05_r0.2_s10010,10010,0.05,0.2,0.04,no_task,0.9,0.0375,0.9,0.0735,1.6350029999330218,80
h0.05_r0.2_s10011,10011,0.05,0.2,0.04,never,0.6625,0.141875,0.05,0.143875,1.075012000001152,80
h0.05_r0.2_s10011,10011,0.05,0.2,0.04,fresh,1.0,0.0,1.175,0.047,1.1975760000950686,80
h0.05_r0.2_s10011,10011,0.05,0.2,0.04,ttl,0.9125,0.024999999999999998,0.6625,0.051500000000000004,1.2770050000199262,80
h0.05_r0.2_s10011,10011,0.05,0.2,0.04,entropy,0.9375,0.018749999999999996,0.6625,0.04525,1.2559849999433936,80
h0.05_r0.2_s10011,10011,0.05,0.2,0.04,random,1.0,0.0,1.175,0.047,1.5772259999948801,80
h0.05_r0.2_s10011,10011,0.05,0.2,0.04,myopic,0.9,0.023125,0.6125,0.047624999999999994,1.2185979999230767,80
h0.05_r0.2_s10011,10011,0.05,0.2,0.04,recheck,0.925,0.016874999999999998,0.65,0.042874999999999996,1.6009720000056404,80
h0.05_r0.2_s10011,10011,0.05,0.2,0.04,no_task,0.925,0.01875,0.9,0.05475,1.716715000043223,80
h0.05_r0.2_s10012,10012,0.05,0.2,0.04,never,0.55,0.28875,0.05,0.29075,1.129333999983828,80
h0.05_r0.2_s10012,10012,0.05,0.2,0.04,fresh,1.0,0.0,1.25,0.05,1.197726999976112,80
h0.05_r0.2_s10012,10012,0.05,0.2,0.04,ttl,0.975,0.010625,0.75,0.040625,1.297014999977364,80
h0.05_r0.2_s10012,10012,0.05,0.2,0.04,entropy,0.975,0.005625,0.7375,0.035125,1.2631550000605785,80
h0.05_r0.2_s10012,10012,0.05,0.2,0.04,random,1.0,0.0,1.25,0.05,1.3800299999502386,80
h0.05_r0.2_s10012,10012,0.05,0.2,0.04,myopic,0.9875,0.0025,0.75,0.0325,1.4618229999996402,80
h0.05_r0.2_s10012,10012,0.05,0.2,0.04,recheck,0.9875,0.0025,0.8,0.0345,1.622162999979082,80
h0.05_r0.2_s10012,10012,0.05,0.2,0.04,no_task,0.9125,0.03375,0.9,0.06975,1.8769760000623137,80
h0.05_r0.2_s10013,10013,0.05,0.2,0.04,never,0.7125,0.12250000000000001,0.05,0.12450000000000001,1.1730499999202948,80
h0.05_r0.2_s10013,10013,0.05,0.2,0.04,fresh,1.0,0.0,1.2375,0.0495,1.2218829999710579,80
h0.05_r0.2_s10013,10013,0.05,0.2,0.04,ttl,0.9875,0.0043749999999999995,0.6875,0.031875,1.3688139999885607,80
h0.05_r0.2_s10013,10013,0.05,0.2,0.04,entropy,0.9875,0.0043749999999999995,0.6625,0.030875000000000003,1.2654979999524585,80
h0.05_r0.2_s10013,10013,0.05,0.2,0.04,random,1.0,0.0,1.2375,0.0495,1.3565650000373353,80
h0.05_r0.2_s10013,10013,0.05,0.2,0.04,myopic,0.975,0.00625,0.75,0.03625,1.2606110000206172,80
h0.05_r0.2_s10013,10013,0.05,0.2,0.04,recheck,0.9875,0.0043749999999999995,0.7875,0.035875000000000004,1.6212120000318464,80
h0.05_r0.2_s10013,10013,0.05,0.2,0.04,no_task,0.925,0.019375,0.9,0.055374999999999994,1.6429449999577628,80
h0.05_r0.2_s10014,10014,0.05,0.2,0.04,never,0.5625,0.333125,0.05,0.335125,1.0831450000523546,80
h0.05_r0.2_s10014,10014,0.05,0.2,0.04,fresh,1.0,0.0,1.2,0.048,1.2348529999144375,80
h0.05_r0.2_s10014,10014,0.05,0.2,0.04,ttl,0.9875,0.001875,0.7,0.029875000000000002,1.272678999953314,80
h0.05_r0.2_s10014,10014,0.05,0.2,0.04,entropy,0.975,0.005,0.75,0.034999999999999996,1.3200599998981488,80
h0.05_r0.2_s10014,10014,0.05,0.2,0.04,random,1.0,0.0,1.2,0.048,1.371126999970329,80
h0.05_r0.2_s10014,10014,0.05,0.2,0.04,myopic,0.95,0.008125,0.7625,0.038625,1.3132899999845904,80
h0.05_r0.2_s10014,10014,0.05,0.2,0.04,recheck,0.95,0.008124999999999999,0.8,0.040125,1.5876520000119854,80
h0.05_r0.2_s10014,10014,0.05,0.2,0.04,no_task,0.9375,0.01125,0.9,0.04725,1.629474999958802,80
h0.05_r0.2_s10015,10015,0.05,0.2,0.04,never,0.6,0.24062499999999992,0.05,0.24262499999999992,1.0887729999922158,80
h0.05_r0.2_s10015,10015,0.05,0.2,0.04,fresh,1.0,0.0,1.275,0.051000000000000004,1.4678019999792014,80
h0.05_r0.2_s10015,10015,0.05,0.2,0.04,ttl,0.9375,0.03375,0.775,0.06475,1.3818429999901127,80
h0.05_r0.2_s10015,10015,0.05,0.2,0.04,entropy,0.95,0.030625000000000003,0.7625,0.061125000000000006,1.3543520000212084,80
h0.05_r0.2_s10015,10015,0.05,0.2,0.04,random,1.0,0.0,1.275,0.051000000000000004,1.3796690000162926,80
h0.05_r0.2_s10015,10015,0.05,0.2,0.04,myopic,0.8625,0.036875000000000005,0.725,0.06587499999999999,1.3341119999950024,80
h0.05_r0.2_s10015,10015,0.05,0.2,0.04,recheck,0.9,0.03,0.775,0.061,1.6291439999349677,80
h0.05_r0.2_s10015,10015,0.05,0.2,0.04,no_task,0.8625,0.060625000000000005,0.9,0.096625,1.7959540000447305,80
h0.05_r0.2_s10016,10016,0.05,0.2,0.04,never,0.525,0.3375,0.05,0.3395,1.1080520000632532,80
h0.05_r0.2_s10016,10016,0.05,0.2,0.04,fresh,1.0,0.0,1.275,0.051000000000000004,1.2370560000363184,80
h0.05_r0.2_s10016,10016,0.05,0.2,0.04,ttl,0.975,0.02,0.7,0.048,1.2629750000314743,80
h0.05_r0.2_s10016,10016,0.05,0.2,0.04,entropy,0.975,0.02,0.7,0.048,1.2772160000622534,80
h0.05_r0.2_s10016,10016,0.05,0.2,0.04,random,1.0,0.0,1.275,0.051000000000000004,1.465799000015977,80
h0.05_r0.2_s10016,10016,0.05,0.2,0.04,myopic,0.975,0.009375,0.7375,0.038875,1.2307470000223475,80
h0.05_r0.2_s10016,10016,0.05,0.2,0.04,recheck,0.975,0.009375,0.8125,0.041875,1.5689540000494162,80
h0.05_r0.2_s10016,10016,0.05,0.2,0.04,no_task,0.9375,0.03875,0.9,0.07475000000000001,1.6122789999144516,80
h0.05_r0.2_s10017,10017,0.05,0.2,0.04,never,0.675,0.16062499999999996,0.05,0.16262499999999996,1.126570000110405,80
h0.05_r0.2_s10017,10017,0.05,0.2,0.04,fresh,1.0,0.0,1.2,0.048,1.2103660000093441,80
h0.05_r0.2_s10017,10017,0.05,0.2,0.04,ttl,0.925,0.02,0.6875,0.0475,1.2781469999936235,80
h0.05_r0.2_s10017,10017,0.05,0.2,0.04,entropy,0.9375,0.016875,0.7125,0.045375000000000006,1.2605709999888859,80
h0.05_r0.2_s10017,10017,0.05,0.2,0.04,random,1.0,0.0,1.2,0.048,1.3577270000268982,80
h0.05_r0.2_s10017,10017,0.05,0.2,0.04,myopic,0.9125,0.01625,0.7,0.04425,1.2087730000303054,80
h0.05_r0.2_s10017,10017,0.05,0.2,0.04,recheck,0.95,0.01,0.7625,0.0405,1.6785180000624678,80
h0.05_r0.2_s10017,10017,0.05,0.2,0.04,no_task,0.95,0.025,0.9,0.061,1.5811319999556872,80
h0.05_r0.2_s10018,10018,0.05,0.2,0.04,never,0.75,0.06750000000000003,0.05,0.06950000000000003,1.1072510000076363,80
h0.05_r0.2_s10018,10018,0.05,0.2,0.04,fresh,1.0,0.0,1.225,0.049,1.2249480000718904,80
h0.05_r0.2_s10018,10018,0.05,0.2,0.04,ttl,0.975,0.01,0.7125,0.0385,1.2618639999573134,80
h0.05_r0.2_s10018,10018,0.05,0.2,0.04,entropy,0.975,0.01,0.7125,0.0385,1.2796690000413946,80
h0.05_r0.2_s10018,10018,0.05,0.2,0.04,random,1.0,0.0,1.225,0.049,1.3385879999532335,80
h0.05_r0.2_s10018,10018,0.05,0.2,0.04,myopic,0.9375,0.011250000000000001,0.6875,0.03875000000000001,1.212329000054524,80
h0.05_r0.2_s10018,10018,0.05,0.2,0.04,recheck,0.95,0.008749999999999999,0.725,0.03774999999999999,1.6213820000530177,80
h0.05_r0.2_s10018,10018,0.05,0.2,0.04,no_task,0.9,0.024999999999999998,0.9,0.061,1.5984079999498135,80
h0.05_r0.2_s10019,10019,0.05,0.2,0.04,never,0.6625,0.10250000000000004,0.05,0.10450000000000004,1.0778170000094178,80
h0.05_r0.2_s10019,10019,0.05,0.2,0.04,fresh,1.0,0.0,1.1875,0.0475,1.2976070000831896,80
h0.05_r0.2_s10019,10019,0.05,0.2,0.04,ttl,0.975,0.005,0.75,0.034999999999999996,1.2654380000185483,80
h0.05_r0.2_s10019,10019,0.05,0.2,0.04,entropy,0.9875,0.001875,0.75,0.031875,1.2716479999426156,80
h0.05_r0.2_s10019,10019,0.05,0.2,0.04,random,1.0,0.0,1.1875,0.0475,1.3339309999764737,80
h0.05_r0.2_s10019,10019,0.05,0.2,0.04,myopic,0.975,0.006875000000000001,0.7,0.034875,1.225047999923845,80
h0.05_r0.2_s10019,10019,0.05,0.2,0.04,recheck,0.975,0.006875000000000001,0.7375,0.036375000000000005,1.5931909999835625,80
h0.05_r0.2_s10019,10019,0.05,0.2,0.04,no_task,0.925,0.025,0.9,0.061,1.603214999931879,80
h0.05_r0.2_s10020,10020,0.05,0.2,0.04,never,0.525,0.175,0.05,0.177,1.0949630000141042,80
h0.05_r0.2_s10020,10020,0.05,0.2,0.04,fresh,1.0,0.0,1.05,0.041999999999999996,1.315013000066756,80
h0.05_r0.2_s10020,10020,0.05,0.2,0.04,ttl,0.975,0.005,0.65,0.031,1.2465799999290539,80
h0.05_r0.2_s10020,10020,0.05,0.2,0.04,entropy,0.975,0.005,0.6625,0.0315,1.3451479999275762,80
h0.05_r0.2_s10020,10020,0.05,0.2,0.04,random,1.0,0.0,1.05,0.041999999999999996,1.336405000074592,80
h0.05_r0.2_s10020,10020,0.05,0.2,0.04,myopic,0.925,0.014374999999999999,0.65,0.040375,1.2904159999607145,80
h0.05_r0.2_s10020,10020,0.05,0.2,0.04,recheck,0.9375,0.011875,0.675,0.03887500000000001,1.6275020000193763,80
h0.05_r0.2_s10020,10020,0.05,0.2,0.04,no_task,0.9375,0.017499999999999998,0.9,0.05349999999999999,1.5700359999755165,80
h0.05_r0.2_s10021,10021,0.05,0.2,0.04,never,0.4625,0.3912500000000002,0.05,0.3932500000000002,1.0838260000127775,80
h0.05_r0.2_s10021,10021,0.05,0.2,0.04,fresh,1.0,0.0,1.325,0.053000000000000005,1.2085930000012013,80
h0.05_r0.2_s10021,10021,0.05,0.2,0.04,ttl,0.9625,0.028125,0.7875,0.059625,1.3091839999788135,80
h0.05_r0.2_s10021,10021,0.05,0.2,0.04,entropy,0.95,0.035625000000000004,0.7875,0.067125,1.277195999932701,80
h0.05_r0.2_s10021,10021,0.05,0.2,0.04,random,1.0,0.0,1.325,0.053000000000000005,1.3780670000187456,80
h0.05_r0.2_s10021,10021,0.05,0.2,0.04,myopic,0.9125,0.024999999999999994,0.7875,0.056499999999999995,1.2049780000324972,80
h0.05_r0.2_s10021,10021,0.05,0.2,0.04,recheck,0.925,0.023124999999999996,0.8625,0.057624999999999996,1.6277419999823906,80
h0.05_r0.2_s10021,10021,0.05,0.2,0.04,no_task,0.8875,0.048125,0.9,0.084125,1.6798799999833136,80
h0.05_r0.2_s10022,10022,0.05,0.2,0.04,never,0.7,0.0775,0.05,0.0795,1.129704999925707,80
h0.05_r0.2_s10022,10022,0.05,0.2,0.04,fresh,1.0,0.0,1.3875,0.05550000000000001,1.44086199998128,80
h0.05_r0.2_s10022,10022,0.05,0.2,0.04,ttl,0.975,0.005,0.7875,0.0365,1.5985179999233878,80
h0.05_r0.2_s10022,10022,0.05,0.2,0.04,entropy,0.9875,0.001875,0.75,0.031875,1.3979569999946762,80
h0.05_r0.2_s10022,10022,0.05,0.2,0.04,random,1.0,0.0,1.3875,0.05550000000000001,1.6562950000889032,80
h0.05_r0.2_s10022,10022,0.05,0.2,0.04,myopic,0.9625,0.0075,0.6875,0.035,1.2109259999988353,80
h0.05_r0.2_s10022,10022,0.05,0.2,0.04,recheck,0.9375,0.01125,0.7875,0.042749999999999996,1.6276320000088162,80
h0.05_r0.2_s10022,10022,0.05,0.2,0.04,no_task,0.8875,0.030625000000000003,0.9,0.066625,1.5792100000453502,80
h0.05_r0.2_s10023,10023,0.05,0.2,0.04,never,0.5375,0.34874999999999995,0.05,0.35074999999999995,1.1003710000068168,80
h0.05_r0.2_s10023,10023,0.05,0.2,0.04,fresh,1.0,0.0,1.25,0.05,1.2001910000662974,80
h0.05_r0.2_s10023,10023,0.05,0.2,0.04,ttl,0.9375,0.026250000000000002,0.6125,0.05075,1.2583879999965575,80
h0.05_r0.2_s10023,10023,0.05,0.2,0.04,entropy,0.925,0.033125,0.6375,0.058625,1.2736110001014822,80
h0.05_r0.2_s10023,10023,0.05,0.2,0.04,random,1.0,0.0,1.25,0.05,1.3371260000667462,80
h0.05_r0.2_s10023,10023,0.05,0.2,0.04,myopic,0.9125,0.027499999999999997,0.575,0.0505,1.2098249999326072,80
h0.05_r0.2_s10023,10023,0.05,0.2,0.04,recheck,0.95,0.018125,0.6375,0.043625000000000004,1.780711000037627,80
h0.05_r0.2_s10023,10023,0.05,0.2,0.04,no_task,0.85,0.04875,0.9,0.08474999999999999,1.6068809999296718,80
h0.05_r0.2_s10024,10024,0.05,0.2,0.04,never,0.7125,0.08562500000000002,0.05,0.08762500000000002,1.3389590000087992,80
h0.05_r0.2_s10024,10024,0.05,0.2,0.04,fresh,1.0,0.0,1.2375,0.0495,1.2267810000139434,80
h0.05_r0.2_s10024,10024,0.05,0.2,0.04,ttl,0.975,0.00625,0.6625,0.03275,1.268664000008357,80
h0.05_r0.2_s10024,10024,0.05,0.2,0.04,entropy,0.975,0.00625,0.6625,0.03275,1.4054679999162545,80
h0.05_r0.2_s10024,10024,0.05,0.2,0.04,random,1.0,0.0,1.2375,0.0495,1.4803500000653003,80
h0.05_r0.2_s10024,10024,0.05,0.2,0.04,myopic,0.9625,0.00875,0.6875,0.036250000000000004,1.3011019999566997,80
h0.05_r0.2_s10024,10024,0.05,0.2,0.04,recheck,0.9625,0.00875,0.7625,0.03925,1.6319589999511663,80
h0.05_r0.2_s10024,10024,0.05,0.2,0.04,no_task,0.95,0.013750000000000002,0.9,0.04975,1.601542999992489,80
h0.05_r0.2_s10025,10025,0.05,0.2,0.04,never,0.575,0.28937499999999994,0.05,0.29137499999999994,1.0819529999253064,80
h0.05_r0.2_s10025,10025,0.05,0.2,0.04,fresh,1.0,0.0,1.0625,0.042499999999999996,1.2204909999127267,80
h0.05_r0.2_s10025,10025,0.05,0.2,0.04,ttl,0.9625,0.014374999999999999,0.65,0.040375,1.2899450000531942,80
h0.05_r0.2_s10025,10025,0.05,0.2,0.04,entropy,0.975,0.00625,0.625,0.03125,1.4600810000047204,80
h0.05_r0.2_s10025,10025,0.05,0.2,0.04,random,1.0,0.0,1.0625,0.042499999999999996,1.3708259999702932,80
h0.05_r0.2_s10025,10025,0.05,0.2,0.04,myopic,0.9625,0.008125,0.7,0.036125000000000004,1.3018029999329883,80
h0.05_r0.2_s10025,10025,0.05,0.2,0.04,recheck,0.9625,0.008125,0.7375,0.037625,1.7176270000618388,80
h0.05_r0.2_s10025,10025,0.05,0.2,0.04,no_task,0.9625,0.033125,0.9,0.06912499999999999,1.622884999960661,80
h0.05_r0.2_s10026,10026,0.05,0.2,0.04,never,0.7625,0.12687500000000002,0.05,0.12887500000000002,1.0926289999133587,80
h0.05_r0.2_s10026,10026,0.05,0.2,0.04,fresh,1.0,0.0,1.1375,0.0455,1.2255489999688507,80
h0.05_r0.2_s10026,10026,0.05,0.2,0.04,ttl,0.95,0.01,0.6625,0.0365,1.2566749999223248,80
h0.05_r0.2_s10026,10026,0.05,0.2,0.04,entropy,0.95,0.01,0.6625,0.0365,1.2990989999934754,80
h0.05_r0.2_s10026,10026,0.05,0.2,0.04,random,1.0,0.0,1.1375,0.0455,1.3470800000732197,80
h0.05_r0.2_s10026,10026,0.05,0.2,0.04,myopic,0.95,0.01,0.7125,0.0385,1.2213019999762764,80
h0.05_r0.2_s10026,10026,0.05,0.2,0.04,recheck,0.95,0.01,0.7625,0.0405,1.6112270000121498,80
h0.05_r0.2_s10026,10026,0.05,0.2,0.04,no_task,0.95,0.010625,0.9,0.046625,1.6077020000011544,80
h0.05_r0.2_s10027,10027,0.05,0.2,0.04,never,0.5625,0.254375,0.05,0.256375,1.0990689999061942,80
h0.05_r0.2_s10027,10027,0.05,0.2,0.04,fresh,1.0,0.0,1.0625,0.042499999999999996,1.193811000007372,80
h0.05_r0.2_s10027,10027,0.05,0.2,0.04,ttl,0.9625,0.0075000000000000015,0.6625,0.034,1.3490939999201146,80
h0.05_r0.2_s10027,10027,0.05,0.2,0.04,entropy,0.95,0.019999999999999997,0.65,0.046,1.2862300000051619,80
h0.05_r0.2_s10027,10027,0.05,0.2,0.04,random,1.0,0.0,1.0625,0.042499999999999996,1.3543920000529397,80
h0.05_r0.2_s10027,10027,0.05,0.2,0.04,myopic,0.9625,0.006875000000000001,0.725,0.035875000000000004,1.199379000013323,80
h0.05_r0.2_s10027,10027,0.05,0.2,0.04,recheck,0.975,0.0043749999999999995,0.7875,0.035875000000000004,1.6163249999863183,80
h0.05_r0.2_s10027,10027,0.05,0.2,0.04,no_task,0.875,0.053125,0.9,0.089125,1.5700550000019575,80
h0.05_r0.2_s10028,10028,0.05,0.2,0.04,never,0.6625,0.15375,0.05,0.15575,1.1178260000406226,80
h0.05_r0.2_s10028,10028,0.05,0.2,0.04,fresh,1.0,0.0,1.325,0.053000000000000005,1.2215529999366481,80
h0.05_r0.2_s10028,10028,0.05,0.2,0.04,ttl,0.95,0.014374999999999999,0.7,0.042375,1.256154999964565,80
h0.05_r0.2_s10028,10028,0.05,0.2,0.04,entropy,0.9375,0.03125,0.7125,0.059750000000000004,1.373450000073717,80
h0.05_r0.2_s10028,10028,0.05,0.2,0.04,random,1.0,0.0,1.325,0.053000000000000005,1.3867300000356408,80
h0.05_r0.2_s10028,10028,0.05,0.2,0.04,myopic,0.8875,0.03125,0.7,0.059250000000000004,1.2133999999832668,80
h0.05_r0.2_s10028,10028,0.05,0.2,0.04,recheck,0.9,0.031875,0.725,0.060875,1.8161250000048312,80
h0.05_r0.2_s10028,10028,0.05,0.2,0.04,no_task,0.85,0.045,0.9,0.081,1.6889529999843944,80
h0.05_r0.2_s10029,10029,0.05,0.2,0.04,never,0.5125,0.2724999999999998,0.05,0.2744999999999998,1.0834050000312345,80
h0.05_r0.2_s10029,10029,0.05,0.2,0.04,fresh,1.0,0.0,1.125,0.045,2.236295000102473,80
h0.05_r0.2_s10029,10029,0.05,0.2,0.04,ttl,0.9375,0.04375,0.75,0.07375000000000001,1.3521889999310588,80
h0.05_r0.2_s10029,10029,0.05,0.2,0.04,entropy,0.95,0.035625000000000004,0.75,0.065625,2.257206000081169,80
h0.05_r0.2_s10029,10029,0.05,0.2,0.04,random,1.0,0.0,1.125,0.045,1.4168050000762378,80
h0.05_r0.2_s10029,10029,0.05,0.2,0.04,myopic,0.95,0.018749999999999996,0.8,0.050749999999999997,1.3001209999856655,80
h0.05_r0.2_s10029,10029,0.05,0.2,0.04,recheck,0.9625,0.016249999999999997,0.8625,0.05075,1.7103060000636106,80
h0.05_r0.2_s10029,10029,0.05,0.2,0.04,no_task,0.9,0.04375,0.9,0.07975,1.7275420000260056,80
h0.05_r0.2_s10030,10030,0.05,0.2,0.04,never,0.475,0.3387500000000001,0.05,0.3407500000000001,1.1790490000294085,80
h0.05_r0.2_s10030,10030,0.05,0.2,0.04,fresh,1.0,0.0,1.35,0.054000000000000006,1.2108469999247973,80
h0.05_r0.2_s10030,10030,0.05,0.2,0.04,ttl,0.9,0.030624999999999996,0.7625,0.061125,1.2820650000548994,80
h0.05_r0.2_s10030,10030,0.05,0.2,0.04,entropy,0.9125,0.018124999999999995,0.725,0.04712499999999999,1.274953999995887,80
h0.05_r0.2_s10030,10030,0.05,0.2,0.04,random,1.0,0.0,1.35,0.054000000000000006,1.4294259999587666,80
h0.05_r0.2_s10030,10030,0.05,0.2,0.04,myopic,0.825,0.03124999999999999,0.725,0.060249999999999984,1.2452890000531625,80
h0.05_r0.2_s10030,10030,0.05,0.2,0.04,recheck,0.825,0.031249999999999993,0.7875,0.06275,1.6050890000087747,80
h0.05_r0.2_s10030,10030,0.05,0.2,0.04,no_task,0.8375,0.055625000000000015,0.9,0.09162500000000001,1.6282540000247536,80
h0.05_r0.2_s10031,10031,0.05,0.2,0.04,never,0.8,0.103125,0.05,0.105125,1.0921699999926204,80
h0.05_r0.2_s10031,10031,0.05,0.2,0.04,fresh,1.0,0.0,1.225,0.049,1.2354450000202633,80
h0.05_r0.2_s10031,10031,0.05,0.2,0.04,ttl,0.9875,0.0075,0.675,0.0345,1.280201999975361,80
h0.05_r0.2_s10031,10031,0.05,0.2,0.04,entropy,0.9875,0.0075,0.6875,0.035,1.285038999981225,80
h0.05_r0.2_s10031,10031,0.05,0.2,0.04,random,1.0,0.0,1.225,0.049,1.44390699995256,80
h0.05_r0.2_s10031,10031,0.05,0.2,0.04,myopic,0.975,0.00625,0.6625,0.03275,1.1981579999655878,80
h0.05_r0.2_s10031,10031,0.05,0.2,0.04,recheck,1.0,0.0,0.7375,0.0295,1.8761670000913,80
h0.05_r0.2_s10031,10031,0.05,0.2,0.04,no_task,0.9375,0.024375,0.9,0.060375,1.6220339999790667,80
h0.05_r0.2_s10032,10032,0.05,0.2,0.04,never,0.4875,0.2906249999999999,0.05,0.2926249999999999,1.2219239999922138,80
h0.05_r0.2_s10032,10032,0.05,0.2,0.04,fresh,1.0,0.0,1.4,0.05600000000000001,1.2115580000227055,80
h0.05_r0.2_s10032,10032,0.05,0.2,0.04,ttl,0.95,0.026250000000000002,0.7875,0.05775,1.256506000004265,80
h0.05_r0.2_s10032,10032,0.05,0.2,0.04,entropy,0.95,0.03125,0.75,0.061250000000000006,1.277958000059698,80
h0.05_r0.2_s10032,10032,0.05,0.2,0.04,random,1.0,0.0,1.4,0.05600000000000001,1.3584390000005442,80
h0.05_r0.2_s10032,10032,0.05,0.2,0.04,myopic,0.9375,0.017499999999999995,0.7625,0.048,1.2126809999699617,80
h0.05_r0.2_s10032,10032,0.05,0.2,0.04,recheck,0.975,0.009375,0.8125,0.041875,1.5868720000753456,80
h0.05_r0.2_s10032,10032,0.05,0.2,0.04,no_task,0.8875,0.0425,0.9,0.0785,1.578460000018822,80
h0.05_r0.2_s10033,10033,0.05,0.2,0.04,never,0.6,0.129375,0.05,0.131375,1.0954839999612886,80
h0.05_r0.2_s10033,10033,0.05,0.2,0.04,fresh,1.0,0.0,1.475,0.059,1.1998910000556862,80
h0.05_r0.2_s10033,10033,0.05,0.2,0.04,ttl,0.925,0.01625,0.6875,0.04375,1.243907000002764,80
h0.05_r0.2_s10033,10033,0.05,0.2,0.04,entropy,0.9375,0.013125000000000001,0.7375,0.042625,1.2770160000172837,80
h0.05_r0.2_s10033,10033,0.05,0.2,0.04,random,1.0,0.0,1.475,0.059,1.3306170000078055,80
h0.05_r0.2_s10033,10033,0.05,0.2,0.04,myopic,0.9,0.017499999999999998,0.7125,0.046,1.2249689999634938,80
h0.05_r0.2_s10033,10033,0.05,0.2,0.04,recheck,0.9125,0.015625,0.775,0.046625,1.637818999938645,80
h0.05_r0.2_s10033,10033,0.05,0.2,0.04,no_task,0.7625,0.06125000000000001,0.9,0.09725000000000002,1.6657400000212874,80
h0.05_r0.2_s10034,10034,0.05,0.2,0.04,never,0.65,0.18874999999999995,0.05,0.19074999999999995,1.0870419999946535,80
h0.05_r0.2_s10034,10034,0.05,0.2,0.04,fresh,1.0,0.0,1.2,0.048,1.2582079999674534,80
h0.05_r0.2_s10034,10034,0.05,0.2,0.04,ttl,0.9375,0.016875,0.7,0.044875000000000005,1.2732420000247657,80
h0.05_r0.2_s10034,10034,0.05,0.2,0.04,entropy,0.925,0.024374999999999997,0.675,0.05137499999999999,1.2912680000454202,80
h0.05_r0.2_s10034,10034,0.05,0.2,0.04,random,1.0,0.0,1.2,0.048,1.3474119999727918,80
h0.05_r0.2_s10034,10034,0.05,0.2,0.04,myopic,0.9375,0.016875,0.625,0.041875,1.2072719999878245,80
h0.05_r0.2_s10034,10034,0.05,0.2,0.04,recheck,0.9625,0.01125,0.7125,0.03975,1.8639879999682307,80
h0.05_r0.2_s10034,10034,0.05,0.2,0.04,no_task,0.875,0.048125,0.9,0.084125,1.6170769999916956,80
h0.05_r0.2_s10035,10035,0.05,0.2,0.04,never,0.475,0.3487499999999998,0.05,0.3507499999999998,1.1028760000044713,80
h0.05_r0.2_s10035,10035,0.05,0.2,0.04,fresh,1.0,0.0,1.2625,0.0505,1.218859000005068,80
h0.05_r0.2_s10035,10035,0.05,0.2,0.04,ttl,0.9375,0.029375000000000002,0.6625,0.05587500000000001,1.5624250000882967,80
h0.05_r0.2_s10035,10035,0.05,0.2,0.04,entropy,0.95,0.021249999999999998,0.7125,0.04975,1.310476999947241,80
h0.05_r0.2_s10035,10035,0.05,0.2,0.04,random,1.0,0.0,1.2625,0.0505,1.5579790000401772,80
h0.05_r0.2_s10035,10035,0.05,0.2,0.04,myopic,0.95,0.021249999999999998,0.7375,0.050749999999999997,1.435474000004433,80
h0.05_r0.2_s10035,10035,0.05,0.2,0.04,recheck,0.95,0.019374999999999996,0.775,0.05037499999999999,2.5465919999305697,80
h0.05_r0.2_s10035,10035,0.05,0.2,0.04,no_task,0.9125,0.036250000000000004,0.9,0.07225000000000001,1.6021449999925608,80
h0.05_r0.2_s10036,10036,0.05,0.2,0.04,never,0.725,0.135,0.05,0.137,1.138889999992898,80
h0.05_r0.2_s10036,10036,0.05,0.2,0.04,fresh,1.0,0.0,1.575,0.063,1.2635470000077476,80
h0.05_r0.2_s10036,10036,0.05,0.2,0.04,ttl,0.9625,0.020624999999999998,0.8625,0.055125,1.247202000058678,80
h0.05_r0.2_s10036,10036,0.05,0.2,0.04,entropy,0.9875,0.009375,0.825,0.042375,1.4167570000154228,80
h0.05_r0.2_s10036,10036,0.05,0.2,0.04,random,1.0,0.0,1.575,0.063,1.5116390000002866,80
h0.05_r0.2_s10036,10036,0.05,0.2,0.04,myopic,0.95,0.016874999999999998,0.7875,0.048375,1.3515790000155903,80
h0.05_r0.2_s10036,10036,0.05,0.2,0.04,recheck,0.9625,0.015,0.875,0.05,1.7001219999883688,80
h0.05_r0.2_s10036,10036,0.05,0.2,0.04,no_task,0.9375,0.025625,0.9,0.061625,2.1071020000817953,80
h0.05_r0.2_s10037,10037,0.05,0.2,0.04,never,0.4875,0.2849999999999998,0.05,0.2869999999999998,2.700343000014982,80
h0.05_r0.2_s10037,10037,0.05,0.2,0.04,fresh,1.0,0.0,1.1125,0.0445,1.2308670000038546,80
h0.05_r0.2_s10037,10037,0.05,0.2,0.04,ttl,0.9625,0.0325,0.6875,0.06000000000000001,1.3161260000060793,80
h0.05_r0.2_s10037,10037,0.05,0.2,0.04,entropy,0.975,0.02,0.6375,0.0455,1.2684340000532757,80
h0.05_r0.2_s10037,10037,0.05,0.2,0.04,random,1.0,0.0,1.1125,0.0445,1.41164799993021,80
h0.05_r0.2_s10037,10037,0.05,0.2,0.04,myopic,0.95,0.02375,0.6875,0.05125,1.2131510000017443,80
h0.05_r0.2_s10037,10037,0.05,0.2,0.04,recheck,0.9625,0.021875,0.75,0.051875000000000004,1.7404420000275422,80
h0.05_r0.2_s10037,10037,0.05,0.2,0.04,no_task,0.95,0.035,0.9,0.071,1.5901670000175727,80
h0.05_r0.2_s10038,10038,0.05,0.2,0.04,never,0.475,0.19875000000000004,0.05,0.20075000000000004,1.2171570000418797,80
h0.05_r0.2_s10038,10038,0.05,0.2,0.04,fresh,1.0,0.0,1.3,0.052000000000000005,1.2521400000196081,80
h0.05_r0.2_s10038,10038,0.05,0.2,0.04,ttl,0.9375,0.018125,0.725,0.04712499999999999,1.3983690000713977,80
h0.05_r0.2_s10038,10038,0.05,0.2,0.04,entropy,0.9625,0.011875,0.725,0.040874999999999995,1.4634770000157005,80
h0.05_r0.2_s10038,10038,0.05,0.2,0.04,random,1.0,0.0,1.3,0.052000000000000005,1.5124000000241722,80
h0.05_r0.2_s10038,10038,0.05,0.2,0.04,myopic,0.875,0.030625000000000003,0.725,0.059625,1.2241270000004079,80
h0.05_r0.2_s10038,10038,0.05,0.2,0.04,recheck,0.9375,0.01625,0.775,0.04725,1.7282439999917187,80
h0.05_r0.2_s10038,10038,0.05,0.2,0.04,no_task,0.8875,0.028749999999999998,0.9,0.06475,1.604648000011366,80
h0.05_r0.2_s10039,10039,0.05,0.2,0.04,never,0.7,0.161875,0.05,0.163875,1.188945000080821,80
h0.05_r0.2_s10039,10039,0.05,0.2,0.04,fresh,1.0,0.0,1.225,0.049,1.2259599999424609,80
h0.05_r0.2_s10039,10039,0.05,0.2,0.04,ttl,0.975,0.01125,0.675,0.03825,1.3132009999026195,80
h0.05_r0.2_s10039,10039,0.05,0.2,0.04,entropy,1.0,0.0,0.6875,0.027500000000000004,1.2969269999985045,80
h0.05_r0.2_s10039,10039,0.05,0.2,0.04,random,1.0,0.0,1.225,0.049,1.4210430000503038,80
h0.05_r0.2_s10039,10039,0.05,0.2,0.04,myopic,0.95,0.013750000000000002,0.7,0.04175,1.2347429999408632,80
h0.05_r0.2_s10039,10039,0.05,0.2,0.04,recheck,0.9625,0.01,0.775,0.041,1.7816439999478462,80
h0.05_r0.2_s10039,10039,0.05,0.2,0.04,no_task,0.95,0.019374999999999996,0.9,0.055374999999999994,1.6843879999441924,80
h0.05_r0.2_s10040,10040,0.05,0.2,0.04,never,0.7125,0.14437499999999995,0.05,0.14637499999999995,1.073260999987724,80
h0.05_r0.2_s10040,10040,0.05,0.2,0.04,fresh,1.0,0.0,1.1625,0.0465,1.232100000038372,80
h0.05_r0.2_s10040,10040,0.05,0.2,0.04,ttl,0.9625,0.006875000000000001,0.6625,0.033375,1.2451590000637225,80
h0.05_r0.2_s10040,10040,0.05,0.2,0.04,entropy,0.95,0.028749999999999998,0.6125,0.05325,1.348063000023103,80
h0.05_r0.2_s10040,10040,0.05,0.2,0.04,random,1.0,0.0,1.1625,0.0465,1.3397110000141765,80
h0.05_r0.2_s10040,10040,0.05,0.2,0.04,myopic,0.9375,0.010624999999999999,0.7,0.03862500000000001,1.2889350000477862,80
h0.05_r0.2_s10040,10040,0.05,0.2,0.04,recheck,0.95,0.008749999999999999,0.775,0.039749999999999994,1.5761359999260094,80
h0.05_r0.2_s10040,10040,0.05,0.2,0.04,no_task,0.9125,0.0325,0.9,0.0685,1.7061910000393254,80
h0.05_r0.2_s10041,10041,0.05,0.2,0.04,never,0.8375,0.036875000000000005,0.05,0.03887500000000001,1.0745230000566153,80
h0.05_r0.2_s10041,10041,0.05,0.2,0.04,fresh,1.0,0.0,1.2375,0.0495,1.221463999968364,80
h0.05_r0.2_s10041,10041,0.05,0.2,0.04,ttl,0.9625,0.01,0.7125,0.0385,1.53192899995247,80
h0.05_r0.2_s10041,10041,0.05,0.2,0.04,entropy,0.9625,0.01,0.6625,0.0365,1.6850299999759955,80
h0.05_r0.2_s10041,10041,0.05,0.2,0.04,random,1.0,0.0,1.2375,0.0495,1.4053490000378588,80
h0.05_r0.2_s10041,10041,0.05,0.2,0.04,myopic,0.925,0.014375000000000002,0.725,0.043375,1.2254189999794107,80
h0.05_r0.2_s10041,10041,0.05,0.2,0.04,recheck,0.925,0.016874999999999998,0.7875,0.048375,1.5922699999464385,80
h0.05_r0.2_s10041,10041,0.05,0.2,0.04,no_task,0.9125,0.019999999999999997,0.9,0.055999999999999994,1.6231560000505851,80
h0.05_r0.2_s10042,10042,0.05,0.2,0.04,never,0.3875,0.3925,0.05,0.3945,1.076565999937884,80
h0.05_r0.2_s10042,10042,0.05,0.2,0.04,fresh,1.0,0.0,1.3,0.052000000000000005,1.2106679999988046,80
h0.05_r0.2_s10042,10042,0.05,0.2,0.04,ttl,0.975,0.011875,0.7125,0.04037500000000001,1.29368099999283,80
h0.05_r0.2_s10042,10042,0.05,0.2,0.04,entropy,0.95,0.031875,0.7,0.059875,1.2702870000111943,80
h0.05_r0.2_s10042,10042,0.05,0.2,0.04,random,1.0,0.0,1.3,0.052000000000000005,1.363225999966744,80
h0.05_r0.2_s10042,10042,0.05,0.2,0.04,myopic,0.9875,0.0075,0.7125,0.036000000000000004,1.2128409999832002,80
h0.05_r0.2_s10042,10042,0.05,0.2,0.04,recheck,0.9625,0.013750000000000002,0.775,0.04475,1.8192800000633724,80
h0.05_r0.2_s10042,10042,0.05,0.2,0.04,no_task,0.8625,0.04812500000000001,0.9,0.084125,1.5999009999632108,80
h0.05_r0.2_s10043,10043,0.05,0.2,0.04,never,0.4875,0.27999999999999975,0.05,0.28199999999999975,1.1740720000261717,80
h0.05_r0.2_s10043,10043,0.05,0.2,0.04,fresh,1.0,0.0,1.1875,0.0475,1.1970169999813152,80
h0.05_r0.2_s10043,10043,0.05,0.2,0.04,ttl,0.975,0.02,0.7,0.048,1.2695559998974204,80
h0.05_r0.2_s10043,10043,0.05,0.2,0.04,entropy,0.9875,0.0075,0.7,0.035500000000000004,1.2600709999333048,80
h0.05_r0.2_s10043,10043,0.05,0.2,0.04,random,1.0,0.0,1.1875,0.0475,1.3598210000509425,80
h0.05_r0.2_s10043,10043,0.05,0.2,0.04,myopic,0.9625,0.015,0.75,0.045,1.349256000025889,80
h0.05_r0.2_s10043,10043,0.05,0.2,0.04,recheck,0.975,0.010624999999999999,0.8125,0.043125000000000004,1.6030960000534833,80
h0.05_r0.2_s10043,10043,0.05,0.2,0.04,no_task,0.9625,0.01875,0.9,0.05475,1.7212540000173249,80
h0.05_r0.2_s10044,10044,0.05,0.2,0.04,never,0.45,0.38875000000000004,0.05,0.39075000000000004,1.0807419999991907,80
h0.05_r0.2_s10044,10044,0.05,0.2,0.04,fresh,1.0,0.0,1.3,0.052000000000000005,1.288033999912841,80
h0.05_r0.2_s10044,10044,0.05,0.2,0.04,ttl,0.9875,0.001875,0.7375,0.031375,1.293310999926689,80
h0.05_r0.2_s10044,10044,0.05,0.2,0.04,entropy,0.9875,0.001875,0.7375,0.031375,1.2739520000195625,80
h0.05_r0.2_s10044,10044,0.05,0.2,0.04,random,1.0,0.0,1.3,0.052000000000000005,1.3605619999452756,80
h0.05_r0.2_s10044,10044,0.05,0.2,0.04,myopic,0.975,0.00375,0.7,0.03175,2.318880999951034,80
h0.05_r0.2_s10044,10044,0.05,0.2,0.04,recheck,0.9875,0.001875,0.7875,0.033375,2.1743539999761197,80
h0.05_r0.2_s10044,10044,0.05,0.2,0.04,no_task,0.9875,0.001875,0.9,0.037875,2.1464420000256723,80
h0.05_r0.2_s10045,10045,0.05,0.2,0.04,never,0.525,0.244375,0.05,0.246375,1.0974369999985356,80
h0.05_r0.2_s10045,10045,0.05,0.2,0.04,fresh,1.0,0.0,1.2,0.048,1.194763999933457,80
h0.05_r0.2_s10045,10045,0.05,0.2,0.04,ttl,0.9375,0.028749999999999998,0.625,0.05375,1.2600410000231932,80
h0.05_r0.2_s10045,10045,0.05,0.2,0.04,entropy,0.975,0.01,0.6375,0.0355,1.238950000015393,80
h0.05_r0.2_s10045,10045,0.05,0.2,0.04,random,1.0,0.0,1.2,0.048,1.43803800006026,80
h0.05_r0.2_s10045,10045,0.05,0.2,0.04,myopic,0.95,0.01,0.725,0.039,1.2807630000679637,80
h0.05_r0.2_s10045,10045,0.05,0.2,0.04,recheck,0.9625,0.008125,0.75,0.038125,1.6099069999881976,80
h0.05_r0.2_s10045,10045,0.05,0.2,0.04,no_task,0.875,0.041874999999999996,0.9,0.077875,2.0614139999679537,80
h0.05_r0.2_s10046,10046,0.05,0.2,0.04,never,0.4625,0.3206249999999999,0.05,0.3226249999999999,1.096195000059197,80
h0.05_r0.2_s10046,10046,0.05,0.2,0.04,fresh,1.0,0.0,1.175,0.047,1.303326000083871,80
h0.05_r0.2_s10046,10046,0.05,0.2,0.04,ttl,0.9375,0.022500000000000003,0.6875,0.05,1.2864409999338022,80
h0.05_r0.2_s10046,10046,0.05,0.2,0.04,entropy,0.9375,0.021875,0.75,0.051875000000000004,1.3367669999979626,80
h0.05_r0.2_s10046,10046,0.05,0.2,0.04,random,1.0,0.0,1.175,0.047,1.3763460000291161,80
h0.05_r0.2_s10046,10046,0.05,0.2,0.04,myopic,0.9125,0.016874999999999998,0.75,0.046875,1.3069320000340667,80
h0.05_r0.2_s10046,10046,0.05,0.2,0.04,recheck,0.925,0.016875,0.8125,0.049375,2.1892060000254787,80
h0.05_r0.2_s10046,10046,0.05,0.2,0.04,no_task,0.9375,0.021875,0.9,0.057874999999999996,1.636426000004576,80
h0.05_r0.2_s10047,10047,0.05,0.2,0.04,never,0.475,0.2712500000000001,0.05,0.2732500000000001,1.096996000001127,80
h0.05_r0.2_s10047,10047,0.05,0.2,0.04,fresh,1.0,0.0,1.0375,0.0415,1.292911000064123,80
h0.05_r0.2_s10047,10047,0.05,0.2,0.04,ttl,0.95,0.02125,0.6,0.04525,1.3722090000101161,80
h0.05_r0.2_s10047,10047,0.05,0.2,0.04,entropy,0.9625,0.013124999999999998,0.6,0.037125,1.3680729999805408,80
h0.05_r0.2_s10047,10047,0.05,0.2,0.04,random,1.0,0.0,1.0375,0.0415,1.391527999999198,80
h0.05_r0.2_s10047,10047,0.05,0.2,0.04,myopic,0.9375,0.016875,0.65,0.042875,1.549806999946668,80
h0.05_r0.2_s10047,10047,0.05,0.2,0.04,recheck,0.9875,0.0043749999999999995,0.725,0.033375,1.8813030000046638,80
h0.05_r0.2_s10047,10047,0.05,0.2,0.04,no_task,0.9625,0.016875,0.9,0.052875000000000005,1.9404030000487182,80
h0.05_r0.2_s10048,10048,0.05,0.2,0.04,never,0.7875,0.061250000000000006,0.05,0.06325,1.2113880000015342,80
h0.05_r0.2_s10048,10048,0.05,0.2,0.04,fresh,1.0,0.0,1.125,0.045,1.2286139999559964,80
h0.05_r0.2_s10048,10048,0.05,0.2,0.04,ttl,0.975,0.00375,0.6125,0.028249999999999997,1.292018999947686,80
h0.05_r0.2_s10048,10048,0.05,0.2,0.04,entropy,0.9625,0.011875,0.6375,0.037375000000000005,1.254774000017278,80
h0.05_r0.2_s10048,10048,0.05,0.2,0.04,random,1.0,0.0,1.125,0.045,1.3857110000117245,80
h0.05_r0.2_s10048,10048,0.05,0.2,0.04,myopic,0.925,0.013749999999999998,0.6375,0.03924999999999999,1.2208729999656498,80
h0.05_r0.2_s10048,10048,0.05,0.2,0.04,recheck,0.975,0.005,0.7,0.033,1.6148130000601668,80
h0.05_r0.2_s10048,10048,0.05,0.2,0.04,no_task,0.95,0.008749999999999999,0.9,0.04475,1.6072419999773047,80
h0.05_r0.2_s10049,10049,0.05,0.2,0.04,never,0.6,0.13562499999999997,0.05,0.13762499999999997,1.0757349999721555,80
h0.05_r0.2_s10049,10049,0.05,0.2,0.04,fresh,1.0,0.0,1.2125,0.0485,1.2191100000791266,80
h0.05_r0.2_s10049,10049,0.05,0.2,0.04,ttl,1.0,0.0,0.6875,0.027500000000000004,1.2502370000220253,80
h0.05_r0.2_s10049,10049,0.05,0.2,0.04,entropy,1.0,0.0,0.65,0.026000000000000002,1.3841280000406186,80
h0.05_r0.2_s10049,10049,0.05,0.2,0.04,random,1.0,0.0,1.2125,0.0485,1.3778679999632004,80
h0.05_r0.2_s10049,10049,0.05,0.2,0.04,myopic,0.9875,0.003125,0.6625,0.029625000000000002,1.2975780000488157,80
h0.05_r0.2_s10049,10049,0.05,0.2,0.04,recheck,0.9875,0.003125,0.725,0.032125,1.596395999968081,80
h0.05_r0.2_s10049,10049,0.05,0.2,0.04,no_task,0.9125,0.02375,0.9,0.05974999999999999,1.611358999980439,80
h0.05_r0.2_s10050,10050,0.05,0.2,0.04,never,0.7875,0.07625000000000001,0.05,0.07825000000000001,1.0837370000444935,80
h0.05_r0.2_s10050,10050,0.05,0.2,0.04,fresh,1.0,0.0,1.0375,0.0415,1.2486340000350538,80
h0.05_r0.2_s10050,10050,0.05,0.2,0.04,ttl,0.9875,0.008125,0.575,0.031125000000000003,1.2500560000034966,80
h0.05_r0.2_s10050,10050,0.05,0.2,0.04,entropy,1.0,0.0,0.5875,0.0235,1.320441999951072,80
h0.05_r0.2_s10050,10050,0.05,0.2,0.04,random,1.0,0.0,1.0375,0.0415,1.341894000006505,80
h0.05_r0.2_s10050,10050,0.05,0.2,0.04,myopic,0.9875,0.0025,0.6125,0.027000000000000003,1.2076519999482116,80
h0.05_r0.2_s10050,10050,0.05,0.2,0.04,recheck,1.0,0.0,0.6625,0.026500000000000003,1.6084740000223974,80
h0.05_r0.2_s10050,10050,0.05,0.2,0.04,no_task,0.9625,0.013750000000000002,0.9,0.04975,1.5945339999916541,80
h0.05_r0.2_s10051,10051,0.05,0.2,0.04,never,0.5,0.32687499999999997,0.05,0.328875,1.1166060000959988,80
h0.05_r0.2_s10051,10051,0.05,0.2,0.04,fresh,1.0,0.0,1.35,0.054000000000000006,1.204548000032446,80
h0.05_r0.2_s10051,10051,0.05,0.2,0.04,ttl,0.9125,0.045625,0.7625,0.076125,1.2978979999616058,80
h0.05_r0.2_s10051,10051,0.05,0.2,0.04,entropy,0.9625,0.018125,0.775,0.049124999999999995,1.2683840000136115,80
h0.05_r0.2_s10051,10051,0.05,0.2,0.04,random,1.0,0.0,1.35,0.054000000000000006,1.38509900000372,80
h0.05_r0.2_s10051,10051,0.05,0.2,0.04,myopic,0.975,0.005,0.85,0.039,1.2417639999284802,80
h0.05_r0.2_s10051,10051,0.05,0.2,0.04,recheck,0.975,0.005,0.875,0.04,1.6237369999316797,80
h0.05_r0.2_s10051,10051,0.05,0.2,0.04,no_task,0.925,0.0375,0.9,0.0735,1.611668999998983,80
h0.05_r0.2_s10052,10052,0.05,0.2,0.04,never,0.35,0.47562499999999996,0.05,0.4776249999999999,1.079019000030712,80
h0.05_r0.2_s10052,10052,0.05,0.2,0.04,fresh,1.0,0.0,1.2875,0.051500000000000004,1.2414830000579968,80
h0.05_r0.2_s10052,10052,0.05,0.2,0.04,ttl,0.9875,0.0043749999999999995,0.7875,0.035875000000000004,1.2572069999805535,80
h0.05_r0.2_s10052,10052,0.05,0.2,0.04,entropy,0.975,0.016875,0.75,0.046875,1.2634370000341733,80
h0.05_r0.2_s10052,10052,0.05,0.2,0.04,random,1.0,0.0,1.2875,0.051500000000000004,1.3489550000258532,80
h0.05_r0.2_s10052,10052,0.05,0.2,0.04,myopic,0.975,0.006875000000000001,0.7625,0.037375000000000005,1.211027999943326,80
h0.05_r0.2_s10052,10052,0.05,0.2,0.04,recheck,0.975,0.006875000000000001,0.85,0.04087500000000001,1.5936309999915466,80
h0.05_r0.2_s10052,10052,0.05,0.2,0.04,no_task,0.9125,0.026875,0.9,0.06287499999999999,1.6066320000618362,80
h0.05_r0.2_s10053,10053,0.05,0.2,0.04,never,0.6,0.20750000000000002,0.05,0.20950000000000002,1.0788490000095408,80
h0.05_r0.2_s10053,10053,0.05,0.2,0.04,fresh,1.0,0.0,1.15,0.046,1.2296060000380749,80
h0.05_r0.2_s10053,10053,0.05,0.2,0.04,ttl,0.9625,0.02375,0.7125,0.05225,1.260832999946615,80
h0.05_r0.2_s10053,10053,0.05,0.2,0.04,entropy,0.9625,0.023125,0.65,0.049125,1.2742820000539723,80
h0.05_r0.2_s10053,10053,0.05,0.2,0.04,random,1.0,0.0,1.15,0.046,1.374943999962852,80
h0.05_r0.2_s10053,10053,0.05,0.2,0.04,myopic,0.9125,0.019374999999999996,0.7375,0.048874999999999995,1.2315679999801432,80
h0.05_r0.2_s10053,10053,0.05,0.2,0.04,recheck,0.9625,0.008749999999999999,0.775,0.039749999999999994,1.575966000018525,80
h0.05_r0.2_s10053,10053,0.05,0.2,0.04,no_task,0.9,0.029374999999999995,0.9,0.06537499999999999,1.6167869999890172,80
h0.05_r0.2_s10054,10054,0.05,0.2,0.04,never,0.65,0.161875,0.05,0.163875,1.0705160000270553,80
h0.05_r0.2_s10054,10054,0.05,0.2,0.04,fresh,1.0,0.0,1.325,0.053000000000000005,1.753721999989466,80
h0.05_r0.2_s10054,10054,0.05,0.2,0.04,ttl,0.925,0.03125000000000001,0.7625,0.061750000000000006,1.2961959999984174,80
h0.05_r0.2_s10054,10054,0.05,0.2,0.04,entropy,0.925,0.03125000000000001,0.7375,0.060750000000000005,1.439069999946696,80
h0.05_r0.2_s10054,10054,0.05,0.2,0.04,random,1.0,0.0,1.325,0.053000000000000005,1.360272000056284,80
h0.05_r0.2_s10054,10054,0.05,0.2,0.04,myopic,0.925,0.015625,0.7625,0.046125,1.1879129999670113,80
h0.05_r0.2_s10054,10054,0.05,0.2,0.04,recheck,0.9375,0.013750000000000002,0.8125,0.04625,2.0028760000059265,80
h0.05_r0.2_s10054,10054,0.05,0.2,0.04,no_task,0.8625,0.04125,0.9,0.07725,1.7660910000358854,80
h0.05_r0.2_s10055,10055,0.05,0.2,0.04,never,0.75,0.11000000000000006,0.05,0.11200000000000006,1.0678730000108771,80
h0.05_r0.2_s10055,10055,0.05,0.2,0.04,fresh,1.0,0.0,1.0125,0.0405,1.1917179999727523,80
h0.05_r0.2_s10055,10055,0.05,0.2,0.04,ttl,1.0,0.0,0.575,0.023,1.3423950000515106,80
h0.05_r0.2_s10055,10055,0.05,0.2,0.04,entropy,0.9875,0.0125,0.575,0.0355,1.2454499999421387,80
h0.05_r0.2_s10055,10055,0.05,0.2,0.04,random,1.0,0.0,1.0125,0.0405,1.3458399999990434,80
h0.05_r0.2_s10055,10055,0.05,0.2,0.04,myopic,0.975,0.00375,0.6125,0.028249999999999997,1.1872720000383197,80
h0.05_r0.2_s10055,10055,0.05,0.2,0.04,recheck,1.0,0.0,0.65,0.026000000000000002,1.5961560000050667,80
h0.05_r0.2_s10055,10055,0.05,0.2,0.04,no_task,0.9375,0.023125,0.9,0.059125000000000004,1.5698559999464123,80
h0.05_r0.2_s10056,10056,0.05,0.2,0.04,never,0.5375,0.2556250000000001,0.05,0.2576250000000001,1.3020749998986503,80
h0.05_r0.2_s10056,10056,0.05,0.2,0.04,fresh,1.0,0.0,1.1,0.044,1.1973670000315906,80
h0.05_r0.2_s10056,10056,0.05,0.2,0.04,ttl,0.9625,0.013125000000000001,0.65,0.039125,1.254353000035735,80
h0.05_r0.2_s10056,10056,0.05,0.2,0.04,entropy,0.975,0.005,0.6625,0.0315,1.2823649999518238,80
h0.05_r0.2_s10056,10056,0.05,0.2,0.04,random,1.0,0.0,1.1,0.044,1.389524999922287,80
h0.05_r0.2_s10056,10056,0.05,0.2,0.04,myopic,0.9,0.019374999999999996,0.6125,0.043875,1.1935719999200955,80
h0.05_r0.2_s10056,10056,0.05,0.2,0.04,recheck,0.9375,0.011875,0.6875,0.03937500000000001,1.5798110000559973,80
h0.05_r0.2_s10056,10056,0.05,0.2,0.04,no_task,0.8625,0.033125,0.9,0.06912499999999999,1.5879740000173115,80
h0.05_r0.2_s10057,10057,0.05,0.2,0.04,never,0.6,0.17562499999999998,0.05,0.17762499999999998,1.166280999996161,80
h0.05_r0.2_s10057,10057,0.05,0.2,0.04,fresh,1.0,0.0,1.325,0.053000000000000005,1.2006629999632423,80
h0.05_r0.2_s10057,10057,0.05,0.2,0.04,ttl,0.975,0.015625,0.7625,0.046125,1.2525199999799952,80
h0.05_r0.2_s10057,10057,0.05,0.2,0.04,entropy,0.975,0.010624999999999999,0.725,0.039625,1.2602510000760958,80
h0.05_r0.2_s10057,10057,0.05,0.2,0.04,random,1.0,0.0,1.325,0.053000000000000005,1.3251490000811827,80
h0.05_r0.2_s10057,10057,0.05,0.2,0.04,myopic,0.9625,0.0075,0.775,0.0385,1.2208830000872695,80
h0.05_r0.2_s10057,10057,0.05,0.2,0.04,recheck,0.9875,0.003125,0.8125,0.035625000000000004,1.5786889999844789,80
h0.05_r0.2_s10057,10057,0.05,0.2,0.04,no_task,0.9375,0.029375000000000002,0.9,0.065375,1.5972869999814066,80
h0.05_r0.2_s10058,10058,0.05,0.2,0.04,never,0.45,0.24437499999999987,0.05,0.24637499999999987,1.0711079999055073,80
h0.05_r0.2_s10058,10058,0.05,0.2,0.04,fresh,1.0,0.0,1.3375,0.053500000000000006,1.2353739999753088,80
h0.05_r0.2_s10058,10058,0.05,0.2,0.04,ttl,0.95,0.024375,0.7125,0.052875000000000005,1.2485439999636583,80
h0.05_r0.2_s10058,10058,0.05,0.2,0.04,entropy,0.975,0.008125,0.7375,0.037625,1.4232560000664307,80
h0.05_r0.2_s10058,10058,0.05,0.2,0.04,random,1.0,0.0,1.3375,0.053500000000000006,1.4452890000029583,80
h0.05_r0.2_s10058,10058,0.05,0.2,0.04,myopic,0.9625,0.01,0.775,0.041,1.2330710000014733,80
h0.05_r0.2_s10058,10058,0.05,0.2,0.04,recheck,0.9625,0.01,0.8625,0.044500000000000005,1.6108380000332545,80
h0.05_r0.2_s10058,10058,0.05,0.2,0.04,no_task,0.9875,0.005,0.9,0.040999999999999995,1.8296160000090822,80
h0.05_r0.2_s10059,10059,0.05,0.2,0.04,never,0.5375,0.2656249999999999,0.05,0.2676249999999999,1.0979479999377872,80
h0.05_r0.2_s10059,10059,0.05,0.2,0.04,fresh,1.0,0.0,1.25,0.05,1.288464000026579,80
h0.05_r0.2_s10059,10059,0.05,0.2,0.04,ttl,0.9625,0.013125000000000001,0.6625,0.039625,1.3080830000262722,80
h0.05_r0.2_s10059,10059,0.05,0.2,0.04,entropy,0.9625,0.013125000000000001,0.6375,0.038625,1.2513279999666338,80
h0.05_r0.2_s10059,10059,0.05,0.2,0.04,random,1.0,0.0,1.25,0.05,1.3623749999851498,80
h0.05_r0.2_s10059,10059,0.05,0.2,0.04,myopic,0.9875,0.001875,0.6375,0.027375,1.2034170000561062,80
h0.05_r0.2_s10059,10059,0.05,0.2,0.04,recheck,0.95,0.009375000000000001,0.725,0.038375,1.59448399995199,80
h0.05_r0.2_s10059,10059,0.05,0.2,0.04,no_task,0.9,0.031875,0.9,0.06787499999999999,1.591428999972777,80
h0.05_r0.2_s10060,10060,0.05,0.2,0.04,never,0.5625,0.165625,0.05,0.167625,1.0953639999797815,80
h0.05_r0.2_s10060,10060,0.05,0.2,0.04,fresh,1.0,0.0,1.3,0.052000000000000005,1.2068009999666174,80
h0.05_r0.2_s10060,10060,0.05,0.2,0.04,ttl,1.0,0.0,0.75,0.03,1.2879029999339764,80
h0.05_r0.2_s10060,10060,0.05,0.2,0.04,entropy,0.9875,0.0125,0.7125,0.041,1.2668919999896389,80
h0.05_r0.2_s10060,10060,0.05,0.2,0.04,random,1.0,0.0,1.3,0.052000000000000005,1.357486999950197,80
h0.05_r0.2_s10060,10060,0.05,0.2,0.04,myopic,0.9875,0.0025,0.675,0.029500000000000005,1.4429660000132571,80
h0.05_r0.2_s10060,10060,0.05,0.2,0.04,recheck,1.0,0.0,0.725,0.028999999999999998,1.7205330000251706,80
h0.05_r0.2_s10060,10060,0.05,0.2,0.04,no_task,0.9,0.035625000000000004,0.9,0.07162500000000001,1.5908780000017941,80
h0.05_r0.2_s10061,10061,0.05,0.2,0.04,never,0.35,0.3893750000000001,0.05,0.3913750000000001,1.099559999943267,80
h0.05_r0.2_s10061,10061,0.05,0.2,0.04,fresh,1.0,0.0,1.35,0.054000000000000006,1.2392399999043846,80
h0.05_r0.2_s10061,10061,0.05,0.2,0.04,ttl,0.975,0.0043749999999999995,0.725,0.033375,1.2617240000736274,80
h0.05_r0.2_s10061,10061,0.05,0.2,0.04,entropy,0.9625,0.0125,0.7,0.0405,1.2866710000025705,80
h0.05_r0.2_s10061,10061,0.05,0.2,0.04,random,1.0,0.0,1.35,0.054000000000000006,1.4907880000691875,80
h0.05_r0.2_s10061,10061,0.05,0.2,0.04,myopic,0.95,0.008749999999999999,0.6625,0.035250000000000004,1.2103870000146344,80
h0.05_r0.2_s10061,10061,0.05,0.2,0.04,recheck,0.975,0.00375,0.7375,0.033249999999999995,1.7025460000468229,80
h0.05_r0.2_s10061,10061,0.05,0.2,0.04,no_task,0.85,0.045625,0.9,0.08162499999999999,1.6003120000505078,80
h0.05_r0.2_s10062,10062,0.05,0.2,0.04,never,0.675,0.154375,0.05,0.15637500000000001,1.0784690000491537,80
h0.05_r0.2_s10062,10062,0.05,0.2,0.04,fresh,1.0,0.0,1.075,0.043,1.2760349999325626,80
h0.05_r0.2_s10062,10062,0.05,0.2,0.04,ttl,0.95,0.030625000000000003,0.7,0.058625000000000003,1.282544999980928,80
h0.05_r0.2_s10062,10062,0.05,0.2,0.04,entropy,0.9625,0.0225,0.675,0.0495,1.2584090000018477,80
h0.05_r0.2_s10062,10062,0.05,0.2,0.04,random,1.0,0.0,1.075,0.043,1.349516000004769,80
h0.05_r0.2_s10062,10062,0.05,0.2,0.04,myopic,0.95,0.01875,0.75,0.04875,1.2080929999456202,80
h0.05_r0.2_s10062,10062,0.05,0.2,0.04,recheck,0.975,0.014374999999999999,0.8125,0.046875,1.6460909999977957,80
h0.05_r0.2_s10062,10062,0.05,0.2,0.04,no_task,0.9125,0.049374999999999995,0.9,0.085375,1.635184999940975,80
h0.05_r0.2_s10063,10063,0.05,0.2,0.04,never,0.6625,0.15125000000000005,0.05,0.15325000000000005,1.071979000016654,80
h0.05_r0.2_s10063,10063,0.05,0.2,0.04,fresh,1.0,0.0,1.3375,0.053500000000000006,1.2275630000431192,80
h0.05_r0.2_s10063,10063,0.05,0.2,0.04,ttl,0.9375,0.023125,0.7375,0.052625,1.3930409999147741,80
h0.05_r0.2_s10063,10063,0.05,0.2,0.04,entropy,0.9625,0.011875,0.75,0.041874999999999996,1.3107280000212995,80
h0.05_r0.2_s10063,10063,0.05,0.2,0.04,random,1.0,0.0,1.3375,0.053500000000000006,1.334262000000308,80
h0.05_r0.2_s10063,10063,0.05,0.2,0.04,myopic,0.975,0.00375,0.75,0.033749999999999995,1.2287539999533692,80
h0.05_r0.2_s10063,10063,0.05,0.2,0.04,recheck,0.9875,0.001875,0.825,0.034875,1.5845890000036889,80
h0.05_r0.2_s10063,10063,0.05,0.2,0.04,no_task,0.8125,0.07437500000000001,0.9,0.11037500000000003,1.6879730000027848,80
h0.05_r0.2_s10000,10000,0.05,0.2,0.12,never,0.5,0.295625,0.05,0.30162500000000003,1.150526999936119,80
h0.05_r0.2_s10000,10000,0.05,0.2,0.12,fresh,1.0,0.0,1.225,0.147,1.2542530000700935,80
h0.05_r0.2_s10000,10000,0.05,0.2,0.12,ttl,0.95,0.016874999999999998,0.5125,0.078375,1.4146929999014901,80
h0.05_r0.2_s10000,10000,0.05,0.2,0.12,entropy,0.95,0.01125,0.525,0.07425,1.2925500000164902,80
h0.05_r0.2_s10000,10000,0.05,0.2,0.12,random,0.875,0.04125,0.575,0.11025,1.6150539998989188,80
h0.05_r0.2_s10000,10000,0.05,0.2,0.12,myopic,0.725,0.06000000000000001,0.3,0.096,1.327282000033847,80
h0.05_r0.2_s10000,10000,0.05,0.2,0.12,recheck,0.9375,0.014374999999999999,0.4875,0.072875,1.5797910000401316,80
h0.05_r0.2_s10000,10000,0.05,0.2,0.12,no_task,0.8625,0.050624999999999996,0.475,0.107625,1.58669099994313,80
h0.05_r0.2_s10001,10001,0.05,0.2,0.12,never,0.575,0.23562499999999992,0.05,0.24162499999999992,1.080351999917184,80
h0.05_r0.2_s10001,10001,0.05,0.2,0.12,fresh,1.0,0.0,0.9875,0.11850000000000001,1.2362050000547242,80
h0.05_r0.2_s10001,10001,0.05,0.2,0.12,ttl,0.925,0.041875,0.4125,0.09137500000000001,1.2357649999330533,80
h0.05_r0.2_s10001,10001,0.05,0.2,0.12,entropy,0.925,0.041249999999999995,0.425,0.09225,1.2693549999767129,80
h0.05_r0.2_s10001,10001,0.05,0.2,0.12,random,0.85,0.061250000000000006,0.4625,0.11674999999999999,1.3183989999561163,80
h0.05_r0.2_s10001,10001,0.05,0.2,0.12,myopic,0.8,0.06187500000000003,0.275,0.09487500000000001,1.18341600000349,80
h0.05_r0.2_s10001,10001,0.05,0.2,0.12,recheck,0.9375,0.03,0.4,0.078,1.667181999891909,80
h0.05_r0.2_s10001,10001,0.05,0.2,0.12,no_task,0.8,0.089375,0.475,0.14637499999999998,1.5653799999881812,80
h0.05_r0.2_s10002,10002,0.05,0.2,0.12,never,0.5375,0.283125,0.05,0.289125,1.0923290000164343,80
h0.05_r0.2_s10002,10002,0.05,0.2,0.12,fresh,1.0,0.0,1.175,0.141,1.2351840000519587,80
h0.05_r0.2_s10002,10002,0.05,0.2,0.12,ttl,0.925,0.027500000000000004,0.525,0.0905,1.3495659999307463,80
h0.05_r0.2_s10002,10002,0.05,0.2,0.12,entropy,0.95,0.010624999999999999,0.5375,0.075125,1.2821850000364066,80
h0.05_r0.2_s10002,10002,0.05,0.2,0.12,random,0.9,0.025625,0.475,0.08262499999999999,1.3367070000640524,80
h0.05_r0.2_s10002,10002,0.05,0.2,0.12,myopic,0.825,0.03875000000000001,0.35,0.08075000000000002,1.5279829999599315,80
h0.05_r0.2_s10002,10002,0.05,0.2,0.12,recheck,0.9375,0.01125,0.5,0.07125000000000001,1.6629259999945134,80
h0.05_r0.2_s10002,10002,0.05,0.2,0.12,no_task,0.8125,0.048125,0.475,0.105125,1.5774780000583632,80
h0.05_r0.2_s10003,10003,0.05,0.2,0.12,never,0.675,0.08812500000000004,0.05,0.09412500000000004,1.306922000026134,80
h0.05_r0.2_s10003,10003,0.05,0.2,0.12,fresh,1.0,0.0,1.1125,0.1335,1.2959849999560902,80
h0.05_r0.2_s10003,10003,0.05,0.2,0.12,ttl,0.8875,0.033125,0.5,0.09312499999999999,1.3921190000019124,80
h0.05_r0.2_s10003,10003,0.05,0.2,0.12,entropy,0.8875,0.032499999999999994,0.4875,0.091,1.281443000038962,80
h0.05_r0.2_s10003,10003,0.05,0.2,0.12,random,0.9,0.041249999999999995,0.5625,0.10874999999999999,1.3399710001067433,80
h0.05_r0.2_s10003,10003,0.05,0.2,0.12,myopic,0.675,0.07937500000000001,0.25,0.10937500000000003,1.1980389999735053,80
h0.05_r0.2_s10003,10003,0.05,0.2,0.12,recheck,0.875,0.03125,0.4,0.07925,1.58678200000395,80
h0.05_r0.2_s10003,10003,0.05,0.2,0.12,no_task,0.825,0.053750000000000006,0.475,0.11074999999999999,1.58819399996446,80
h0.05_r0.2_s10004,10004,0.05,0.2,0.12,never,0.6625,0.18562499999999998,0.05,0.191625,1.0970370000222829,80
h0.05_r0.2_s10004,10004,0.05,0.2,0.12,fresh,1.0,0.0,1.0875,0.1305,1.2103369999749702,80
h0.05_r0.2_s10004,10004,0.05,0.2,0.12,ttl,0.925,0.021249999999999998,0.525,0.08425,1.3473430000203734,80
h0.05_r0.2_s10004,10004,0.05,0.2,0.12,entropy,0.9125,0.031875,0.5375,0.096375,1.2880030000133047,80
h0.05_r0.2_s10004,10004,0.05,0.2,0.12,random,0.85,0.099375,0.6625,0.17887499999999998,1.3651900000013484,80
h0.05_r0.2_s10004,10004,0.05,0.2,0.12,myopic,0.9,0.03875,0.3625,0.08225,1.1928410000336953,80
h0.05_r0.2_s10004,10004,0.05,0.2,0.12,recheck,0.9125,0.027499999999999997,0.5125,0.089,1.7135819999793966,80
h0.05_r0.2_s10004,10004,0.05,0.2,0.12,no_task,0.8875,0.05500000000000001,0.475,0.11200000000000002,1.607573000001139,80
h0.05_r0.2_s10005,10005,0.05,0.2,0.12,never,0.6125,0.19562499999999997,0.05,0.20162499999999994,1.1230860000068787,80
h0.05_r0.2_s10005,10005,0.05,0.2,0.12,fresh,1.0,0.0,1.1875,0.14250000000000002,1.2122800000042844,80
h0.05_r0.2_s10005,10005,0.05,0.2,0.12,ttl,0.9125,0.05687500000000001,0.55,0.122875,1.2896159998945222,80
h0.05_r0.2_s10005,10005,0.05,0.2,0.12,entropy,0.9125,0.05625,0.575,0.12525,1.2648289999788176,80
h0.05_r0.2_s10005,10005,0.05,0.2,0.12,random,0.9375,0.04,0.6125,0.1135,1.3647480000145151,80
h0.05_r0.2_s10005,10005,0.05,0.2,0.12,myopic,0.8875,0.06,0.3125,0.0975,1.2252589999661723,80
h0.05_r0.2_s10005,10005,0.05,0.2,0.12,recheck,0.95,0.021249999999999998,0.4625,0.07675,1.6088849999960075,80
h0.05_r0.2_s10005,10005,0.05,0.2,0.12,no_task,0.825,0.10125000000000002,0.475,0.15825,2.9342650000216963,80
h0.05_r0.2_s10006,10006,0.05,0.2,0.12,never,0.4625,0.288125,0.05,0.294125,1.1562049999156443,80
h0.05_r0.2_s10006,10006,0.05,0.2,0.12,fresh,1.0,0.0,1.375,0.16499999999999998,2.775234999944587,80
h0.05_r0.2_s10006,10006,0.05,0.2,0.12,ttl,0.9375,0.028125,0.5125,0.089625,1.4292249999243722,80
h0.05_r0.2_s10006,10006,0.05,0.2,0.12,entropy,0.925,0.035625000000000004,0.5125,0.09712499999999999,1.2807020000309421,80
h0.05_r0.2_s10006,10006,0.05,0.2,0.12,random,0.95,0.02375,0.6875,0.10625,1.3984690000370392,80
h0.05_r0.2_s10006,10006,0.05,0.2,0.12,myopic,0.8625,0.046875,0.3,0.082875,1.2279030000854618,80
h0.05_r0.2_s10006,10006,0.05,0.2,0.12,recheck,0.9,0.034375,0.45,0.08837500000000001,1.6484950000403842,80
h0.05_r0.2_s10006,10006,0.05,0.2,0.12,no_task,0.8,0.06250000000000001,0.475,0.11950000000000001,1.629025000056572,80
h0.05_r0.2_s10007,10007,0.05,0.2,0.12,never,0.65,0.22749999999999995,0.05,0.23349999999999996,1.1533709999866915,80
h0.05_r0.2_s10007,10007,0.05,0.2,0.12,fresh,1.0,0.0,1.3125,0.1575,1.2259399999265952,80
h0.05_r0.2_s10007,10007,0.05,0.2,0.12,ttl,0.9875,0.0125,0.5375,0.077,1.3228149999804373,80
h0.05_r0.2_s10007,10007,0.05,0.2,0.12,entropy,0.975,0.02,0.5375,0.08449999999999999,1.3448090001020319,80
h0.05_r0.2_s10007,10007,0.05,0.2,0.12,random,0.9375,0.02375,0.65,0.10175000000000001,1.540212000008978,80
h0.05_r0.2_s10007,10007,0.05,0.2,0.12,myopic,0.925,0.03125,0.3375,0.07175000000000001,1.2480030000006082,80
h0.05_r0.2_s10007,10007,0.05,0.2,0.12,recheck,0.9875,0.0125,0.475,0.06949999999999999,1.6630070000474007,80
h0.05_r0.2_s10007,10007,0.05,0.2,0.12,no_task,0.9125,0.055625,0.475,0.112625,1.5998420000187252,80
h0.05_r0.2_s10008,10008,0.05,0.2,0.12,never,0.4125,0.36875,0.05,0.37475,1.1683630000334233,80
h0.05_r0.2_s10008,10008,0.05,0.2,0.12,fresh,1.0,0.0,1.2625,0.1515,1.2258699999847522,80
h0.05_r0.2_s10008,10008,0.05,0.2,0.12,ttl,0.95,0.016874999999999998,0.5125,0.078375,1.3513279999415317,80
h0.05_r0.2_s10008,10008,0.05,0.2,0.12,entropy,0.9625,0.008125,0.525,0.07112500000000001,1.2732910000750053,80
h0.05_r0.2_s10008,10008,0.05,0.2,0.12,random,0.9125,0.028750000000000005,0.75,0.11875,1.4038369999980205,80
h0.05_r0.2_s10008,10008,0.05,0.2,0.12,myopic,0.7,0.070625,0.2875,0.105125,1.247443000011117,80
h0.05_r0.2_s10008,10008,0.05,0.2,0.12,recheck,0.8625,0.026250000000000002,0.425,0.07725,1.6694060000190802,80
h0.05_r0.2_s10008,10008,0.05,0.2,0.12,no_task,0.725,0.08624999999999998,0.475,0.14324999999999996,1.5947330000471993,80
h0.05_r0.2_s10009,10009,0.05,0.2,0.12,never,0.7125,0.15750000000000003,0.05,0.16350000000000003,1.1486040000363573,80
h0.05_r0.2_s10009,10009,0.05,0.2,0.12,fresh,1.0,0.0,1.2375,0.1485,1.2310480000223833,80
h0.05_r0.2_s10009,10009,0.05,0.2,0.12,ttl,0.925,0.04125,0.5375,0.10575000000000001,1.2356849999832775,80
h0.05_r0.2_s10009,10009,0.05,0.2,0.12,entropy,0.95,0.025625,0.55,0.09162499999999998,1.4014340000585435,80
h0.05_r0.2_s10009,10009,0.05,0.2,0.12,random,0.8625,0.075,0.55,0.141,1.420881999933954,80
h0.05_r0.2_s10009,10009,0.05,0.2,0.12,myopic,0.9,0.029375000000000002,0.2625,0.060875,1.3310780000210798,80
h0.05_r0.2_s10009,10009,0.05,0.2,0.12,recheck,0.95,0.01625,0.45,0.07025,1.5564660000109143,80
h0.05_r0.2_s10009,10009,0.05,0.2,0.12,no_task,0.825,0.08625000000000001,0.475,0.14325000000000002,1.6451589999633143,80
h0.05_r0.2_s10010,10010,0.05,0.2,0.12,never,0.6125,0.22312499999999993,0.05,0.22912499999999994,1.0801610000044093,80
h0.05_r0.2_s10010,10010,0.05,0.2,0.12,fresh,1.0,0.0,1.225,0.147,1.245790000098168,80
h0.05_r0.2_s10010,10010,0.05,0.2,0.12,ttl,0.9625,0.016875,0.525,0.079875,1.296596000088357,80
h0.05_r0.2_s10010,10010,0.05,0.2,0.12,entropy,0.9375,0.046875,0.5125,0.108375,1.2806629999886354,80
h0.05_r0.2_s10010,10010,0.05,0.2,0.12,random,0.9625,0.013750000000000002,0.65,0.09175,1.331960000015897,80
h0.05_r0.2_s10010,10010,0.05,0.2,0.12,myopic,0.8,0.11562499999999998,0.275,0.14862499999999995,1.2983490000806341,80
h0.05_r0.2_s10010,10010,0.05,0.2,0.12,recheck,0.9375,0.0225,0.4625,0.07799999999999999,1.756576999923709,80
h0.05_r0.2_s10010,10010,0.05,0.2,0.12,no_task,0.825,0.08000000000000002,0.475,0.137,1.6740230000777956,80
h0.05_r0.2_s10011,10011,0.05,0.2,0.12,never,0.6625,0.141875,0.05,0.147875,1.0770369999590912,80
h0.05_r0.2_s10011,10011,0.05,0.2,0.12,fresh,1.0,0.0,1.175,0.141,1.2153939999279828,80
h0.05_r0.2_s10011,10011,0.05,0.2,0.12,ttl,0.8875,0.0375,0.475,0.0945,1.263225999991846,80
h0.05_r0.2_s10011,10011,0.05,0.2,0.12,entropy,0.9,0.029375000000000002,0.4875,0.087875,1.2424850000343213,80
h0.05_r0.2_s10011,10011,0.05,0.2,0.12,random,0.9,0.04375,0.725,0.13075,1.360361000024568,80
h0.05_r0.2_s10011,10011,0.05,0.2,0.12,myopic,0.8625,0.04125,0.275,0.07425,1.1692450000282406,80
h0.05_r0.2_s10011,10011,0.05,0.2,0.12,recheck,0.8125,0.05000000000000001,0.375,0.095,1.5715890000365107,80
h0.05_r0.2_s10011,10011,0.05,0.2,0.12,no_task,0.8125,0.05312500000000001,0.475,0.110125,1.5788999999131192,80
h0.05_r0.2_s10012,10012,0.05,0.2,0.12,never,0.55,0.28875,0.05,0.29475,1.1079129999416182,80
h0.05_r0.2_s10012,10012,0.05,0.2,0.12,fresh,1.0,0.0,1.25,0.15,1.2028159999317722,80
h0.05_r0.2_s10012,10012,0.05,0.2,0.12,ttl,0.9625,0.013750000000000002,0.5625,0.08125,1.289584999994986,80
h0.05_r0.2_s10012,10012,0.05,0.2,0.12,entropy,0.975,0.010625,0.5625,0.078125,1.2558350000517748,80
h0.05_r0.2_s10012,10012,0.05,0.2,0.12,random,0.9375,0.021875,0.575,0.090875,1.3296360000367713,80
h0.05_r0.2_s10012,10012,0.05,0.2,0.12,myopic,0.7625,0.06875000000000002,0.35,0.11075000000000002,1.189195999927506,80
h0.05_r0.2_s10012,10012,0.05,0.2,0.12,recheck,0.9625,0.013750000000000002,0.5125,0.07525,1.574994000065999,80
h0.05_r0.2_s10012,10012,0.05,0.2,0.12,no_task,0.8875,0.050624999999999996,0.475,0.107625,1.5826459999743747,80
h0.05_r0.2_s10013,10013,0.05,0.2,0.12,never,0.7125,0.12250000000000001,0.05,0.1285,1.079259999983151,80
h0.05_r0.2_s10013,10013,0.05,0.2,0.12,fresh,1.0,0.0,1.2375,0.1485,1.20951500002775,80
h0.05_r0.2_s10013,10013,0.05,0.2,0.12,ttl,0.975,0.0075,0.55,0.07349999999999998,1.617177000071024,80
h0.05_r0.2_s10013,10013,0.05,0.2,0.12,entropy,0.9875,0.0043749999999999995,0.5375,0.06887499999999999,1.2686340000982455,80
h0.05_r0.2_s10013,10013,0.05,0.2,0.12,random,0.8625,0.05125,0.6,0.12325,1.336326000000554,80
h0.05_r0.2_s10013,10013,0.05,0.2,0.12,myopic,0.8125,0.0325,0.2875,0.06699999999999999,1.1787290000029316,80
h0.05_r0.2_s10013,10013,0.05,0.2,0.12,recheck,0.9125,0.01625,0.475,0.07325,1.5594809999583958,80
h0.05_r0.2_s10013,10013,0.05,0.2,0.12,no_task,0.85,0.03312500000000001,0.475,0.09012500000000001,1.5617839999322314,80
h0.05_r0.2_s10014,10014,0.05,0.2,0.12,never,0.5625,0.333125,0.05,0.339125,1.071979000016654,80
h0.05_r0.2_s10014,10014,0.05,0.2,0.12,fresh,1.0,0.0,1.2,0.144,1.3272620000179813,80
h0.05_r0.2_s10014,10014,0.05,0.2,0.12,ttl,0.95,0.014375000000000002,0.5625,0.081875,1.2612230000286218,80
h0.05_r0.2_s10014,10014,0.05,0.2,0.12,entropy,0.925,0.023124999999999996,0.5375,0.087625,1.2835559999757606,80
h0.05_r0.2_s10014,10014,0.05,0.2,0.12,random,0.9125,0.026249999999999996,0.625,0.10124999999999999,1.4304469999615321,80
h0.05_r0.2_s10014,10014,0.05,0.2,0.12,myopic,0.85,0.0475,0.325,0.0865,1.2064009999903647,80
h0.05_r0.2_s10014,10014,0.05,0.2,0.12,recheck,0.9,0.019999999999999997,0.4875,0.07849999999999999,1.579390999950192,80
h0.05_r0.2_s10014,10014,0.05,0.2,0.12,no_task,0.9125,0.017499999999999998,0.475,0.07449999999999998,1.5992310000001453,80
h0.05_r0.2_s10015,10015,0.05,0.2,0.12,never,0.6,0.24062499999999992,0.05,0.24662499999999993,1.0858299999654264,80
h0.05_r0.2_s10015,10015,0.05,0.2,0.12,fresh,1.0,0.0,1.275,0.153,1.2302669999826321,80
h0.05_r0.2_s10015,10015,0.05,0.2,0.12,ttl,0.875,0.05687500000000001,0.55,0.122875,1.3620940000009796,80
h0.05_r0.2_s10015,10015,0.05,0.2,0.12,entropy,0.8875,0.038125,0.5375,0.10262500000000001,1.2883839999631164,80
h0.05_r0.2_s10015,10015,0.05,0.2,0.12,random,0.9,0.03437500000000001,0.625,0.109375,1.3898359999302556,80
h0.05_r0.2_s10015,10015,0.05,0.2,0.12,myopic,0.7875,0.06750000000000003,0.25,0.09750000000000003,1.2517790000856621,80
h0.05_r0.2_s10015,10015,0.05,0.2,0.12,recheck,0.8125,0.06250000000000003,0.45,0.11650000000000002,1.5767060000371202,80
h0.05_r0.2_s10015,10015,0.05,0.2,0.12,no_task,0.775,0.08875000000000002,0.475,0.14575,1.79527499994947,80
h0.05_r0.2_s10016,10016,0.05,0.2,0.12,never,0.525,0.3375,0.05,0.3435,1.125889999912033,80
h0.05_r0.2_s10016,10016,0.05,0.2,0.12,fresh,1.0,0.0,1.275,0.153,1.2330810000094061,80
h0.05_r0.2_s10016,10016,0.05,0.2,0.12,ttl,0.9375,0.029375000000000002,0.525,0.09237500000000001,1.2604519999968034,80
h0.05_r0.2_s10016,10016,0.05,0.2,0.12,entropy,0.9375,0.03875,0.4875,0.09724999999999999,1.2912679999317334,80
h0.05_r0.2_s10016,10016,0.05,0.2,0.12,random,0.8875,0.06,0.725,0.147,1.3136119999899165,80
h0.05_r0.2_s10016,10016,0.05,0.2,0.12,myopic,0.8625,0.04187500000000001,0.3,0.077875,1.1740730000155963,80
h0.05_r0.2_s10016,10016,0.05,0.2,0.12,recheck,0.9625,0.00875,0.475,0.06575,1.6336520000095334,80
h0.05_r0.2_s10016,10016,0.05,0.2,0.12,no_task,0.9,0.045625000000000006,0.475,0.10262500000000001,1.5909879999753684,80
h0.05_r0.2_s10017,10017,0.05,0.2,0.12,never,0.675,0.16062499999999996,0.05,0.16662499999999997,1.079611000022851,80
h0.05_r0.2_s10017,10017,0.05,0.2,0.12,fresh,1.0,0.0,1.2,0.144,1.2236669999765581,80
h0.05_r0.2_s10017,10017,0.05,0.2,0.12,ttl,0.9375,0.018125000000000002,0.5375,0.082625,1.2822449999703167,80
h0.05_r0.2_s10017,10017,0.05,0.2,0.12,entropy,0.925,0.020625,0.5375,0.085125,1.2894249999817475,80
h0.05_r0.2_s10017,10017,0.05,0.2,0.12,random,0.9,0.039375,0.6625,0.118875,1.349645999994209,80
h0.05_r0.2_s10017,10017,0.05,0.2,0.12,myopic,0.7625,0.07187500000000001,0.3125,0.109375,1.1818539999239874,80
h0.05_r0.2_s10017,10017,0.05,0.2,0.12,recheck,0.85,0.038125000000000006,0.4625,0.093625,1.6127609999330161,80
h0.05_r0.2_s10017,10017,0.05,0.2,0.12,no_task,0.85,0.058125,0.475,0.115125,1.5669819999857282,80
h0.05_r0.2_s10018,10018,0.05,0.2,0.12,never,0.75,0.06750000000000003,0.05,0.07350000000000004,1.171007000039026,80
h0.05_r0.2_s10018,10018,0.05,0.2,0.12,fresh,1.0,0.0,1.225,0.147,1.207463000014286,80
h0.05_r0.2_s10018,10018,0.05,0.2,0.12,ttl,0.9,0.030000000000000006,0.5,0.09,1.2773670000569837,80
h0.05_r0.2_s10018,10018,0.05,0.2,0.12,entropy,0.8875,0.0325,0.475,0.0895,1.3367259999768066,80
h0.05_r0.2_s10018,10018,0.05,0.2,0.12,random,0.925,0.027500000000000004,0.6375,0.10400000000000001,1.3629759999957969,80
h0.05_r0.2_s10018,10018,0.05,0.2,0.12,myopic,0.8,0.057499999999999996,0.325,0.0965,1.2714189999769587,80
h0.05_r0.2_s10018,10018,0.05,0.2,0.12,recheck,0.9,0.026250000000000002,0.4625,0.08174999999999999,1.6167070000392414,80
h0.05_r0.2_s10018,10018,0.05,0.2,0.12,no_task,0.775,0.06062500000000002,0.475,0.11762500000000001,1.5966659999548938,80
h0.05_r0.2_s10019,10019,0.05,0.2,0.12,never,0.6625,0.10250000000000004,0.05,0.10850000000000004,1.1102370000344308,80
h0.05_r0.2_s10019,10019,0.05,0.2,0.12,fresh,1.0,0.0,1.1875,0.14250000000000002,1.2406920000103128,80
h0.05_r0.2_s10019,10019,0.05,0.2,0.12,ttl,0.9625,0.018125000000000002,0.575,0.087125,1.2749240000857753,80
h0.05_r0.2_s10019,10019,0.05,0.2,0.12,entropy,0.975,0.006875000000000001,0.5625,0.074375,1.2624550000737145,80
h0.05_r0.2_s10019,10019,0.05,0.2,0.12,random,0.925,0.028749999999999998,0.55,0.09474999999999999,1.3259199999993143,80
h0.05_r0.2_s10019,10019,0.05,0.2,0.12,myopic,0.675,0.07812500000000004,0.3125,0.11562500000000005,1.1857790000249224,80
h0.05_r0.2_s10019,10019,0.05,0.2,0.12,recheck,0.975,0.01,0.525,0.073,1.6275829999585767,80
h0.05_r0.2_s10019,10019,0.05,0.2,0.12,no_task,0.8625,0.049374999999999995,0.475,0.106375,1.576215999989472,80
h0.05_r0.2_s10020,10020,0.05,0.2,0.12,never,0.525,0.175,0.05,0.181,1.0902069999474406,80
h0.05_r0.2_s10020,10020,0.05,0.2,0.12,fresh,1.0,0.0,1.05,0.126,1.209865999953763,80
h0.05_r0.2_s10020,10020,0.05,0.2,0.12,ttl,0.9375,0.011875,0.5125,0.073375,1.2497059999532212,80
h0.05_r0.2_s10020,10020,0.05,0.2,0.12,entropy,0.9375,0.011875,0.5125,0.073375,1.2795110000070054,80
h0.05_r0.2_s10020,10020,0.05,0.2,0.12,random,0.9125,0.02375,0.55,0.08975,1.3198110000303132,80
h0.05_r0.2_s10020,10020,0.05,0.2,0.12,myopic,0.8125,0.04812500000000001,0.35,0.09012500000000001,1.2202320000369582,80
h0.05_r0.2_s10020,10020,0.05,0.2,0.12,recheck,0.9125,0.016874999999999998,0.5125,0.078375,1.5813240000852602,80
h0.05_r0.2_s10020,10020,0.05,0.2,0.12,no_task,0.8625,0.06000000000000001,0.475,0.11699999999999999,1.6090449998955592,80
h0.05_r0.2_s10021,10021,0.05,0.2,0.12,never,0.4625,0.3912500000000002,0.05,0.3972500000000002,1.096966999966753,80
h0.05_r0.2_s10021,10021,0.05,0.2,0.12,fresh,1.0,0.0,1.325,0.15899999999999997,1.385709999908613,80
h0.05_r0.2_s10021,10021,0.05,0.2,0.12,ttl,0.8875,0.04875,0.5625,0.11624999999999999,1.3035360000230867,80
h0.05_r0.2_s10021,10021,0.05,0.2,0.12,entropy,0.9,0.045625,0.5625,0.11312499999999999,1.3652090000277894,80
h0.05_r0.2_s10021,10021,0.05,0.2,0.12,random,0.8625,0.039999999999999994,0.6125,0.11349999999999998,1.3482039998962136,80
h0.05_r0.2_s10021,10021,0.05,0.2,0.12,myopic,0.775,0.09250000000000003,0.3375,0.13300000000000003,1.2126999999964028,80
h0.05_r0.2_s10021,10021,0.05,0.2,0.12,recheck,0.875,0.033125,0.4875,0.091625,1.5972469999496752,80
h0.05_r0.2_s10021,10021,0.05,0.2,0.12,no_task,0.7875,0.062499999999999986,0.475,0.11949999999999998,1.5896260000545226,80
h0.05_r0.2_s10022,10022,0.05,0.2,0.12,never,0.7,0.0775,0.05,0.08349999999999999,1.077908000070238,80
h0.05_r0.2_s10022,10022,0.05,0.2,0.12,fresh,1.0,0.0,1.3875,0.1665,1.226551000058862,80
h0.05_r0.2_s10022,10022,0.05,0.2,0.12,ttl,0.9125,0.0225,0.5375,0.087,1.2412129999574972,80
h0.05_r0.2_s10022,10022,0.05,0.2,0.12,entropy,0.9375,0.01125,0.5625,0.07875,1.290227000026789,80
h0.05_r0.2_s10022,10022,0.05,0.2,0.12,random,0.9625,0.008749999999999999,0.725,0.09575,1.3148440000350092,80
h0.05_r0.2_s10022,10022,0.05,0.2,0.12,myopic,0.85,0.03125000000000001,0.275,0.06425,1.1866309999959412,80
h0.05_r0.2_s10022,10022,0.05,0.2,0.12,recheck,0.9375,0.01125,0.4625,0.06675,1.7088550000607938,80
h0.05_r0.2_s10022,10022,0.05,0.2,0.12,no_task,0.8,0.05187499999999999,0.475,0.10887499999999999,1.5990499999816166,80
h0.05_r0.2_s10023,10023,0.05,0.2,0.12,never,0.5375,0.34874999999999995,0.05,0.35474999999999995,1.0759150000012596,80
h0.05_r0.2_s10023,10023,0.05,0.2,0.12,fresh,1.0,0.0,1.25,0.15,1.2056489999849873,80
h0.05_r0.2_s10023,10023,0.05,0.2,0.12,ttl,0.9625,0.0225,0.525,0.08549999999999999,1.2775570000940206,80
h0.05_r0.2_s10023,10023,0.05,0.2,0.12,entropy,0.9125,0.046875,0.4625,0.102375,1.23897899993608,80
h0.05_r0.2_s10023,10023,0.05,0.2,0.12,random,0.875,0.037500000000000006,0.525,0.1005,1.3284039999916786,80
h0.05_r0.2_s10023,10023,0.05,0.2,0.12,myopic,0.8,0.07062500000000002,0.2625,0.10212500000000002,1.1740420000023732,80
h0.05_r0.2_s10023,10023,0.05,0.2,0.12,recheck,0.875,0.0475,0.4375,0.1,1.5951540000287423,80
h0.05_r0.2_s10023,10023,0.05,0.2,0.12,no_task,0.8125,0.06937500000000002,0.475,0.12637500000000002,1.7966569999998683,80
h0.05_r0.2_s10024,10024,0.05,0.2,0.12,never,0.7125,0.08562500000000002,0.05,0.09162500000000003,1.1028760000044713,80
h0.05_r0.2_s10024,10024,0.05,0.2,0.12,fresh,1.0,0.0,1.2375,0.1485,1.3086650000104783,80
h0.05_r0.2_s10024,10024,0.05,0.2,0.12,ttl,0.95,0.013125000000000001,0.475,0.07012499999999999,1.2987090000251555,80
h0.05_r0.2_s10024,10024,0.05,0.2,0.12,entropy,0.95,0.013125000000000001,0.525,0.076125,1.2648989999206606,80
h0.05_r0.2_s10024,10024,0.05,0.2,0.12,random,0.9,0.031875,0.575,0.100875,1.332961000002797,80
h0.05_r0.2_s10024,10024,0.05,0.2,0.12,myopic,0.8375,0.04437499999999999,0.3125,0.08187499999999999,1.1859899999535628,80
h0.05_r0.2_s10024,10024,0.05,0.2,0.12,recheck,0.925,0.016874999999999998,0.45,0.070875,1.6123700000889585,80
h0.05_r0.2_s10024,10024,0.05,0.2,0.12,no_task,0.875,0.03,0.475,0.087,1.560170999937327,80
h0.05_r0.2_s10025,10025,0.05,0.2,0.12,never,0.575,0.28937499999999994,0.05,0.29537499999999994,1.1574079999263631,80
h0.05_r0.2_s10025,10025,0.05,0.2,0.12,fresh,1.0,0.0,1.0625,0.1275,1.2148240000442456,80
h0.05_r0.2_s10025,10025,0.05,0.2,0.12,ttl,0.9375,0.024375,0.475,0.081375,1.2694250000322427,80
h0.05_r0.2_s10025,10025,0.05,0.2,0.12,entropy,0.95,0.01625,0.5,0.07625,1.2628259999019065,80
h0.05_r0.2_s10025,10025,0.05,0.2,0.12,random,0.9125,0.021875,0.5125,0.083375,1.3386190000801435,80
h0.05_r0.2_s10025,10025,0.05,0.2,0.12,myopic,0.9125,0.023124999999999996,0.325,0.062125,1.2040569999953732,80
h0.05_r0.2_s10025,10025,0.05,0.2,0.12,recheck,0.925,0.019999999999999997,0.45,0.074,1.6840380000076038,80
h0.05_r0.2_s10025,10025,0.05,0.2,0.12,no_task,0.875,0.06312500000000001,0.475,0.120125,1.6046590000087235,80
h0.05_r0.2_s10026,10026,0.05,0.2,0.12,never,0.7625,0.12687500000000002,0.05,0.13287500000000002,1.0764859999881082,80
h0.05_r0.2_s10026,10026,0.05,0.2,0.12,fresh,1.0,0.0,1.1375,0.1365,1.197697999941738,80
h0.05_r0.2_s10026,10026,0.05,0.2,0.12,ttl,0.925,0.016249999999999997,0.5125,0.07775,1.237066999919989,80
h0.05_r0.2_s10026,10026,0.05,0.2,0.12,entropy,0.95,0.01,0.525,0.073,1.2732710000591396,80
h0.05_r0.2_s10026,10026,0.05,0.2,0.12,random,0.95,0.016875,0.6,0.088875,1.3223050000306102,80
h0.05_r0.2_s10026,10026,0.05,0.2,0.12,myopic,0.9125,0.020624999999999998,0.3125,0.058125,1.2175780000234226,80
h0.05_r0.2_s10026,10026,0.05,0.2,0.12,recheck,0.8875,0.024999999999999998,0.4375,0.0775,1.5690449999965494,80
h0.05_r0.2_s10026,10026,0.05,0.2,0.12,no_task,0.9,0.0225,0.475,0.07949999999999999,1.6426759999603746,80
h0.05_r0.2_s10027,10027,0.05,0.2,0.12,never,0.5625,0.254375,0.05,0.260375,1.078388999985691,80
h0.05_r0.2_s10027,10027,0.05,0.2,0.12,fresh,1.0,0.0,1.0625,0.1275,1.2299360000724846,80
h0.05_r0.2_s10027,10027,0.05,0.2,0.12,ttl,0.925,0.03,0.55,0.096,1.260602000002109,80
h0.05_r0.2_s10027,10027,0.05,0.2,0.12,entropy,0.925,0.030000000000000006,0.5125,0.0915,1.3528599999972357,80
h0.05_r0.2_s10027,10027,0.05,0.2,0.12,random,0.9375,0.034999999999999996,0.65,0.11299999999999999,1.3334820000636682,80
h0.05_r0.2_s10027,10027,0.05,0.2,0.12,myopic,0.725,0.08,0.275,0.11299999999999999,1.3089049999734925,80
h0.05_r0.2_s10027,10027,0.05,0.2,0.12,recheck,0.8875,0.04,0.475,0.097,1.6413439999496404,80
h0.05_r0.2_s10027,10027,0.05,0.2,0.12,no_task,0.825,0.07625,0.475,0.13325,1.5898770000148943,80
h0.05_r0.2_s10028,10028,0.05,0.2,0.12,never,0.6625,0.15375,0.05,0.15975,1.1512180000181615,80
h0.05_r0.2_s10028,10028,0.05,0.2,0.12,fresh,1.0,0.0,1.325,0.15899999999999997,1.256635999993705,80
h0.05_r0.2_s10028,10028,0.05,0.2,0.12,ttl,0.8875,0.053750000000000006,0.55,0.11975,1.2483340000244425,80
h0.05_r0.2_s10028,10028,0.05,0.2,0.12,entropy,0.85,0.07062499999999998,0.5125,0.132125,1.2938119999716946,80
h0.05_r0.2_s10028,10028,0.05,0.2,0.12,random,0.8625,0.0375,0.65,0.1155,1.3269219999756388,80
h0.05_r0.2_s10028,10028,0.05,0.2,0.12,myopic,0.8,0.09499999999999999,0.3,0.13099999999999998,1.1898059999566613,80
h0.05_r0.2_s10028,10028,0.05,0.2,0.12,recheck,0.8625,0.04625,0.475,0.10325,1.6190499999311214,80
h0.05_r0.2_s10028,10028,0.05,0.2,0.12,no_task,0.825,0.06124999999999999,0.475,0.11825,1.5902869999990799,80
h0.05_r0.2_s10029,10029,0.05,0.2,0.12,never,0.5125,0.2724999999999998,0.05,0.2784999999999998,1.0881729999709933,80
h0.05_r0.2_s10029,10029,0.05,0.2,0.12,fresh,1.0,0.0,1.125,0.13499999999999998,1.2619139999969775,80
h0.05_r0.2_s10029,10029,0.05,0.2,0.12,ttl,0.8875,0.06437500000000002,0.5875,0.13487500000000002,1.351478999936262,80
h0.05_r0.2_s10029,10029,0.05,0.2,0.12,entropy,0.9375,0.0225,0.6125,0.096,1.2527210000143896,80
h0.05_r0.2_s10029,10029,0.05,0.2,0.12,random,0.9,0.05125,0.5,0.11124999999999999,1.6256999999768595,80
h0.05_r0.2_s10029,10029,0.05,0.2,0.12,myopic,0.9125,0.030000000000000006,0.3625,0.07350000000000001,1.24324599994452,80
h0.05_r0.2_s10029,10029,0.05,0.2,0.12,recheck,0.875,0.055625,0.5,0.115625,1.7802720000190675,80
h0.05_r0.2_s10029,10029,0.05,0.2,0.12,no_task,0.8875,0.058125,0.475,0.115125,1.591840000060074,80
h0.05_r0.2_s10030,10030,0.05,0.2,0.12,never,0.475,0.3387500000000001,0.05,0.3447500000000001,1.0915179999528846,80
h0.05_r0.2_s10030,10030,0.05,0.2,0.12,fresh,1.0,0.0,1.35,0.16199999999999998,1.2477730000455267,80
h0.05_r0.2_s10030,10030,0.05,0.2,0.12,ttl,0.875,0.036875,0.5375,0.10137499999999999,1.2467710000692023,80
h0.05_r0.2_s10030,10030,0.05,0.2,0.12,entropy,0.825,0.07749999999999999,0.5125,0.13899999999999998,1.2926699999979974,80
h0.05_r0.2_s10030,10030,0.05,0.2,0.12,random,0.85,0.06875,0.7125,0.15425,1.3274320000391526,80
h0.05_r0.2_s10030,10030,0.05,0.2,0.12,myopic,0.75,0.100625,0.2875,0.135125,1.2105270000120072,80
h0.05_r0.2_s10030,10030,0.05,0.2,0.12,recheck,0.8,0.07000000000000002,0.4875,0.1285,1.5766470000926347,80
h0.05_r0.2_s10030,10030,0.05,0.2,0.12,no_task,0.7125,0.10937500000000003,0.475,0.16637500000000002,1.6085049999219336,80
h0.05_r0.2_s10031,10031,0.05,0.2,0.12,never,0.8,0.103125,0.05,0.109125,1.1073819999865009,80
h0.05_r0.2_s10031,10031,0.05,0.2,0.12,fresh,1.0,0.0,1.225,0.147,1.1976869999443807,80
h0.05_r0.2_s10031,10031,0.05,0.2,0.12,ttl,0.95,0.016874999999999998,0.5125,0.078375,1.2644280000131403,80
h0.05_r0.2_s10031,10031,0.05,0.2,0.12,entropy,0.9625,0.013749999999999998,0.5,0.07375,1.4835870000524665,80
h0.05_r0.2_s10031,10031,0.05,0.2,0.12,random,0.8875,0.029375000000000002,0.6,0.10137499999999999,1.3526610000553774,80
h0.05_r0.2_s10031,10031,0.05,0.2,0.12,myopic,0.8,0.050624999999999996,0.275,0.08362499999999999,1.1762560000079247,80
h0.05_r0.2_s10031,10031,0.05,0.2,0.12,recheck,0.9375,0.018124999999999995,0.4625,0.07362499999999998,1.593832000025941,80
h0.05_r0.2_s10031,10031,0.05,0.2,0.12,no_task,0.825,0.064375,0.475,0.12137500000000001,1.9567780000215862,80
h0.05_r0.2_s10032,10032,0.05,0.2,0.12,never,0.4875,0.2906249999999999,0.05,0.2966249999999999,1.2510280000697094,80
h0.05_r0.2_s10032,10032,0.05,0.2,0.12,fresh,1.0,0.0,1.4,0.16799999999999998,1.2150930000416338,80
h0.05_r0.2_s10032,10032,0.05,0.2,0.12,ttl,0.9125,0.044375000000000005,0.575,0.113375,1.4595110000072964,80
h0.05_r0.2_s10032,10032,0.05,0.2,0.12,entropy,0.875,0.06687499999999999,0.575,0.135875,1.3065120000419483,80
h0.05_r0.2_s10032,10032,0.05,0.2,0.12,random,0.8,0.074375,0.6125,0.147875,1.3943029999836654,80
h0.05_r0.2_s10032,10032,0.05,0.2,0.12,myopic,0.7625,0.10812499999999999,0.325,0.147125,1.3146229999847492,80
h0.05_r0.2_s10032,10032,0.05,0.2,0.12,recheck,0.8375,0.07125000000000001,0.475,0.12825000000000003,1.6783889999487656,80
h0.05_r0.2_s10032,10032,0.05,0.2,0.12,no_task,0.775,0.08812499999999998,0.475,0.145125,1.605068999992909,80
h0.05_r0.2_s10033,10033,0.05,0.2,0.12,never,0.6,0.129375,0.05,0.135375,1.144277999969745,80
h0.05_r0.2_s10033,10033,0.05,0.2,0.12,fresh,1.0,0.0,1.475,0.177,1.2385689999518945,80
h0.05_r0.2_s10033,10033,0.05,0.2,0.12,ttl,0.9,0.02,0.5375,0.08449999999999999,1.313933000005818,80
h0.05_r0.2_s10033,10033,0.05,0.2,0.12,entropy,0.9,0.02,0.5125,0.08149999999999999,1.2938429999849177,80
h0.05_r0.2_s10033,10033,0.05,0.2,0.12,random,0.8875,0.040625,0.8,0.136625,1.4057900000352674,80
h0.05_r0.2_s10033,10033,0.05,0.2,0.12,myopic,0.725,0.05437499999999999,0.2875,0.088875,1.173871999981202,80
h0.05_r0.2_s10033,10033,0.05,0.2,0.12,recheck,0.8375,0.031875,0.4375,0.084375,1.6838469999811423,80
h0.05_r0.2_s10033,10033,0.05,0.2,0.12,no_task,0.7,0.07875000000000001,0.475,0.13575,1.7083239999919897,80
h0.05_r0.2_s10034,10034,0.05,0.2,0.12,never,0.65,0.18874999999999995,0.05,0.19474999999999995,1.1576680000189299,80
h0.05_r0.2_s10034,10034,0.05,0.2,0.12,fresh,1.0,0.0,1.2,0.144,1.2047180000536173,80
h0.05_r0.2_s10034,10034,0.05,0.2,0.12,ttl,0.925,0.03125,0.5125,0.09275,1.267682999923636,80
h0.05_r0.2_s10034,10034,0.05,0.2,0.12,entropy,0.9125,0.045,0.5,0.10500000000000001,1.2457599999606828,80
h0.05_r0.2_s10034,10034,0.05,0.2,0.12,random,0.9125,0.045625,0.6,0.11762500000000001,1.3384789999690838,80
h0.05_r0.2_s10034,10034,0.05,0.2,0.12,myopic,0.8,0.08312500000000002,0.3,0.11912500000000001,1.1741829999891706,80
h0.05_r0.2_s10034,10034,0.05,0.2,0.12,recheck,0.925,0.039999999999999994,0.425,0.091,1.8553849999989325,80
h0.05_r0.2_s10034,10034,0.05,0.2,0.12,no_task,0.825,0.07187500000000001,0.475,0.12887500000000002,1.6618050000261064,80
h0.05_r0.2_s10035,10035,0.05,0.2,0.12,never,0.475,0.3487499999999998,0.05,0.3547499999999998,1.171719000012672,80
h0.05_r0.2_s10035,10035,0.05,0.2,0.12,fresh,1.0,0.0,1.2625,0.1515,1.3151040000138892,80
h0.05_r0.2_s10035,10035,0.05,0.2,0.12,ttl,0.925,0.028125,0.5,0.088125,1.2810019999278666,80
h0.05_r0.2_s10035,10035,0.05,0.2,0.12,entropy,0.8875,0.051250000000000004,0.525,0.11425,1.2674319999632644,80
h0.05_r0.2_s10035,10035,0.05,0.2,0.12,random,0.9,0.025,0.625,0.1,1.3530209999998988,80
h0.05_r0.2_s10035,10035,0.05,0.2,0.12,myopic,0.825,0.064375,0.3,0.10037500000000002,1.1728610001000561,80
h0.05_r0.2_s10035,10035,0.05,0.2,0.12,recheck,0.875,0.04437500000000001,0.45,0.09837500000000002,1.5853300000117088,80
h0.05_r0.2_s10035,10035,0.05,0.2,0.12,no_task,0.8875,0.04125000000000001,0.475,0.09825,1.5794409999898562,80
h0.05_r0.2_s10036,10036,0.05,0.2,0.12,never,0.725,0.135,0.05,0.14100000000000001,1.3382990000536665,80
h0.05_r0.2_s10036,10036,0.05,0.2,0.12,fresh,1.0,0.0,1.575,0.189,1.2704669999266116,80
h0.05_r0.2_s10036,10036,0.05,0.2,0.12,ttl,0.925,0.029375000000000002,0.6125,0.10287500000000001,1.2751140000091254,80
h0.05_r0.2_s10036,10036,0.05,0.2,0.12,entropy,0.9375,0.030625000000000003,0.6375,0.107125,1.3124910000215095,80
h0.05_r0.2_s10036,10036,0.05,0.2,0.12,random,0.9,0.03125,0.8875,0.13774999999999998,1.3979779999999664,80
h0.05_r0.2_s10036,10036,0.05,0.2,0.12,myopic,0.8125,0.049375,0.3125,0.08687500000000001,1.2435169999207574,80
h0.05_r0.2_s10036,10036,0.05,0.2,0.12,recheck,0.925,0.03375,0.5125,0.09525,1.6286950000221623,80
h0.05_r0.2_s10036,10036,0.05,0.2,0.12,no_task,0.9,0.032499999999999994,0.475,0.0895,1.6216239999948812,80
h0.05_r0.2_s10037,10037,0.05,0.2,0.12,never,0.4875,0.2849999999999998,0.05,0.2909999999999998,1.099290000070141,80
h0.05_r0.2_s10037,10037,0.05,0.2,0.12,fresh,1.0,0.0,1.1125,0.1335,1.2900859999263048,80
h0.05_r0.2_s10037,10037,0.05,0.2,0.12,ttl,0.95,0.025,0.4875,0.08349999999999999,1.544248000072912,80
h0.05_r0.2_s10037,10037,0.05,0.2,0.12,entropy,0.8875,0.086875,0.4875,0.14537499999999998,1.4214929999525339,80
h0.05_r0.2_s10037,10037,0.05,0.2,0.12,random,0.9125,0.037500000000000006,0.6875,0.12,1.3547330000847069,80
h0.05_r0.2_s10037,10037,0.05,0.2,0.12,myopic,0.8375,0.07562500000000003,0.3,0.11162500000000002,1.3364960000217252,80
h0.05_r0.2_s10037,10037,0.05,0.2,0.12,recheck,0.9,0.031875,0.45,0.085875,1.610437999943315,80
h0.05_r0.2_s10037,10037,0.05,0.2,0.12,no_task,0.85,0.07499999999999998,0.475,0.13199999999999998,1.7537819999233761,80
h0.05_r0.2_s10038,10038,0.05,0.2,0.12,never,0.475,0.19875000000000004,0.05,0.20475000000000004,1.0995899999670655,80
h0.05_r0.2_s10038,10038,0.05,0.2,0.12,fresh,1.0,0.0,1.3,0.156,1.2711379999927885,80
h0.05_r0.2_s10038,10038,0.05,0.2,0.12,ttl,0.8625,0.03875000000000001,0.5375,0.10325000000000002,1.285390000020925,80
h0.05_r0.2_s10038,10038,0.05,0.2,0.12,entropy,0.8625,0.036875000000000005,0.55,0.10287500000000001,1.319431000069926,80
h0.05_r0.2_s10038,10038,0.05,0.2,0.12,random,0.875,0.0325,0.675,0.1135,1.4146030000574683,80
h0.05_r0.2_s10038,10038,0.05,0.2,0.12,myopic,0.675,0.0825,0.275,0.1155,1.178208000055747,80
h0.05_r0.2_s10038,10038,0.05,0.2,0.12,recheck,0.775,0.05625000000000001,0.425,0.10725000000000003,1.711928999952761,80
h0.05_r0.2_s10038,10038,0.05,0.2,0.12,no_task,0.825,0.04250000000000001,0.475,0.0995,1.6696870000032504,80
h0.05_r0.2_s10039,10039,0.05,0.2,0.12,never,0.7,0.161875,0.05,0.167875,1.1068109999996523,80
h0.05_r0.2_s10039,10039,0.05,0.2,0.12,fresh,1.0,0.0,1.225,0.147,1.214132999962203,80
h0.05_r0.2_s10039,10039,0.05,0.2,0.12,ttl,0.925,0.040625,0.5125,0.102125,1.2748130000090896,80
h0.05_r0.2_s10039,10039,0.05,0.2,0.12,entropy,0.975,0.013125000000000001,0.5,0.073125,1.2494750000087151,80
h0.05_r0.2_s10039,10039,0.05,0.2,0.12,random,0.9625,0.033125,0.7,0.11712499999999999,1.341894000006505,80
h0.05_r0.2_s10039,10039,0.05,0.2,0.12,myopic,0.9125,0.024374999999999997,0.3,0.060375,1.1805819999608502,80
h0.05_r0.2_s10039,10039,0.05,0.2,0.12,recheck,0.9125,0.033125,0.45,0.08712500000000001,1.777798000034636,80
h0.05_r0.2_s10039,10039,0.05,0.2,0.12,no_task,0.9125,0.049375,0.475,0.106375,1.5793009999924834,80
h0.05_r0.2_s10040,10040,0.05,0.2,0.12,never,0.7125,0.14437499999999995,0.05,0.15037499999999995,1.0705370000323455,80
h0.05_r0.2_s10040,10040,0.05,0.2,0.12,fresh,1.0,0.0,1.1625,0.1395,1.4166260000365583,80
h0.05_r0.2_s10040,10040,0.05,0.2,0.12,ttl,0.9125,0.036875,0.5,0.096875,1.2476819999847066,80
h0.05_r0.2_s10040,10040,0.05,0.2,0.12,entropy,0.8875,0.06125000000000001,0.5,0.12125000000000001,1.2512079999851267,80
h0.05_r0.2_s10040,10040,0.05,0.2,0.12,random,0.9375,0.010624999999999999,0.6375,0.087125,1.3295459999653758,80
h0.05_r0.2_s10040,10040,0.05,0.2,0.12,myopic,0.8,0.07625000000000001,0.325,0.11525,1.1989299999868308,80
h0.05_r0.2_s10040,10040,0.05,0.2,0.12,recheck,0.875,0.03874999999999999,0.45,0.09275,1.5671720000227651,80
h0.05_r0.2_s10040,10040,0.05,0.2,0.12,no_task,0.875,0.05625,0.475,0.11324999999999999,1.6181590000314827,80
h0.05_r0.2_s10041,10041,0.05,0.2,0.12,never,0.8375,0.036875000000000005,0.05,0.042875,1.0760960000197883,80
h0.05_r0.2_s10041,10041,0.05,0.2,0.12,fresh,1.0,0.0,1.2375,0.1485,1.2535419999721853,80
h0.05_r0.2_s10041,10041,0.05,0.2,0.12,ttl,0.9375,0.015,0.55,0.08099999999999999,1.2457599999606828,80
h0.05_r0.2_s10041,10041,0.05,0.2,0.12,entropy,0.9375,0.015,0.5125,0.0765,1.2926409999636235,80
h0.05_r0.2_s10041,10041,0.05,0.2,0.12,random,0.95,0.01125,0.6625,0.09075,1.3136410000242904,80
h0.05_r0.2_s10041,10041,0.05,0.2,0.12,myopic,0.775,0.04875,0.2875,0.08325,1.1888839999301126,80
h0.05_r0.2_s10041,10041,0.05,0.2,0.12,recheck,0.9,0.018125,0.45,0.07212500000000001,1.5890849999777856,80
h0.05_r0.2_s10041,10041,0.05,0.2,0.12,no_task,0.925,0.019375,0.475,0.076375,1.6002819999130224,80
h0.05_r0.2_s10042,10042,0.05,0.2,0.12,never,0.3875,0.3925,0.05,0.3985,1.0789899999963382,80
h0.05_r0.2_s10042,10042,0.05,0.2,0.12,fresh,1.0,0.0,1.3,0.156,1.2572670000281505,80
h0.05_r0.2_s10042,10042,0.05,0.2,0.12,ttl,0.925,0.041875,0.5625,0.109375,1.2479330000587652,80
h0.05_r0.2_s10042,10042,0.05,0.2,0.12,entropy,0.9375,0.03375,0.55,0.09974999999999999,1.2782979999883537,80
h0.05_r0.2_s10042,10042,0.05,0.2,0.12,random,0.875,0.0475,0.6125,0.121,1.3248090000388402,80
h0.05_r0.2_s10042,10042,0.05,0.2,0.12,myopic,0.7375,0.09187500000000003,0.3,0.12787500000000002,1.183225999966453,80
h0.05_r0.2_s10042,10042,0.05,0.2,0.12,recheck,0.9875,0.003125,0.475,0.060125,1.5981090000423137,80
h0.05_r0.2_s10042,10042,0.05,0.2,0.12,no_task,0.725,0.09125000000000003,0.475,0.14825000000000002,1.5802620000613388,80
h0.05_r0.2_s10043,10043,0.05,0.2,0.12,never,0.4875,0.27999999999999975,0.05,0.28599999999999975,1.0809030000018538,80
h0.05_r0.2_s10043,10043,0.05,0.2,0.12,fresh,1.0,0.0,1.1875,0.14250000000000002,1.2086540000382229,80
h0.05_r0.2_s10043,10043,0.05,0.2,0.12,ttl,0.9625,0.01875,0.5375,0.08325,1.3421840000091834,80
h0.05_r0.2_s10043,10043,0.05,0.2,0.12,entropy,0.9625,0.0325,0.55,0.09849999999999999,1.2873330000502392,80
h0.05_r0.2_s10043,10043,0.05,0.2,0.12,random,0.925,0.051875000000000004,0.6,0.123875,1.330966999944394,80
h0.05_r0.2_s10043,10043,0.05,0.2,0.12,myopic,0.875,0.051875000000000004,0.3625,0.09537500000000002,1.2796099999832222,80
h0.05_r0.2_s10043,10043,0.05,0.2,0.12,recheck,0.95,0.0225,0.5,0.08249999999999999,1.643737999984296,80
h0.05_r0.2_s10043,10043,0.05,0.2,0.12,no_task,0.925,0.036875000000000005,0.475,0.093875,1.6237779999528357,80
h0.05_r0.2_s10044,10044,0.05,0.2,0.12,never,0.45,0.38875000000000004,0.05,0.39475000000000005,1.10120299996197,80
h0.05_r0.2_s10044,10044,0.05,0.2,0.12,fresh,1.0,0.0,1.3,0.156,1.206209999963903,80
h0.05_r0.2_s10044,10044,0.05,0.2,0.12,ttl,0.975,0.01125,0.5625,0.07875,1.2717690000272341,80
h0.05_r0.2_s10044,10044,0.05,0.2,0.12,entropy,1.0,0.0,0.575,0.06899999999999999,1.2552340000411277,80
h0.05_r0.2_s10044,10044,0.05,0.2,0.12,random,1.0,0.0,0.6,0.072,1.3516680000975612,80
h0.05_r0.2_s10044,10044,0.05,0.2,0.12,myopic,0.9125,0.015624999999999997,0.3125,0.053125,1.1811529999476988,80
h0.05_r0.2_s10044,10044,0.05,0.2,0.12,recheck,0.9625,0.005625,0.475,0.062625,1.5964770000209683,80
h0.05_r0.2_s10044,10044,0.05,0.2,0.12,no_task,0.95,0.017499999999999998,0.475,0.07449999999999998,1.578609000034703,80
h0.05_r0.2_s10045,10045,0.05,0.2,0.12,never,0.525,0.244375,0.05,0.250375,1.1035060000494923,80
h0.05_r0.2_s10045,10045,0.05,0.2,0.12,fresh,1.0,0.0,1.2,0.144,1.219700999968154,80
h0.05_r0.2_s10045,10045,0.05,0.2,0.12,ttl,0.9375,0.019375,0.475,0.076375,1.245578999942154,80
h0.05_r0.2_s10045,10045,0.05,0.2,0.12,entropy,0.8625,0.08375,0.5,0.14375,1.2487250000958738,80
h0.05_r0.2_s10045,10045,0.05,0.2,0.12,random,0.9125,0.044375,0.6,0.11637499999999998,1.3132110000242392,80
h0.05_r0.2_s10045,10045,0.05,0.2,0.12,myopic,0.7125,0.08437500000000003,0.3,0.12037500000000004,1.2047279999478633,80
h0.05_r0.2_s10045,10045,0.05,0.2,0.12,recheck,0.85,0.041249999999999995,0.425,0.09224999999999998,1.7068419999759499,80
h0.05_r0.2_s10045,10045,0.05,0.2,0.12,no_task,0.7875,0.09000000000000002,0.475,0.14700000000000002,1.5879430000040884,80
h0.05_r0.2_s10046,10046,0.05,0.2,0.12,never,0.4625,0.3206249999999999,0.05,0.3266249999999999,1.0819639999226638,80
h0.05_r0.2_s10046,10046,0.05,0.2,0.12,fresh,1.0,0.0,1.175,0.141,1.208523999935096,80
h0.05_r0.2_s10046,10046,0.05,0.2,0.12,ttl,0.875,0.04125,0.525,0.10425,1.2512580000247908,80
h0.05_r0.2_s10046,10046,0.05,0.2,0.12,entropy,0.8375,0.06875,0.5125,0.13025,1.263546000018323,80
h0.05_r0.2_s10046,10046,0.05,0.2,0.12,random,0.8875,0.05375,0.5875,0.12425,1.441823999925873,80
h0.05_r0.2_s10046,10046,0.05,0.2,0.12,myopic,0.85,0.0475,0.3875,0.094,1.328754000041954,80
h0.05_r0.2_s10046,10046,0.05,0.2,0.12,recheck,0.85,0.035625000000000004,0.5,0.095625,1.6267319999769825,80
h0.05_r0.2_s10046,10046,0.05,0.2,0.12,no_task,0.825,0.04562500000000001,0.475,0.10262500000000001,1.7026560000203972,80
h0.05_r0.2_s10047,10047,0.05,0.2,0.12,never,0.475,0.2712500000000001,0.05,0.2772500000000001,1.1313679999602755,80
h0.05_r0.2_s10047,10047,0.05,0.2,0.12,fresh,1.0,0.0,1.0375,0.12449999999999999,1.307913000005101,80
h0.05_r0.2_s10047,10047,0.05,0.2,0.12,ttl,0.95,0.02125,0.5125,0.08275,1.2878730000238647,80
h0.05_r0.2_s10047,10047,0.05,0.2,0.12,entropy,0.95,0.02125,0.4875,0.07975,1.4197099999364582,80
h0.05_r0.2_s10047,10047,0.05,0.2,0.12,random,0.8875,0.050624999999999996,0.6375,0.127125,1.6265520000615652,80
h0.05_r0.2_s10047,10047,0.05,0.2,0.12,myopic,0.75,0.06750000000000002,0.25,0.0975,1.3276419999783684,80
h0.05_r0.2_s10047,10047,0.05,0.2,0.12,recheck,0.9,0.030000000000000006,0.4,0.078,1.8554149999090441,80
h0.05_r0.2_s10047,10047,0.05,0.2,0.12,no_task,0.95,0.025,0.475,0.08199999999999999,2.206231999934971,80
h0.05_r0.2_s10048,10048,0.05,0.2,0.12,never,0.7875,0.061250000000000006,0.05,0.06725,1.1227960000042003,80
h0.05_r0.2_s10048,10048,0.05,0.2,0.12,fresh,1.0,0.0,1.125,0.13499999999999998,1.2125399999831643,80
h0.05_r0.2_s10048,10048,0.05,0.2,0.12,ttl,0.9375,0.029375000000000005,0.4625,0.084875,1.2674020000531527,80
h0.05_r0.2_s10048,10048,0.05,0.2,0.12,entropy,0.9625,0.0075000000000000015,0.4375,0.06000000000000001,1.2913580000031288,80
h0.05_r0.2_s10048,10048,0.05,0.2,0.12,random,0.9375,0.021249999999999998,0.625,0.09624999999999999,1.6447990000187929,80
h0.05_r0.2_s10048,10048,0.05,0.2,0.12,myopic,0.825,0.04937500000000001,0.2875,0.083875,1.3275520000206598,80
h0.05_r0.2_s10048,10048,0.05,0.2,0.12,recheck,0.9,0.018124999999999995,0.375,0.06312499999999999,1.6478539999980057,80
h0.05_r0.2_s10048,10048,0.05,0.2,0.12,no_task,0.825,0.05437500000000002,0.475,0.111375,1.634893999948872,80
h0.05_r0.2_s10049,10049,0.05,0.2,0.12,never,0.6,0.13562499999999997,0.05,0.14162499999999997,1.2745830000540082,80
h0.05_r0.2_s10049,10049,0.05,0.2,0.12,fresh,1.0,0.0,1.2125,0.1455,1.3643380000303296,80
h0.05_r0.2_s10049,10049,0.05,0.2,0.12,ttl,0.95,0.016249999999999997,0.5125,0.07775,1.2777880000385267,80
h0.05_r0.2_s10049,10049,0.05,0.2,0.12,entropy,0.9625,0.013124999999999998,0.5,0.073125,1.279179999983171,80
h0.05_r0.2_s10049,10049,0.05,0.2,0.12,random,0.9125,0.026875,0.575,0.095875,1.3609029999770428,80
h0.05_r0.2_s10049,10049,0.05,0.2,0.12,myopic,0.7875,0.05937500000000001,0.325,0.09837500000000002,1.2335920000623446,80
h0.05_r0.2_s10049,10049,0.05,0.2,0.12,recheck,0.925,0.02125,0.45,0.07525000000000001,1.61423300005481,80
h0.05_r0.2_s10049,10049,0.05,0.2,0.12,no_task,0.825,0.06000000000000001,0.475,0.11699999999999999,1.6108980000808515,80
h0.05_r0.2_s10050,10050,0.05,0.2,0.12,never,0.7875,0.07625000000000001,0.05,0.08225000000000002,1.1384890000272208,80
h0.05_r0.2_s10050,10050,0.05,0.2,0.12,fresh,1.0,0.0,1.0375,0.12449999999999999,1.2208729999656498,80
h0.05_r0.2_s10050,10050,0.05,0.2,0.12,ttl,0.975,0.01625,0.4375,0.06875,1.2561649999724978,80
h0.05_r0.2_s10050,10050,0.05,0.2,0.12,entropy,0.9875,0.008125,0.475,0.065125,1.2749429999985296,80
h0.05_r0.2_s10050,10050,0.05,0.2,0.12,random,0.95,0.026875,0.5125,0.08837500000000001,1.3236170000254788,80
h0.05_r0.2_s10050,10050,0.05,0.2,0.12,myopic,0.85,0.035625000000000004,0.2875,0.07012499999999999,1.1729209999202794,80
h0.05_r0.2_s10050,10050,0.05,0.2,0.12,recheck,0.975,0.010625,0.4,0.058625,1.6061100000115403,80
h0.05_r0.2_s10050,10050,0.05,0.2,0.12,no_task,0.9125,0.029375000000000002,0.475,0.08637500000000001,1.5799209999158847,80
h0.05_r0.2_s10051,10051,0.05,0.2,0.12,never,0.5,0.32687499999999997,0.05,0.332875,1.1323489999313097,80
h0.05_r0.2_s10051,10051,0.05,0.2,0.12,fresh,1.0,0.0,1.35,0.16199999999999998,1.20723200006978,80
h0.05_r0.2_s10051,10051,0.05,0.2,0.12,ttl,0.9,0.04875,0.5625,0.11624999999999999,1.244778000000224,80
h0.05_r0.2_s10051,10051,0.05,0.2,0.12,entropy,0.9125,0.045625,0.5875,0.11612499999999999,1.3257199999543445,80
h0.05_r0.2_s10051,10051,0.05,0.2,0.12,random,0.85,0.0875,0.75,0.1775,1.3210729999855175,80
h0.05_r0.2_s10051,10051,0.05,0.2,0.12,myopic,0.9,0.039375,0.35,0.081375,1.18848399995386,80
h0.05_r0.2_s10051,10051,0.05,0.2,0.12,recheck,0.8625,0.055625,0.4625,0.111125,1.8374080000285176,80
h0.05_r0.2_s10051,10051,0.05,0.2,0.12,no_task,0.925,0.042499999999999996,0.475,0.09949999999999999,1.5987589999895135,80
h0.05_r0.2_s10052,10052,0.05,0.2,0.12,never,0.35,0.47562499999999996,0.05,0.4816249999999999,1.0842570000022533,80
h0.05_r0.2_s10052,10052,0.05,0.2,0.12,fresh,1.0,0.0,1.2875,0.1545,1.2135810000017955,80
h0.05_r0.2_s10052,10052,0.05,0.2,0.12,ttl,0.9375,0.026875000000000003,0.5375,0.09137500000000001,1.2598810000099547,80
h0.05_r0.2_s10052,10052,0.05,0.2,0.12,entropy,0.925,0.04875,0.575,0.11775,1.27361199997722,80
h0.05_r0.2_s10052,10052,0.05,0.2,0.12,random,0.8625,0.0625,0.625,0.1375,1.3342230000716881,80
h0.05_r0.2_s10052,10052,0.05,0.2,0.12,myopic,0.8375,0.05625000000000001,0.325,0.09525000000000002,1.1979580000343049,80
h0.05_r0.2_s10052,10052,0.05,0.2,0.12,recheck,0.95,0.010625,0.5125,0.072125,1.5723000000207321,80
h0.05_r0.2_s10052,10052,0.05,0.2,0.12,no_task,0.725,0.1375,0.475,0.19449999999999998,1.6646380000793215,80
h0.05_r0.2_s10053,10053,0.05,0.2,0.12,never,0.6,0.20750000000000002,0.05,0.21350000000000002,1.2966159999905358,80
h0.05_r0.2_s10053,10053,0.05,0.2,0.12,fresh,1.0,0.0,1.15,0.13799999999999998,1.212939999959417,80
h0.05_r0.2_s10053,10053,0.05,0.2,0.12,ttl,0.925,0.039999999999999994,0.5,0.1,1.2600420000126178,80
h0.05_r0.2_s10053,10053,0.05,0.2,0.12,entropy,0.9,0.05625,0.55,0.12225,1.3831859999982044,80
h0.05_r0.2_s10053,10053,0.05,0.2,0.12,random,0.85,0.05500000000000001,0.525,0.11800000000000002,1.918799999998555,80
h0.05_r0.2_s10053,10053,0.05,0.2,0.12,myopic,0.7625,0.07250000000000002,0.325,0.11150000000000002,1.3302470000553512,80
h0.05_r0.2_s10053,10053,0.05,0.2,0.12,recheck,0.825,0.06375000000000001,0.45,0.11775000000000002,2.2082840000621218,80
h0.05_r0.2_s10053,10053,0.05,0.2,0.12,no_task,0.825,0.07250000000000001,0.475,0.1295,1.5873730000066644,80
h0.05_r0.2_s10054,10054,0.05,0.2,0.12,never,0.65,0.161875,0.05,0.167875,1.463566999973409,80
h0.05_r0.2_s10054,10054,0.05,0.2,0.12,fresh,1.0,0.0,1.325,0.15899999999999997,1.2518089999957738,80
h0.05_r0.2_s10054,10054,0.05,0.2,0.12,ttl,0.8625,0.05625,0.575,0.12525,1.3471720000097775,80
h0.05_r0.2_s10054,10054,0.05,0.2,0.12,entropy,0.925,0.026249999999999996,0.5625,0.09374999999999999,1.2870819999761807,80
h0.05_r0.2_s10054,10054,0.05,0.2,0.12,random,0.8375,0.071875,0.7125,0.157375,1.3714489999756552,80
h0.05_r0.2_s10054,10054,0.05,0.2,0.12,myopic,0.75,0.085625,0.3125,0.12312500000000001,1.190167000004294,80
h0.05_r0.2_s10054,10054,0.05,0.2,0.12,recheck,0.8875,0.029374999999999995,0.525,0.092375,1.6309979999959978,80
h0.05_r0.2_s10054,10054,0.05,0.2,0.12,no_task,0.8375,0.0625,0.475,0.11949999999999998,1.7435870000781506,80
h0.05_r0.2_s10055,10055,0.05,0.2,0.12,never,0.75,0.11000000000000006,0.05,0.11600000000000006,1.111828999910358,80
h0.05_r0.2_s10055,10055,0.05,0.2,0.12,fresh,1.0,0.0,1.0125,0.12149999999999998,1.292338999974163,80
h0.05_r0.2_s10055,10055,0.05,0.2,0.12,ttl,0.9875,0.0125,0.45,0.0665,1.2713879999637356,80
h0.05_r0.2_s10055,10055,0.05,0.2,0.12,entropy,0.9625,0.0375,0.4375,0.09,1.250326999979734,80
h0.05_r0.2_s10055,10055,0.05,0.2,0.12,random,0.9625,0.015000000000000003,0.5875,0.08549999999999999,1.3635369999747127,80
h0.05_r0.2_s10055,10055,0.05,0.2,0.12,myopic,0.875,0.041875,0.325,0.080875,1.306912000018201,80
h0.05_r0.2_s10055,10055,0.05,0.2,0.12,recheck,1.0,0.0,0.4125,0.0495,1.6436669999393416,80
h0.05_r0.2_s10055,10055,0.05,0.2,0.12,no_task,0.85,0.06937499999999999,0.475,0.126375,1.9570270000031087,80
h0.05_r0.2_s10056,10056,0.05,0.2,0.12,never,0.5375,0.2556250000000001,0.05,0.2616250000000001,1.212018999922293,80
h0.05_r0.2_s10056,10056,0.05,0.2,0.12,fresh,1.0,0.0,1.1,0.13199999999999998,1.2288540000326975,80
h0.05_r0.2_s10056,10056,0.05,0.2,0.12,ttl,0.95,0.01,0.525,0.073,1.2608319999571904,80
h0.05_r0.2_s10056,10056,0.05,0.2,0.12,entropy,0.9375,0.018125,0.4875,0.076625,1.2456789999077955,80
h0.05_r0.2_s10056,10056,0.05,0.2,0.12,random,0.9,0.034375,0.5875,0.10487500000000001,1.3427050000700547,80
h0.05_r0.2_s10056,10056,0.05,0.2,0.12,myopic,0.775,0.058124999999999996,0.3,0.09412499999999999,1.178768999920976,80
h0.05_r0.2_s10056,10056,0.05,0.2,0.12,recheck,0.9375,0.018125,0.425,0.069125,1.6249090000428623,80
h0.05_r0.2_s10056,10056,0.05,0.2,0.12,no_task,0.8,0.05437500000000001,0.475,0.111375,1.6298059999826364,80
h0.05_r0.2_s10057,10057,0.05,0.2,0.12,never,0.6,0.17562499999999998,0.05,0.18162499999999998,1.12245500008612,80
h0.05_r0.2_s10057,10057,0.05,0.2,0.12,fresh,1.0,0.0,1.325,0.15899999999999997,1.2196010000025126,80
h0.05_r0.2_s10057,10057,0.05,0.2,0.12,ttl,0.9875,0.0075,0.5375,0.072,1.2702970000191272,80
h0.05_r0.2_s10057,10057,0.05,0.2,0.12,entropy,0.925,0.050624999999999996,0.55,0.11662499999999998,1.2577480000572905,80
h0.05_r0.2_s10057,10057,0.05,0.2,0.12,random,0.9125,0.06875,0.65,0.14675,1.3562359999923501,80
h0.05_r0.2_s10057,10057,0.05,0.2,0.12,myopic,0.7875,0.073125,0.3,0.109125,1.1779179999393818,80
h0.05_r0.2_s10057,10057,0.05,0.2,0.12,recheck,0.9125,0.029375000000000002,0.4375,0.081875,1.5770969999948647,80
h0.05_r0.2_s10057,10057,0.05,0.2,0.12,no_task,0.8125,0.08374999999999999,0.475,0.14075,1.5892760000042472,80
h0.05_r0.2_s10058,10058,0.05,0.2,0.12,never,0.45,0.24437499999999987,0.05,0.2503749999999999,1.127352000025894,80
h0.05_r0.2_s10058,10058,0.05,0.2,0.12,fresh,1.0,0.0,1.3375,0.1605,1.231688999951075,80
h0.05_r0.2_s10058,10058,0.05,0.2,0.12,ttl,0.9375,0.027500000000000004,0.525,0.0905,1.243967000050361,80
h0.05_r0.2_s10058,10058,0.05,0.2,0.12,entropy,0.95,0.024375,0.5375,0.08887500000000001,1.2860909999972137,80
h0.05_r0.2_s10058,10058,0.05,0.2,0.12,random,0.9125,0.03500000000000001,0.6875,0.11750000000000001,1.4269920000060665,80
h0.05_r0.2_s10058,10058,0.05,0.2,0.12,myopic,0.8375,0.03937500000000001,0.3125,0.076875,1.2908080000215705,80
h0.05_r0.2_s10058,10058,0.05,0.2,0.12,recheck,0.9375,0.018124999999999995,0.4125,0.067625,1.576595999949859,80
h0.05_r0.2_s10058,10058,0.05,0.2,0.12,no_task,0.9625,0.025,0.475,0.08199999999999999,1.6201020000607969,80
h0.05_r0.2_s10059,10059,0.05,0.2,0.12,never,0.5375,0.2656249999999999,0.05,0.2716249999999999,1.0924599999952989,80
h0.05_r0.2_s10059,10059,0.05,0.2,0.12,fresh,1.0,0.0,1.25,0.15,1.2176870000075724,80
h0.05_r0.2_s10059,10059,0.05,0.2,0.12,ttl,0.95,0.009375000000000001,0.4875,0.06787499999999999,1.3864209998928345,80
h0.05_r0.2_s10059,10059,0.05,0.2,0.12,entropy,0.9375,0.0175,0.4625,0.073,1.2557449999803794,80
h0.05_r0.2_s10059,10059,0.05,0.2,0.12,random,0.8625,0.044375,0.6875,0.126875,1.3623749999851498,80
h0.05_r0.2_s10059,10059,0.05,0.2,0.12,myopic,0.7875,0.055000000000000014,0.2625,0.08650000000000002,1.1853690000407369,80
h0.05_r0.2_s10059,10059,0.05,0.2,0.12,recheck,0.9375,0.0125,0.425,0.0635,1.5526200000977042,80
h0.05_r0.2_s10059,10059,0.05,0.2,0.12,no_task,0.875,0.036875000000000005,0.475,0.093875,1.7785590000585216,80
h0.05_r0.2_s10060,10060,0.05,0.2,0.12,never,0.5625,0.165625,0.05,0.171625,1.1748640000632804,80
h0.05_r0.2_s10060,10060,0.05,0.2,0.12,fresh,1.0,0.0,1.3,0.156,1.4446679999764456,80
h0.05_r0.2_s10060,10060,0.05,0.2,0.12,ttl,0.9875,0.0125,0.525,0.0755,1.3440070000569904,80
h0.05_r0.2_s10060,10060,0.05,0.2,0.12,entropy,1.0,0.0,0.5375,0.0645,1.3818339999716045,80
h0.05_r0.2_s10060,10060,0.05,0.2,0.12,random,0.875,0.031875,0.6125,0.105375,1.3358049999396826,80
h0.05_r0.2_s10060,10060,0.05,0.2,0.12,myopic,0.8,0.046875,0.3125,0.084375,1.3043879999941055,80
h0.05_r0.2_s10060,10060,0.05,0.2,0.12,recheck,0.9625,0.017499999999999998,0.4875,0.076,1.7272320000074615,80
h0.05_r0.2_s10060,10060,0.05,0.2,0.12,no_task,0.8375,0.049374999999999995,0.475,0.106375,1.7079039999998713,80
h0.05_r0.2_s10061,10061,0.05,0.2,0.12,never,0.35,0.3893750000000001,0.05,0.3953750000000001,1.0775879999300741,80
h0.05_r0.2_s10061,10061,0.05,0.2,0.12,fresh,1.0,0.0,1.35,0.16199999999999998,1.2066610000829314,80
h0.05_r0.2_s10061,10061,0.05,0.2,0.12,ttl,0.925,0.026250000000000002,0.5,0.08625000000000001,1.231808999932582,80
h0.05_r0.2_s10061,10061,0.05,0.2,0.12,entropy,0.925,0.0175,0.4875,0.076,1.2499859999479668,80
h0.05_r0.2_s10061,10061,0.05,0.2,0.12,random,0.9375,0.015,0.8,0.11099999999999999,1.483237000002191,80
h0.05_r0.2_s10061,10061,0.05,0.2,0.12,myopic,0.7875,0.061875,0.2625,0.09337500000000001,1.1938620000364608,80
h0.05_r0.2_s10061,10061,0.05,0.2,0.12,recheck,0.85,0.039375,0.4375,0.091875,1.7242280000573373,80
h0.05_r0.2_s10061,10061,0.05,0.2,0.12,no_task,0.8,0.05249999999999999,0.475,0.10949999999999997,1.5660999999909109,80
h0.05_r0.2_s10062,10062,0.05,0.2,0.12,never,0.675,0.154375,0.05,0.16037500000000002,1.1022740000043996,80
h0.05_r0.2_s10062,10062,0.05,0.2,0.12,fresh,1.0,0.0,1.075,0.129,1.198489000103109,80
h0.05_r0.2_s10062,10062,0.05,0.2,0.12,ttl,0.9125,0.061250000000000006,0.525,0.12425000000000001,1.4661009998917507,80
h0.05_r0.2_s10062,10062,0.05,0.2,0.12,entropy,0.925,0.05125,0.5,0.11124999999999999,1.3383390000853979,80
h0.05_r0.2_s10062,10062,0.05,0.2,0.12,random,0.7625,0.09812499999999999,0.5625,0.165625,1.3133209999978135,80
h0.05_r0.2_s10062,10062,0.05,0.2,0.12,myopic,0.8125,0.056874999999999995,0.3125,0.094375,1.1993699999948149,80
h0.05_r0.2_s10062,10062,0.05,0.2,0.12,recheck,0.875,0.05,0.4625,0.1055,1.5776379999579149,80
h0.05_r0.2_s10062,10062,0.05,0.2,0.12,no_task,0.825,0.08125,0.475,0.13824999999999998,1.5890150000359426,80
h0.05_r0.2_s10063,10063,0.05,0.2,0.12,never,0.6625,0.15125000000000005,0.05,0.15725000000000006,1.1569570000347085,80
h0.05_r0.2_s10063,10063,0.05,0.2,0.12,fresh,1.0,0.0,1.3375,0.1605,1.2399109999705615,80
h0.05_r0.2_s10063,10063,0.05,0.2,0.12,ttl,0.9,0.041874999999999996,0.5625,0.109375,1.2634659999548603,80
h0.05_r0.2_s10063,10063,0.05,0.2,0.12,entropy,0.925,0.027500000000000004,0.55,0.0935,1.290357000016229,80
h0.05_r0.2_s10063,10063,0.05,0.2,0.12,random,0.8875,0.04625,0.7125,0.13174999999999998,1.3315789999523986,80
h0.05_r0.2_s10063,10063,0.05,0.2,0.12,myopic,0.8375,0.053125,0.3375,0.093625,1.2319300000172007,80
h0.05_r0.2_s10063,10063,0.05,0.2,0.12,recheck,0.8625,0.048124999999999994,0.4875,0.106625,1.6160960000206614,80
h0.05_r0.2_s10063,10063,0.05,0.2,0.12,no_task,0.7375,0.09937500000000002,0.475,0.15637500000000001,1.5998420000187252,80
h0.05_r0.2_s10000,10000,0.05,0.2,0.35,never,0.5,0.295625,0.05,0.313125,1.127963000044474,80
h0.05_r0.2_s10000,10000,0.05,0.2,0.35,fresh,1.0,0.0,1.225,0.42874999999999996,1.2232660000108808,80
h0.05_r0.2_s10000,10000,0.05,0.2,0.35,ttl,0.7375,0.08812500000000004,0.1875,0.15375000000000003,1.2265409999372423,80
h0.05_r0.2_s10000,10000,0.05,0.2,0.35,entropy,0.95,0.01625,0.3375,0.134375,1.2715389999584659,80
h0.05_r0.2_s10000,10000,0.05,0.2,0.35,random,0.5,0.295625,0.075,0.321875,1.3743030000341605,80
h0.05_r0.2_s10000,10000,0.05,0.2,0.35,myopic,0.6375,0.12812499999999996,0.075,0.15437499999999996,1.4466710000533567,80
h0.05_r0.2_s10000,10000,0.05,0.2,0.35,recheck,0.7,0.08625000000000005,0.2,0.15625000000000006,1.6626660000156335,80
h0.05_r0.2_s10000,10000,0.05,0.2,0.35,no_task,0.7125,0.09187500000000003,0.2,0.16187500000000005,1.5885440000147355,80
h0.05_r0.2_s10001,10001,0.05,0.2,0.35,never,0.575,0.23562499999999992,0.05,0.25312499999999993,1.0854690000314804,80
h0.05_r0.2_s10001,10001,0.05,0.2,0.35,fresh,1.0,0.0,0.9875,0.34562499999999996,1.2200820000316526,80
h0.05_r0.2_s10001,10001,0.05,0.2,0.35,ttl,0.7875,0.09562499999999999,0.1875,0.16124999999999998,1.2378979999994044,80
h0.05_r0.2_s10001,10001,0.05,0.2,0.35,entropy,0.85,0.07749999999999999,0.3,0.18249999999999997,1.2788800000862466,80
h0.05_r0.2_s10001,10001,0.05,0.2,0.35,random,0.725,0.12875,0.1375,0.176875,1.3233959999752187,80
h0.05_r0.2_s10001,10001,0.05,0.2,0.35,myopic,0.7125,0.12812500000000002,0.075,0.154375,1.1960949999547665,80
h0.05_r0.2_s10001,10001,0.05,0.2,0.35,recheck,0.7375,0.11187500000000002,0.2125,0.18625,1.8101570000226275,80
h0.05_r0.2_s10001,10001,0.05,0.2,0.35,no_task,0.7,0.12937500000000002,0.2,0.19937500000000002,2.0018850000269595,80
h0.05_r0.2_s10002,10002,0.05,0.2,0.35,never,0.5375,0.283125,0.05,0.30062500000000003,1.097407000088424,80
h0.05_r0.2_s10002,10002,0.05,0.2,0.35,fresh,1.0,0.0,1.175,0.41125,1.2751140000091254,80
h0.05_r0.2_s10002,10002,0.05,0.2,0.35,ttl,0.75,0.09437500000000001,0.2,0.16437500000000002,1.2184390000129497,80
h0.05_r0.2_s10002,10002,0.05,0.2,0.35,entropy,0.9375,0.018125000000000002,0.3375,0.13624999999999998,1.2932109999610475,80
h0.05_r0.2_s10002,10002,0.05,0.2,0.35,random,0.6625,0.15625,0.125,0.2,1.2888050000583462,80
h0.05_r0.2_s10002,10002,0.05,0.2,0.35,myopic,0.65,0.118125,0.075,0.14437499999999998,1.1615229999506482,80
h0.05_r0.2_s10002,10002,0.05,0.2,0.35,recheck,0.775,0.06124999999999999,0.2125,0.13562499999999997,1.5759649999154135,80
h0.05_r0.2_s10002,10002,0.05,0.2,0.35,no_task,0.6375,0.14937499999999998,0.2,0.21937499999999996,1.6013129999237208,80
h0.05_r0.2_s10003,10003,0.05,0.2,0.35,never,0.675,0.08812500000000004,0.05,0.10562500000000004,1.0924299999715004,80
h0.05_r0.2_s10003,10003,0.05,0.2,0.35,fresh,1.0,0.0,1.1125,0.38937499999999997,1.2171570000418797,80
h0.05_r0.2_s10003,10003,0.05,0.2,0.35,ttl,0.775,0.069375,0.2,0.139375,1.2541420001070946,80
h0.05_r0.2_s10003,10003,0.05,0.2,0.35,entropy,0.8625,0.038125,0.35,0.16062499999999996,1.2837770000260207,80
h0.05_r0.2_s10003,10003,0.05,0.2,0.35,random,0.6875,0.08562500000000003,0.1625,0.14250000000000002,1.6008229999897594,80
h0.05_r0.2_s10003,10003,0.05,0.2,0.35,myopic,0.675,0.08812500000000004,0.075,0.11437500000000003,1.2972270000091157,80
h0.05_r0.2_s10003,10003,0.05,0.2,0.35,recheck,0.75,0.06062500000000002,0.225,0.13937500000000003,1.5939920000391794,80
h0.05_r0.2_s10003,10003,0.05,0.2,0.35,no_task,0.6375,0.09750000000000002,0.2,0.16750000000000004,1.559340999961023,80
h0.05_r0.2_s10004,10004,0.05,0.2,0.35,never,0.6625,0.18562499999999998,0.05,0.203125,1.2783280000121522,80
h0.05_r0.2_s10004,10004,0.05,0.2,0.35,fresh,1.0,0.0,1.0875,0.380625,1.271148999990146,80
h0.05_r0.2_s10004,10004,0.05,0.2,0.35,ttl,0.8,0.07625000000000001,0.1875,0.14187500000000003,1.329886999997143,80
h0.05_r0.2_s10004,10004,0.05,0.2,0.35,entropy,0.7875,0.104375,0.3625,0.23125,1.3204310000674013,80
h0.05_r0.2_s10004,10004,0.05,0.2,0.35,random,0.7625,0.144375,0.1875,0.21000000000000002,1.2958249999428517,80
h0.05_r0.2_s10004,10004,0.05,0.2,0.35,myopic,0.65,0.205625,0.075,0.23187499999999997,1.1908579999726498,80
h0.05_r0.2_s10004,10004,0.05,0.2,0.35,recheck,0.775,0.08437499999999999,0.2375,0.16749999999999998,1.5872720000515983,80
h0.05_r0.2_s10004,10004,0.05,0.2,0.35,no_task,0.7625,0.1275,0.2,0.19749999999999998,1.689184999918325,80
h0.05_r0.2_s10005,10005,0.05,0.2,0.35,never,0.6125,0.19562499999999997,0.05,0.21312499999999995,1.0916280000401457,80
h0.05_r0.2_s10005,10005,0.05,0.2,0.35,fresh,1.0,0.0,1.1875,0.415625,1.2870020000264049,80
h0.05_r0.2_s10005,10005,0.05,0.2,0.35,ttl,0.8,0.13687500000000002,0.2,0.206875,1.2622550000287447,80
h0.05_r0.2_s10005,10005,0.05,0.2,0.35,entropy,0.8125,0.13874999999999998,0.3625,0.265625,1.3544329999604088,80
h0.05_r0.2_s10005,10005,0.05,0.2,0.35,random,0.6125,0.18937499999999996,0.1125,0.22874999999999995,1.313841999944998,80
h0.05_r0.2_s10005,10005,0.05,0.2,0.35,myopic,0.6125,0.19562499999999997,0.0875,0.22624999999999998,1.2476730000798852,80
h0.05_r0.2_s10005,10005,0.05,0.2,0.35,recheck,0.8375,0.103125,0.2625,0.195,1.6767359999221298,80
h0.05_r0.2_s10005,10005,0.05,0.2,0.35,no_task,0.7125,0.17875000000000002,0.2,0.24874999999999997,1.6688350000322316,80
h0.05_r0.2_s10006,10006,0.05,0.2,0.35,never,0.4625,0.288125,0.05,0.305625,1.1189690000037444,80
h0.05_r0.2_s10006,10006,0.05,0.2,0.35,fresh,1.0,0.0,1.375,0.48125,1.2212030000000595,80
h0.05_r0.2_s10006,10006,0.05,0.2,0.35,ttl,0.6875,0.14437499999999998,0.175,0.205625,1.3767870000265248,80
h0.05_r0.2_s10006,10006,0.05,0.2,0.35,entropy,0.8875,0.07625,0.35,0.19874999999999998,1.2349639999911233,80
h0.05_r0.2_s10006,10006,0.05,0.2,0.35,random,0.7625,0.0925,0.1625,0.14937499999999998,1.3372680000429682,80
h0.05_r0.2_s10006,10006,0.05,0.2,0.35,myopic,0.5125,0.238125,0.075,0.26437499999999997,1.1515379999309516,80
h0.05_r0.2_s10006,10006,0.05,0.2,0.35,recheck,0.85,0.048125,0.25,0.135625,1.5911880000203382,80
h0.05_r0.2_s10006,10006,0.05,0.2,0.35,no_task,0.8625,0.04937500000000001,0.2,0.11937500000000001,1.5594510000482842,80
h0.05_r0.2_s10007,10007,0.05,0.2,0.35,never,0.65,0.22749999999999995,0.05,0.24499999999999994,1.1106370000106836,80
h0.05_r0.2_s10007,10007,0.05,0.2,0.35,fresh,1.0,0.0,1.3125,0.459375,1.2241279999898325,80
h0.05_r0.2_s10007,10007,0.05,0.2,0.35,ttl,0.8,0.10875000000000001,0.2,0.17875000000000002,1.244398000039837,80
h0.05_r0.2_s10007,10007,0.05,0.2,0.35,entropy,0.975,0.020624999999999998,0.35,0.143125,1.2788789999831351,80
h0.05_r0.2_s10007,10007,0.05,0.2,0.35,random,0.65,0.22749999999999995,0.1125,0.2668749999999999,1.3012930000968481,80
h0.05_r0.2_s10007,10007,0.05,0.2,0.35,myopic,0.7875,0.11750000000000001,0.075,0.14375,1.180693000037536,80
h0.05_r0.2_s10007,10007,0.05,0.2,0.35,recheck,0.925,0.03125,0.25,0.11875,1.5521799999760333,80
h0.05_r0.2_s10007,10007,0.05,0.2,0.35,no_task,0.7875,0.113125,0.2,0.183125,1.6876729999921736,80
h0.05_r0.2_s10008,10008,0.05,0.2,0.35,never,0.4125,0.36875,0.05,0.38625,1.09424200002195,80
h0.05_r0.2_s10008,10008,0.05,0.2,0.35,fresh,1.0,0.0,1.2625,0.4418749999999999,1.2483030000112194,80
h0.05_r0.2_s10008,10008,0.05,0.2,0.35,ttl,0.75,0.12562499999999996,0.2,0.19562499999999997,1.2418439999919428,80
h0.05_r0.2_s10008,10008,0.05,0.2,0.35,entropy,0.8,0.07875000000000001,0.35,0.20125,1.286131000028945,80
h0.05_r0.2_s10008,10008,0.05,0.2,0.35,random,0.725,0.15749999999999995,0.2,0.22749999999999995,1.29878000007011,80
h0.05_r0.2_s10008,10008,0.05,0.2,0.35,myopic,0.525,0.21874999999999992,0.075,0.24499999999999994,1.3459110000439978,80
h0.05_r0.2_s10008,10008,0.05,0.2,0.35,recheck,0.7375,0.06,0.2375,0.143125,1.545359000033386,80
h0.05_r0.2_s10008,10008,0.05,0.2,0.35,no_task,0.65,0.11125,0.2,0.18125,1.5997519999473298,80
h0.05_r0.2_s10009,10009,0.05,0.2,0.35,never,0.7125,0.15750000000000003,0.05,0.17500000000000004,1.0868020000316392,80
h0.05_r0.2_s10009,10009,0.05,0.2,0.35,fresh,1.0,0.0,1.2375,0.433125,1.3384190000351737,80
h0.05_r0.2_s10009,10009,0.05,0.2,0.35,ttl,0.7875,0.11375000000000002,0.1875,0.179375,1.2240669999528109,80
h0.05_r0.2_s10009,10009,0.05,0.2,0.35,entropy,0.8125,0.1075,0.3375,0.22562499999999996,1.2423939999735012,80
h0.05_r0.2_s10009,10009,0.05,0.2,0.35,random,0.7625,0.14375000000000002,0.1375,0.19187500000000002,1.3374879999901168,80
h0.05_r0.2_s10009,10009,0.05,0.2,0.35,myopic,0.7125,0.15750000000000003,0.075,0.18375000000000002,1.166600999908951,80
h0.05_r0.2_s10009,10009,0.05,0.2,0.35,recheck,0.85,0.04375,0.225,0.12250000000000001,1.5851199999588061,80
h0.05_r0.2_s10009,10009,0.05,0.2,0.35,no_task,0.8,0.08812500000000001,0.2,0.15812500000000002,1.55596600006902,80
h0.05_r0.2_s10010,10010,0.05,0.2,0.35,never,0.6125,0.22312499999999993,0.05,0.24062499999999992,1.1095449999629636,80
h0.05_r0.2_s10010,10010,0.05,0.2,0.35,fresh,1.0,0.0,1.225,0.42874999999999996,1.2240969999766094,80
h0.05_r0.2_s10010,10010,0.05,0.2,0.35,ttl,0.8125,0.10250000000000001,0.2,0.17250000000000001,1.2788789999831351,80
h0.05_r0.2_s10010,10010,0.05,0.2,0.35,entropy,0.825,0.125625,0.3375,0.24375,1.2403409999706128,80
h0.05_r0.2_s10010,10010,0.05,0.2,0.35,random,0.6625,0.21812499999999996,0.1875,0.28374999999999995,1.310697999997501,80
h0.05_r0.2_s10010,10010,0.05,0.2,0.35,myopic,0.6875,0.15812499999999993,0.0875,0.18874999999999992,1.1896960000967738,80
h0.05_r0.2_s10010,10010,0.05,0.2,0.35,recheck,0.775,0.10937500000000003,0.225,0.18812500000000001,1.6826759999730712,80
h0.05_r0.2_s10010,10010,0.05,0.2,0.35,no_task,0.6625,0.139375,0.2,0.209375,1.5656699999908597,80
h0.05_r0.2_s10011,10011,0.05,0.2,0.35,never,0.6625,0.141875,0.05,0.159375,1.0747940000328526,80
h0.05_r0.2_s10011,10011,0.05,0.2,0.35,fresh,1.0,0.0,1.175,0.41125,1.2167360000603367,80
h0.05_r0.2_s10011,10011,0.05,0.2,0.35,ttl,0.7625,0.07125000000000002,0.2,0.14125000000000001,1.2476420000666621,80
h0.05_r0.2_s10011,10011,0.05,0.2,0.35,entropy,0.8625,0.0425,0.3,0.1475,1.2835559999757606,80
h0.05_r0.2_s10011,10011,0.05,0.2,0.35,random,0.6875,0.13187500000000002,0.1875,0.1975,1.556166000000303,80
h0.05_r0.2_s10011,10011,0.05,0.2,0.35,myopic,0.6625,0.141875,0.075,0.168125,1.1632859999508582,80
h0.05_r0.2_s10011,10011,0.05,0.2,0.35,recheck,0.8875,0.038125000000000006,0.225,0.11687499999999999,1.674383000022317,80
h0.05_r0.2_s10011,10011,0.05,0.2,0.35,no_task,0.7375,0.07812500000000003,0.2,0.148125,1.5578879999793571,80
h0.05_r0.2_s10012,10012,0.05,0.2,0.35,never,0.55,0.28875,0.05,0.30625,1.091557999984616,80
h0.05_r0.2_s10012,10012,0.05,0.2,0.35,fresh,1.0,0.0,1.25,0.4375,1.2047889999848849,80
h0.05_r0.2_s10012,10012,0.05,0.2,0.35,ttl,0.7625,0.133125,0.1875,0.19875,1.217868000026101,80
h0.05_r0.2_s10012,10012,0.05,0.2,0.35,entropy,0.9375,0.03375,0.3875,0.169375,1.2776679999433327,80
h0.05_r0.2_s10012,10012,0.05,0.2,0.35,random,0.725,0.12249999999999998,0.125,0.16624999999999998,1.2851989999944635,80
h0.05_r0.2_s10012,10012,0.05,0.2,0.35,myopic,0.7125,0.11624999999999999,0.075,0.1425,1.1908779999885155,80
h0.05_r0.2_s10012,10012,0.05,0.2,0.35,recheck,0.7875,0.06375,0.275,0.16,1.7785900000717447,80
h0.05_r0.2_s10012,10012,0.05,0.2,0.35,no_task,0.75,0.0975,0.2,0.16749999999999998,1.6934220000166533,80
h0.05_r0.2_s10013,10013,0.05,0.2,0.35,never,0.7125,0.12250000000000001,0.05,0.14,1.079851000099552,80
h0.05_r0.2_s10013,10013,0.05,0.2,0.35,fresh,1.0,0.0,1.2375,0.433125,1.2620640000022831,80
h0.05_r0.2_s10013,10013,0.05,0.2,0.35,ttl,0.8625,0.045625,0.2,0.115625,1.233281000054376,80
h0.05_r0.2_s10013,10013,0.05,0.2,0.35,entropy,0.9375,0.013750000000000002,0.3875,0.14937499999999998,1.274732999945627,80
h0.05_r0.2_s10013,10013,0.05,0.2,0.35,random,0.7875,0.06437500000000002,0.15,0.11687500000000002,1.293282000006002,80
h0.05_r0.2_s10013,10013,0.05,0.2,0.35,myopic,0.7125,0.12250000000000001,0.075,0.14875,1.2417340000183685,80
h0.05_r0.2_s10013,10013,0.05,0.2,0.35,recheck,0.8125,0.0325,0.25,0.12,1.628414000037992,80
h0.05_r0.2_s10013,10013,0.05,0.2,0.35,no_task,0.75,0.08250000000000002,0.2,0.15250000000000002,3.6997329999621797,80
h0.05_r0.2_s10014,10014,0.05,0.2,0.35,never,0.5625,0.333125,0.05,0.35062499999999996,2.2018049999132927,80
h0.05_r0.2_s10014,10014,0.05,0.2,0.35,fresh,1.0,0.0,1.2,0.41999999999999993,1.2091350000673629,80
h0.05_r0.2_s10014,10014,0.05,0.2,0.35,ttl,0.775,0.09812500000000003,0.2,0.16812500000000002,1.246930999968754,80
h0.05_r0.2_s10014,10014,0.05,0.2,0.35,entropy,0.9125,0.026249999999999996,0.3875,0.161875,1.2573179999435524,80
h0.05_r0.2_s10014,10014,0.05,0.2,0.35,random,0.7375,0.16,0.175,0.22125,1.3867110000091998,80
h0.05_r0.2_s10014,10014,0.05,0.2,0.35,myopic,0.7125,0.15812500000000002,0.075,0.184375,1.1545730000079857,80
h0.05_r0.2_s10014,10014,0.05,0.2,0.35,recheck,0.825,0.061875,0.2125,0.13624999999999998,1.6450890000214713,80
h0.05_r0.2_s10014,10014,0.05,0.2,0.35,no_task,0.75,0.095,0.2,0.16499999999999998,1.5951640000366751,80
h0.05_r0.2_s10015,10015,0.05,0.2,0.35,never,0.6,0.24062499999999992,0.05,0.2581249999999999,1.1633760000222537,80
h0.05_r0.2_s10015,10015,0.05,0.2,0.35,fresh,1.0,0.0,1.275,0.4462499999999999,1.2171160000207237,80
h0.05_r0.2_s10015,10015,0.05,0.2,0.35,ttl,0.625,0.14999999999999997,0.2,0.21999999999999997,1.2421239999866884,80
h0.05_r0.2_s10015,10015,0.05,0.2,0.35,entropy,0.725,0.13187500000000002,0.35,0.254375,1.2547039999617482,80
h0.05_r0.2_s10015,10015,0.05,0.2,0.35,random,0.6375,0.19625000000000004,0.1875,0.261875,1.3321200000291356,80
h0.05_r0.2_s10015,10015,0.05,0.2,0.35,myopic,0.6375,0.18812500000000004,0.075,0.21437500000000004,1.170988000012585,80
h0.05_r0.2_s10015,10015,0.05,0.2,0.35,recheck,0.75,0.09000000000000004,0.2125,0.16437500000000002,1.5620550000221556,80
h0.05_r0.2_s10015,10015,0.05,0.2,0.35,no_task,0.775,0.10375000000000001,0.2,0.17375000000000002,1.5714590000470707,80
h0.05_r0.2_s10016,10016,0.05,0.2,0.35,never,0.525,0.3375,0.05,0.35500000000000004,1.0731900000564565,80
h0.05_r0.2_s10016,10016,0.05,0.2,0.35,fresh,1.0,0.0,1.275,0.4462499999999999,1.2524100000064209,80
h0.05_r0.2_s10016,10016,0.05,0.2,0.35,ttl,0.8125,0.1075,0.1875,0.173125,1.2337320000597174,80
h0.05_r0.2_s10016,10016,0.05,0.2,0.35,entropy,0.825,0.14375,0.325,0.25749999999999995,1.3693260000309238,80
h0.05_r0.2_s10016,10016,0.05,0.2,0.35,random,0.8125,0.09874999999999999,0.225,0.1775,1.2932309999769132,80
h0.05_r0.2_s10016,10016,0.05,0.2,0.35,myopic,0.6125,0.22000000000000003,0.0875,0.250625,1.2662799999816343,80
h0.05_r0.2_s10016,10016,0.05,0.2,0.35,recheck,0.8125,0.08312499999999999,0.225,0.161875,1.5801020000481003,80
h0.05_r0.2_s10016,10016,0.05,0.2,0.35,no_task,0.85,0.06,0.2,0.12999999999999998,1.6669429999183194,80
h0.05_r0.2_s10017,10017,0.05,0.2,0.35,never,0.675,0.16062499999999996,0.05,0.17812499999999995,1.0753039999826797,80
h0.05_r0.2_s10017,10017,0.05,0.2,0.35,fresh,1.0,0.0,1.2,0.41999999999999993,1.3263509999887901,80
h0.05_r0.2_s10017,10017,0.05,0.2,0.35,ttl,0.8125,0.066875,0.2,0.136875,1.2156949999280187,80
h0.05_r0.2_s10017,10017,0.05,0.2,0.35,entropy,0.825,0.05437500000000001,0.3625,0.18125,1.3440870000067662,80
h0.05_r0.2_s10017,10017,0.05,0.2,0.35,random,0.725,0.12687500000000002,0.1625,0.18375,1.2956140000142113,80
h0.05_r0.2_s10017,10017,0.05,0.2,0.35,myopic,0.725,0.12062499999999995,0.075,0.14687499999999995,1.1605720000034125,80
h0.05_r0.2_s10017,10017,0.05,0.2,0.35,recheck,0.775,0.06875,0.2375,0.151875,1.5981789999841567,80
h0.05_r0.2_s10017,10017,0.05,0.2,0.35,no_task,0.7,0.10437500000000002,0.2,0.174375,1.5246589999833304,80
h0.05_r0.2_s10018,10018,0.05,0.2,0.35,never,0.75,0.06750000000000003,0.05,0.08500000000000003,1.070886999968934,80
h0.05_r0.2_s10018,10018,0.05,0.2,0.35,fresh,1.0,0.0,1.225,0.42874999999999996,1.2009820000002946,80
h0.05_r0.2_s10018,10018,0.05,0.2,0.35,ttl,0.725,0.08375000000000002,0.1875,0.149375,1.2599709999676634,80
h0.05_r0.2_s10018,10018,0.05,0.2,0.35,entropy,0.9125,0.021875,0.3375,0.13999999999999999,1.2305469999773777,80
h0.05_r0.2_s10018,10018,0.05,0.2,0.35,random,0.8,0.05250000000000001,0.15,0.10500000000000001,1.3250989999278318,80
h0.05_r0.2_s10018,10018,0.05,0.2,0.35,myopic,0.75,0.06750000000000003,0.075,0.09375000000000003,1.174482999999782,80
h0.05_r0.2_s10018,10018,0.05,0.2,0.35,recheck,0.8,0.05,0.2375,0.133125,1.5850590000354714,80
h0.05_r0.2_s10018,10018,0.05,0.2,0.35,no_task,0.7875,0.058125000000000024,0.2,0.12812500000000002,1.8050789999506378,80
h0.05_r0.2_s10019,10019,0.05,0.2,0.35,never,0.6625,0.10250000000000004,0.05,0.12000000000000004,1.1789799999633033,80
h0.05_r0.2_s10019,10019,0.05,0.2,0.35,fresh,1.0,0.0,1.1875,0.415625,1.3975379999919824,80
h0.05_r0.2_s10019,10019,0.05,0.2,0.35,ttl,0.875,0.035625000000000004,0.1875,0.10124999999999999,1.2357650000467402,80
h0.05_r0.2_s10019,10019,0.05,0.2,0.35,entropy,0.95,0.0225,0.3375,0.140625,1.2638169999945603,80
h0.05_r0.2_s10019,10019,0.05,0.2,0.35,random,0.7125,0.07500000000000002,0.15,0.1275,1.2828659999968295,80
h0.05_r0.2_s10019,10019,0.05,0.2,0.35,myopic,0.6625,0.10250000000000004,0.075,0.12875000000000003,1.158098000018981,80
h0.05_r0.2_s10019,10019,0.05,0.2,0.35,recheck,0.7,0.07125000000000002,0.25,0.15875000000000003,1.568824999935714,80
h0.05_r0.2_s10019,10019,0.05,0.2,0.35,no_task,0.6875,0.07375000000000002,0.2,0.14375000000000002,1.5668319999804226,80
h0.05_r0.2_s10020,10020,0.05,0.2,0.35,never,0.525,0.175,0.05,0.1925,1.0724200000140627,80
h0.05_r0.2_s10020,10020,0.05,0.2,0.35,fresh,1.0,0.0,1.05,0.3675,1.2372970001024441,80
h0.05_r0.2_s10020,10020,0.05,0.2,0.35,ttl,0.9,0.046875,0.2,0.11687499999999999,1.2194399999998495,80
h0.05_r0.2_s10020,10020,0.05,0.2,0.35,entropy,0.9,0.021249999999999998,0.325,0.13499999999999998,1.26642999998694,80
h0.05_r0.2_s10020,10020,0.05,0.2,0.35,random,0.7875,0.075,0.1625,0.13187500000000002,1.283206000039172,80
h0.05_r0.2_s10020,10020,0.05,0.2,0.35,myopic,0.525,0.175,0.075,0.20125,1.4335010000650072,80
h0.05_r0.2_s10020,10020,0.05,0.2,0.35,recheck,0.75,0.07812500000000001,0.2125,0.1525,1.575193999997282,80
h0.05_r0.2_s10020,10020,0.05,0.2,0.35,no_task,0.7375,0.09750000000000002,0.2,0.16750000000000004,1.736286000095788,80
h0.05_r0.2_s10021,10021,0.05,0.2,0.35,never,0.4625,0.3912500000000002,0.05,0.4087500000000002,1.1414729999614792,80
h0.05_r0.2_s10021,10021,0.05,0.2,0.35,fresh,1.0,0.0,1.325,0.46374999999999994,1.4268619999029397,80
h0.05_r0.2_s10021,10021,0.05,0.2,0.35,ttl,0.625,0.18562500000000004,0.2,0.25562500000000005,1.386801999956333,80
h0.05_r0.2_s10021,10021,0.05,0.2,0.35,entropy,0.8375,0.06687499999999999,0.3625,0.19374999999999998,1.3727399999652334,80
h0.05_r0.2_s10021,10021,0.05,0.2,0.35,random,0.3875,0.39437500000000014,0.1625,0.4512500000000001,1.338778999979695,80
h0.05_r0.2_s10021,10021,0.05,0.2,0.35,myopic,0.5875,0.20625,0.075,0.2325,1.3245879999885801,80
h0.05_r0.2_s10021,10021,0.05,0.2,0.35,recheck,0.75,0.1125,0.2625,0.20437500000000003,1.5860699999166172,80
h0.05_r0.2_s10021,10021,0.05,0.2,0.35,no_task,0.6125,0.18,0.2,0.25,1.5830769999638505,80
h0.05_r0.2_s10022,10022,0.05,0.2,0.35,never,0.7,0.0775,0.05,0.095,1.0907980000638418,80
h0.05_r0.2_s10022,10022,0.05,0.2,0.35,fresh,1.0,0.0,1.3875,0.4856249999999999,1.3697260000071765,80
h0.05_r0.2_s10022,10022,0.05,0.2,0.35,ttl,0.825,0.044375,0.2,0.11437499999999998,1.2317790000224704,80
h0.05_r0.2_s10022,10022,0.05,0.2,0.35,entropy,0.875,0.030625000000000003,0.35,0.153125,1.302715000065291,80
h0.05_r0.2_s10022,10022,0.05,0.2,0.35,random,0.7,0.08937500000000001,0.2,0.159375,1.2849480000340918,80
h0.05_r0.2_s10022,10022,0.05,0.2,0.35,myopic,0.7,0.0775,0.075,0.10375000000000001,1.1602120000588911,80
h0.05_r0.2_s10022,10022,0.05,0.2,0.35,recheck,0.825,0.0425,0.225,0.12125,1.5818640000588857,80
h0.05_r0.2_s10022,10022,0.05,0.2,0.35,no_task,0.65,0.110625,0.2,0.18062499999999998,1.5394710000009582,80
h0.05_r0.2_s10023,10023,0.05,0.2,0.35,never,0.5375,0.34874999999999995,0.05,0.3662499999999999,1.081554000052165,80
h0.05_r0.2_s10023,10023,0.05,0.2,0.35,fresh,1.0,0.0,1.25,0.4375,1.200452000034602,80
h0.05_r0.2_s10023,10023,0.05,0.2,0.35,ttl,0.725,0.12375,0.2,0.19375,1.2567570000783235,80
h0.05_r0.2_s10023,10023,0.05,0.2,0.35,entropy,0.85,0.06375,0.375,0.195,1.2420250000104716,80
h0.05_r0.2_s10023,10023,0.05,0.2,0.35,random,0.725,0.14375,0.1,0.17874999999999996,1.3255700000627257,80
h0.05_r0.2_s10023,10023,0.05,0.2,0.35,myopic,0.7375,0.13124999999999998,0.075,0.15749999999999997,1.1848980000195297,80
h0.05_r0.2_s10023,10023,0.05,0.2,0.35,recheck,0.8125,0.06687500000000002,0.2375,0.15,1.6730520000010074,80
h0.05_r0.2_s10023,10023,0.05,0.2,0.35,no_task,0.675,0.11937499999999997,0.2,0.18937499999999996,1.7228959999329163,80
h0.05_r0.2_s10024,10024,0.05,0.2,0.35,never,0.7125,0.08562500000000002,0.05,0.10312500000000002,1.0739420000618338,80
h0.05_r0.2_s10024,10024,0.05,0.2,0.35,fresh,1.0,0.0,1.2375,0.433125,1.2101569999458661,80
h0.05_r0.2_s10024,10024,0.05,0.2,0.35,ttl,0.775,0.09812500000000002,0.1875,0.16375,1.2253790000613662,80
h0.05_r0.2_s10024,10024,0.05,0.2,0.35,entropy,0.9625,0.00875,0.3125,0.118125,1.2418439999919428,80
h0.05_r0.2_s10024,10024,0.05,0.2,0.35,random,0.8375,0.05625,0.175,0.11749999999999998,1.2896460000320076,80
h0.05_r0.2_s10024,10024,0.05,0.2,0.35,myopic,0.7125,0.08562500000000002,0.075,0.11187500000000002,1.2215640000476924,80
h0.05_r0.2_s10024,10024,0.05,0.2,0.35,recheck,0.825,0.048749999999999995,0.225,0.1275,1.5614940000432398,80
h0.05_r0.2_s10024,10024,0.05,0.2,0.35,no_task,0.8,0.0625,0.2,0.1325,1.5930810000099882,80
h0.05_r0.2_s10025,10025,0.05,0.2,0.35,never,0.575,0.28937499999999994,0.05,0.3068749999999999,1.077107000014621,80
h0.05_r0.2_s10025,10025,0.05,0.2,0.35,fresh,1.0,0.0,1.0625,0.37187499999999996,1.2486040000112553,80
h0.05_r0.2_s10025,10025,0.05,0.2,0.35,ttl,0.8625,0.06187499999999999,0.2,0.131875,1.2971869999773844,80
h0.05_r0.2_s10025,10025,0.05,0.2,0.35,entropy,0.8625,0.083125,0.325,0.196875,1.2835060000497833,80
h0.05_r0.2_s10025,10025,0.05,0.2,0.35,random,0.7125,0.14437500000000006,0.125,0.18812500000000004,1.5436270000463992,80
h0.05_r0.2_s10025,10025,0.05,0.2,0.35,myopic,0.6375,0.23687500000000003,0.075,0.26312500000000005,1.3149630000270918,80
h0.05_r0.2_s10025,10025,0.05,0.2,0.35,recheck,0.9,0.027499999999999997,0.275,0.12374999999999999,1.725159999978132,80
h0.05_r0.2_s10025,10025,0.05,0.2,0.35,no_task,0.8125,0.11187499999999999,0.2,0.18187499999999998,1.782735999995566,80
h0.05_r0.2_s10026,10026,0.05,0.2,0.35,never,0.7625,0.12687500000000002,0.05,0.14437500000000003,1.1043770000469522,80
h0.05_r0.2_s10026,10026,0.05,0.2,0.35,fresh,1.0,0.0,1.1375,0.39812499999999995,1.2522289999878922,80
h0.05_r0.2_s10026,10026,0.05,0.2,0.35,ttl,0.7875,0.08500000000000002,0.1875,0.150625,1.2177680000604596,80
h0.05_r0.2_s10026,10026,0.05,0.2,0.35,entropy,0.9,0.021875,0.3375,0.13999999999999999,1.2605420000681988,80
h0.05_r0.2_s10026,10026,0.05,0.2,0.35,random,0.725,0.14625000000000002,0.125,0.19,1.2884340000027805,80
h0.05_r0.2_s10026,10026,0.05,0.2,0.35,myopic,0.775,0.11437500000000003,0.075,0.14062500000000003,1.170155999943745,80
h0.05_r0.2_s10026,10026,0.05,0.2,0.35,recheck,0.9,0.028749999999999998,0.25,0.11625,1.6402719999177862,80
h0.05_r0.2_s10026,10026,0.05,0.2,0.35,no_task,0.85,0.061250000000000006,0.2,0.13125,1.5386699999453413,80
h0.05_r0.2_s10027,10027,0.05,0.2,0.35,never,0.5625,0.254375,0.05,0.271875,1.0840179999149768,80
h0.05_r0.2_s10027,10027,0.05,0.2,0.35,fresh,1.0,0.0,1.0625,0.37187499999999996,1.2073419999296675,80
h0.05_r0.2_s10027,10027,0.05,0.2,0.35,ttl,0.7,0.144375,0.2,0.21437499999999998,1.2883440000450719,80
h0.05_r0.2_s10027,10027,0.05,0.2,0.35,entropy,0.8125,0.08312499999999999,0.3375,0.20124999999999998,1.2497960000246167,80
h0.05_r0.2_s10027,10027,0.05,0.2,0.35,random,0.675,0.17562499999999998,0.125,0.21937499999999996,1.3258909999649404,80
h0.05_r0.2_s10027,10027,0.05,0.2,0.35,myopic,0.5875,0.224375,0.075,0.250625,1.191968999933124,80
h0.05_r0.2_s10027,10027,0.05,0.2,0.35,recheck,0.675,0.121875,0.225,0.200625,1.5647879999960423,80
h0.05_r0.2_s10027,10027,0.05,0.2,0.35,no_task,0.6125,0.17249999999999996,0.2,0.2425,1.5603630000669,80
h0.05_r0.2_s10028,10028,0.05,0.2,0.35,never,0.6625,0.15375,0.05,0.17124999999999999,1.0843580000710062,80
h0.05_r0.2_s10028,10028,0.05,0.2,0.35,fresh,1.0,0.0,1.325,0.46374999999999994,1.2180680000710709,80
h0.05_r0.2_s10028,10028,0.05,0.2,0.35,ttl,0.725,0.11374999999999999,0.2125,0.188125,1.276625999935277,80
h0.05_r0.2_s10028,10028,0.05,0.2,0.35,entropy,0.725,0.14437499999999998,0.35,0.266875,1.2424849999206344,80
h0.05_r0.2_s10028,10028,0.05,0.2,0.35,random,0.7125,0.11750000000000001,0.15,0.16999999999999998,1.285390000020925,80
h0.05_r0.2_s10028,10028,0.05,0.2,0.35,myopic,0.6625,0.15375,0.0875,0.18437499999999998,1.2036570000191205,80
h0.05_r0.2_s10028,10028,0.05,0.2,0.35,recheck,0.7625,0.12687500000000002,0.2125,0.20125,1.5647689999696013,80
h0.05_r0.2_s10028,10028,0.05,0.2,0.35,no_task,0.75,0.104375,0.2,0.174375,1.6092649999563946,80
h0.05_r0.2_s10029,10029,0.05,0.2,0.35,never,0.5125,0.2724999999999998,0.05,0.28999999999999976,1.0751840000011725,80
h0.05_r0.2_s10029,10029,0.05,0.2,0.35,fresh,1.0,0.0,1.125,0.39374999999999993,1.2416629999734141,80
h0.05_r0.2_s10029,10029,0.05,0.2,0.35,ttl,0.675,0.19437500000000002,0.2,0.26437499999999997,1.2093950000462428,80
h0.05_r0.2_s10029,10029,0.05,0.2,0.35,entropy,0.8625,0.07812500000000003,0.3625,0.205,1.2926809999953548,80
h0.05_r0.2_s10029,10029,0.05,0.2,0.35,random,0.525,0.200625,0.1375,0.24874999999999997,1.3148140000112107,80
h0.05_r0.2_s10029,10029,0.05,0.2,0.35,myopic,0.5125,0.2724999999999998,0.075,0.2987499999999998,1.1588999999503358,80
h0.05_r0.2_s10029,10029,0.05,0.2,0.35,recheck,0.8875,0.038125000000000006,0.25,0.12562500000000001,1.5795500000876928,80
h0.05_r0.2_s10029,10029,0.05,0.2,0.35,no_task,0.8125,0.09125000000000001,0.2,0.16125,1.609646000019893,80
h0.05_r0.2_s10030,10030,0.05,0.2,0.35,never,0.475,0.3387500000000001,0.05,0.35625000000000007,1.21274999992238,80
h0.05_r0.2_s10030,10030,0.05,0.2,0.35,fresh,1.0,0.0,1.35,0.4725,1.3058810000075027,80
h0.05_r0.2_s10030,10030,0.05,0.2,0.35,ttl,0.7,0.169375,0.1875,0.23499999999999996,1.3476429999172979,80
h0.05_r0.2_s10030,10030,0.05,0.2,0.35,entropy,0.725,0.16375,0.3125,0.273125,1.280281999925137,80
h0.05_r0.2_s10030,10030,0.05,0.2,0.35,random,0.65,0.20937499999999995,0.275,0.3056249999999999,1.3335109999843553,80
h0.05_r0.2_s10030,10030,0.05,0.2,0.35,myopic,0.55,0.22624999999999998,0.075,0.25249999999999995,1.1755450000237033,80
h0.05_r0.2_s10030,10030,0.05,0.2,0.35,recheck,0.775,0.061250000000000006,0.2375,0.144375,1.5805120000322859,80
h0.05_r0.2_s10030,10030,0.05,0.2,0.35,no_task,0.6125,0.15875,0.2,0.22874999999999995,1.5700470000865607,80
h0.05_r0.2_s10031,10031,0.05,0.2,0.35,never,0.8,0.103125,0.05,0.12062500000000001,1.1067309999361896,80
h0.05_r0.2_s10031,10031,0.05,0.2,0.35,fresh,1.0,0.0,1.225,0.42874999999999996,1.2051789999532048,80
h0.05_r0.2_s10031,10031,0.05,0.2,0.35,ttl,0.8375,0.058125,0.1875,0.12375,1.2584989999595564,80
h0.05_r0.2_s10031,10031,0.05,0.2,0.35,entropy,0.9125,0.025625000000000002,0.3375,0.14375,1.2451390000478568,80
h0.05_r0.2_s10031,10031,0.05,0.2,0.35,random,0.65,0.17187499999999997,0.125,0.215625,1.336927000011201,80
h0.05_r0.2_s10031,10031,0.05,0.2,0.35,myopic,0.8,0.103125,0.075,0.129375,1.1844279999877472,80
h0.05_r0.2_s10031,10031,0.05,0.2,0.35,recheck,0.7875,0.05499999999999999,0.2375,0.138125,1.5782790000002933,80
h0.05_r0.2_s10031,10031,0.05,0.2,0.35,no_task,0.825,0.06375,0.2,0.13374999999999998,1.559971000006044,80
h0.05_r0.2_s10032,10032,0.05,0.2,0.35,never,0.4875,0.2906249999999999,0.05,0.30812499999999987,1.081022999983361,80
h0.05_r0.2_s10032,10032,0.05,0.2,0.35,fresh,1.0,0.0,1.4,0.48999999999999994,1.2133010000070499,80
h0.05_r0.2_s10032,10032,0.05,0.2,0.35,ttl,0.6375,0.20124999999999998,0.1875,0.266875,1.2270019999505166,80
h0.05_r0.2_s10032,10032,0.05,0.2,0.35,entropy,0.8375,0.09999999999999998,0.375,0.23125,1.246572000013657,80
h0.05_r0.2_s10032,10032,0.05,0.2,0.35,random,0.575,0.26375000000000004,0.1,0.29875000000000007,1.2815439999940281,80
h0.05_r0.2_s10032,10032,0.05,0.2,0.35,myopic,0.5625,0.26312499999999994,0.075,0.289375,1.1806819999264917,80
h0.05_r0.2_s10032,10032,0.05,0.2,0.35,recheck,0.7,0.169375,0.225,0.24812499999999998,1.5809330000138289,80
h0.05_r0.2_s10032,10032,0.05,0.2,0.35,no_task,0.55,0.17999999999999994,0.2,0.24999999999999992,1.6286349999745653,80
h0.05_r0.2_s10033,10033,0.05,0.2,0.35,never,0.6,0.129375,0.05,0.146875,1.0800719999224384,80
h0.05_r0.2_s10033,10033,0.05,0.2,0.35,fresh,1.0,0.0,1.475,0.51625,1.2256100000058723,80
h0.05_r0.2_s10033,10033,0.05,0.2,0.35,ttl,0.65,0.10437500000000002,0.2,0.174375,1.2208820000978449,80
h0.05_r0.2_s10033,10033,0.05,0.2,0.35,entropy,0.825,0.042499999999999996,0.35,0.16499999999999998,1.2847880000208534,80
h0.05_r0.2_s10033,10033,0.05,0.2,0.35,random,0.5625,0.153125,0.125,0.19687500000000002,1.2877030000026934,80
h0.05_r0.2_s10033,10033,0.05,0.2,0.35,myopic,0.6,0.129375,0.0875,0.15999999999999998,1.1590899999873727,80
h0.05_r0.2_s10033,10033,0.05,0.2,0.35,recheck,0.7625,0.052500000000000005,0.225,0.13125,1.5938020000021424,80
h0.05_r0.2_s10033,10033,0.05,0.2,0.35,no_task,0.6125,0.12000000000000002,0.2,0.19,1.562215000035394,80
h0.05_r0.2_s10034,10034,0.05,0.2,0.35,never,0.65,0.18874999999999995,0.05,0.20624999999999996,1.1115490000292993,80
h0.05_r0.2_s10034,10034,0.05,0.2,0.35,fresh,1.0,0.0,1.2,0.41999999999999993,1.2023150000004534,80
h0.05_r0.2_s10034,10034,0.05,0.2,0.35,ttl,0.675,0.15437499999999998,0.1875,0.22000000000000003,1.2768770000093355,80
h0.05_r0.2_s10034,10034,0.05,0.2,0.35,entropy,0.825,0.09812499999999999,0.325,0.21187499999999998,1.2532810000038808,80
h0.05_r0.2_s10034,10034,0.05,0.2,0.35,random,0.725,0.12125,0.1625,0.178125,1.32796299999427,80
h0.05_r0.2_s10034,10034,0.05,0.2,0.35,myopic,0.65,0.18874999999999995,0.075,0.21499999999999994,1.161703999969177,80
h0.05_r0.2_s10034,10034,0.05,0.2,0.35,recheck,0.6625,0.12125,0.2125,0.195625,1.5927309999597128,80
h0.05_r0.2_s10034,10034,0.05,0.2,0.35,no_task,0.55,0.18687499999999996,0.2,0.25687499999999996,1.5721500000154265,80
h0.05_r0.2_s10035,10035,0.05,0.2,0.35,never,0.475,0.3487499999999998,0.05,0.3662499999999998,1.1073319999468367,80
h0.05_r0.2_s10035,10035,0.05,0.2,0.35,fresh,1.0,0.0,1.2625,0.4418749999999999,1.2058499999056949,80
h0.05_r0.2_s10035,10035,0.05,0.2,0.35,ttl,0.825,0.09062499999999998,0.2,0.16062499999999996,1.2421339999946213,80
h0.05_r0.2_s10035,10035,0.05,0.2,0.35,entropy,0.8375,0.07125000000000001,0.35,0.19375,1.3105269999869051,80
h0.05_r0.2_s10035,10035,0.05,0.2,0.35,random,0.7875,0.089375,0.2,0.159375,1.3008829999989757,80
h0.05_r0.2_s10035,10035,0.05,0.2,0.35,myopic,0.55,0.2587499999999999,0.0625,0.2806249999999999,1.1629360000142697,80
h0.05_r0.2_s10035,10035,0.05,0.2,0.35,recheck,0.825,0.064375,0.2375,0.14750000000000002,1.5553239999235302,80
h0.05_r0.2_s10035,10035,0.05,0.2,0.35,no_task,0.775,0.10937499999999997,0.2,0.17937499999999998,1.7315489999418787,80
h0.05_r0.2_s10036,10036,0.05,0.2,0.35,never,0.725,0.135,0.05,0.15250000000000002,1.0942930000510387,80
h0.05_r0.2_s10036,10036,0.05,0.2,0.35,fresh,1.0,0.0,1.575,0.5512499999999999,1.3224150000041845,80
h0.05_r0.2_s10036,10036,0.05,0.2,0.35,ttl,0.8625,0.07625000000000001,0.1875,0.14187500000000003,1.2604419999888705,80
h0.05_r0.2_s10036,10036,0.05,0.2,0.35,entropy,0.9125,0.04375,0.375,0.175,1.2620440001001043,80
h0.05_r0.2_s10036,10036,0.05,0.2,0.35,random,0.8,0.10187500000000001,0.2375,0.185,1.2953440000273986,80
h0.05_r0.2_s10036,10036,0.05,0.2,0.35,myopic,0.7375,0.12250000000000001,0.075,0.14875,1.2026249999053107,80
h0.05_r0.2_s10036,10036,0.05,0.2,0.35,recheck,0.8,0.076875,0.2375,0.16,1.67278100002477,80
h0.05_r0.2_s10036,10036,0.05,0.2,0.35,no_task,0.8625,0.08625000000000001,0.2,0.15625,1.686231000007865,80
h0.05_r0.2_s10037,10037,0.05,0.2,0.35,never,0.4875,0.2849999999999998,0.05,0.3024999999999998,1.1064210000313324,80
h0.05_r0.2_s10037,10037,0.05,0.2,0.35,fresh,1.0,0.0,1.1125,0.38937499999999997,1.201053000045249,80
h0.05_r0.2_s10037,10037,0.05,0.2,0.35,ttl,0.7,0.16499999999999998,0.2,0.23499999999999996,1.2537609999299093,80
h0.05_r0.2_s10037,10037,0.05,0.2,0.35,entropy,0.825,0.11125,0.35,0.23374999999999999,1.2593809999543737,80
h0.05_r0.2_s10037,10037,0.05,0.2,0.35,random,0.5625,0.2581249999999999,0.125,0.3018749999999999,1.317877999895245,80
h0.05_r0.2_s10037,10037,0.05,0.2,0.35,myopic,0.525,0.26999999999999985,0.075,0.29624999999999985,1.171599000031165,80
h0.05_r0.2_s10037,10037,0.05,0.2,0.35,recheck,0.8,0.11312499999999999,0.2375,0.19624999999999998,1.5818140000192216,80
h0.05_r0.2_s10037,10037,0.05,0.2,0.35,no_task,0.7625,0.09250000000000003,0.2,0.16250000000000003,1.5846689999534647,80
h0.05_r0.2_s10038,10038,0.05,0.2,0.35,never,0.475,0.19875000000000004,0.05,0.21625,1.1108080000212794,80
h0.05_r0.2_s10038,10038,0.05,0.2,0.35,fresh,1.0,0.0,1.3,0.45499999999999996,1.214132999962203,80
h0.05_r0.2_s10038,10038,0.05,0.2,0.35,ttl,0.6125,0.12812500000000002,0.2,0.19812500000000002,1.2797709999858853,80
h0.05_r0.2_s10038,10038,0.05,0.2,0.35,entropy,0.8125,0.04437500000000001,0.35,0.166875,1.3757750000422675,80
h0.05_r0.2_s10038,10038,0.05,0.2,0.35,random,0.45,0.20437500000000003,0.1625,0.26125000000000004,1.4624059999732708,80
h0.05_r0.2_s10038,10038,0.05,0.2,0.35,myopic,0.475,0.19875000000000004,0.075,0.225,1.1746330000050875,80
h0.05_r0.2_s10038,10038,0.05,0.2,0.35,recheck,0.6125,0.110625,0.2125,0.185,1.6166969999176217,80
h0.05_r0.2_s10038,10038,0.05,0.2,0.35,no_task,0.5625,0.12875,0.2,0.19875,1.5652990000489808,80
h0.05_r0.2_s10039,10039,0.05,0.2,0.35,never,0.7,0.161875,0.05,0.179375,1.119129000016983,80
h0.05_r0.2_s10039,10039,0.05,0.2,0.35,fresh,1.0,0.0,1.225,0.42874999999999996,1.2178480000102354,80
h0.05_r0.2_s10039,10039,0.05,0.2,0.35,ttl,0.8625,0.07374999999999998,0.175,0.13499999999999995,1.248073000056138,80
h0.05_r0.2_s10039,10039,0.05,0.2,0.35,entropy,0.775,0.12687500000000002,0.3375,0.24500000000000002,1.2610520000180259,80
h0.05_r0.2_s10039,10039,0.05,0.2,0.35,random,0.7875,0.135625,0.1,0.17062499999999997,1.282674999970368,80
h0.05_r0.2_s10039,10039,0.05,0.2,0.35,myopic,0.7875,0.05937499999999999,0.075,0.08562499999999998,1.1695360000203436,80
h0.05_r0.2_s10039,10039,0.05,0.2,0.35,recheck,0.7875,0.065625,0.2375,0.14875,1.5629770000487042,80
h0.05_r0.2_s10039,10039,0.05,0.2,0.35,no_task,0.75,0.098125,0.2,0.168125,1.5883539999776985,80
h0.05_r0.2_s10040,10040,0.05,0.2,0.35,never,0.7125,0.14437499999999995,0.05,0.16187499999999994,1.0808429999542568,80
h0.05_r0.2_s10040,10040,0.05,0.2,0.35,fresh,1.0,0.0,1.1625,0.406875,1.2439669999366743,80
h0.05_r0.2_s10040,10040,0.05,0.2,0.35,ttl,0.7,0.18562499999999996,0.2,0.25562499999999994,1.2411829999336987,80
h0.05_r0.2_s10040,10040,0.05,0.2,0.35,entropy,0.8375,0.13124999999999998,0.325,0.24499999999999997,1.265309000018533,80
h0.05_r0.2_s10040,10040,0.05,0.2,0.35,random,0.675,0.15499999999999994,0.2,0.22499999999999992,1.3049890000047526,80
h0.05_r0.2_s10040,10040,0.05,0.2,0.35,myopic,0.7125,0.14437499999999995,0.075,0.17062499999999994,1.1657500000410437,80
h0.05_r0.2_s10040,10040,0.05,0.2,0.35,recheck,0.75,0.09812499999999999,0.25,0.18562499999999998,1.5778690000161077,80
h0.05_r0.2_s10040,10040,0.05,0.2,0.35,no_task,0.6625,0.12249999999999994,0.2,0.19249999999999995,1.5668820000200867,80
h0.05_r0.2_s10041,10041,0.05,0.2,0.35,never,0.8375,0.036875000000000005,0.05,0.05437499999999999,1.09789800001181,80
h0.05_r0.2_s10041,10041,0.05,0.2,0.35,fresh,1.0,0.0,1.2375,0.433125,1.2104170000384329,80
h0.05_r0.2_s10041,10041,0.05,0.2,0.35,ttl,0.9,0.024375,0.2,0.094375,1.2487340000006952,80
h0.05_r0.2_s10041,10041,0.05,0.2,0.35,entropy,0.9375,0.014375000000000002,0.375,0.145625,1.2508170000273822,80
h0.05_r0.2_s10041,10041,0.05,0.2,0.35,random,0.825,0.045000000000000005,0.1625,0.10187500000000001,1.3323000000582397,80
h0.05_r0.2_s10041,10041,0.05,0.2,0.35,myopic,0.8375,0.036875000000000005,0.0875,0.0675,1.1754240000527716,80
h0.05_r0.2_s10041,10041,0.05,0.2,0.35,recheck,0.8375,0.036875000000000005,0.2375,0.12,1.5780689999473907,80
h0.05_r0.2_s10041,10041,0.05,0.2,0.35,no_task,0.775,0.05437500000000002,0.2,0.12437500000000001,1.5723599999546423,80
h0.05_r0.2_s10042,10042,0.05,0.2,0.35,never,0.3875,0.3925,0.05,0.41000000000000003,1.0782680000147593,80
h0.05_r0.2_s10042,10042,0.05,0.2,0.35,fresh,1.0,0.0,1.3,0.45499999999999996,1.220622000005278,80
h0.05_r0.2_s10042,10042,0.05,0.2,0.35,ttl,0.85,0.07749999999999999,0.2,0.1475,2.2868930000186083,80
h0.05_r0.2_s10042,10042,0.05,0.2,0.35,entropy,0.8625,0.07375000000000001,0.3375,0.191875,2.2488749999638458,80
h0.05_r0.2_s10042,10042,0.05,0.2,0.35,random,0.7125,0.08687500000000001,0.1875,0.15250000000000002,1.807493000001159,80
h0.05_r0.2_s10042,10042,0.05,0.2,0.35,myopic,0.5875,0.17249999999999993,0.0875,0.20312499999999992,1.1721989999387006,80
h0.05_r0.2_s10042,10042,0.05,0.2,0.35,recheck,0.75,0.07062500000000002,0.225,0.149375,1.6631969999707508,80
h0.05_r0.2_s10042,10042,0.05,0.2,0.35,no_task,0.7,0.07437500000000001,0.2,0.144375,1.619481000034284,80
h0.05_r0.2_s10043,10043,0.05,0.2,0.35,never,0.4875,0.27999999999999975,0.05,0.29749999999999976,1.0921990000269943,80
h0.05_r0.2_s10043,10043,0.05,0.2,0.35,fresh,1.0,0.0,1.1875,0.415625,1.200161000042499,80
h0.05_r0.2_s10043,10043,0.05,0.2,0.35,ttl,0.7375,0.12124999999999997,0.175,0.18249999999999997,1.4409330000262344,80
h0.05_r0.2_s10043,10043,0.05,0.2,0.35,entropy,0.925,0.04625,0.35,0.16875,1.4722200000960584,80
h0.05_r0.2_s10043,10043,0.05,0.2,0.35,random,0.5875,0.2281249999999999,0.175,0.2893749999999999,1.3424549999854207,80
h0.05_r0.2_s10043,10043,0.05,0.2,0.35,myopic,0.5,0.24499999999999988,0.0875,0.2756249999999999,1.1641270000382065,80
h0.05_r0.2_s10043,10043,0.05,0.2,0.35,recheck,0.8,0.085,0.25,0.17250000000000001,1.7669019999857483,80
h0.05_r0.2_s10043,10043,0.05,0.2,0.35,no_task,0.75,0.09000000000000001,0.2,0.16,1.9589099999848258,80
h0.05_r0.2_s10044,10044,0.05,0.2,0.35,never,0.45,0.38875000000000004,0.05,0.40625,1.0967260000143142,80
h0.05_r0.2_s10044,10044,0.05,0.2,0.35,fresh,1.0,0.0,1.3,0.45499999999999996,1.2584699999251825,80
h0.05_r0.2_s10044,10044,0.05,0.2,0.35,ttl,0.825,0.0675,0.2,0.1375,1.3138120000348863,80
h0.05_r0.2_s10044,10044,0.05,0.2,0.35,entropy,0.95,0.029375000000000002,0.35,0.15187499999999998,1.252950999969471,80
h0.05_r0.2_s10044,10044,0.05,0.2,0.35,random,0.8,0.06437500000000002,0.1625,0.12125000000000001,1.3774370000874114,80
h0.05_r0.2_s10044,10044,0.05,0.2,0.35,myopic,0.575,0.17875000000000002,0.075,0.20500000000000002,1.159069999971507,80
h0.05_r0.2_s10044,10044,0.05,0.2,0.35,recheck,0.9,0.019999999999999997,0.2375,0.103125,1.67406299999584,80
h0.05_r0.2_s10044,10044,0.05,0.2,0.35,no_task,0.8,0.06562500000000002,0.2,0.13562500000000002,1.5861109999377732,80
h0.05_r0.2_s10045,10045,0.05,0.2,0.35,never,0.525,0.244375,0.05,0.26187499999999997,1.109745999997358,80
h0.05_r0.2_s10045,10045,0.05,0.2,0.35,fresh,1.0,0.0,1.2,0.41999999999999993,1.1986690000185263,80
h0.05_r0.2_s10045,10045,0.05,0.2,0.35,ttl,0.6375,0.21750000000000003,0.2,0.2875,1.3140129999555938,80
h0.05_r0.2_s10045,10045,0.05,0.2,0.35,entropy,0.8,0.1,0.325,0.21375000000000002,1.2412429999812957,80
h0.05_r0.2_s10045,10045,0.05,0.2,0.35,random,0.6,0.19687499999999997,0.1875,0.2625,1.3685650000070382,80
h0.05_r0.2_s10045,10045,0.05,0.2,0.35,myopic,0.55,0.21937500000000001,0.075,0.24562499999999998,1.1789190000399685,80
h0.05_r0.2_s10045,10045,0.05,0.2,0.35,recheck,0.675,0.14375,0.2375,0.226875,1.6374470000073416,80
h0.05_r0.2_s10045,10045,0.05,0.2,0.35,no_task,0.6,0.13999999999999999,0.2,0.20999999999999996,1.581983999926706,80
h0.05_r0.2_s10046,10046,0.05,0.2,0.35,never,0.4625,0.3206249999999999,0.05,0.3381249999999999,1.1818340000218086,80
h0.05_r0.2_s10046,10046,0.05,0.2,0.35,fresh,1.0,0.0,1.175,0.41125,1.2148440000601113,80
h0.05_r0.2_s10046,10046,0.05,0.2,0.35,ttl,0.6875,0.12,0.2,0.19,2.6046790000009423,80
h0.05_r0.2_s10046,10046,0.05,0.2,0.35,entropy,0.7875,0.08,0.35,0.20249999999999999,1.9267919999492733,80
h0.05_r0.2_s10046,10046,0.05,0.2,0.35,random,0.6,0.189375,0.1625,0.24625,1.3222139999697902,80
h0.05_r0.2_s10046,10046,0.05,0.2,0.35,myopic,0.4875,0.280625,0.075,0.30687499999999995,1.2415730000157055,80
h0.05_r0.2_s10046,10046,0.05,0.2,0.35,recheck,0.75,0.094375,0.25,0.181875,1.6074129999879005,80
h0.05_r0.2_s10046,10046,0.05,0.2,0.35,no_task,0.625,0.169375,0.2,0.23937499999999998,1.8820850000338396,80
h0.05_r0.2_s10047,10047,0.05,0.2,0.35,never,0.475,0.2712500000000001,0.05,0.28875000000000006,1.1787500000082218,80
h0.05_r0.2_s10047,10047,0.05,0.2,0.35,fresh,1.0,0.0,1.0375,0.363125,1.2627150000525944,80
h0.05_r0.2_s10047,10047,0.05,0.2,0.35,ttl,0.8375,0.071875,0.2,0.14187499999999997,1.3087840000025608,80
h0.05_r0.2_s10047,10047,0.05,0.2,0.35,entropy,0.9375,0.016875,0.3375,0.13499999999999998,1.2630460000764288,80
h0.05_r0.2_s10047,10047,0.05,0.2,0.35,random,0.5,0.26062500000000005,0.0875,0.29125000000000006,1.3791300000320916,80
h0.05_r0.2_s10047,10047,0.05,0.2,0.35,myopic,0.6,0.13124999999999995,0.075,0.15749999999999995,1.1915490000546924,80
h0.05_r0.2_s10047,10047,0.05,0.2,0.35,recheck,0.7125,0.07812500000000001,0.225,0.15687500000000001,1.6484850000324514,80
h0.05_r0.2_s10047,10047,0.05,0.2,0.35,no_task,0.675,0.10999999999999999,0.2,0.18,1.6120089999276388,80
h0.05_r0.2_s10048,10048,0.05,0.2,0.35,never,0.7875,0.061250000000000006,0.05,0.07875000000000001,1.1521989999891957,80
h0.05_r0.2_s10048,10048,0.05,0.2,0.35,fresh,1.0,0.0,1.125,0.39374999999999993,1.2382179999121945,80
h0.05_r0.2_s10048,10048,0.05,0.2,0.35,ttl,0.8625,0.04500000000000001,0.1875,0.11062500000000001,1.2914289999343964,80
h0.05_r0.2_s10048,10048,0.05,0.2,0.35,entropy,0.8375,0.05000000000000001,0.3125,0.159375,1.3493249999783075,80
h0.05_r0.2_s10048,10048,0.05,0.2,0.35,random,0.7875,0.061250000000000006,0.1875,0.12687500000000002,1.3766459999260405,80
h0.05_r0.2_s10048,10048,0.05,0.2,0.35,myopic,0.7875,0.061250000000000006,0.075,0.0875,1.1899260000518552,80
h0.05_r0.2_s10048,10048,0.05,0.2,0.35,recheck,0.825,0.04812500000000001,0.2375,0.13125,1.6403930000024047,80
h0.05_r0.2_s10048,10048,0.05,0.2,0.35,no_task,0.8375,0.051250000000000004,0.2,0.12125,1.5901270000995282,80
h0.05_r0.2_s10049,10049,0.05,0.2,0.35,never,0.6,0.13562499999999997,0.05,0.15312499999999998,1.0798209999620667,80
h0.05_r0.2_s10049,10049,0.05,0.2,0.35,fresh,1.0,0.0,1.2125,0.42437499999999995,1.3396010000406022,80
h0.05_r0.2_s10049,10049,0.05,0.2,0.35,ttl,0.7875,0.071875,0.2,0.141875,1.260602000002109,80
h0.05_r0.2_s10049,10049,0.05,0.2,0.35,entropy,0.9625,0.01125,0.3375,0.129375,1.3041380000231584,80
h0.05_r0.2_s10049,10049,0.05,0.2,0.35,random,0.75,0.08312499999999999,0.1125,0.12249999999999998,1.3257299999622774,80
h0.05_r0.2_s10049,10049,0.05,0.2,0.35,myopic,0.6,0.13562499999999997,0.0875,0.16624999999999995,1.2504869999929724,80
h0.05_r0.2_s10049,10049,0.05,0.2,0.35,recheck,0.75,0.07875,0.225,0.1575,1.5919800000574469,80
h0.05_r0.2_s10049,10049,0.05,0.2,0.35,no_task,0.8,0.065625,0.2,0.135625,1.6667520000055447,80
h0.05_r0.2_s10050,10050,0.05,0.2,0.35,never,0.7875,0.07625000000000001,0.05,0.09375000000000003,1.1163960000430961,80
h0.05_r0.2_s10050,10050,0.05,0.2,0.35,fresh,1.0,0.0,1.0375,0.363125,1.3151240000297548,80
h0.05_r0.2_s10050,10050,0.05,0.2,0.35,ttl,0.95,0.01,0.1625,0.06687499999999999,1.2281540000458335,80
h0.05_r0.2_s10050,10050,0.05,0.2,0.35,entropy,0.975,0.010625,0.3,0.11562499999999998,1.3324399999419256,80
h0.05_r0.2_s10050,10050,0.05,0.2,0.35,random,0.8125,0.06000000000000001,0.1125,0.09937500000000002,1.3219339999750446,80
h0.05_r0.2_s10050,10050,0.05,0.2,0.35,myopic,0.7875,0.07625000000000001,0.0625,0.09812500000000002,1.242565000097784,80
h0.05_r0.2_s10050,10050,0.05,0.2,0.35,recheck,0.85,0.035625000000000004,0.225,0.114375,1.5866410000171527,80
h0.05_r0.2_s10050,10050,0.05,0.2,0.35,no_task,0.7875,0.07625000000000001,0.2,0.14625000000000002,1.5564660000109143,80
h0.05_r0.2_s10051,10051,0.05,0.2,0.35,never,0.5,0.32687499999999997,0.05,0.344375,1.084957999978542,80
h0.05_r0.2_s10051,10051,0.05,0.2,0.35,fresh,1.0,0.0,1.35,0.4725,1.226200000019162,80
h0.05_r0.2_s10051,10051,0.05,0.2,0.35,ttl,0.7,0.148125,0.1875,0.21375000000000002,1.230888000009145,80
h0.05_r0.2_s10051,10051,0.05,0.2,0.35,entropy,0.8125,0.1125,0.3625,0.23937499999999998,1.2710080000033486,80
h0.05_r0.2_s10051,10051,0.05,0.2,0.35,random,0.5125,0.316875,0.2125,0.39125,1.3221140000041487,80
h0.05_r0.2_s10051,10051,0.05,0.2,0.35,myopic,0.5,0.32687499999999997,0.0625,0.34875,1.186321000091084,80
h0.05_r0.2_s10051,10051,0.05,0.2,0.35,recheck,0.8375,0.07,0.25,0.15750000000000003,1.5495259999624977,80
h0.05_r0.2_s10051,10051,0.05,0.2,0.35,no_task,0.5875,0.20812500000000006,0.2,0.27812500000000007,1.589596000030724,80
h0.05_r0.2_s10052,10052,0.05,0.2,0.35,never,0.35,0.47562499999999996,0.05,0.4931249999999999,1.0870820000263848,80
h0.05_r0.2_s10052,10052,0.05,0.2,0.35,fresh,1.0,0.0,1.2875,0.45062499999999994,1.2323700000251847,80
h0.05_r0.2_s10052,10052,0.05,0.2,0.35,ttl,0.575,0.2812499999999999,0.2,0.35124999999999995,1.2509480000062467,80
h0.05_r0.2_s10052,10052,0.05,0.2,0.35,entropy,0.8125,0.15187499999999998,0.375,0.28312499999999996,1.249164999990171,80
h0.05_r0.2_s10052,10052,0.05,0.2,0.35,random,0.65,0.171875,0.1375,0.22000000000000003,1.322093999988283,80
h0.05_r0.2_s10052,10052,0.05,0.2,0.35,myopic,0.3875,0.37812499999999977,0.075,0.40437499999999976,1.1566470000161644,80
h0.05_r0.2_s10052,10052,0.05,0.2,0.35,recheck,0.75,0.08250000000000003,0.2625,0.17437500000000003,1.6956649999428919,80
h0.05_r0.2_s10052,10052,0.05,0.2,0.35,no_task,0.525,0.27312499999999995,0.2,0.34312499999999996,1.5613729999586212,80
h0.05_r0.2_s10053,10053,0.05,0.2,0.35,never,0.6,0.20750000000000002,0.05,0.225,1.089886000045226,80
h0.05_r0.2_s10053,10053,0.05,0.2,0.35,fresh,1.0,0.0,1.15,0.40249999999999997,1.2244880000480407,80
h0.05_r0.2_s10053,10053,0.05,0.2,0.35,ttl,0.75,0.191875,0.2,0.26187499999999997,1.257347999967351,80
h0.05_r0.2_s10053,10053,0.05,0.2,0.35,entropy,0.8125,0.126875,0.35,0.24937499999999996,1.2930909999795404,80
h0.05_r0.2_s10053,10053,0.05,0.2,0.35,random,0.6125,0.22874999999999995,0.1375,0.276875,1.32937499995478,80
h0.05_r0.2_s10053,10053,0.05,0.2,0.35,myopic,0.575,0.26999999999999996,0.075,0.29624999999999996,1.1699060000864847,80
h0.05_r0.2_s10053,10053,0.05,0.2,0.35,recheck,0.725,0.11249999999999998,0.25,0.19999999999999998,1.5996810000160622,80
h0.05_r0.2_s10053,10053,0.05,0.2,0.35,no_task,0.675,0.123125,0.2,0.193125,1.5535719999206776,80
h0.05_r0.2_s10054,10054,0.05,0.2,0.35,never,0.65,0.161875,0.05,0.179375,1.1224639999909414,80
h0.05_r0.2_s10054,10054,0.05,0.2,0.35,fresh,1.0,0.0,1.325,0.46374999999999994,1.2108170000146856,80
h0.05_r0.2_s10054,10054,0.05,0.2,0.35,ttl,0.7125,0.13937499999999997,0.2,0.209375,1.2437569999974585,80
h0.05_r0.2_s10054,10054,0.05,0.2,0.35,entropy,0.8375,0.076875,0.375,0.20812499999999998,1.2524400000302194,80
h0.05_r0.2_s10054,10054,0.05,0.2,0.35,random,0.7125,0.15499999999999997,0.2,0.22499999999999995,1.3130209999872022,80
h0.05_r0.2_s10054,10054,0.05,0.2,0.35,myopic,0.65,0.161875,0.075,0.188125,1.1732809999784877,80
h0.05_r0.2_s10054,10054,0.05,0.2,0.35,recheck,0.75,0.07875,0.25,0.16625,1.6205729999683172,80
h0.05_r0.2_s10054,10054,0.05,0.2,0.35,no_task,0.7,0.11000000000000001,0.2,0.18,1.5947639999467356,80
h0.05_r0.2_s10055,10055,0.05,0.2,0.35,never,0.75,0.11000000000000006,0.05,0.12750000000000006,1.083225999991555,80
h0.05_r0.2_s10055,10055,0.05,0.2,0.35,fresh,1.0,0.0,1.0125,0.354375,1.2372869999808245,80
h0.05_r0.2_s10055,10055,0.05,0.2,0.35,ttl,0.8125,0.09875000000000003,0.1875,0.16437500000000002,1.2266009999848393,80
h0.05_r0.2_s10055,10055,0.05,0.2,0.35,entropy,0.925,0.043125,0.325,0.156875,1.2807620000785391,80
h0.05_r0.2_s10055,10055,0.05,0.2,0.35,random,0.7625,0.10750000000000004,0.1875,0.17312500000000003,1.3022949999594857,80
h0.05_r0.2_s10055,10055,0.05,0.2,0.35,myopic,0.75,0.11000000000000006,0.0875,0.14062500000000006,1.1955449999732082,80
h0.05_r0.2_s10055,10055,0.05,0.2,0.35,recheck,0.8375,0.06312500000000001,0.25,0.150625,1.5700569999808067,80
h0.05_r0.2_s10055,10055,0.05,0.2,0.35,no_task,0.75,0.09874999999999998,0.2,0.16874999999999998,1.5794209999739905,80
h0.05_r0.2_s10056,10056,0.05,0.2,0.35,never,0.5375,0.2556250000000001,0.05,0.27312500000000006,1.080912000020362,80
h0.05_r0.2_s10056,10056,0.05,0.2,0.35,fresh,1.0,0.0,1.1,0.38499999999999995,1.2032959999714876,80
h0.05_r0.2_s10056,10056,0.05,0.2,0.35,ttl,0.7875,0.07125000000000001,0.2,0.14125000000000001,1.24988699997175,80
h0.05_r0.2_s10056,10056,0.05,0.2,0.35,entropy,0.9125,0.023125,0.325,0.136875,1.2431659999947442,80
h0.05_r0.2_s10056,10056,0.05,0.2,0.35,random,0.7,0.108125,0.175,0.169375,1.3164570000299136,80
h0.05_r0.2_s10056,10056,0.05,0.2,0.35,myopic,0.6125,0.143125,0.075,0.169375,1.1880139999220773,80
h0.05_r0.2_s10056,10056,0.05,0.2,0.35,recheck,0.75,0.06687499999999999,0.225,0.14562499999999998,1.6329210000094463,80
h0.05_r0.2_s10056,10056,0.05,0.2,0.35,no_task,0.65,0.12437500000000001,0.2,0.19437500000000002,1.8721899999718516,80
h0.05_r0.2_s10057,10057,0.05,0.2,0.35,never,0.6,0.17562499999999998,0.05,0.193125,1.0821450000548793,80
h0.05_r0.2_s10057,10057,0.05,0.2,0.35,fresh,1.0,0.0,1.325,0.46374999999999994,1.274463000072501,80
h0.05_r0.2_s10057,10057,0.05,0.2,0.35,ttl,0.6625,0.23562500000000006,0.2375,0.31875000000000003,1.2512779999269696,80
h0.05_r0.2_s10057,10057,0.05,0.2,0.35,entropy,0.7875,0.14187499999999997,0.35,0.26437499999999997,1.4077639999641178,80
h0.05_r0.2_s10057,10057,0.05,0.2,0.35,random,0.55,0.25562499999999994,0.1125,0.29499999999999993,1.317547999974522,80
h0.05_r0.2_s10057,10057,0.05,0.2,0.35,myopic,0.6,0.17562499999999998,0.075,0.20187499999999997,1.1622550000538467,80
h0.05_r0.2_s10057,10057,0.05,0.2,0.35,recheck,0.7875,0.073125,0.25,0.160625,1.9150840000747849,80
h0.05_r0.2_s10057,10057,0.05,0.2,0.35,no_task,0.7,0.13999999999999996,0.2,0.20999999999999996,1.6650300000264906,80
h0.05_r0.2_s10058,10058,0.05,0.2,0.35,never,0.45,0.24437499999999987,0.05,0.26187499999999986,1.175894999960292,80
h0.05_r0.2_s10058,10058,0.05,0.2,0.35,fresh,1.0,0.0,1.3375,0.46812499999999996,1.3147129999424578,80
h0.05_r0.2_s10058,10058,0.05,0.2,0.35,ttl,0.8,0.07187500000000001,0.1875,0.1375,1.2787100000650753,80
h0.05_r0.2_s10058,10058,0.05,0.2,0.35,entropy,0.9875,0.003125,0.3625,0.12999999999999998,1.2647879999576617,80
h0.05_r0.2_s10058,10058,0.05,0.2,0.35,random,0.65,0.10125000000000002,0.1625,0.15812500000000002,1.3913379999621611,80
h0.05_r0.2_s10058,10058,0.05,0.2,0.35,myopic,0.45,0.24437499999999987,0.075,0.2706249999999999,1.23615500001506,80
h0.05_r0.2_s10058,10058,0.05,0.2,0.35,recheck,0.7875,0.051875000000000004,0.2375,0.135,1.6857800000025236,80
h0.05_r0.2_s10058,10058,0.05,0.2,0.35,no_task,0.7375,0.07687500000000001,0.2,0.146875,1.5602519999902142,80
h0.05_r0.2_s10059,10059,0.05,0.2,0.35,never,0.5375,0.2656249999999999,0.05,0.28312499999999985,1.1450490000015634,80
h0.05_r0.2_s10059,10059,0.05,0.2,0.35,fresh,1.0,0.0,1.25,0.4375,1.2107069999274245,80
h0.05_r0.2_s10059,10059,0.05,0.2,0.35,ttl,0.6625,0.163125,0.1875,0.22874999999999995,1.3094050000290736,80
h0.05_r0.2_s10059,10059,0.05,0.2,0.35,entropy,0.875,0.071875,0.325,0.18562499999999998,1.2464909999607698,80
h0.05_r0.2_s10059,10059,0.05,0.2,0.35,random,0.5875,0.24999999999999992,0.1625,0.3068749999999999,1.3862710000012157,80
h0.05_r0.2_s10059,10059,0.05,0.2,0.35,myopic,0.5375,0.21312499999999995,0.075,0.23937499999999998,1.190866999991158,80
h0.05_r0.2_s10059,10059,0.05,0.2,0.35,recheck,0.725,0.08562500000000002,0.2125,0.16,1.6623550000076648,80
h0.05_r0.2_s10059,10059,0.05,0.2,0.35,no_task,0.625,0.16687499999999997,0.2,0.23687499999999995,1.569685999925241,80
h0.05_r0.2_s10060,10060,0.05,0.2,0.35,never,0.5625,0.165625,0.05,0.183125,1.184988999966663,80
h0.05_r0.2_s10060,10060,0.05,0.2,0.35,fresh,1.0,0.0,1.3,0.45499999999999996,1.2344929999699161,80
h0.05_r0.2_s10060,10060,0.05,0.2,0.35,ttl,0.825,0.11374999999999999,0.2,0.18375,1.2443879999182172,80
h0.05_r0.2_s10060,10060,0.05,0.2,0.35,entropy,1.0,0.0,0.3375,0.118125,1.2607830000206377,80
h0.05_r0.2_s10060,10060,0.05,0.2,0.35,random,0.6875,0.12687500000000002,0.125,0.170625,1.3149940000403149,80
h0.05_r0.2_s10060,10060,0.05,0.2,0.35,myopic,0.575,0.138125,0.0875,0.16875,1.2018140000691346,80
h0.05_r0.2_s10060,10060,0.05,0.2,0.35,recheck,0.7625,0.06999999999999999,0.2375,0.153125,1.5339819999553583,80
h0.05_r0.2_s10060,10060,0.05,0.2,0.35,no_task,0.7125,0.105625,0.2,0.17562499999999998,1.6048679999585147,80
h0.05_r0.2_s10061,10061,0.05,0.2,0.35,never,0.35,0.3893750000000001,0.05,0.40687500000000004,1.073141000006217,80
h0.05_r0.2_s10061,10061,0.05,0.2,0.35,fresh,1.0,0.0,1.35,0.4725,1.3128900000083377,80
h0.05_r0.2_s10061,10061,0.05,0.2,0.35,ttl,0.55,0.166875,0.2,0.236875,1.2207219999709196,80
h0.05_r0.2_s10061,10061,0.05,0.2,0.35,entropy,0.85,0.05812500000000002,0.35,0.18062499999999998,1.3338420000081896,80
h0.05_r0.2_s10061,10061,0.05,0.2,0.35,random,0.75,0.07125000000000001,0.2125,0.145625,1.2900670000135506,80
h0.05_r0.2_s10061,10061,0.05,0.2,0.35,myopic,0.525,0.2593749999999999,0.075,0.2856249999999999,1.3045279999914783,80
h0.05_r0.2_s10061,10061,0.05,0.2,0.35,recheck,0.7125,0.08562500000000002,0.1875,0.15125000000000002,1.6202619999603485,80
h0.05_r0.2_s10061,10061,0.05,0.2,0.35,no_task,0.5,0.15249999999999994,0.2,0.22249999999999998,1.5935820000549938,80
h0.05_r0.2_s10062,10062,0.05,0.2,0.35,never,0.675,0.154375,0.05,0.17187500000000003,1.0819540000284178,80
h0.05_r0.2_s10062,10062,0.05,0.2,0.35,fresh,1.0,0.0,1.075,0.37625,1.202224999929058,80
h0.05_r0.2_s10062,10062,0.05,0.2,0.35,ttl,0.7125,0.12875,0.2,0.19875,1.2531710000303065,80
h0.05_r0.2_s10062,10062,0.05,0.2,0.35,entropy,0.8375,0.091875,0.3375,0.20999999999999996,1.2404930000684544,80
h0.05_r0.2_s10062,10062,0.05,0.2,0.35,random,0.675,0.154375,0.2,0.22437500000000005,1.337538000029781,80
h0.05_r0.2_s10062,10062,0.05,0.2,0.35,myopic,0.6875,0.14187500000000003,0.0875,0.17250000000000001,1.1725400000841546,80
h0.05_r0.2_s10062,10062,0.05,0.2,0.35,recheck,0.725,0.11312499999999999,0.25,0.20062499999999997,1.5741030000526735,80
h0.05_r0.2_s10062,10062,0.05,0.2,0.35,no_task,0.7125,0.14687500000000003,0.2,0.216875,1.5803419998974277,80
h0.05_r0.2_s10063,10063,0.05,0.2,0.35,never,0.6625,0.15125000000000005,0.05,0.16875000000000004,1.0979880000832054,80
h0.05_r0.2_s10063,10063,0.05,0.2,0.35,fresh,1.0,0.0,1.3375,0.46812499999999996,1.2073730000565774,80
h0.05_r0.2_s10063,10063,0.05,0.2,0.35,ttl,0.775,0.10687500000000003,0.2,0.17687500000000003,1.257547000022896,80
h0.05_r0.2_s10063,10063,0.05,0.2,0.35,entropy,0.7875,0.08125000000000002,0.35,0.20375000000000001,1.2387489999809986,80
h0.05_r0.2_s10063,10063,0.05,0.2,0.35,random,0.725,0.10750000000000001,0.1875,0.17312500000000003,1.316035000058946,80
h0.05_r0.2_s10063,10063,0.05,0.2,0.35,myopic,0.6625,0.15125000000000005,0.075,0.17750000000000005,1.1704969999755122,80
h0.05_r0.2_s10063,10063,0.05,0.2,0.35,recheck,0.8,0.07750000000000001,0.275,0.17375000000000002,1.5552239999578887,80
h0.05_r0.2_s10063,10063,0.05,0.2,0.35,no_task,0.7125,0.10937500000000003,0.2,0.179375,1.5748939999866707,80
h0.05_r0.9_s10000,10000,0.05,0.9,0.04,never,0.5125,0.2743749999999999,0.05,0.2763749999999999,1.3197709999985818,80
h0.05_r0.9_s10000,10000,0.05,0.9,0.04,fresh,1.0,0.0,0.9125,0.0365,1.308004000065921,80
h0.05_r0.9_s10000,10000,0.05,0.9,0.04,ttl,0.9,0.0625,0.35,0.0765,1.237538000054883,80
h0.05_r0.9_s10000,10000,0.05,0.9,0.04,entropy,0.975,0.025,0.5875,0.0485,1.3399419999586826,80
h0.05_r0.9_s10000,10000,0.05,0.9,0.04,random,0.975,0.005,0.7375,0.034499999999999996,1.3417539998954453,80
h0.05_r0.9_s10000,10000,0.05,0.9,0.04,myopic,0.975,0.005,0.5625,0.027500000000000004,1.2848879999864948,80
h0.05_r0.9_s10000,10000,0.05,0.9,0.04,recheck,0.975,0.005,0.6,0.028999999999999998,1.600552000013522,80
h0.05_r0.9_s10000,10000,0.05,0.9,0.04,no_task,0.95,0.021249999999999998,0.9,0.05725,1.641434000021036,80
h0.05_r0.9_s10001,10001,0.05,0.9,0.04,never,0.4,0.3131250000000004,0.05,0.3151250000000004,1.1007320000544496,80
h0.05_r0.9_s10001,10001,0.05,0.9,0.04,fresh,1.0,0.0,1.1625,0.0465,1.201512999955412,80
h0.05_r0.9_s10001,10001,0.05,0.9,0.04,ttl,0.9625,0.0075000000000000015,0.4625,0.026000000000000002,1.335895000011078,80
h0.05_r0.9_s10001,10001,0.05,0.9,0.04,entropy,1.0,0.0,0.7125,0.028500000000000004,1.2939419999611346,80
h0.05_r0.9_s10001,10001,0.05,0.9,0.04,random,1.0,0.0,0.8375,0.0335,1.4241679999713597,80
h0.05_r0.9_s10001,10001,0.05,0.9,0.04,myopic,0.9375,0.011875,0.5,0.031875,1.189594999914334,80
h0.05_r0.9_s10001,10001,0.05,0.9,0.04,recheck,0.95,0.009375000000000001,0.625,0.034375,1.678710000078354,80
h0.05_r0.9_s10001,10001,0.05,0.9,0.04,no_task,0.925,0.015,0.9,0.051000000000000004,1.5875029999961043,80
h0.05_r0.9_s10002,10002,0.05,0.9,0.04,never,0.5875,0.2725,0.05,0.2745,1.1595999999371998,80
h0.05_r0.9_s10002,10002,0.05,0.9,0.04,fresh,1.0,0.0,0.775,0.031,1.194773000065652,80
h0.05_r0.9_s10002,10002,0.05,0.9,0.04,ttl,0.975,0.005,0.3,0.016999999999999998,1.491657999963536,80
h0.05_r0.9_s10002,10002,0.05,0.9,0.04,entropy,1.0,0.0,0.375,0.015,1.2620539999943503,80
h0.05_r0.9_s10002,10002,0.05,0.9,0.04,random,0.975,0.005,0.5875,0.028500000000000004,1.458148000097026,80
h0.05_r0.9_s10002,10002,0.05,0.9,0.04,myopic,0.9375,0.0125,0.3,0.0245,1.3870719999431458,80
h0.05_r0.9_s10002,10002,0.05,0.9,0.04,recheck,0.975,0.005,0.3625,0.0195,1.6864520000581251,80
h0.05_r0.9_s10002,10002,0.05,0.9,0.04,no_task,1.0,0.0,0.9,0.036,1.685259999931077,80
h0.05_r0.9_s10003,10003,0.05,0.9,0.04,never,0.55,0.11437499999999998,0.05,0.11637499999999998,1.084878000028766,80
h0.05_r0.9_s10003,10003,0.05,0.9,0.04,fresh,1.0,0.0,1.2625,0.0505,1.21088800005964,80
h0.05_r0.9_s10003,10003,0.05,0.9,0.04,ttl,0.975,0.00375,0.5,0.02375,1.228503999982422,80
h0.05_r0.9_s10003,10003,0.05,0.9,0.04,entropy,0.9875,0.001875,0.7875,0.033375,1.2595510000892318,80
h0.05_r0.9_s10003,10003,0.05,0.9,0.04,random,1.0,0.0,1.025,0.041,1.4141620000600597,80
h0.05_r0.9_s10003,10003,0.05,0.9,0.04,myopic,0.9125,0.013125000000000001,0.5375,0.034625,1.2273620000087249,80
h0.05_r0.9_s10003,10003,0.05,0.9,0.04,recheck,0.9625,0.005625,0.675,0.032625,1.574892999997246,80
h0.05_r0.9_s10003,10003,0.05,0.9,0.04,no_task,0.9625,0.005625,0.9,0.041625,1.6009229999554009,80
h0.05_r0.9_s10004,10004,0.05,0.9,0.04,never,0.525,0.24875000000000025,0.05,0.25075000000000025,1.0713980000218726,80
h0.05_r0.9_s10004,10004,0.05,0.9,0.04,fresh,1.0,0.0,1.05,0.041999999999999996,1.2418140000818312,80
h0.05_r0.9_s10004,10004,0.05,0.9,0.04,ttl,0.95,0.02125,0.4,0.037250000000000005,1.2268809999795849,80
h0.05_r0.9_s10004,10004,0.05,0.9,0.04,entropy,0.975,0.008749999999999999,0.9125,0.04525,1.2958350000644714,80
h0.05_r0.9_s10004,10004,0.05,0.9,0.04,random,0.9625,0.020624999999999998,0.8,0.052625,1.3174570000273889,80
h0.05_r0.9_s10004,10004,0.05,0.9,0.04,myopic,0.9625,0.013124999999999998,0.875,0.048125,1.219220000052701,80
h0.05_r0.9_s10004,10004,0.05,0.9,0.04,recheck,0.9625,0.013124999999999998,0.9,0.049124999999999995,1.6116990000227815,80
h0.05_r0.9_s10004,10004,0.05,0.9,0.04,no_task,0.925,0.030000000000000006,0.9,0.066,1.5677530000175466,80
h0.05_r0.9_s10005,10005,0.05,0.9,0.04,never,0.5375,0.3112500000000001,0.05,0.3132500000000001,1.1029459999463143,80
h0.05_r0.9_s10005,10005,0.05,0.9,0.04,fresh,1.0,0.0,1.6,0.064,1.1995999999498963,80
h0.05_r0.9_s10005,10005,0.05,0.9,0.04,ttl,0.875,0.10625,0.6,0.13025,1.2368860000151471,80
h0.05_r0.9_s10005,10005,0.05,0.9,0.04,entropy,0.9,0.1,0.8375,0.1335,1.2584190000097806,80
h0.05_r0.9_s10005,10005,0.05,0.9,0.04,random,0.9625,0.0375,1.25,0.0875,1.3331309999102814,80
h0.05_r0.9_s10005,10005,0.05,0.9,0.04,myopic,0.9625,0.01875,0.6375,0.04425,1.223936999963371,80
h0.05_r0.9_s10005,10005,0.05,0.9,0.04,recheck,0.9625,0.01875,0.7625,0.04925,1.5527710000924344,80
h0.05_r0.9_s10005,10005,0.05,0.9,0.04,no_task,0.925,0.05625,0.9,0.09225,1.6333309999936318,80
h0.05_r0.9_s10006,10006,0.05,0.9,0.04,never,0.65,0.24749999999999991,0.05,0.24949999999999992,1.0708569999451356,80
h0.05_r0.9_s10006,10006,0.05,0.9,0.04,fresh,1.0,0.0,1.1125,0.0445,1.2235560000135592,80
h0.05_r0.9_s10006,10006,0.05,0.9,0.04,ttl,0.9625,0.02375,0.425,0.040749999999999995,1.2898560000849102,80
h0.05_r0.9_s10006,10006,0.05,0.9,0.04,entropy,0.9875,0.0075,0.775,0.0385,1.495164999937515,80
h0.05_r0.9_s10006,10006,0.05,0.9,0.04,random,0.975,0.009375,0.85,0.043375000000000004,1.3742429999865635,80
h0.05_r0.9_s10006,10006,0.05,0.9,0.04,myopic,0.9875,0.0075,0.5875,0.031,1.2310670000488244,80
h0.05_r0.9_s10006,10006,0.05,0.9,0.04,recheck,1.0,0.0,0.675,0.027000000000000003,1.5778779999209291,80
h0.05_r0.9_s10006,10006,0.05,0.9,0.04,no_task,0.9375,0.03875,0.9,0.07475000000000001,1.6276329999982408,80
h0.05_r0.9_s10007,10007,0.05,0.9,0.04,never,0.475,0.503125,0.05,0.5051249999999999,1.0753540000223438,80
h0.05_r0.9_s10007,10007,0.05,0.9,0.04,fresh,1.0,0.0,1.0375,0.0415,1.2587300000177493,80
h0.05_r0.9_s10007,10007,0.05,0.9,0.04,ttl,1.0,0.0,0.4125,0.0165,1.2287040000273919,80
h0.05_r0.9_s10007,10007,0.05,0.9,0.04,entropy,1.0,0.0,0.4875,0.0195,1.2656500000503002,80
h0.05_r0.9_s10007,10007,0.05,0.9,0.04,random,0.9875,0.0125,0.85,0.0465,1.3358149999476154,80
h0.05_r0.9_s10007,10007,0.05,0.9,0.04,myopic,0.975,0.025,0.5,0.045,1.1884840000675467,80
h0.05_r0.9_s10007,10007,0.05,0.9,0.04,recheck,0.975,0.025,0.5375,0.0465,1.5944529999387669,80
h0.05_r0.9_s10007,10007,0.05,0.9,0.04,no_task,0.9625,0.0375,0.9,0.0735,1.5960059999997611,80
h0.05_r0.9_s10008,10008,0.05,0.9,0.04,never,0.375,0.25874999999999987,0.05,0.26074999999999987,1.1001110000279368,80
h0.05_r0.9_s10008,10008,0.05,0.9,0.04,fresh,1.0,0.0,1.05,0.041999999999999996,1.2213830000291637,80
h0.05_r0.9_s10008,10008,0.05,0.9,0.04,ttl,0.925,0.018749999999999996,0.4,0.034749999999999996,1.2660700000424185,80
h0.05_r0.9_s10008,10008,0.05,0.9,0.04,entropy,0.95,0.01,0.6,0.033999999999999996,1.2778279999565711,80
h0.05_r0.9_s10008,10008,0.05,0.9,0.04,random,0.9875,0.0025,0.825,0.035500000000000004,1.3221140000041487,80
h0.05_r0.9_s10008,10008,0.05,0.9,0.04,myopic,0.9,0.023749999999999997,0.4125,0.040249999999999994,1.1901059999672725,80
h0.05_r0.9_s10008,10008,0.05,0.9,0.04,recheck,0.95,0.01,0.5375,0.0315,1.9239780000361861,80
h0.05_r0.9_s10008,10008,0.05,0.9,0.04,no_task,0.8125,0.03937500000000001,0.9,0.07537500000000001,1.6941729999189192,80
h0.05_r0.9_s10009,10009,0.05,0.9,0.04,never,0.6375,0.12125,0.05,0.12325,1.0858200000711804,80
h0.05_r0.9_s10009,10009,0.05,0.9,0.04,fresh,1.0,0.0,1.575,0.063,1.298238999993373,80
h0.05_r0.9_s10009,10009,0.05,0.9,0.04,ttl,0.925,0.018749999999999996,0.55,0.040749999999999995,1.345119000006889,80
h0.05_r0.9_s10009,10009,0.05,0.9,0.04,entropy,0.9875,0.0043749999999999995,0.9,0.040375,1.4700959999345287,80
h0.05_r0.9_s10009,10009,0.05,0.9,0.04,random,0.9625,0.010624999999999999,1.15,0.056625,1.3557350000610313,80
h0.05_r0.9_s10009,10009,0.05,0.9,0.04,myopic,0.8375,0.03562499999999999,0.4875,0.05512499999999999,1.2802809999357123,80
h0.05_r0.9_s10009,10009,0.05,0.9,0.04,recheck,0.9625,0.008125,0.725,0.037125,1.593091000017921,80
h0.05_r0.9_s10009,10009,0.05,0.9,0.04,no_task,0.9375,0.018125,0.9,0.054125,1.5847189999931288,80
h0.05_r0.9_s10010,10010,0.05,0.9,0.04,never,0.75,0.15312499999999996,0.05,0.15512499999999996,1.0712080000985225,80
h0.05_r0.9_s10010,10010,0.05,0.9,0.04,fresh,1.0,0.0,1.3,0.052000000000000005,1.3110579999420224,80
h0.05_r0.9_s10010,10010,0.05,0.9,0.04,ttl,0.925,0.05062500000000001,0.525,0.07162500000000001,1.2448579999499998,80
h0.05_r0.9_s10010,10010,0.05,0.9,0.04,entropy,0.9375,0.0425,0.725,0.07150000000000001,1.3852490000090256,80
h0.05_r0.9_s10010,10010,0.05,0.9,0.04,random,0.9875,0.003125,0.9625,0.041625,1.3294959999257117,80
h0.05_r0.9_s10010,10010,0.05,0.9,0.04,myopic,0.9625,0.0225,0.6375,0.048,1.303997000036361,80
h0.05_r0.9_s10010,10010,0.05,0.9,0.04,recheck,0.9875,0.0075,0.7125,0.036000000000000004,1.5973179999946296,80
h0.05_r0.9_s10010,10010,0.05,0.9,0.04,no_task,0.8625,0.06125000000000001,0.9,0.09725000000000002,1.669966999997996,80
h0.05_r0.9_s10011,10011,0.05,0.9,0.04,never,0.1125,0.335625,0.05,0.337625,1.1791900000162059,80
h0.05_r0.9_s10011,10011,0.05,0.9,0.04,fresh,1.0,0.0,2.65,0.10600000000000001,1.2485640000932108,80
h0.05_r0.9_s10011,10011,0.05,0.9,0.04,ttl,0.9375,0.013750000000000002,0.9375,0.05125,1.2713080000139598,80
h0.05_r0.9_s10011,10011,0.05,0.9,0.04,entropy,0.975,0.0043749999999999995,1.65,0.070375,1.335455000003094,80
h0.05_r0.9_s10011,10011,0.05,0.9,0.04,random,0.9625,0.018125,2.0,0.098125,1.4039680000905719,80
h0.05_r0.9_s10011,10011,0.05,0.9,0.04,myopic,0.8625,0.025625,0.7625,0.056125,1.2193300000262752,80
h0.05_r0.9_s10011,10011,0.05,0.9,0.04,recheck,0.9125,0.017499999999999998,1.15,0.0635,1.6735019999032374,80
h0.05_r0.9_s10011,10011,0.05,0.9,0.04,no_task,0.8375,0.031875,0.9,0.06787499999999999,1.7023949999384058,80
h0.05_r0.9_s10012,10012,0.05,0.9,0.04,never,0.6125,0.20937499999999995,0.05,0.21137499999999995,1.0965660000010757,80
h0.05_r0.9_s10012,10012,0.05,0.9,0.04,fresh,1.0,0.0,0.9875,0.0395,1.2124799999355673,80
h0.05_r0.9_s10012,10012,0.05,0.9,0.04,ttl,0.9625,0.010624999999999999,0.4125,0.027125,1.3091350000422608,80
h0.05_r0.9_s10012,10012,0.05,0.9,0.04,entropy,1.0,0.0,0.6125,0.0245,1.2739730000248528,80
h0.05_r0.9_s10012,10012,0.05,0.9,0.04,random,0.975,0.005625,0.725,0.034625,1.408713999921929,80
h0.05_r0.9_s10012,10012,0.05,0.9,0.04,myopic,0.9625,0.010624999999999999,0.4375,0.028125,1.1935809999386038,80
h0.05_r0.9_s10012,10012,0.05,0.9,0.04,recheck,0.975,0.010624999999999999,0.5375,0.032125,1.7017540000097142,80
h0.05_r0.9_s10012,10012,0.05,0.9,0.04,no_task,0.8625,0.05125,0.9,0.08725,1.5805729999556206,80
h0.05_r0.9_s10013,10013,0.05,0.9,0.04,never,0.825,0.11375000000000002,0.05,0.11575000000000002,1.2002720000054978,80
h0.05_r0.9_s10013,10013,0.05,0.9,0.04,fresh,1.0,0.0,0.6875,0.027500000000000004,1.4018050000004223,80
h0.05_r0.9_s10013,10013,0.05,0.9,0.04,ttl,0.9625,0.024375,0.2875,0.035875000000000004,1.3745029999654435,80
h0.05_r0.9_s10013,10013,0.05,0.9,0.04,entropy,1.0,0.0,0.6375,0.025500000000000002,1.5261399998962588,80
h0.05_r0.9_s10013,10013,0.05,0.9,0.04,random,0.95,0.0325,0.4625,0.051000000000000004,1.360823000027267,80
h0.05_r0.9_s10013,10013,0.05,0.9,0.04,myopic,1.0,0.0,0.6125,0.0245,1.2909470000295187,80
h0.05_r0.9_s10013,10013,0.05,0.9,0.04,recheck,1.0,0.0,0.625,0.025,1.6444380000848469,80
h0.05_r0.9_s10013,10013,0.05,0.9,0.04,no_task,0.9625,0.024375,0.9,0.060375,1.5711789999386383,80
h0.05_r0.9_s10014,10014,0.05,0.9,0.04,never,0.575,0.25437499999999996,0.05,0.25637499999999996,1.10174399992502,80
h0.05_r0.9_s10014,10014,0.05,0.9,0.04,fresh,1.0,0.0,0.675,0.027000000000000003,1.3447389999328152,80
h0.05_r0.9_s10014,10014,0.05,0.9,0.04,ttl,1.0,0.0,0.2625,0.010499999999999999,1.3084839999919495,80
h0.05_r0.9_s10014,10014,0.05,0.9,0.04,entropy,0.9875,0.0043749999999999995,0.3375,0.017875000000000002,1.2546430000384134,80
h0.05_r0.9_s10014,10014,0.05,0.9,0.04,random,0.9875,0.0125,0.4625,0.031,1.3293449999309814,80
h0.05_r0.9_s10014,10014,0.05,0.9,0.04,myopic,1.0,0.0,0.275,0.011,1.1832059999505873,80
h0.05_r0.9_s10014,10014,0.05,0.9,0.04,recheck,0.9875,0.0043749999999999995,0.3375,0.017875000000000002,1.5615029999480612,80
h0.05_r0.9_s10014,10014,0.05,0.9,0.04,no_task,0.9625,0.013124999999999998,0.9,0.049124999999999995,1.6039079999927708,80
h0.05_r0.9_s10015,10015,0.05,0.9,0.04,never,0.3875,0.42500000000000027,0.05,0.4270000000000002,1.0781290000068111,80
h0.05_r0.9_s10015,10015,0.05,0.9,0.04,fresh,1.0,0.0,1.95,0.078,1.2685949999422519,80
h0.05_r0.9_s10015,10015,0.05,0.9,0.04,ttl,0.875,0.045625,0.725,0.074625,1.2494449999849166,80
h0.05_r0.9_s10015,10015,0.05,0.9,0.04,entropy,0.9375,0.021249999999999998,1.2125,0.06975,1.3033159999622512,80
h0.05_r0.9_s10015,10015,0.05,0.9,0.04,random,0.9875,0.008125,1.55,0.070125,1.3286949999837816,80
h0.05_r0.9_s10015,10015,0.05,0.9,0.04,myopic,0.9125,0.026875,0.65,0.052875000000000005,1.4372470000125759,80
h0.05_r0.9_s10015,10015,0.05,0.9,0.04,recheck,0.9625,0.00625,0.9,0.042249999999999996,1.675224999985403,80
h0.05_r0.9_s10015,10015,0.05,0.9,0.04,no_task,0.9,0.017499999999999998,0.9,0.05349999999999999,2.240712999991956,80
h0.05_r0.9_s10016,10016,0.05,0.9,0.04,never,0.6,0.32062499999999994,0.05,0.32262499999999994,1.3304970000262983,80
h0.05_r0.9_s10016,10016,0.05,0.9,0.04,fresh,1.0,0.0,1.6125,0.0645,1.3584990000481412,80
h0.05_r0.9_s10016,10016,0.05,0.9,0.04,ttl,0.9,0.06937499999999999,0.5875,0.092875,1.2285440000141534,80
h0.05_r0.9_s10016,10016,0.05,0.9,0.04,entropy,0.9125,0.057499999999999996,0.95,0.0955,1.3417239999853336,80
h0.05_r0.9_s10016,10016,0.05,0.9,0.04,random,0.9625,0.017499999999999998,1.325,0.07050000000000001,1.3631860000486995,80
h0.05_r0.9_s10016,10016,0.05,0.9,0.04,myopic,0.8875,0.0475,0.6,0.07150000000000001,1.20357600007992,80
h0.05_r0.9_s10016,10016,0.05,0.9,0.04,recheck,0.9625,0.018125,0.7625,0.048624999999999995,1.6162459999122802,80
h0.05_r0.9_s10016,10016,0.05,0.9,0.04,no_task,0.825,0.10750000000000001,0.9,0.14350000000000002,1.6774980000491269,80
h0.05_r0.9_s10017,10017,0.05,0.9,0.04,never,0.875,0.08124999999999998,0.05,0.08324999999999998,1.1023939999859067,80
h0.05_r0.9_s10017,10017,0.05,0.9,0.04,fresh,1.0,0.0,0.65,0.026000000000000002,1.2046980000377516,80
h0.05_r0.9_s10017,10017,0.05,0.9,0.04,ttl,0.9625,0.013750000000000002,0.2625,0.02425,1.3367770000058954,80
h0.05_r0.9_s10017,10017,0.05,0.9,0.04,entropy,0.9875,0.0075,0.375,0.0225,1.2592199999517106,80
h0.05_r0.9_s10017,10017,0.05,0.9,0.04,random,1.0,0.0,0.6,0.024,1.4225349999605896,80
h0.05_r0.9_s10017,10017,0.05,0.9,0.04,myopic,0.9625,0.013750000000000002,0.3125,0.026250000000000002,1.1709780000046521,80
h0.05_r0.9_s10017,10017,0.05,0.9,0.04,recheck,0.975,0.010624999999999999,0.3625,0.025124999999999998,1.7031559999622914,80
h0.05_r0.9_s10017,10017,0.05,0.9,0.04,no_task,0.9625,0.013750000000000002,0.9,0.04975,1.599821000013435,80
h0.05_r0.9_s10018,10018,0.05,0.9,0.04,never,0.8125,0.064375,0.05,0.066375,1.1641969999800494,80
h0.05_r0.9_s10018,10018,0.05,0.9,0.04,fresh,1.0,0.0,1.1875,0.0475,1.2160960000073828,80
h0.05_r0.9_s10018,10018,0.05,0.9,0.04,ttl,0.9125,0.035625000000000004,0.4625,0.054125,1.2632970000368005,80
h0.05_r0.9_s10018,10018,0.05,0.9,0.04,entropy,0.975,0.008749999999999999,0.7625,0.03924999999999999,1.2786390000201209,80
h0.05_r0.9_s10018,10018,0.05,0.9,0.04,random,0.9625,0.016875,0.95,0.05487500000000001,1.3545829999657144,80
h0.05_r0.9_s10018,10018,0.05,0.9,0.04,myopic,0.925,0.021249999999999998,0.5125,0.041749999999999995,1.24081199999182,80
h0.05_r0.9_s10018,10018,0.05,0.9,0.04,recheck,0.95,0.0125,0.6625,0.039,1.6214039999340457,80
h0.05_r0.9_s10018,10018,0.05,0.9,0.04,no_task,0.95,0.0125,0.9,0.0485,1.6883849999658196,80
h0.05_r0.9_s10019,10019,0.05,0.9,0.04,never,0.2125,0.19124999999999992,0.05,0.19324999999999992,1.087202000007892,80
h0.05_r0.9_s10019,10019,0.05,0.9,0.04,fresh,1.0,0.0,1.0375,0.0415,1.3085340000316137,80
h0.05_r0.9_s10019,10019,0.05,0.9,0.04,ttl,0.9625,0.024375,0.375,0.03937500000000001,1.2548229999538307,80
h0.05_r0.9_s10019,10019,0.05,0.9,0.04,entropy,1.0,0.0,0.65,0.026000000000000002,1.2901059999421705,80
h0.05_r0.9_s10019,10019,0.05,0.9,0.04,random,0.95,0.026875,0.75,0.056874999999999995,1.3251289999516302,80
h0.05_r0.9_s10019,10019,0.05,0.9,0.04,myopic,0.9875,0.0025,0.375,0.017499999999999998,1.2688140000136627,80
h0.05_r0.9_s10019,10019,0.05,0.9,0.04,recheck,1.0,0.0,0.5125,0.0205,1.7589300000508956,80
h0.05_r0.9_s10019,10019,0.05,0.9,0.04,no_task,0.9,0.036875,0.9,0.072875,1.75538400003461,80
h0.05_r0.9_s10020,10020,0.05,0.9,0.04,never,0.35,0.22437500000000016,0.05,0.22637500000000016,1.088373000015963,80
h0.05_r0.9_s10020,10020,0.05,0.9,0.04,fresh,1.0,0.0,2.0625,0.0825,1.2088639999774387,80
h0.05_r0.9_s10020,10020,0.05,0.9,0.04,ttl,0.9875,0.001875,0.725,0.030874999999999996,1.240391000010277,80
h0.05_r0.9_s10020,10020,0.05,0.9,0.04,entropy,1.0,0.0,1.2375,0.0495,1.3085939999655238,80
h0.05_r0.9_s10020,10020,0.05,0.9,0.04,random,1.0,0.0,1.5375,0.0615,1.3355549999687355,80
h0.05_r0.9_s10020,10020,0.05,0.9,0.04,myopic,0.975,0.00375,0.6,0.027749999999999997,1.2229550000029121,80
h0.05_r0.9_s10020,10020,0.05,0.9,0.04,recheck,0.9625,0.006875000000000001,0.925,0.043875,1.5792499999633947,80
h0.05_r0.9_s10020,10020,0.05,0.9,0.04,no_task,0.95,0.01,0.9,0.046,2.0823150000524038,80
h0.05_r0.9_s10021,10021,0.05,0.9,0.04,never,0.25,0.75,0.05,0.752,1.1594100000138496,80
h0.05_r0.9_s10021,10021,0.05,0.9,0.04,fresh,1.0,0.0,1.05,0.041999999999999996,1.2444779999896127,80
h0.05_r0.9_s10021,10021,0.05,0.9,0.04,ttl,0.9875,0.0125,0.4,0.028500000000000004,1.27004700004818,80
h0.05_r0.9_s10021,10021,0.05,0.9,0.04,entropy,0.9875,0.0125,0.4125,0.029000000000000005,1.4410729999099203,80
h0.05_r0.9_s10021,10021,0.05,0.9,0.04,random,1.0,0.0,0.8,0.032,1.4624249999997119,80
h0.05_r0.9_s10021,10021,0.05,0.9,0.04,myopic,1.0,0.0,0.525,0.020999999999999998,1.2800010000546536,80
h0.05_r0.9_s10021,10021,0.05,0.9,0.04,recheck,1.0,0.0,0.55,0.022,2.8524020000304517,80
h0.05_r0.9_s10021,10021,0.05,0.9,0.04,no_task,0.975,0.025,0.9,0.061,1.8748840000171185,80
h0.05_r0.9_s10022,10022,0.05,0.9,0.04,never,0.55,0.10812500000000003,0.05,0.11012500000000003,1.4047380000192788,80
h0.05_r0.9_s10022,10022,0.05,0.9,0.04,fresh,1.0,0.0,1.9,0.076,1.4155840000285025,80
h0.05_r0.9_s10022,10022,0.05,0.9,0.04,ttl,0.9,0.025,0.6625,0.051500000000000004,1.631178000025102,80
h0.05_r0.9_s10022,10022,0.05,0.9,0.04,entropy,0.975,0.00625,1.1125,0.05075,1.5434069999855637,80
h0.05_r0.9_s10022,10022,0.05,0.9,0.04,random,0.9875,0.003125,1.5,0.063125,1.6309079999246023,80
h0.05_r0.9_s10022,10022,0.05,0.9,0.04,myopic,0.8375,0.036875000000000005,0.6,0.060875,1.2295750000248518,80
h0.05_r0.9_s10022,10022,0.05,0.9,0.04,recheck,0.8875,0.025625,0.875,0.060625,2.019961999963016,80
h0.05_r0.9_s10022,10022,0.05,0.9,0.04,no_task,0.85,0.04,0.9,0.076,1.6415640000104759,80
h0.05_r0.9_s10023,10023,0.05,0.9,0.04,never,0.375,0.5406250000000001,0.05,0.542625,1.0936810000430341,80
h0.05_r0.9_s10023,10023,0.05,0.9,0.04,fresh,1.0,0.0,1.6,0.064,1.2114780000729297,80
h0.05_r0.9_s10023,10023,0.05,0.9,0.04,ttl,0.9375,0.0225,0.6125,0.047,1.2642180000739245,80
h0.05_r0.9_s10023,10023,0.05,0.9,0.04,entropy,0.975,0.014374999999999999,0.9125,0.050875000000000004,1.2998509999988528,80
h0.05_r0.9_s10023,10023,0.05,0.9,0.04,random,0.9625,0.010624999999999999,1.1375,0.056125,1.4286949999586795,80
h0.05_r0.9_s10023,10023,0.05,0.9,0.04,myopic,0.9375,0.011875,0.55,0.033875,1.1807129999397148,80
h0.05_r0.9_s10023,10023,0.05,0.9,0.04,recheck,0.9375,0.011875,0.725,0.040875,1.6173279999520673,80
h0.05_r0.9_s10023,10023,0.05,0.9,0.04,no_task,0.875,0.04625,0.9,0.08225,1.5903769999567885,80
h0.05_r0.9_s10024,10024,0.05,0.9,0.04,never,0.575,0.15375000000000003,0.05,0.15575000000000003,1.1106669999207952,80
h0.05_r0.9_s10024,10024,0.05,0.9,0.04,fresh,1.0,0.0,1.7375,0.0695,1.2092450000409372,80
h0.05_r0.9_s10024,10024,0.05,0.9,0.04,ttl,0.9375,0.014999999999999996,0.625,0.039999999999999994,2.9104479999659816,80
h0.05_r0.9_s10024,10024,0.05,0.9,0.04,entropy,0.975,0.009375,1.075,0.05237499999999999,1.3992599999710365,80
h0.05_r0.9_s10024,10024,0.05,0.9,0.04,random,0.925,0.025,1.1625,0.07150000000000001,1.3531609999972716,80
h0.05_r0.9_s10024,10024,0.05,0.9,0.04,myopic,0.8625,0.027499999999999997,0.5375,0.049,1.2180979999811825,80
h0.05_r0.9_s10024,10024,0.05,0.9,0.04,recheck,0.9375,0.014999999999999996,0.7875,0.0465,1.600742000050559,80
h0.05_r0.9_s10024,10024,0.05,0.9,0.04,no_task,0.8,0.06437500000000002,0.9,0.10037500000000002,1.6203020001057666,80
h0.05_r0.9_s10025,10025,0.05,0.9,0.04,never,0.525,0.24874999999999994,0.05,0.2507499999999999,1.1091150000765992,80
h0.05_r0.9_s10025,10025,0.05,0.9,0.04,fresh,1.0,0.0,0.9125,0.0365,1.2262709999504295,80
h0.05_r0.9_s10025,10025,0.05,0.9,0.04,ttl,0.9625,0.015,0.3625,0.0295,1.2352439999858689,80
h0.05_r0.9_s10025,10025,0.05,0.9,0.04,entropy,0.9875,0.0025,0.7625,0.033,1.2645479999946474,80
h0.05_r0.9_s10025,10025,0.05,0.9,0.04,random,0.9875,0.0025,0.675,0.029500000000000005,1.3586690000693125,80
h0.05_r0.9_s10025,10025,0.05,0.9,0.04,myopic,0.95,0.011875,0.6625,0.038375000000000006,1.2211829999841939,80
h0.05_r0.9_s10025,10025,0.05,0.9,0.04,recheck,0.9875,0.0025,0.7125,0.031000000000000007,1.6042979999610907,80
h0.05_r0.9_s10025,10025,0.05,0.9,0.04,no_task,0.85,0.048750000000000016,0.9,0.08475000000000002,1.6689850000375372,80
h0.05_r0.9_s10026,10026,0.05,0.9,0.04,never,0.7875,0.04250000000000001,0.05,0.04450000000000001,1.1192800000117131,80
h0.05_r0.9_s10026,10026,0.05,0.9,0.04,fresh,1.0,0.0,0.85,0.034,3.1055210000658917,80
h0.05_r0.9_s10026,10026,0.05,0.9,0.04,ttl,0.9125,0.017499999999999998,0.325,0.0305,1.2501469999506298,80
h0.05_r0.9_s10026,10026,0.05,0.9,0.04,entropy,0.9875,0.0025,0.4625,0.020999999999999998,1.2816639999755353,80
h0.05_r0.9_s10026,10026,0.05,0.9,0.04,random,0.95,0.01,0.6,0.033999999999999996,1.3030360000811925,80
h0.05_r0.9_s10026,10026,0.05,0.9,0.04,myopic,0.825,0.035,0.1875,0.0425,1.1868410000488439,80
h0.05_r0.9_s10026,10026,0.05,0.9,0.04,recheck,0.9125,0.017499999999999998,0.3125,0.03,1.6106379999882847,80
h0.05_r0.9_s10026,10026,0.05,0.9,0.04,no_task,0.8875,0.0225,0.9,0.058499999999999996,1.6038679999610395,80
h0.05_r0.9_s10027,10027,0.05,0.9,0.04,never,0.525,0.30875,0.05,0.31075,1.0811329999569352,80
h0.05_r0.9_s10027,10027,0.05,0.9,0.04,fresh,1.0,0.0,1.05,0.041999999999999996,1.2063100000432314,80
h0.05_r0.9_s10027,10027,0.05,0.9,0.04,ttl,0.9875,0.008125,0.3875,0.023625,1.2706669999715814,80
h0.05_r0.9_s10027,10027,0.05,0.9,0.04,entropy,0.9875,0.0043749999999999995,0.6375,0.029875000000000002,1.2717490000113685,80
h0.05_r0.9_s10027,10027,0.05,0.9,0.04,random,1.0,0.0,0.8625,0.0345,1.3561050000134856,80
h0.05_r0.9_s10027,10027,0.05,0.9,0.04,myopic,1.0,0.0,0.625,0.025,1.1987799999815252,80
h0.05_r0.9_s10027,10027,0.05,0.9,0.04,recheck,1.0,0.0,0.675,0.027000000000000003,1.727584000036586,80
h0.05_r0.9_s10027,10027,0.05,0.9,0.04,no_task,0.975,0.008749999999999999,0.9,0.04475,1.6414640000448344,80
h0.05_r0.9_s10028,10028,0.05,0.9,0.04,never,0.5875,0.23000000000000012,0.05,0.23200000000000012,1.1062400000128036,80
h0.05_r0.9_s10028,10028,0.05,0.9,0.04,fresh,1.0,0.0,0.925,0.037,1.1919889999489897,80
h0.05_r0.9_s10028,10028,0.05,0.9,0.04,ttl,0.9625,0.016875,0.3625,0.031375,1.278989999946134,80
h0.05_r0.9_s10028,10028,0.05,0.9,0.04,entropy,0.9875,0.0043749999999999995,0.5875,0.027875,1.432820999980322,80
h0.05_r0.9_s10028,10028,0.05,0.9,0.04,random,0.9625,0.013124999999999998,0.7125,0.041625,1.3543929999286775,80
h0.05_r0.9_s10028,10028,0.05,0.9,0.04,myopic,0.9625,0.02125,0.525,0.042249999999999996,1.1907069999779196,80
h0.05_r0.9_s10028,10028,0.05,0.9,0.04,recheck,0.975,0.016875,0.6125,0.041375,1.8795309999859455,80
h0.05_r0.9_s10028,10028,0.05,0.9,0.04,no_task,0.825,0.08937499999999997,0.9,0.12537499999999996,1.70090300002812,80
h0.05_r0.9_s10029,10029,0.05,0.9,0.04,never,0.4625,0.24874999999999975,0.05,0.25074999999999975,1.0805420000679078,80
h0.05_r0.9_s10029,10029,0.05,0.9,0.04,fresh,1.0,0.0,1.6125,0.0645,1.2191800000209696,80
h0.05_r0.9_s10029,10029,0.05,0.9,0.04,ttl,0.9375,0.026250000000000002,0.5875,0.04975,1.2386990000550213,80
h0.05_r0.9_s10029,10029,0.05,0.9,0.04,entropy,0.975,0.00375,1.0,0.04375,1.2763859999722627,80
h0.05_r0.9_s10029,10029,0.05,0.9,0.04,random,0.9875,0.001875,1.225,0.050875000000000004,1.3287750000472442,80
h0.05_r0.9_s10029,10029,0.05,0.9,0.04,myopic,0.9375,0.013750000000000002,0.5375,0.035250000000000004,1.2059299999691575,80
h0.05_r0.9_s10029,10029,0.05,0.9,0.04,recheck,0.9375,0.018124999999999995,0.7625,0.048624999999999995,1.6033170001037433,80
h0.05_r0.9_s10029,10029,0.05,0.9,0.04,no_task,0.925,0.04875,0.9,0.08474999999999999,1.6601119999677394,80
h0.05_r0.9_s10030,10030,0.05,0.9,0.04,never,0.4,0.28687499999999994,0.05,0.28887499999999994,1.0726799999929426,80
h0.05_r0.9_s10030,10030,0.05,0.9,0.04,fresh,1.0,0.0,1.1,0.044,1.2523200000487122,80
h0.05_r0.9_s10030,10030,0.05,0.9,0.04,ttl,0.95,0.025,0.425,0.042,1.2615530000630315,80
h0.05_r0.9_s10030,10030,0.05,0.9,0.04,entropy,0.9875,0.0043749999999999995,0.75,0.034375,1.3201919999801248,80
h0.05_r0.9_s10030,10030,0.05,0.9,0.04,random,0.975,0.015625,0.8125,0.048125,1.3370069999609768,80
h0.05_r0.9_s10030,10030,0.05,0.9,0.04,myopic,0.975,0.008749999999999999,0.6125,0.03325,1.2279730000273048,80
h0.05_r0.9_s10030,10030,0.05,0.9,0.04,recheck,0.9875,0.0043749999999999995,0.7,0.032375,1.591299000097024,80
h0.05_r0.9_s10030,10030,0.05,0.9,0.04,no_task,0.8875,0.04687499999999999,0.9,0.08287499999999999,1.629354999977295,80
h0.05_r0.9_s10031,10031,0.05,0.9,0.04,never,0.8375,0.06687499999999999,0.05,0.06887499999999999,1.1092949999920165,80
h0.05_r0.9_s10031,10031,0.05,0.9,0.04,fresh,1.0,0.0,1.125,0.045,1.2009719999923618,80
h0.05_r0.9_s10031,10031,0.05,0.9,0.04,ttl,0.9375,0.025625000000000002,0.4375,0.043125000000000004,1.239370999996936,80
h0.05_r0.9_s10031,10031,0.05,0.9,0.04,entropy,0.975,0.008749999999999999,0.75,0.03874999999999999,1.257657999985895,80
h0.05_r0.9_s10031,10031,0.05,0.9,0.04,random,0.925,0.027500000000000004,0.75,0.057499999999999996,1.3411630000064179,80
h0.05_r0.9_s10031,10031,0.05,0.9,0.04,myopic,0.975,0.008749999999999999,0.65,0.03475,1.193500999988828,80
h0.05_r0.9_s10031,10031,0.05,0.9,0.04,recheck,0.975,0.008749999999999999,0.725,0.03774999999999999,1.6034970000191606,80
h0.05_r0.9_s10031,10031,0.05,0.9,0.04,no_task,0.95,0.02125,0.9,0.05725,1.5924409999570344,80
h0.05_r0.9_s10032,10032,0.05,0.9,0.04,never,0.45,0.545625,0.05,0.5476249999999999,1.0937509999848771,80
h0.05_r0.9_s10032,10032,0.05,0.9,0.04,fresh,1.0,0.0,1.025,0.041,1.2005419999923106,80
h0.05_r0.9_s10032,10032,0.05,0.9,0.04,ttl,0.975,0.025,0.375,0.04,1.243787000021257,80
h0.05_r0.9_s10032,10032,0.05,0.9,0.04,entropy,0.975,0.025,0.4,0.041,1.2341729999434392,80
h0.05_r0.9_s10032,10032,0.05,0.9,0.04,random,0.9875,0.008125,0.75,0.038125,1.3178780000089318,80
h0.05_r0.9_s10032,10032,0.05,0.9,0.04,myopic,0.9875,0.0125,0.5375,0.033999999999999996,1.3739920000261918,80
h0.05_r0.9_s10032,10032,0.05,0.9,0.04,recheck,0.9875,0.0125,0.5375,0.033999999999999996,1.571870000020681,80
h0.05_r0.9_s10032,10032,0.05,0.9,0.04,no_task,0.9625,0.0375,0.9,0.0735,1.6145040000310473,80
h0.05_r0.9_s10033,10033,0.05,0.9,0.04,never,0.6,0.15187500000000004,0.05,0.15387500000000004,1.0735020000538498,80
h0.05_r0.9_s10033,10033,0.05,0.9,0.04,fresh,1.0,0.0,1.2,0.048,1.2225650000345922,80
h0.05_r0.9_s10033,10033,0.05,0.9,0.04,ttl,0.9375,0.019375,0.4375,0.036875000000000005,1.2325099999088707,80
h0.05_r0.9_s10033,10033,0.05,0.9,0.04,entropy,0.975,0.00625,0.775,0.03725,1.2938819999135376,80
h0.05_r0.9_s10033,10033,0.05,0.9,0.04,random,0.9875,0.001875,0.9,0.037875,1.32818400004453,80
h0.05_r0.9_s10033,10033,0.05,0.9,0.04,myopic,0.875,0.025,0.5125,0.0455,1.2079140000196276,80
h0.05_r0.9_s10033,10033,0.05,0.9,0.04,recheck,0.9375,0.013124999999999998,0.6625,0.039625,1.6027059999714766,80
h0.05_r0.9_s10033,10033,0.05,0.9,0.04,no_task,0.85,0.03875000000000001,0.9,0.07475000000000001,1.5949539999837725,80
h0.05_r0.9_s10034,10034,0.05,0.9,0.04,never,0.375,0.30874999999999997,0.05,0.31074999999999997,1.0739619999640126,80
h0.05_r0.9_s10034,10034,0.05,0.9,0.04,fresh,1.0,0.0,1.15,0.046,1.2120290000439127,80
h0.05_r0.9_s10034,10034,0.05,0.9,0.04,ttl,0.925,0.027500000000000004,0.4125,0.044000000000000004,1.26084200007881,80
h0.05_r0.9_s10034,10034,0.05,0.9,0.04,entropy,0.975,0.011875,0.625,0.036875000000000005,1.263897000058023,80
h0.05_r0.9_s10034,10034,0.05,0.9,0.04,random,0.9875,0.0075,0.9375,0.045,1.3560550000875082,80
h0.05_r0.9_s10034,10034,0.05,0.9,0.04,myopic,0.9375,0.025,0.3875,0.0405,1.1773070000344887,80
h0.05_r0.9_s10034,10034,0.05,0.9,0.04,recheck,0.975,0.006875000000000001,0.55,0.028875,1.6196310000395897,80
h0.05_r0.9_s10034,10034,0.05,0.9,0.04,no_task,0.9,0.04125,0.9,0.07725,1.5851089999614487,80
h0.05_r0.9_s10035,10035,0.05,0.9,0.04,never,0.55,0.3725000000000001,0.05,0.3745000000000001,1.1003419999724429,80
h0.05_r0.9_s10035,10035,0.05,0.9,0.04,fresh,1.0,0.0,0.825,0.033,1.1782380000795456,80
h0.05_r0.9_s10035,10035,0.05,0.9,0.04,ttl,0.95,0.03625,0.3125,0.04875,1.2643679999655433,80
h0.05_r0.9_s10035,10035,0.05,0.9,0.04,entropy,0.975,0.02,0.5,0.04,1.261532999933479,80
h0.05_r0.9_s10035,10035,0.05,0.9,0.04,random,0.95,0.04,0.6125,0.0645,1.5701169999147169,80
h0.05_r0.9_s10035,10035,0.05,0.9,0.04,myopic,0.9875,0.0075,0.4375,0.025,1.280012000052011,80
h0.05_r0.9_s10035,10035,0.05,0.9,0.04,recheck,0.9875,0.0075,0.475,0.026500000000000003,1.5791800000215517,80
h0.05_r0.9_s10035,10035,0.05,0.9,0.04,no_task,0.9375,0.04375,0.9,0.07975,1.598789000013312,80
h0.05_r0.9_s10036,10036,0.05,0.9,0.04,never,0.9,0.08249999999999999,0.05,0.08449999999999999,1.0928699999794844,80
h0.05_r0.9_s10036,10036,0.05,0.9,0.04,fresh,1.0,0.0,1.25,0.05,1.2455000000954897,80
h0.05_r0.9_s10036,10036,0.05,0.9,0.04,ttl,0.975,0.0075,0.4625,0.026000000000000002,1.242204000050151,80
h0.05_r0.9_s10036,10036,0.05,0.9,0.04,entropy,1.0,0.0,0.675,0.027000000000000003,1.3043180000522625,80
h0.05_r0.9_s10036,10036,0.05,0.9,0.04,random,0.9625,0.009375,1.05,0.05137499999999999,1.3420650000171008,80
h0.05_r0.9_s10036,10036,0.05,0.9,0.04,myopic,0.9125,0.016874999999999998,0.3875,0.032375,1.200743000026705,80
h0.05_r0.9_s10036,10036,0.05,0.9,0.04,recheck,0.9875,0.003125,0.5625,0.025625,1.5743630000315534,80
h0.05_r0.9_s10036,10036,0.05,0.9,0.04,no_task,0.9625,0.009375,0.9,0.045375,1.6320500000119864,80
h0.05_r0.9_s10037,10037,0.05,0.9,0.04,never,0.5,0.21374999999999994,0.05,0.21574999999999994,1.0791100000915321,80
h0.05_r0.9_s10037,10037,0.05,0.9,0.04,fresh,1.0,0.0,1.075,0.043,1.2056299999585463,80
h0.05_r0.9_s10037,10037,0.05,0.9,0.04,ttl,0.9625,0.017499999999999998,0.45,0.0355,1.2691750000612956,80
h0.05_r0.9_s10037,10037,0.05,0.9,0.04,entropy,0.9875,0.0125,0.6375,0.038,1.2779579999460111,80
h0.05_r0.9_s10037,10037,0.05,0.9,0.04,random,0.9625,0.0075000000000000015,0.8375,0.041,1.3560339999685311,80
h0.05_r0.9_s10037,10037,0.05,0.9,0.04,myopic,0.975,0.005,0.45,0.023,1.211787999977787,80
h0.05_r0.9_s10037,10037,0.05,0.9,0.04,recheck,0.975,0.005,0.5625,0.027500000000000004,1.6291440000486546,80
h0.05_r0.9_s10037,10037,0.05,0.9,0.04,no_task,0.9125,0.037500000000000006,0.9,0.07350000000000001,1.6105060000199956,80
h0.05_r0.9_s10038,10038,0.05,0.9,0.04,never,0.525,0.18875000000000003,0.05,0.19075000000000003,1.1278010000523864,80
h0.05_r0.9_s10038,10038,0.05,0.9,0.04,fresh,1.0,0.0,1.3375,0.053500000000000006,1.207331000045997,80
h0.05_r0.9_s10038,10038,0.05,0.9,0.04,ttl,0.9625,0.010624999999999999,0.4875,0.030125000000000002,1.2701150000111738,80
h0.05_r0.9_s10038,10038,0.05,0.9,0.04,entropy,0.9875,0.001875,0.8,0.033875,1.273650000030102,80
h0.05_r0.9_s10038,10038,0.05,0.9,0.04,random,1.0,0.0,1.025,0.041,1.5654779999749735,80
h0.05_r0.9_s10038,10038,0.05,0.9,0.04,myopic,0.8875,0.025,0.45,0.043,1.204966999921453,80
h0.05_r0.9_s10038,10038,0.05,0.9,0.04,recheck,0.975,0.00375,0.6125,0.028249999999999997,1.7341110000188564,80
h0.05_r0.9_s10038,10038,0.05,0.9,0.04,no_task,0.8875,0.023124999999999996,0.9,0.059125,1.6039260000297872,80
h0.05_r0.9_s10039,10039,0.05,0.9,0.04,never,0.7625,0.057499999999999996,0.05,0.0595,1.1020929999858708,80
h0.05_r0.9_s10039,10039,0.05,0.9,0.04,fresh,1.0,0.0,1.4,0.05600000000000001,1.3980059999312289,80
h0.05_r0.9_s10039,10039,0.05,0.9,0.04,ttl,0.9625,0.010624999999999999,0.55,0.032625,1.2936910000007629,80
h0.05_r0.9_s10039,10039,0.05,0.9,0.04,entropy,0.9875,0.0043749999999999995,0.8125,0.036875000000000005,1.281722000044283,80
h0.05_r0.9_s10039,10039,0.05,0.9,0.04,random,0.9875,0.003125,1.0625,0.045625,1.3600599999108454,80
h0.05_r0.9_s10039,10039,0.05,0.9,0.04,myopic,0.975,0.0075,0.4625,0.026000000000000002,1.2103660000093441,80
h0.05_r0.9_s10039,10039,0.05,0.9,0.04,recheck,0.9875,0.0043749999999999995,0.65,0.030375000000000003,1.5921880000178135,80
h0.05_r0.9_s10039,10039,0.05,0.9,0.04,no_task,1.0,0.0,0.9,0.036,1.587381000035748,80
h0.05_r0.9_s10040,10040,0.05,0.9,0.04,never,0.75,0.076875,0.05,0.078875,2.2199389999286723,80
h0.05_r0.9_s10040,10040,0.05,0.9,0.04,fresh,1.0,0.0,1.425,0.05700000000000001,1.2060690000907925,80
h0.05_r0.9_s10040,10040,0.05,0.9,0.04,ttl,0.9625,0.01,0.5125,0.030500000000000006,1.345408000020143,80
h0.05_r0.9_s10040,10040,0.05,0.9,0.04,entropy,0.9875,0.0025,0.7875,0.034,1.3728789999731816,80
h0.05_r0.9_s10040,10040,0.05,0.9,0.04,random,0.9875,0.0043749999999999995,1.1375,0.049875,1.4678610000373737,80
h0.05_r0.9_s10040,10040,0.05,0.9,0.04,myopic,0.95,0.0125,0.45,0.0305,1.1758439999312031,80
h0.05_r0.9_s10040,10040,0.05,0.9,0.04,recheck,0.975,0.005625,0.6375,0.031125000000000003,1.7184380000117017,80
h0.05_r0.9_s10040,10040,0.05,0.9,0.04,no_task,0.9,0.024374999999999997,0.9,0.060375,1.5897640000730462,80
h0.05_r0.9_s10041,10041,0.05,0.9,0.04,never,0.75,0.09125000000000003,0.05,0.09325000000000003,1.1833150000484238,80
h0.05_r0.9_s10041,10041,0.05,0.9,0.04,fresh,1.0,0.0,0.975,0.039,1.2024440000004688,80
h0.05_r0.9_s10041,10041,0.05,0.9,0.04,ttl,0.95,0.021249999999999998,0.4,0.03725,1.3334400000530877,80
h0.05_r0.9_s10041,10041,0.05,0.9,0.04,entropy,0.9875,0.0025,0.6875,0.030000000000000006,1.4471700000058263,80
h0.05_r0.9_s10041,10041,0.05,0.9,0.04,random,0.9875,0.0025,0.75,0.0325,1.4407300000129908,80
h0.05_r0.9_s10041,10041,0.05,0.9,0.04,myopic,0.9375,0.0125,0.4875,0.032,1.29332999995313,80
h0.05_r0.9_s10041,10041,0.05,0.9,0.04,recheck,0.95,0.01,0.5625,0.0325,1.5817320000905966,80
h0.05_r0.9_s10041,10041,0.05,0.9,0.04,no_task,0.7625,0.07562500000000003,0.9,0.11162500000000004,1.5819730000430354,80
h0.05_r0.9_s10042,10042,0.05,0.9,0.04,never,0.225,0.6112500000000004,0.05,0.6132500000000004,1.3095640000528874,80
h0.05_r0.9_s10042,10042,0.05,0.9,0.04,fresh,1.0,0.0,1.125,0.045,1.3061390000075335,80
h0.05_r0.9_s10042,10042,0.05,0.9,0.04,ttl,0.9625,0.008749999999999999,0.4375,0.026250000000000002,1.3770059999842488,80
h0.05_r0.9_s10042,10042,0.05,0.9,0.04,entropy,0.9875,0.0025,0.5375,0.024,1.2547520000225632,80
h0.05_r0.9_s10042,10042,0.05,0.9,0.04,random,0.975,0.00375,0.875,0.03875,1.4273809999849618,80
h0.05_r0.9_s10042,10042,0.05,0.9,0.04,myopic,0.9375,0.013750000000000002,0.45,0.03175,1.2128690000281495,80
h0.05_r0.9_s10042,10042,0.05,0.9,0.04,recheck,0.9625,0.008749999999999999,0.5375,0.03025,1.5582470000481408,80
h0.05_r0.9_s10042,10042,0.05,0.9,0.04,no_task,0.7875,0.049375000000000016,0.9,0.085375,1.60486699996909,80
h0.05_r0.9_s10043,10043,0.05,0.9,0.04,never,0.3125,0.29812499999999986,0.05,0.30012499999999986,1.071466999974291,80
h0.05_r0.9_s10043,10043,0.05,0.9,0.04,fresh,1.0,0.0,1.6625,0.0665,1.203194000026997,80
h0.05_r0.9_s10043,10043,0.05,0.9,0.04,ttl,0.9875,0.008125,0.6625,0.034625,1.2420230000316224,80
h0.05_r0.9_s10043,10043,0.05,0.9,0.04,entropy,1.0,0.0,1.1125,0.0445,1.2872099999867714,80
h0.05_r0.9_s10043,10043,0.05,0.9,0.04,random,0.975,0.018125,1.3,0.070125,1.3378070000271691,80
h0.05_r0.9_s10043,10043,0.05,0.9,0.04,myopic,1.0,0.0,0.6625,0.026500000000000003,1.2146720000600908,80
h0.05_r0.9_s10043,10043,0.05,0.9,0.04,recheck,1.0,0.0,0.8625,0.0345,1.575343000013163,80
h0.05_r0.9_s10043,10043,0.05,0.9,0.04,no_task,0.9375,0.03874999999999999,0.9,0.07475,2.946780000002036,80
h0.05_r0.9_s10044,10044,0.05,0.9,0.04,never,0.45,0.505,0.05,0.5069999999999999,1.0905560000082914,80
h0.05_r0.9_s10044,10044,0.05,0.9,0.04,fresh,1.0,0.0,0.825,0.033,2.2400289999495726,80
h0.05_r0.9_s10044,10044,0.05,0.9,0.04,ttl,0.9875,0.008125,0.3125,0.020624999999999998,1.2631640000790867,80
h0.05_r0.9_s10044,10044,0.05,0.9,0.04,entropy,1.0,0.0,0.4375,0.0175,1.3181769999164317,80
h0.05_r0.9_s10044,10044,0.05,0.9,0.04,random,0.975,0.008749999999999999,0.6,0.03275,2.3352020000402263,80
h0.05_r0.9_s10044,10044,0.05,0.9,0.04,myopic,1.0,0.0,0.525,0.020999999999999998,2.6426330000504095,80
h0.05_r0.9_s10044,10044,0.05,0.9,0.04,recheck,1.0,0.0,0.5375,0.0215,1.777956999944763,80
h0.05_r0.9_s10044,10044,0.05,0.9,0.04,no_task,0.9625,0.033125,0.9,0.06912499999999999,1.6965750000963453,80
h0.05_r0.9_s10045,10045,0.05,0.9,0.04,never,0.35,0.31562499999999993,0.05,0.31762499999999994,1.1823830000139424,80
h0.05_r0.9_s10045,10045,0.05,0.9,0.04,fresh,1.0,0.0,1.425,0.05700000000000001,1.3121079999791618,80
h0.05_r0.9_s10045,10045,0.05,0.9,0.04,ttl,0.925,0.025625000000000002,0.5375,0.04712500000000001,1.2568060000148762,80
h0.05_r0.9_s10045,10045,0.05,0.9,0.04,entropy,0.9375,0.018125000000000002,0.8375,0.05162500000000001,1.3900550000016665,80
h0.05_r0.9_s10045,10045,0.05,0.9,0.04,random,0.95,0.01,1.075,0.053000000000000005,1.3440159999618118,80
h0.05_r0.9_s10045,10045,0.05,0.9,0.04,myopic,0.75,0.05500000000000001,0.4625,0.07350000000000001,1.3132589999713673,80
h0.05_r0.9_s10045,10045,0.05,0.9,0.04,recheck,0.925,0.021875,0.65,0.047875,1.6249469999820576,80
h0.05_r0.9_s10045,10045,0.05,0.9,0.04,no_task,0.7125,0.08249999999999999,0.9,0.11849999999999998,1.7944510000234004,80
h0.05_r0.9_s10046,10046,0.05,0.9,0.04,never,0.475,0.11250000000000004,0.05,0.11450000000000005,1.067329999955291,80
h0.05_r0.9_s10046,10046,0.05,0.9,0.04,fresh,1.0,0.0,1.025,0.041,1.427270000021963,80
h0.05_r0.9_s10046,10046,0.05,0.9,0.04,ttl,0.9625,0.0075000000000000015,0.375,0.0225,1.3720379999995203,80
h0.05_r0.9_s10046,10046,0.05,0.9,0.04,entropy,0.95,0.01,0.5375,0.0315,1.3071109999600594,80
h0.05_r0.9_s10046,10046,0.05,0.9,0.04,random,0.9875,0.0025,0.7875,0.034,1.4120870000624564,80
h0.05_r0.9_s10046,10046,0.05,0.9,0.04,myopic,0.85,0.03,0.2,0.038,1.31753599998774,80
h0.05_r0.9_s10046,10046,0.05,0.9,0.04,recheck,0.9625,0.0075000000000000015,0.375,0.0225,1.6477819999636267,80
h0.05_r0.9_s10046,10046,0.05,0.9,0.04,no_task,0.85,0.03,0.9,0.06599999999999999,1.6509960000803403,80
h0.05_r0.9_s10047,10047,0.05,0.9,0.04,never,0.7125,0.276875,0.05,0.278875,1.1368850000508246,80
h0.05_r0.9_s10047,10047,0.05,0.9,0.04,fresh,1.0,0.0,1.0125,0.0405,1.2327189999723487,80
h0.05_r0.9_s10047,10047,0.05,0.9,0.04,ttl,0.975,0.020624999999999998,0.3875,0.036125,1.303414999938468,80
h0.05_r0.9_s10047,10047,0.05,0.9,0.04,entropy,0.975,0.014374999999999999,0.5625,0.036875000000000005,1.3027940000256422,80
h0.05_r0.9_s10047,10047,0.05,0.9,0.04,random,0.9625,0.033125,0.7625,0.063625,1.3800990000163438,80
h0.05_r0.9_s10047,10047,0.05,0.9,0.04,myopic,0.975,0.00375,0.5875,0.027250000000000003,1.2742609999349952,80
h0.05_r0.9_s10047,10047,0.05,0.9,0.04,recheck,0.975,0.00375,0.6,0.027749999999999997,1.5940409999757321,80
h0.05_r0.9_s10047,10047,0.05,0.9,0.04,no_task,0.925,0.041249999999999995,0.9,0.07725,1.7608609999797409,80
h0.05_r0.9_s10048,10048,0.05,0.9,0.04,never,0.625,0.1162499999999999,0.05,0.1182499999999999,1.1022130000810648,80
h0.05_r0.9_s10048,10048,0.05,0.9,0.04,fresh,1.0,0.0,0.8,0.032,1.2708760000350594,80
h0.05_r0.9_s10048,10048,0.05,0.9,0.04,ttl,0.9875,0.0025,0.325,0.0155,1.3600199999928009,80
h0.05_r0.9_s10048,10048,0.05,0.9,0.04,entropy,1.0,0.0,0.475,0.019,1.338517000021966,80
h0.05_r0.9_s10048,10048,0.05,0.9,0.04,random,1.0,0.0,0.6125,0.0245,1.3323790000185909,80
h0.05_r0.9_s10048,10048,0.05,0.9,0.04,myopic,0.925,0.015,0.325,0.028000000000000004,1.2138309999727426,80
h0.05_r0.9_s10048,10048,0.05,0.9,0.04,recheck,0.9875,0.0025,0.4375,0.02,1.7646259999537506,80
h0.05_r0.9_s10048,10048,0.05,0.9,0.04,no_task,1.0,0.0,0.9,0.036,1.5623929999719621,80
h0.05_r0.9_s10049,10049,0.05,0.9,0.04,never,0.5875,0.11124999999999999,0.05,0.11324999999999999,1.0995300000331554,80
h0.05_r0.9_s10049,10049,0.05,0.9,0.04,fresh,1.0,0.0,1.0125,0.0405,1.1728489999995872,80
h0.05_r0.9_s10049,10049,0.05,0.9,0.04,ttl,0.975,0.00625,0.4125,0.02275,1.2334499999724358,80
h0.05_r0.9_s10049,10049,0.05,0.9,0.04,entropy,0.9875,0.001875,0.6125,0.026375,1.2412620000077368,80
h0.05_r0.9_s10049,10049,0.05,0.9,0.04,random,0.975,0.005,0.7375,0.034499999999999996,1.3016320000360793,80
h0.05_r0.9_s10049,10049,0.05,0.9,0.04,myopic,0.95,0.01,0.3375,0.0235,1.193760999967708,80
h0.05_r0.9_s10049,10049,0.05,0.9,0.04,recheck,0.9625,0.005625,0.4875,0.025124999999999998,1.5569460000506297,80
h0.05_r0.9_s10049,10049,0.05,0.9,0.04,no_task,0.9625,0.013124999999999998,0.9,0.049124999999999995,1.6183970000156478,80
h0.05_r0.9_s10050,10050,0.05,0.9,0.04,never,0.35,0.12999999999999995,0.05,0.13199999999999995,1.076534999924661,80
h0.05_r0.9_s10050,10050,0.05,0.9,0.04,fresh,1.0,0.0,0.9125,0.0365,1.2145809999992707,80
h0.05_r0.9_s10050,10050,0.05,0.9,0.04,ttl,0.9625,0.0075000000000000015,0.35,0.021500000000000002,1.2501950000114448,80
h0.05_r0.9_s10050,10050,0.05,0.9,0.04,entropy,0.975,0.005,0.475,0.024,1.2547819999326748,80
h0.05_r0.9_s10050,10050,0.05,0.9,0.04,random,0.9625,0.0075000000000000015,0.6,0.0315,1.456834999999046,80
h0.05_r0.9_s10050,10050,0.05,0.9,0.04,myopic,0.9125,0.017499999999999998,0.2125,0.026000000000000002,1.170044999980746,80
h0.05_r0.9_s10050,10050,0.05,0.9,0.04,recheck,0.9625,0.0075000000000000015,0.3625,0.022,1.6315370000938856,80
h0.05_r0.9_s10050,10050,0.05,0.9,0.04,no_task,0.8375,0.0325,0.9,0.0685,1.6621830000076443,80
h0.05_r0.9_s10051,10051,0.05,0.9,0.04,never,0.4625,0.2049999999999999,0.05,0.2069999999999999,1.115703999971629,80
h0.05_r0.9_s10051,10051,0.05,0.9,0.04,fresh,1.0,0.0,1.05,0.041999999999999996,1.219429000002492,80
h0.05_r0.9_s10051,10051,0.05,0.9,0.04,ttl,0.975,0.008749999999999999,0.375,0.02375,1.2615020000339427,80
h0.05_r0.9_s10051,10051,0.05,0.9,0.04,entropy,0.975,0.008749999999999999,0.7375,0.03824999999999999,1.2567049999461233,80
h0.05_r0.9_s10051,10051,0.05,0.9,0.04,random,0.95,0.026875,0.8,0.058875,1.3694839999516262,80
h0.05_r0.9_s10051,10051,0.05,0.9,0.04,myopic,0.95,0.013750000000000002,0.6,0.03775,1.2025529999846185,80
h0.05_r0.9_s10051,10051,0.05,0.9,0.04,recheck,0.975,0.008749999999999999,0.7,0.036750000000000005,1.630655999974806,80
h0.05_r0.9_s10051,10051,0.05,0.9,0.04,no_task,0.9375,0.01625,0.9,0.05225,1.5885629999274897,80
h0.05_r0.9_s10052,10052,0.05,0.9,0.04,never,0.725,0.176875,0.05,0.178875,1.073600000040642,80
h0.05_r0.9_s10052,10052,0.05,0.9,0.04,fresh,1.0,0.0,0.675,0.027000000000000003,1.190605000033429,80
h0.05_r0.9_s10052,10052,0.05,0.9,0.04,ttl,0.925,0.040625,0.2625,0.051125,1.2477520000402365,80
h0.05_r0.9_s10052,10052,0.05,0.9,0.04,entropy,0.95,0.03125,0.35,0.04525,1.25709500002813,80
h0.05_r0.9_s10052,10052,0.05,0.9,0.04,random,0.9875,0.0043749999999999995,0.5,0.024375,1.304697000023225,80
h0.05_r0.9_s10052,10052,0.05,0.9,0.04,myopic,0.925,0.019374999999999996,0.2875,0.030874999999999996,1.2077119999958086,80
h0.05_r0.9_s10052,10052,0.05,0.9,0.04,recheck,0.95,0.01,0.3625,0.0245,1.5621729999111267,80
h0.05_r0.9_s10052,10052,0.05,0.9,0.04,no_task,0.8875,0.040624999999999994,0.9,0.07662499999999998,1.6089639999563587,80
h0.05_r0.9_s10053,10053,0.05,0.9,0.04,never,0.75,0.16062499999999996,0.05,0.16262499999999996,1.0902650000161884,80
h0.05_r0.9_s10053,10053,0.05,0.9,0.04,fresh,1.0,0.0,0.8375,0.0335,1.1980169999787904,80
h0.05_r0.9_s10053,10053,0.05,0.9,0.04,ttl,0.975,0.008749999999999999,0.3375,0.02225,1.277565999998842,80
h0.05_r0.9_s10053,10053,0.05,0.9,0.04,entropy,0.9875,0.0043749999999999995,0.4875,0.023875,1.2530989999959274,80
h0.05_r0.9_s10053,10053,0.05,0.9,0.04,random,0.975,0.016875,0.7,0.044875000000000005,1.4334100000041872,80
h0.05_r0.9_s10053,10053,0.05,0.9,0.04,myopic,0.9625,0.02125,0.5125,0.04175,1.1963550000473333,80
h0.05_r0.9_s10053,10053,0.05,0.9,0.04,recheck,0.975,0.016875,0.5375,0.038375000000000006,1.6048469999532244,80
h0.05_r0.9_s10053,10053,0.05,0.9,0.04,no_task,0.9375,0.021875,0.9,0.057874999999999996,1.634761999980583,80
h0.05_r0.9_s10054,10054,0.05,0.9,0.04,never,0.6,0.21125,0.05,0.21325,1.0849870000129158,80
h0.05_r0.9_s10054,10054,0.05,0.9,0.04,fresh,1.0,0.0,1.2625,0.0505,1.2023829999634472,80
h0.05_r0.9_s10054,10054,0.05,0.9,0.04,ttl,0.9375,0.033125,0.4625,0.051625,1.5374759999531307,80
h0.05_r0.9_s10054,10054,0.05,0.9,0.04,entropy,0.95,0.03,0.7,0.05800000000000001,1.2717780000457424,80
h0.05_r0.9_s10054,10054,0.05,0.9,0.04,random,0.975,0.015,1.0,0.05500000000000001,1.5138010001010116,80
h0.05_r0.9_s10054,10054,0.05,0.9,0.04,myopic,0.875,0.035625,0.4875,0.055125,2.269082999987404,80
h0.05_r0.9_s10054,10054,0.05,0.9,0.04,recheck,0.9625,0.017499999999999998,0.6125,0.041999999999999996,2.7063889999681123,80
h0.05_r0.9_s10054,10054,0.05,0.9,0.04,no_task,0.825,0.06625,0.9,0.10225,1.88707000006616,80
h0.05_r0.9_s10055,10055,0.05,0.9,0.04,never,0.7125,0.14750000000000002,0.05,0.14950000000000002,1.1414719999720546,80
h0.05_r0.9_s10055,10055,0.05,0.9,0.04,fresh,1.0,0.0,0.675,0.027000000000000003,1.1954330000207847,80
h0.05_r0.9_s10055,10055,0.05,0.9,0.04,ttl,1.0,0.0,0.275,0.011,1.2126589999752468,80
h0.05_r0.9_s10055,10055,0.05,0.9,0.04,entropy,1.0,0.0,0.45,0.018,1.2314970000488756,80
h0.05_r0.9_s10055,10055,0.05,0.9,0.04,random,1.0,0.0,0.55,0.022,1.3226239999539757,80
h0.05_r0.9_s10055,10055,0.05,0.9,0.04,myopic,0.95,0.01,0.375,0.025,1.1572860000796936,80
h0.05_r0.9_s10055,10055,0.05,0.9,0.04,recheck,1.0,0.0,0.4125,0.0165,1.591005999898698,80
h0.05_r0.9_s10055,10055,0.05,0.9,0.04,no_task,0.9875,0.0025,0.9,0.0385,1.5769149999869114,80
h0.05_r0.9_s10056,10056,0.05,0.9,0.04,never,0.75,0.11625,0.05,0.11825000000000001,1.1125590000347074,80
h0.05_r0.9_s10056,10056,0.05,0.9,0.04,fresh,1.0,0.0,1.025,0.041,1.1801900000136811,80
h0.05_r0.9_s10056,10056,0.05,0.9,0.04,ttl,0.9625,0.0075000000000000015,0.4375,0.025,1.2282719999348046,80
h0.05_r0.9_s10056,10056,0.05,0.9,0.04,entropy,0.9875,0.0025,0.6625,0.029000000000000005,1.2450469999976121,80
h0.05_r0.9_s10056,10056,0.05,0.9,0.04,random,0.9875,0.0025,0.775,0.0335,1.3219020000860837,80
h0.05_r0.9_s10056,10056,0.05,0.9,0.04,myopic,0.9625,0.0075000000000000015,0.3625,0.022,1.1795689999871684,80
h0.05_r0.9_s10056,10056,0.05,0.9,0.04,recheck,0.9625,0.0075000000000000015,0.5,0.027500000000000004,1.5611320000061824,80
h0.05_r0.9_s10056,10056,0.05,0.9,0.04,no_task,0.8,0.04625000000000002,0.9,0.08225000000000002,1.612299000044004,80
h0.05_r0.9_s10057,10057,0.05,0.9,0.04,never,0.55,0.23937499999999998,0.05,0.24137499999999998,1.0643770000342556,80
h0.05_r0.9_s10057,10057,0.05,0.9,0.04,fresh,1.0,0.0,1.3375,0.053500000000000006,1.2100149999696441,80
h0.05_r0.9_s10057,10057,0.05,0.9,0.04,ttl,0.925,0.036875000000000005,0.5,0.05687500000000001,1.2302449999879173,80
h0.05_r0.9_s10057,10057,0.05,0.9,0.04,entropy,0.9625,0.0225,1.025,0.0635,1.3099150000925874,80
h0.05_r0.9_s10057,10057,0.05,0.9,0.04,random,0.975,0.015,1.025,0.05600000000000001,1.3204310000674013,80
h0.05_r0.9_s10057,10057,0.05,0.9,0.04,myopic,0.9375,0.028750000000000005,0.75,0.058750000000000004,1.1855679999825952,80
h0.05_r0.9_s10057,10057,0.05,0.9,0.04,recheck,0.9875,0.0075,0.8625,0.042,1.6136409999489842,80
h0.05_r0.9_s10057,10057,0.05,0.9,0.04,no_task,0.95,0.025625,0.9,0.061625,1.586830000064765,80
h0.05_r0.9_s10058,10058,0.05,0.9,0.04,never,0.5,0.215625,0.05,0.217625,1.1092440000766146,80
h0.05_r0.9_s10058,10058,0.05,0.9,0.04,fresh,1.0,0.0,1.8,0.072,1.210816000025261,80
h0.05_r0.9_s10058,10058,0.05,0.9,0.04,ttl,0.95,0.042499999999999996,0.65,0.0685,1.2689330000057453,80
h0.05_r0.9_s10058,10058,0.05,0.9,0.04,entropy,0.9625,0.0375,1.1,0.08149999999999999,1.2685429999237385,80
h0.05_r0.9_s10058,10058,0.05,0.9,0.04,random,1.0,0.0,1.3875,0.05550000000000001,1.3621230000353535,80
h0.05_r0.9_s10058,10058,0.05,0.9,0.04,myopic,0.9125,0.032499999999999994,0.7125,0.061,1.2079420000645769,80
h0.05_r0.9_s10058,10058,0.05,0.9,0.04,recheck,0.9625,0.01875,0.9,0.05475,1.5679620000810246,80
h0.05_r0.9_s10058,10058,0.05,0.9,0.04,no_task,0.9,0.051875000000000004,0.9,0.08787500000000001,1.597767000021122,80
h0.05_r0.9_s10059,10059,0.05,0.9,0.04,never,0.425,0.3137500000000001,0.05,0.3157500000000001,1.0765050000145493,80
h0.05_r0.9_s10059,10059,0.05,0.9,0.04,fresh,1.0,0.0,1.425,0.05700000000000001,1.2007809999659003,80
h0.05_r0.9_s10059,10059,0.05,0.9,0.04,ttl,0.95,0.018749999999999996,0.5125,0.03924999999999999,1.2288230000194744,80
h0.05_r0.9_s10059,10059,0.05,0.9,0.04,entropy,0.9875,0.0075,0.8125,0.04,1.3912069999832966,80
h0.05_r0.9_s10059,10059,0.05,0.9,0.04,random,1.0,0.0,1.1,0.044,1.3243970000758054,80
h0.05_r0.9_s10059,10059,0.05,0.9,0.04,myopic,0.8875,0.03125,0.475,0.050249999999999996,1.242594000018471,80
h0.05_r0.9_s10059,10059,0.05,0.9,0.04,recheck,0.975,0.005625,0.6875,0.033125,1.569775000007212,80
h0.05_r0.9_s10059,10059,0.05,0.9,0.04,no_task,0.875,0.048125000000000015,0.9,0.084125,1.6071910000619027,80
h0.05_r0.9_s10060,10060,0.05,0.9,0.04,never,0.6375,0.11250000000000004,0.05,0.11450000000000005,1.0775460000331805,80
h0.05_r0.9_s10060,10060,0.05,0.9,0.04,fresh,1.0,0.0,1.175,0.047,1.2387379999836412,80
h0.05_r0.9_s10060,10060,0.05,0.9,0.04,ttl,0.9875,0.0125,0.45,0.0305,1.2345620000360213,80
h0.05_r0.9_s10060,10060,0.05,0.9,0.04,entropy,0.9875,0.0125,0.7125,0.041,1.3883519999353666,80
h0.05_r0.9_s10060,10060,0.05,0.9,0.04,random,1.0,0.0,0.9875,0.0395,1.3334400000530877,80
h0.05_r0.9_s10060,10060,0.05,0.9,0.04,myopic,0.975,0.00625,0.6125,0.03075,1.1939810000285433,80
h0.05_r0.9_s10060,10060,0.05,0.9,0.04,recheck,1.0,0.0,0.675,0.027000000000000003,1.6013810000004014,80
h0.05_r0.9_s10060,10060,0.05,0.9,0.04,no_task,0.8625,0.06,0.9,0.096,1.5806100000190781,80
h0.05_r0.9_s10061,10061,0.05,0.9,0.04,never,0.25,0.64125,0.05,0.6432499999999999,1.1188990000619015,80
h0.05_r0.9_s10061,10061,0.05,0.9,0.04,fresh,1.0,0.0,1.125,0.045,1.20309500005078,80
h0.05_r0.9_s10061,10061,0.05,0.9,0.04,ttl,0.95,0.036875,0.425,0.05387499999999999,1.2661590000107026,80
h0.05_r0.9_s10061,10061,0.05,0.9,0.04,entropy,0.9875,0.0125,0.6625,0.039,1.254151000011916,80
h0.05_r0.9_s10061,10061,0.05,0.9,0.04,random,1.0,0.0,0.85,0.034,1.361412000051132,80
h0.05_r0.9_s10061,10061,0.05,0.9,0.04,myopic,1.0,0.0,0.6875,0.027500000000000004,1.1932689999412105,80
h0.05_r0.9_s10061,10061,0.05,0.9,0.04,recheck,1.0,0.0,0.7,0.028000000000000004,1.5964140000050975,80
h0.05_r0.9_s10061,10061,0.05,0.9,0.04,no_task,0.9875,0.008125,0.9,0.044125,1.691037000000506,80
h0.05_r0.9_s10062,10062,0.05,0.9,0.04,never,0.6125,0.17124999999999996,0.05,0.17324999999999996,1.073511000072358,80
h0.05_r0.9_s10062,10062,0.05,0.9,0.04,fresh,1.0,0.0,0.8375,0.0335,1.1975160000474716,80
h0.05_r0.9_s10062,10062,0.05,0.9,0.04,ttl,0.925,0.03625,0.35,0.050249999999999996,1.2268000000403845,80
h0.05_r0.9_s10062,10062,0.05,0.9,0.04,entropy,1.0,0.0,0.625,0.025,1.3101250000318032,80
h0.05_r0.9_s10062,10062,0.05,0.9,0.04,random,0.95,0.023125,0.6375,0.048625,1.308251999944332,80
h0.05_r0.9_s10062,10062,0.05,0.9,0.04,myopic,0.9625,0.011875,0.5375,0.033375,1.2340210000729712,80
h0.05_r0.9_s10062,10062,0.05,0.9,0.04,recheck,1.0,0.0,0.5875,0.0235,1.5834250000352768,80
h0.05_r0.9_s10062,10062,0.05,0.9,0.04,no_task,0.8375,0.05437499999999999,0.9,0.090375,1.616535000039221,80
h0.05_r0.9_s10063,10063,0.05,0.9,0.04,never,0.7875,0.07250000000000001,0.05,0.07450000000000001,1.0715170000139551,80
h0.05_r0.9_s10063,10063,0.05,0.9,0.04,fresh,1.0,0.0,1.525,0.061,1.246569999921121,80
h0.05_r0.9_s10063,10063,0.05,0.9,0.04,ttl,0.9875,0.003125,0.5625,0.025625,1.2359139999489344,80
h0.05_r0.9_s10063,10063,0.05,0.9,0.04,entropy,1.0,0.0,0.7875,0.0315,1.3968450000447774,80
h0.05_r0.9_s10063,10063,0.05,0.9,0.04,random,0.975,0.00625,1.2625,0.05675,1.3347619999422022,80
h0.05_r0.9_s10063,10063,0.05,0.9,0.04,myopic,0.9875,0.003125,0.575,0.026125,1.3337610000689892,80
h0.05_r0.9_s10063,10063,0.05,0.9,0.04,recheck,0.975,0.00625,0.7,0.03425,1.689204000058453,80
h0.05_r0.9_s10063,10063,0.05,0.9,0.04,no_task,0.9625,0.008125,0.9,0.044125,1.7666300000200863,80
h0.05_r0.9_s10000,10000,0.05,0.9,0.12,never,0.5125,0.2743749999999999,0.05,0.28037499999999993,1.1172460000352658,80
h0.05_r0.9_s10000,10000,0.05,0.9,0.12,fresh,1.0,0.0,0.9125,0.1095,1.23702600001252,80
h0.05_r0.9_s10000,10000,0.05,0.9,0.12,ttl,0.9125,0.07437500000000001,0.25,0.10437500000000002,1.2405299999045383,80
h0.05_r0.9_s10000,10000,0.05,0.9,0.12,entropy,0.9,0.0625,0.25,0.0925,1.2402809999230158,80
h0.05_r0.9_s10000,10000,0.05,0.9,0.12,random,0.9375,0.024375,0.4625,0.079875,1.3610720000087895,80
h0.05_r0.9_s10000,10000,0.05,0.9,0.12,myopic,0.8,0.08250000000000002,0.225,0.10950000000000001,1.1757629999920027,80
h0.05_r0.9_s10000,10000,0.05,0.9,0.12,recheck,0.95,0.030000000000000006,0.3625,0.07350000000000001,1.6078410000091026,80
h0.05_r0.9_s10000,10000,0.05,0.9,0.12,no_task,0.8375,0.11625,0.475,0.17325,1.5688529999806633,80
h0.05_r0.9_s10001,10001,0.05,0.9,0.12,never,0.4,0.3131250000000004,0.05,0.3191250000000004,1.1089030000448474,80
h0.05_r0.9_s10001,10001,0.05,0.9,0.12,fresh,1.0,0.0,1.1625,0.1395,1.5040359999147768,80
h0.05_r0.9_s10001,10001,0.05,0.9,0.12,ttl,0.925,0.02,0.3375,0.0605,1.2475409999979092,80
h0.05_r0.9_s10001,10001,0.05,0.9,0.12,entropy,0.9125,0.022500000000000003,0.35,0.0645,1.253960999974879,80
h0.05_r0.9_s10001,10001,0.05,0.9,0.12,random,0.9875,0.0125,0.5625,0.07999999999999999,1.6288930000882829,80
h0.05_r0.9_s10001,10001,0.05,0.9,0.12,myopic,0.825,0.034375,0.2,0.058374999999999996,2.0957030000090526,80
h0.05_r0.9_s10001,10001,0.05,0.9,0.12,recheck,0.9375,0.011875,0.3875,0.058374999999999996,1.5933399999994435,80
h0.05_r0.9_s10001,10001,0.05,0.9,0.12,no_task,0.775,0.051875000000000004,0.475,0.10887500000000001,1.5964949999442979,80
h0.05_r0.9_s10002,10002,0.05,0.9,0.12,never,0.5875,0.2725,0.05,0.2785,1.0638360000712055,80
h0.05_r0.9_s10002,10002,0.05,0.9,0.12,fresh,1.0,0.0,0.775,0.093,1.2631550000605785,80
h0.05_r0.9_s10002,10002,0.05,0.9,0.12,ttl,0.95,0.01,0.2125,0.0355,1.2156640000284824,80
h0.05_r0.9_s10002,10002,0.05,0.9,0.12,entropy,0.975,0.005,0.175,0.026000000000000002,1.2787679999064494,80
h0.05_r0.9_s10002,10002,0.05,0.9,0.12,random,0.975,0.005,0.3375,0.0455,1.3790790000030029,80
h0.05_r0.9_s10002,10002,0.05,0.9,0.12,myopic,0.825,0.035,0.125,0.05,1.3061090000974218,80
h0.05_r0.9_s10002,10002,0.05,0.9,0.12,recheck,0.9375,0.0125,0.2375,0.040999999999999995,2.380791000064164,80
h0.05_r0.9_s10002,10002,0.05,0.9,0.12,no_task,0.9,0.019999999999999997,0.475,0.07699999999999999,2.7358240000694423,80
h0.05_r0.9_s10003,10003,0.05,0.9,0.12,never,0.55,0.11437499999999998,0.05,0.12037499999999998,1.0705760000746523,80
h0.05_r0.9_s10003,10003,0.05,0.9,0.12,fresh,1.0,0.0,1.2625,0.1515,1.2003010000398717,80
h0.05_r0.9_s10003,10003,0.05,0.9,0.12,ttl,0.9,0.039999999999999994,0.35,0.08199999999999999,1.536784999984775,80
h0.05_r0.9_s10003,10003,0.05,0.9,0.12,entropy,0.95,0.0075,0.35,0.0495,1.2259589999530363,80
h0.05_r0.9_s10003,10003,0.05,0.9,0.12,random,0.9875,0.001875,0.65,0.079875,1.3134700000136945,80
h0.05_r0.9_s10003,10003,0.05,0.9,0.12,myopic,0.6375,0.06250000000000003,0.2,0.08650000000000002,1.2666300000319097,80
h0.05_r0.9_s10003,10003,0.05,0.9,0.12,recheck,0.9125,0.013125000000000001,0.4125,0.062625,1.637065999943843,80
h0.05_r0.9_s10003,10003,0.05,0.9,0.12,no_task,0.925,0.03,0.475,0.087,1.5777259999367743,80
h0.05_r0.9_s10004,10004,0.05,0.9,0.12,never,0.525,0.24875000000000025,0.05,0.25475000000000025,1.0632150000446927,80
h0.05_r0.9_s10004,10004,0.05,0.9,0.12,fresh,1.0,0.0,1.05,0.126,1.2155130000337522,80
h0.05_r0.9_s10004,10004,0.05,0.9,0.12,ttl,0.8875,0.05062500000000001,0.25,0.08062500000000002,1.2281520000669843,80
h0.05_r0.9_s10004,10004,0.05,0.9,0.12,entropy,0.9125,0.034375,0.35,0.076375,1.2545820000013919,80
h0.05_r0.9_s10004,10004,0.05,0.9,0.12,random,0.9375,0.036875000000000005,0.5625,0.104375,1.3452679999090833,80
h0.05_r0.9_s10004,10004,0.05,0.9,0.12,myopic,0.8375,0.060625,0.325,0.09962499999999999,1.1955439999837836,80
h0.05_r0.9_s10004,10004,0.05,0.9,0.12,recheck,0.9125,0.038125000000000006,0.4875,0.096625,1.5698649999649206,80
h0.05_r0.9_s10004,10004,0.05,0.9,0.12,no_task,0.825,0.07624999999999997,0.475,0.13324999999999995,1.6747820000091451,80
h0.05_r0.9_s10005,10005,0.05,0.9,0.12,never,0.5375,0.3112500000000001,0.05,0.3172500000000001,1.0832149999941976,80
h0.05_r0.9_s10005,10005,0.05,0.9,0.12,fresh,1.0,0.0,1.6,0.192,1.3355639999872437,80
h0.05_r0.9_s10005,10005,0.05,0.9,0.12,ttl,0.8875,0.065625,0.375,0.110625,1.2580169999409918,80
h0.05_r0.9_s10005,10005,0.05,0.9,0.12,entropy,0.775,0.20125,0.325,0.24025000000000002,1.23201799999606,80
h0.05_r0.9_s10005,10005,0.05,0.9,0.12,random,0.8875,0.063125,0.7875,0.157625,1.3523579999628055,80
h0.05_r0.9_s10005,10005,0.05,0.9,0.12,myopic,0.6375,0.21125000000000008,0.2,0.2352500000000001,1.1850069998899926,80
h0.05_r0.9_s10005,10005,0.05,0.9,0.12,recheck,0.825,0.1,0.4625,0.1555,1.6013010000506256,80
h0.05_r0.9_s10005,10005,0.05,0.9,0.12,no_task,0.8125,0.140625,0.475,0.197625,1.5869510000356968,80
h0.05_r0.9_s10006,10006,0.05,0.9,0.12,never,0.65,0.24749999999999991,0.05,0.25349999999999995,1.076354000019819,80
h0.05_r0.9_s10006,10006,0.05,0.9,0.12,fresh,1.0,0.0,1.1125,0.1335,1.4510869999639908,80
h0.05_r0.9_s10006,10006,0.05,0.9,0.12,ttl,0.9375,0.03875,0.3125,0.07625,1.34283400007007,80
h0.05_r0.9_s10006,10006,0.05,0.9,0.12,entropy,0.9,0.06124999999999999,0.325,0.10024999999999999,1.2581370000361858,80
h0.05_r0.9_s10006,10006,0.05,0.9,0.12,random,0.95,0.024375,0.6,0.096375,1.5431639999405888,80
h0.05_r0.9_s10006,10006,0.05,0.9,0.12,myopic,0.875,0.07625,0.2,0.10024999999999999,1.1734700000261,80
h0.05_r0.9_s10006,10006,0.05,0.9,0.12,recheck,0.9625,0.023125,0.4,0.071125,1.6556329999275476,80
h0.05_r0.9_s10006,10006,0.05,0.9,0.12,no_task,0.975,0.01625,0.475,0.07325,1.5766849999181431,80
h0.05_r0.9_s10007,10007,0.05,0.9,0.12,never,0.475,0.503125,0.05,0.5091249999999999,1.310395000018616,80
h0.05_r0.9_s10007,10007,0.05,0.9,0.12,fresh,1.0,0.0,1.0375,0.12449999999999999,1.2870099999418017,80
h0.05_r0.9_s10007,10007,0.05,0.9,0.12,ttl,0.9625,0.0375,0.25,0.0675,1.2267900000324516,80
h0.05_r0.9_s10007,10007,0.05,0.9,0.12,entropy,0.9875,0.0125,0.2125,0.038,1.2173860000075365,80
h0.05_r0.9_s10007,10007,0.05,0.9,0.12,random,0.975,0.020624999999999998,0.5125,0.082125,1.2955539999666144,80
h0.05_r0.9_s10007,10007,0.05,0.9,0.12,myopic,0.95,0.05,0.2,0.074,1.1864989999139652,80
h0.05_r0.9_s10007,10007,0.05,0.9,0.12,recheck,1.0,0.0,0.375,0.045,1.5807710000217412,80
h0.05_r0.9_s10007,10007,0.05,0.9,0.12,no_task,0.925,0.06625,0.475,0.12325,1.7224239999222846,80
h0.05_r0.9_s10008,10008,0.05,0.9,0.12,never,0.375,0.25874999999999987,0.05,0.2647499999999999,1.1177059999454286,80
h0.05_r0.9_s10008,10008,0.05,0.9,0.12,fresh,1.0,0.0,1.05,0.126,1.2451380000584322,80
h0.05_r0.9_s10008,10008,0.05,0.9,0.12,ttl,0.8875,0.024374999999999997,0.2625,0.055874999999999994,1.2583870000071329,80
h0.05_r0.9_s10008,10008,0.05,0.9,0.12,entropy,0.7875,0.04437500000000001,0.2625,0.07587500000000001,1.2479920000032507,80
h0.05_r0.9_s10008,10008,0.05,0.9,0.12,random,0.8625,0.0475,0.4625,0.10299999999999998,1.6130999999859341,80
h0.05_r0.9_s10008,10008,0.05,0.9,0.12,myopic,0.6375,0.08562500000000005,0.1375,0.10212500000000005,1.3138809999873047,80
h0.05_r0.9_s10008,10008,0.05,0.9,0.12,recheck,0.925,0.015,0.3,0.051000000000000004,2.080280000086532,80
h0.05_r0.9_s10008,10008,0.05,0.9,0.12,no_task,0.725,0.06625000000000003,0.475,0.12325000000000004,1.708000999997239,80
h0.05_r0.9_s10009,10009,0.05,0.9,0.12,never,0.6375,0.12125,0.05,0.12725,1.0817319999887332,80
h0.05_r0.9_s10009,10009,0.05,0.9,0.12,fresh,1.0,0.0,1.575,0.189,1.3265599999385813,80
h0.05_r0.9_s10009,10009,0.05,0.9,0.12,ttl,0.8375,0.03749999999999999,0.35,0.07949999999999999,1.2258290000772831,80
h0.05_r0.9_s10009,10009,0.05,0.9,0.12,entropy,0.8625,0.028124999999999994,0.3625,0.071625,1.2614119999625473,80
h0.05_r0.9_s10009,10009,0.05,0.9,0.12,random,0.925,0.021249999999999998,0.7,0.10525,1.3261090000469267,80
h0.05_r0.9_s10009,10009,0.05,0.9,0.12,myopic,0.8375,0.041874999999999996,0.1625,0.061375,1.154993000000104,80
h0.05_r0.9_s10009,10009,0.05,0.9,0.12,recheck,0.8125,0.039374999999999986,0.35,0.08137499999999999,1.8207310000661892,80
h0.05_r0.9_s10009,10009,0.05,0.9,0.12,no_task,0.8125,0.039374999999999986,0.475,0.09637499999999999,1.6861289999496876,80
h0.05_r0.9_s10010,10010,0.05,0.9,0.12,never,0.75,0.15312499999999996,0.05,0.15912499999999996,1.1084320000236403,80
h0.05_r0.9_s10010,10010,0.05,0.9,0.12,fresh,1.0,0.0,1.3,0.156,1.2076010000328097,80
h0.05_r0.9_s10010,10010,0.05,0.9,0.12,ttl,0.9125,0.06312500000000001,0.3375,0.10362500000000001,1.473691000001054,80
h0.05_r0.9_s10010,10010,0.05,0.9,0.12,entropy,0.8,0.13062499999999996,0.3125,0.16812499999999997,1.8521380000038334,80
h0.05_r0.9_s10010,10010,0.05,0.9,0.12,random,0.975,0.010624999999999999,0.675,0.09162499999999998,1.5616419999560094,80
h0.05_r0.9_s10010,10010,0.05,0.9,0.12,myopic,0.7375,0.159375,0.2375,0.18787499999999996,1.163454999982605,80
h0.05_r0.9_s10010,10010,0.05,0.9,0.12,recheck,0.8875,0.073125,0.45,0.127125,1.6785880000043107,80
h0.05_r0.9_s10010,10010,0.05,0.9,0.12,no_task,0.825,0.08625000000000001,0.475,0.14325000000000002,1.5467389999912484,80
h0.05_r0.9_s10011,10011,0.05,0.9,0.12,never,0.1125,0.335625,0.05,0.341625,1.140359999908469,80
h0.05_r0.9_s10011,10011,0.05,0.9,0.12,fresh,1.0,0.0,2.65,0.31799999999999995,1.3950630000181263,80
h0.05_r0.9_s10011,10011,0.05,0.9,0.12,ttl,0.7875,0.03937499999999999,0.5625,0.10687499999999998,1.3645660000065618,80
h0.05_r0.9_s10011,10011,0.05,0.9,0.12,entropy,0.8125,0.032499999999999994,0.6125,0.10600000000000001,1.3227139999116844,80
h0.05_r0.9_s10011,10011,0.05,0.9,0.12,random,0.8625,0.0475,1.4375,0.21999999999999997,1.4770349999935206,80
h0.05_r0.9_s10011,10011,0.05,0.9,0.12,myopic,0.4875,0.11562500000000006,0.1875,0.13812500000000005,1.1782379999658588,80
h0.05_r0.9_s10011,10011,0.05,0.9,0.12,recheck,0.8375,0.029374999999999995,0.575,0.09837499999999999,1.6497749999189182,80
h0.05_r0.9_s10011,10011,0.05,0.9,0.12,no_task,0.7,0.053125,0.475,0.11012499999999999,1.5764240000635255,80
h0.05_r0.9_s10012,10012,0.05,0.9,0.12,never,0.6125,0.20937499999999995,0.05,0.21537499999999996,1.1689730000625786,80
h0.05_r0.9_s10012,10012,0.05,0.9,0.12,fresh,1.0,0.0,0.9875,0.11850000000000001,1.1978160000580829,80
h0.05_r0.9_s10012,10012,0.05,0.9,0.12,ttl,0.8875,0.056874999999999995,0.3125,0.094375,1.3539710000713967,80
h0.05_r0.9_s10012,10012,0.05,0.9,0.12,entropy,0.875,0.056874999999999995,0.3,0.092875,1.2473809999846708,80
h0.05_r0.9_s10012,10012,0.05,0.9,0.12,random,0.9125,0.036875000000000005,0.5,0.096875,1.434632000041347,80
h0.05_r0.9_s10012,10012,0.05,0.9,0.12,myopic,0.725,0.13499999999999995,0.175,0.15599999999999997,1.220299999999952,80
h0.05_r0.9_s10012,10012,0.05,0.9,0.12,recheck,0.9375,0.025625,0.3375,0.06612499999999999,1.6781869999249466,80
h0.05_r0.9_s10012,10012,0.05,0.9,0.12,no_task,0.8,0.08187499999999999,0.475,0.138875,1.5855780000038067,80
h0.05_r0.9_s10013,10013,0.05,0.9,0.12,never,0.825,0.11375000000000002,0.05,0.11975000000000002,1.1645570000382577,80
h0.05_r0.9_s10013,10013,0.05,0.9,0.12,fresh,1.0,0.0,0.6875,0.08249999999999999,1.194801999986339,80
h0.05_r0.9_s10013,10013,0.05,0.9,0.12,ttl,0.9125,0.056874999999999995,0.2,0.080875,1.3212510000357724,80
h0.05_r0.9_s10013,10013,0.05,0.9,0.12,entropy,0.9625,0.024375,0.275,0.057374999999999995,1.2312769999880402,80
h0.05_r0.9_s10013,10013,0.05,0.9,0.12,random,0.95,0.0325,0.35,0.0745,1.3087629999972705,80
h0.05_r0.9_s10013,10013,0.05,0.9,0.12,myopic,0.9625,0.024375,0.25,0.05437499999999999,1.1934400000654932,80
h0.05_r0.9_s10013,10013,0.05,0.9,0.12,recheck,0.975,0.01625,0.3625,0.059750000000000004,1.847350000048209,80
h0.05_r0.9_s10013,10013,0.05,0.9,0.12,no_task,0.9125,0.056874999999999995,0.475,0.11387499999999999,1.5808609999794498,80
h0.05_r0.9_s10014,10014,0.05,0.9,0.12,never,0.575,0.25437499999999996,0.05,0.26037499999999997,1.1641360000567147,80
h0.05_r0.9_s10014,10014,0.05,0.9,0.12,fresh,1.0,0.0,0.675,0.08099999999999999,1.277306000019962,80
h0.05_r0.9_s10014,10014,0.05,0.9,0.12,ttl,0.9625,0.013124999999999998,0.1875,0.035625,1.216754999973091,80
h0.05_r0.9_s10014,10014,0.05,0.9,0.12,entropy,0.9625,0.013124999999999998,0.1875,0.035625,1.2579760000335227,80
h0.05_r0.9_s10014,10014,0.05,0.9,0.12,random,0.9125,0.05499999999999999,0.2875,0.0895,1.3591790000191395,80
h0.05_r0.9_s10014,10014,0.05,0.9,0.12,myopic,0.9875,0.0043749999999999995,0.125,0.019374999999999996,1.2352319999990868,80
h0.05_r0.9_s10014,10014,0.05,0.9,0.12,recheck,0.9625,0.013124999999999998,0.2125,0.038625,1.6921980000006442,80
h0.05_r0.9_s10014,10014,0.05,0.9,0.12,no_task,0.9625,0.013124999999999998,0.475,0.07012499999999999,1.7166339999903357,80
h0.05_r0.9_s10015,10015,0.05,0.9,0.12,never,0.3875,0.42500000000000027,0.05,0.4310000000000002,1.0886730000265743,80
h0.05_r0.9_s10015,10015,0.05,0.9,0.12,fresh,1.0,0.0,1.95,0.23399999999999999,1.20550799999819,80
h0.05_r0.9_s10015,10015,0.05,0.9,0.12,ttl,0.7875,0.07125000000000001,0.475,0.12825000000000003,1.2525380000170117,80
h0.05_r0.9_s10015,10015,0.05,0.9,0.12,entropy,0.8375,0.07187500000000001,0.5125,0.13337500000000002,1.259538999988763,80
h0.05_r0.9_s10015,10015,0.05,0.9,0.12,random,0.925,0.030624999999999996,0.9,0.138625,1.3474910000468299,80
h0.05_r0.9_s10015,10015,0.05,0.9,0.12,myopic,0.5875,0.13999999999999999,0.1875,0.1625,1.17042500005482,80
h0.05_r0.9_s10015,10015,0.05,0.9,0.12,recheck,0.875,0.028749999999999998,0.5125,0.09025,1.5970360000210349,80
h0.05_r0.9_s10015,10015,0.05,0.9,0.12,no_task,0.725,0.06750000000000002,0.475,0.12450000000000001,1.5446360000623827,80
h0.05_r0.9_s10016,10016,0.05,0.9,0.12,never,0.6,0.32062499999999994,0.05,0.32662499999999994,1.090335999947456,80
h0.05_r0.9_s10016,10016,0.05,0.9,0.12,fresh,1.0,0.0,1.6125,0.19349999999999998,1.1968549999892275,80
h0.05_r0.9_s10016,10016,0.05,0.9,0.12,ttl,0.8375,0.09187500000000001,0.3875,0.138375,1.2412309999945137,80
h0.05_r0.9_s10016,10016,0.05,0.9,0.12,entropy,0.7125,0.21499999999999994,0.375,0.25999999999999995,1.2569159999884505,80
h0.05_r0.9_s10016,10016,0.05,0.9,0.12,random,0.95,0.025,0.9,0.133,1.3208419999273247,80
h0.05_r0.9_s10016,10016,0.05,0.9,0.12,myopic,0.6875,0.16,0.1875,0.18250000000000002,1.1771660000476913,80
h0.05_r0.9_s10016,10016,0.05,0.9,0.12,recheck,0.8375,0.081875,0.45,0.13587500000000002,1.6784979999329153,80
h0.05_r0.9_s10016,10016,0.05,0.9,0.12,no_task,0.7625,0.13125,0.475,0.18824999999999997,1.6583169999648817,80
h0.05_r0.9_s10017,10017,0.05,0.9,0.12,never,0.875,0.08124999999999998,0.05,0.08724999999999998,1.0746310000513404,80
h0.05_r0.9_s10017,10017,0.05,0.9,0.12,fresh,1.0,0.0,0.65,0.078,1.1642360000223562,80
h0.05_r0.9_s10017,10017,0.05,0.9,0.12,ttl,0.95,0.0125,0.225,0.0395,1.2103949999300312,80
h0.05_r0.9_s10017,10017,0.05,0.9,0.12,entropy,0.9625,0.013750000000000002,0.1875,0.03625,1.2190080000209491,80
h0.05_r0.9_s10017,10017,0.05,0.9,0.12,random,0.9875,0.0075,0.3625,0.051000000000000004,1.4246669999238293,80
h0.05_r0.9_s10017,10017,0.05,0.9,0.12,myopic,0.9375,0.023125,0.1375,0.039625,1.1873910000304022,80
h0.05_r0.9_s10017,10017,0.05,0.9,0.12,recheck,0.9375,0.023125,0.225,0.050124999999999996,1.538256999992882,80
h0.05_r0.9_s10017,10017,0.05,0.9,0.12,no_task,0.975,0.010624999999999999,0.475,0.06762499999999999,1.595592999933615,80
h0.05_r0.9_s10018,10018,0.05,0.9,0.12,never,0.8125,0.064375,0.05,0.07037500000000001,1.0752329999377253,80
h0.05_r0.9_s10018,10018,0.05,0.9,0.12,fresh,1.0,0.0,1.1875,0.14250000000000002,1.2653679999630185,80
h0.05_r0.9_s10018,10018,0.05,0.9,0.12,ttl,0.85,0.0625,0.275,0.0955,1.2281210000537612,80
h0.05_r0.9_s10018,10018,0.05,0.9,0.12,entropy,0.875,0.04625,0.3125,0.08375,1.2571849999858387,80
h0.05_r0.9_s10018,10018,0.05,0.9,0.12,random,0.9375,0.025625000000000002,0.7125,0.111125,1.3222329999962312,80
h0.05_r0.9_s10018,10018,0.05,0.9,0.12,myopic,0.7125,0.10312499999999995,0.2,0.12712499999999996,1.177746999928786,80
h0.05_r0.9_s10018,10018,0.05,0.9,0.12,recheck,0.8875,0.038125000000000006,0.3625,0.081625,1.5874009999379268,80
h0.05_r0.9_s10018,10018,0.05,0.9,0.12,no_task,0.825,0.05625000000000001,0.475,0.11325,1.5626539999402667,80
h0.05_r0.9_s10019,10019,0.05,0.9,0.12,never,0.2125,0.19124999999999992,0.05,0.19724999999999993,1.1057880000180376,80
h0.05_r0.9_s10019,10019,0.05,0.9,0.12,fresh,1.0,0.0,1.0375,0.12449999999999999,1.2152629999491182,80
h0.05_r0.9_s10019,10019,0.05,0.9,0.12,ttl,0.8625,0.066875,0.2625,0.09837500000000002,1.301592000004348,80
h0.05_r0.9_s10019,10019,0.05,0.9,0.12,entropy,0.9625,0.024375,0.25,0.05437499999999999,1.23125599998275,80
h0.05_r0.9_s10019,10019,0.05,0.9,0.12,random,0.8875,0.050624999999999996,0.525,0.113625,1.3602200000377707,80
h0.05_r0.9_s10019,10019,0.05,0.9,0.12,myopic,0.25,0.1668749999999999,0.125,0.1818749999999999,1.1562339999500182,80
h0.05_r0.9_s10019,10019,0.05,0.9,0.12,recheck,0.95,0.026875,0.275,0.05987499999999999,1.5868200000568322,80
h0.05_r0.9_s10019,10019,0.05,0.9,0.12,no_task,0.725,0.09437500000000003,0.475,0.15137500000000004,1.570816000025843,80
h0.05_r0.9_s10020,10020,0.05,0.9,0.12,never,0.35,0.22437500000000016,0.05,0.23037500000000016,1.101921999975275,80
h0.05_r0.9_s10020,10020,0.05,0.9,0.12,fresh,1.0,0.0,2.0625,0.2475,1.2215519999472235,80
h0.05_r0.9_s10020,10020,0.05,0.9,0.12,ttl,0.9625,0.008125,0.4625,0.063625,1.227130999950532,80
h0.05_r0.9_s10020,10020,0.05,0.9,0.12,entropy,0.9875,0.001875,0.475,0.058875,1.2904049999633571,80
h0.05_r0.9_s10020,10020,0.05,0.9,0.12,random,0.9625,0.009375,1.0,0.129375,1.5231849999963742,80
h0.05_r0.9_s10020,10020,0.05,0.9,0.12,myopic,0.725,0.06375,0.175,0.08474999999999999,1.2615419999519872,80
h0.05_r0.9_s10020,10020,0.05,0.9,0.12,recheck,0.975,0.00625,0.5,0.06625,1.5755629999603116,80
h0.05_r0.9_s10020,10020,0.05,0.9,0.12,no_task,0.925,0.013750000000000002,0.475,0.07075000000000001,1.6160239999862824,80
h0.05_r0.9_s10021,10021,0.05,0.9,0.12,never,0.25,0.75,0.05,0.756,1.2416229999416828,80
h0.05_r0.9_s10021,10021,0.05,0.9,0.12,fresh,1.0,0.0,1.05,0.126,1.2149719999570152,80
h0.05_r0.9_s10021,10021,0.05,0.9,0.12,ttl,0.9875,0.0125,0.2625,0.044,1.3471500000150627,80
h0.05_r0.9_s10021,10021,0.05,0.9,0.12,entropy,0.95,0.05,0.175,0.071,1.2272709999479048,80
h0.05_r0.9_s10021,10021,0.05,0.9,0.12,random,1.0,0.0,0.5625,0.06749999999999999,1.3056980000101248,80
h0.05_r0.9_s10021,10021,0.05,0.9,0.12,myopic,0.95,0.05,0.2125,0.0755,1.204406000056224,80
h0.05_r0.9_s10021,10021,0.05,0.9,0.12,recheck,0.9875,0.0125,0.375,0.057499999999999996,1.5758330000608112,80
h0.05_r0.9_s10021,10021,0.05,0.9,0.12,no_task,1.0,0.0,0.475,0.056999999999999995,1.5943710000101419,80
h0.05_r0.9_s10022,10022,0.05,0.9,0.12,never,0.55,0.10812500000000003,0.05,0.11412500000000003,1.067481000063708,80
h0.05_r0.9_s10022,10022,0.05,0.9,0.12,fresh,1.0,0.0,1.9,0.22799999999999998,1.2170349999678365,80
h0.05_r0.9_s10022,10022,0.05,0.9,0.12,ttl,0.8875,0.029375000000000002,0.425,0.080375,1.2290729999904215,80
h0.05_r0.9_s10022,10022,0.05,0.9,0.12,entropy,0.8875,0.029375000000000002,0.425,0.080375,1.2326379999194614,80
h0.05_r0.9_s10022,10022,0.05,0.9,0.12,random,0.95,0.0125,1.0,0.1325,1.3395290000062232,80
h0.05_r0.9_s10022,10022,0.05,0.9,0.12,myopic,0.5375,0.11250000000000002,0.175,0.1335,1.1536409999735042,80
h0.05_r0.9_s10022,10022,0.05,0.9,0.12,recheck,0.8375,0.043125000000000004,0.4875,0.101625,1.9753119998995317,80
h0.05_r0.9_s10022,10022,0.05,0.9,0.12,no_task,0.6625,0.08687499999999997,0.475,0.14387499999999998,1.6845269999521406,80
h0.05_r0.9_s10023,10023,0.05,0.9,0.12,never,0.375,0.5406250000000001,0.05,0.546625,1.0820730000205003,80
h0.05_r0.9_s10023,10023,0.05,0.9,0.12,fresh,1.0,0.0,1.6,0.192,1.3268799999650582,80
h0.05_r0.9_s10023,10023,0.05,0.9,0.12,ttl,0.9,0.049374999999999995,0.4,0.09737499999999999,1.2792779999699633,80
h0.05_r0.9_s10023,10023,0.05,0.9,0.12,entropy,0.875,0.069375,0.375,0.114375,1.3594790000297508,80
h0.05_r0.9_s10023,10023,0.05,0.9,0.12,random,0.9375,0.025,0.8875,0.1315,1.5473999999358057,80
h0.05_r0.9_s10023,10023,0.05,0.9,0.12,myopic,0.7,0.11000000000000003,0.1625,0.12950000000000003,1.178066000079525,80
h0.05_r0.9_s10023,10023,0.05,0.9,0.12,recheck,0.9,0.032499999999999994,0.4375,0.08499999999999999,1.6714570000431195,80
h0.05_r0.9_s10023,10023,0.05,0.9,0.12,no_task,0.725,0.1075,0.475,0.1645,1.578888000040024,80
h0.05_r0.9_s10024,10024,0.05,0.9,0.12,never,0.575,0.15375000000000003,0.05,0.15975000000000003,1.1096839999709118,80
h0.05_r0.9_s10024,10024,0.05,0.9,0.12,fresh,1.0,0.0,1.7375,0.2085,1.2081320001016138,80
h0.05_r0.9_s10024,10024,0.05,0.9,0.12,ttl,0.9125,0.036875000000000005,0.4125,0.08637500000000001,1.2839959999837447,80
h0.05_r0.9_s10024,10024,0.05,0.9,0.12,entropy,0.8875,0.05625,0.425,0.10725,1.247019999937038,80
h0.05_r0.9_s10024,10024,0.05,0.9,0.12,random,0.8625,0.043125,0.825,0.142125,1.361282000061692,80
h0.05_r0.9_s10024,10024,0.05,0.9,0.12,myopic,0.6625,0.12250000000000001,0.15,0.1405,1.1649279999801365,80
h0.05_r0.9_s10024,10024,0.05,0.9,0.12,recheck,0.8625,0.035625,0.425,0.086625,1.5809320000244043,80
h0.05_r0.9_s10024,10024,0.05,0.9,0.12,no_task,0.6125,0.11000000000000001,0.475,0.16699999999999998,1.6648069999973814,80
h0.05_r0.9_s10025,10025,0.05,0.9,0.12,never,0.525,0.24874999999999994,0.05,0.2547499999999999,1.1342610000610875,80
h0.05_r0.9_s10025,10025,0.05,0.9,0.12,fresh,1.0,0.0,0.9125,0.1095,1.2123280000650993,80
h0.05_r0.9_s10025,10025,0.05,0.9,0.12,ttl,0.925,0.0225,0.275,0.055499999999999994,1.2233549999791649,80
h0.05_r0.9_s10025,10025,0.05,0.9,0.12,entropy,0.9625,0.015,0.325,0.054000000000000006,1.264046000073904,80
h0.05_r0.9_s10025,10025,0.05,0.9,0.12,random,0.9875,0.0025,0.4625,0.057999999999999996,1.3269999999465654,80
h0.05_r0.9_s10025,10025,0.05,0.9,0.12,myopic,0.85,0.037500000000000006,0.2625,0.069,1.1903160000201751,80
h0.05_r0.9_s10025,10025,0.05,0.9,0.12,recheck,0.975,0.006875000000000001,0.4125,0.056374999999999995,1.5533900000264111,80
h0.05_r0.9_s10025,10025,0.05,0.9,0.12,no_task,0.825,0.053750000000000006,0.475,0.11074999999999999,1.5739210000447201,80
h0.05_r0.9_s10026,10026,0.05,0.9,0.12,never,0.7875,0.04250000000000001,0.05,0.04850000000000001,1.1813410000058866,80
h0.05_r0.9_s10026,10026,0.05,0.9,0.12,fresh,1.0,0.0,0.85,0.10200000000000001,1.2239249999765889,80
h0.05_r0.9_s10026,10026,0.05,0.9,0.12,ttl,0.9125,0.017499999999999998,0.225,0.0445,1.2452379999103869,80
h0.05_r0.9_s10026,10026,0.05,0.9,0.12,entropy,0.875,0.024999999999999998,0.2,0.049,1.2552519999644574,80
h0.05_r0.9_s10026,10026,0.05,0.9,0.12,random,0.9375,0.0125,0.45,0.0665,1.314120999950319,80
h0.05_r0.9_s10026,10026,0.05,0.9,0.12,myopic,0.7875,0.04250000000000001,0.075,0.05150000000000001,1.417605999904481,80
h0.05_r0.9_s10026,10026,0.05,0.9,0.12,recheck,0.7875,0.04250000000000001,0.1875,0.06500000000000002,1.5542710000318039,80
h0.05_r0.9_s10026,10026,0.05,0.9,0.12,no_task,0.75,0.05000000000000001,0.475,0.10700000000000001,1.6245670000216705,80
h0.05_r0.9_s10027,10027,0.05,0.9,0.12,never,0.525,0.30875,0.05,0.31475000000000003,1.075753000009172,80
h0.05_r0.9_s10027,10027,0.05,0.9,0.12,fresh,1.0,0.0,1.05,0.126,1.3266800000337753,80
h0.05_r0.9_s10027,10027,0.05,0.9,0.12,ttl,0.95,0.025,0.2625,0.056499999999999995,1.2448270000504635,80
h0.05_r0.9_s10027,10027,0.05,0.9,0.12,entropy,0.9625,0.016875,0.275,0.049874999999999996,1.2538009999616406,80
h0.05_r0.9_s10027,10027,0.05,0.9,0.12,random,0.975,0.025,0.6,0.097,1.3354830000480433,80
h0.05_r0.9_s10027,10027,0.05,0.9,0.12,myopic,0.9125,0.028125,0.2375,0.056624999999999995,1.1898340000016105,80
h0.05_r0.9_s10027,10027,0.05,0.9,0.12,recheck,0.9875,0.0043749999999999995,0.4125,0.05387499999999999,1.57694500001071,80
h0.05_r0.9_s10027,10027,0.05,0.9,0.12,no_task,0.8875,0.0375,0.475,0.0945,1.5880309999829478,80
h0.05_r0.9_s10028,10028,0.05,0.9,0.12,never,0.5875,0.23000000000000012,0.05,0.23600000000000013,1.1086729999760792,80
h0.05_r0.9_s10028,10028,0.05,0.9,0.12,fresh,1.0,0.0,0.925,0.11099999999999999,1.198496999904819,80
h0.05_r0.9_s10028,10028,0.05,0.9,0.12,ttl,0.925,0.0425,0.25,0.07250000000000001,1.26607899994724,80
h0.05_r0.9_s10028,10028,0.05,0.9,0.12,entropy,0.875,0.08812499999999998,0.25,0.118125,1.2508660000776217,80
h0.05_r0.9_s10028,10028,0.05,0.9,0.12,random,0.8625,0.059375,0.5125,0.120875,1.4889029999949344,80
h0.05_r0.9_s10028,10028,0.05,0.9,0.12,myopic,0.875,0.07187499999999998,0.2125,0.09737499999999998,1.3702449999755117,80
h0.05_r0.9_s10028,10028,0.05,0.9,0.12,recheck,0.95,0.02125,0.375,0.06625,1.6851169999654303,80
h0.05_r0.9_s10028,10028,0.05,0.9,0.12,no_task,0.7625,0.08687499999999997,0.475,0.14387499999999998,1.5620629999375524,80
h0.05_r0.9_s10029,10029,0.05,0.9,0.12,never,0.4625,0.24874999999999975,0.05,0.25474999999999975,1.0725989999400554,80
h0.05_r0.9_s10029,10029,0.05,0.9,0.12,fresh,1.0,0.0,1.6125,0.19349999999999998,1.203253999960907,80
h0.05_r0.9_s10029,10029,0.05,0.9,0.12,ttl,0.9125,0.04375,0.375,0.08875,1.2230639999870618,80
h0.05_r0.9_s10029,10029,0.05,0.9,0.12,entropy,0.9125,0.03,0.4,0.078,1.4028340000322714,80
h0.05_r0.9_s10029,10029,0.05,0.9,0.12,random,0.8375,0.09375000000000003,0.7125,0.17925000000000002,1.3914669999621765,80
h0.05_r0.9_s10029,10029,0.05,0.9,0.12,myopic,0.7625,0.081875,0.1625,0.10137499999999999,1.172128000007433,80
h0.05_r0.9_s10029,10029,0.05,0.9,0.12,recheck,0.925,0.039375,0.425,0.09037500000000001,1.5638159999298296,80
h0.05_r0.9_s10029,10029,0.05,0.9,0.12,no_task,0.8625,0.06625,0.475,0.12325,1.611366000020098,80
h0.05_r0.9_s10030,10030,0.05,0.9,0.12,never,0.4,0.28687499999999994,0.05,0.29287499999999994,1.1507259999916641,80
h0.05_r0.9_s10030,10030,0.05,0.9,0.12,fresh,1.0,0.0,1.1,0.13199999999999998,1.4693430000534136,80
h0.05_r0.9_s10030,10030,0.05,0.9,0.12,ttl,0.95,0.021249999999999998,0.3125,0.05874999999999999,1.2629240000023856,80
h0.05_r0.9_s10030,10030,0.05,0.9,0.12,entropy,0.9375,0.029374999999999995,0.3125,0.06687499999999999,1.3684130000228834,80
h0.05_r0.9_s10030,10030,0.05,0.9,0.12,random,0.9625,0.018125,0.5875,0.088625,1.3102149999895119,80
h0.05_r0.9_s10030,10030,0.05,0.9,0.12,myopic,0.725,0.07375000000000002,0.2375,0.10225000000000002,1.1957630000551944,80
h0.05_r0.9_s10030,10030,0.05,0.9,0.12,recheck,0.9875,0.0043749999999999995,0.4125,0.05387499999999999,1.5660890001072403,80
h0.05_r0.9_s10030,10030,0.05,0.9,0.12,no_task,0.7375,0.09375000000000003,0.475,0.15075000000000002,1.738268000053722,80
h0.05_r0.9_s10031,10031,0.05,0.9,0.12,never,0.8375,0.06687499999999999,0.05,0.072875,1.1563939999632566,80
h0.05_r0.9_s10031,10031,0.05,0.9,0.12,fresh,1.0,0.0,1.125,0.13499999999999998,1.2372049999385126,80
h0.05_r0.9_s10031,10031,0.05,0.9,0.12,ttl,0.9,0.03875000000000001,0.3,0.07475000000000001,1.2380969999412628,80
h0.05_r0.9_s10031,10031,0.05,0.9,0.12,entropy,0.9,0.03875000000000001,0.3375,0.07925,1.2610510000286013,80
h0.05_r0.9_s10031,10031,0.05,0.9,0.12,random,0.875,0.060625,0.6,0.132625,1.3219620000199939,80
h0.05_r0.9_s10031,10031,0.05,0.9,0.12,myopic,0.9,0.028750000000000005,0.2625,0.060250000000000005,1.512277999950129,80
h0.05_r0.9_s10031,10031,0.05,0.9,0.12,recheck,0.9375,0.025625000000000002,0.425,0.07662500000000001,1.66463699997621,80
h0.05_r0.9_s10031,10031,0.05,0.9,0.12,no_task,0.825,0.062499999999999986,0.475,0.11949999999999998,1.601141999913125,80
h0.05_r0.9_s10032,10032,0.05,0.9,0.12,never,0.45,0.545625,0.05,0.5516249999999999,1.0814720000098532,80
h0.05_r0.9_s10032,10032,0.05,0.9,0.12,fresh,1.0,0.0,1.025,0.123,1.2546220000331232,80
h0.05_r0.9_s10032,10032,0.05,0.9,0.12,ttl,0.9125,0.083125,0.2375,0.111625,1.2240660000770731,80
h0.05_r0.9_s10032,10032,0.05,0.9,0.12,entropy,0.9125,0.0875,0.1625,0.10700000000000001,1.2491029999637249,80
h0.05_r0.9_s10032,10032,0.05,0.9,0.12,random,0.9625,0.033125,0.5125,0.094625,1.3227340000412369,80
h0.05_r0.9_s10032,10032,0.05,0.9,0.12,myopic,0.9375,0.0625,0.225,0.0895,1.2654079999947498,80
h0.05_r0.9_s10032,10032,0.05,0.9,0.12,recheck,0.9625,0.033125,0.3625,0.076625,1.8418820000078995,80
h0.05_r0.9_s10032,10032,0.05,0.9,0.12,no_task,0.925,0.07062500000000001,0.475,0.12762500000000002,1.6695140000138053,80
h0.05_r0.9_s10033,10033,0.05,0.9,0.12,never,0.6,0.15187500000000004,0.05,0.15787500000000004,1.1204299999008072,80
h0.05_r0.9_s10033,10033,0.05,0.9,0.12,fresh,1.0,0.0,1.2,0.144,1.2057079999294729,80
h0.05_r0.9_s10033,10033,0.05,0.9,0.12,ttl,0.8375,0.060625000000000005,0.2875,0.095125,1.2793089999831864,80
h0.05_r0.9_s10033,10033,0.05,0.9,0.12,entropy,0.875,0.03625,0.3125,0.07375000000000001,1.2267500000007203,80
h0.05_r0.9_s10033,10033,0.05,0.9,0.12,random,0.9625,0.009375,0.6125,0.082875,1.3299150000420923,80
h0.05_r0.9_s10033,10033,0.05,0.9,0.12,myopic,0.7625,0.05750000000000001,0.175,0.0785,1.167221000059726,80
h0.05_r0.9_s10033,10033,0.05,0.9,0.12,recheck,0.8625,0.035625000000000004,0.35,0.077625,1.5593589999980395,80
h0.05_r0.9_s10033,10033,0.05,0.9,0.12,no_task,0.7625,0.060625000000000005,0.475,0.11762500000000001,1.6283429999930377,80
h0.05_r0.9_s10034,10034,0.05,0.9,0.12,never,0.375,0.30874999999999997,0.05,0.31475,1.0702050000190866,80
h0.05_r0.9_s10034,10034,0.05,0.9,0.12,fresh,1.0,0.0,1.15,0.13799999999999998,1.2022739999792975,80
h0.05_r0.9_s10034,10034,0.05,0.9,0.12,ttl,0.9125,0.038125,0.2625,0.069625,1.2274010000510316,80
h0.05_r0.9_s10034,10034,0.05,0.9,0.12,entropy,0.825,0.09562499999999999,0.25,0.125625,1.2304159999985131,80
h0.05_r0.9_s10034,10034,0.05,0.9,0.12,random,0.9875,0.0075,0.575,0.07649999999999998,1.3095640000528874,80
h0.05_r0.9_s10034,10034,0.05,0.9,0.12,myopic,0.6125,0.11750000000000001,0.1375,0.134,1.178728000013507,80
h0.05_r0.9_s10034,10034,0.05,0.9,0.12,recheck,0.9,0.04125,0.3,0.07725,1.564776999998685,80
h0.05_r0.9_s10034,10034,0.05,0.9,0.12,no_task,0.725,0.103125,0.475,0.160125,1.7552429999341257,80
h0.05_r0.9_s10035,10035,0.05,0.9,0.12,never,0.55,0.3725000000000001,0.05,0.3785000000000001,1.0956830000168338,80
h0.05_r0.9_s10035,10035,0.05,0.9,0.12,fresh,1.0,0.0,0.825,0.099,1.2014510000426526,80
h0.05_r0.9_s10035,10035,0.05,0.9,0.12,ttl,0.975,0.015625,0.2125,0.041125,1.225908999913372,80
h0.05_r0.9_s10035,10035,0.05,0.9,0.12,entropy,0.825,0.13124999999999998,0.2,0.15524999999999997,1.5923130000601304,80
h0.05_r0.9_s10035,10035,0.05,0.9,0.12,random,0.9125,0.073125,0.4125,0.12262499999999998,1.3286429999652682,80
h0.05_r0.9_s10035,10035,0.05,0.9,0.12,myopic,0.8625,0.10374999999999998,0.1625,0.12325,1.223975000016253,80
h0.05_r0.9_s10035,10035,0.05,0.9,0.12,recheck,0.9875,0.0125,0.275,0.0455,1.5417120000620343,80
h0.05_r0.9_s10035,10035,0.05,0.9,0.12,no_task,0.8875,0.07874999999999999,0.475,0.13574999999999998,1.6648769999392243,80
h0.05_r0.9_s10036,10036,0.05,0.9,0.12,never,0.9,0.08249999999999999,0.05,0.0885,1.1059189999969021,80
h0.05_r0.9_s10036,10036,0.05,0.9,0.12,fresh,1.0,0.0,1.25,0.15,1.2049069999875428,80
h0.05_r0.9_s10036,10036,0.05,0.9,0.12,ttl,0.9375,0.013125000000000001,0.3375,0.053625,1.4204099999233222,80
h0.05_r0.9_s10036,10036,0.05,0.9,0.12,entropy,0.9375,0.013125000000000001,0.3,0.049124999999999995,1.2398290000419365,80
h0.05_r0.9_s10036,10036,0.05,0.9,0.12,random,0.9375,0.013125000000000001,0.775,0.106125,1.3599300000350922,80
h0.05_r0.9_s10036,10036,0.05,0.9,0.12,myopic,0.9,0.018749999999999996,0.15,0.03674999999999999,1.1629740000671518,80
h0.05_r0.9_s10036,10036,0.05,0.9,0.12,recheck,0.9,0.018749999999999996,0.3,0.05475,1.5439659999856303,80
h0.05_r0.9_s10036,10036,0.05,0.9,0.12,no_task,0.9,0.018749999999999996,0.475,0.07575,1.581021999982113,80
h0.05_r0.9_s10037,10037,0.05,0.9,0.12,never,0.5,0.21374999999999994,0.05,0.21974999999999995,1.09504299996388,80
h0.05_r0.9_s10037,10037,0.05,0.9,0.12,fresh,1.0,0.0,1.075,0.129,1.2286429999903703,80
h0.05_r0.9_s10037,10037,0.05,0.9,0.12,ttl,0.95,0.040625,0.35,0.08262499999999999,1.2407599999733065,80
h0.05_r0.9_s10037,10037,0.05,0.9,0.12,entropy,0.8875,0.0925,0.3,0.1285,1.365967999959139,80
h0.05_r0.9_s10037,10037,0.05,0.9,0.12,random,0.9125,0.027500000000000004,0.575,0.0965,1.3280319999466883,80
h0.05_r0.9_s10037,10037,0.05,0.9,0.12,myopic,0.575,0.13624999999999993,0.175,0.15724999999999992,1.1981369999602975,80
h0.05_r0.9_s10037,10037,0.05,0.9,0.12,recheck,0.9625,0.017499999999999998,0.35,0.0595,1.6042359999346445,80
h0.05_r0.9_s10037,10037,0.05,0.9,0.12,no_task,0.7625,0.07875000000000001,0.475,0.13575,1.589213999977801,80
h0.05_r0.9_s10038,10038,0.05,0.9,0.12,never,0.525,0.18875000000000003,0.05,0.19475000000000003,1.137045000064063,80
h0.05_r0.9_s10038,10038,0.05,0.9,0.12,fresh,1.0,0.0,1.3375,0.1605,1.2264490000006845,80
h0.05_r0.9_s10038,10038,0.05,0.9,0.12,ttl,0.875,0.029375000000000002,0.325,0.068375,1.2392390000286468,80
h0.05_r0.9_s10038,10038,0.05,0.9,0.12,entropy,0.9375,0.016874999999999994,0.3375,0.057374999999999995,1.5517479999971329,80
h0.05_r0.9_s10038,10038,0.05,0.9,0.12,random,0.975,0.0043749999999999995,0.775,0.09737499999999999,1.4439459999948667,80
h0.05_r0.9_s10038,10038,0.05,0.9,0.12,myopic,0.7375,0.045624999999999985,0.175,0.06662499999999999,1.1854979999270654,80
h0.05_r0.9_s10038,10038,0.05,0.9,0.12,recheck,0.8875,0.025,0.35,0.06699999999999999,1.5361740000798818,80
h0.05_r0.9_s10038,10038,0.05,0.9,0.12,no_task,0.8875,0.023124999999999996,0.475,0.08012499999999999,1.688723000029313,80
h0.05_r0.9_s10039,10039,0.05,0.9,0.12,never,0.7625,0.057499999999999996,0.05,0.0635,1.0712759999478294,80
h0.05_r0.9_s10039,10039,0.05,0.9,0.12,fresh,1.0,0.0,1.4,0.16799999999999998,1.2277209999638217,80
h0.05_r0.9_s10039,10039,0.05,0.9,0.12,ttl,0.925,0.02375,0.3375,0.06425,1.225418000103673,80
h0.05_r0.9_s10039,10039,0.05,0.9,0.12,entropy,0.925,0.02375,0.35,0.06575,1.247069999976702,80
h0.05_r0.9_s10039,10039,0.05,0.9,0.12,random,0.9875,0.003125,0.8375,0.103625,1.5476519999992888,80
h0.05_r0.9_s10039,10039,0.05,0.9,0.12,myopic,0.925,0.0225,0.15,0.040499999999999994,1.1742819999653875,80
h0.05_r0.9_s10039,10039,0.05,0.9,0.12,recheck,0.925,0.0225,0.3375,0.06299999999999999,1.5892029999804436,80
h0.05_r0.9_s10039,10039,0.05,0.9,0.12,no_task,0.9125,0.039375,0.475,0.09637499999999999,1.6063000000485772,80
h0.05_r0.9_s10040,10040,0.05,0.9,0.12,never,0.75,0.076875,0.05,0.082875,1.1067099999308994,80
h0.05_r0.9_s10040,10040,0.05,0.9,0.12,fresh,1.0,0.0,1.425,0.17099999999999999,1.2185770000314733,80
h0.05_r0.9_s10040,10040,0.05,0.9,0.12,ttl,0.9125,0.025625,0.3375,0.06612499999999999,1.278426999988369,80
h0.05_r0.9_s10040,10040,0.05,0.9,0.12,entropy,0.9375,0.018749999999999996,0.325,0.05775,1.2420220000421978,80
h0.05_r0.9_s10040,10040,0.05,0.9,0.12,random,0.9,0.028125,0.6625,0.107625,1.35187799992309,80
h0.05_r0.9_s10040,10040,0.05,0.9,0.12,myopic,0.8,0.05937500000000001,0.175,0.080375,1.186369000038212,80
h0.05_r0.9_s10040,10040,0.05,0.9,0.12,recheck,0.9375,0.016874999999999998,0.3625,0.060375,1.5872610000542409,80
h0.05_r0.9_s10040,10040,0.05,0.9,0.12,no_task,0.8625,0.033749999999999995,0.475,0.09075,1.6853179999998247,80
h0.05_r0.9_s10041,10041,0.05,0.9,0.12,never,0.75,0.09125000000000003,0.05,0.09725000000000002,1.1052280000285464,80
h0.05_r0.9_s10041,10041,0.05,0.9,0.12,fresh,1.0,0.0,0.975,0.11699999999999999,1.2125990000413367,80
h0.05_r0.9_s10041,10041,0.05,0.9,0.12,ttl,0.95,0.015625,0.3,0.051625,1.2560839999196105,80
h0.05_r0.9_s10041,10041,0.05,0.9,0.12,entropy,0.9125,0.028750000000000005,0.3125,0.06625,1.252067999985229,80
h0.05_r0.9_s10041,10041,0.05,0.9,0.12,random,0.9125,0.037500000000000006,0.55,0.1035,1.315263000037703,80
h0.05_r0.9_s10041,10041,0.05,0.9,0.12,myopic,0.8,0.05625000000000001,0.1875,0.07875000000000001,1.166009000030499,80
h0.05_r0.9_s10041,10041,0.05,0.9,0.12,recheck,0.925,0.020624999999999998,0.35,0.062625,1.5745409999681215,80
h0.05_r0.9_s10041,10041,0.05,0.9,0.12,no_task,0.8,0.08500000000000002,0.475,0.14200000000000002,1.5979570000581589,80
h0.05_r0.9_s10042,10042,0.05,0.9,0.12,never,0.225,0.6112500000000004,0.05,0.6172500000000004,1.0805110000546847,80
h0.05_r0.9_s10042,10042,0.05,0.9,0.12,fresh,1.0,0.0,1.125,0.13499999999999998,1.2857980000262614,80
h0.05_r0.9_s10042,10042,0.05,0.9,0.12,ttl,0.925,0.01625,0.3,0.05225,1.2489929999901506,80
h0.05_r0.9_s10042,10042,0.05,0.9,0.12,entropy,0.9625,0.008749999999999999,0.2375,0.03724999999999999,1.4048870000351599,80
h0.05_r0.9_s10042,10042,0.05,0.9,0.12,random,0.9625,0.01125,0.6375,0.08775000000000001,1.3336399999843707,80
h0.05_r0.9_s10042,10042,0.05,0.9,0.12,myopic,0.825,0.03937499999999999,0.2,0.06337499999999999,1.1925789999622793,80
h0.05_r0.9_s10042,10042,0.05,0.9,0.12,recheck,0.95,0.01125,0.3625,0.05475,1.54577800003608,80
h0.05_r0.9_s10042,10042,0.05,0.9,0.12,no_task,0.825,0.04187500000000001,0.475,0.098875,1.6018229999872347,80
h0.05_r0.9_s10043,10043,0.05,0.9,0.12,never,0.3125,0.29812499999999986,0.05,0.30412499999999987,1.0879719999365989,80
h0.05_r0.9_s10043,10043,0.05,0.9,0.12,fresh,1.0,0.0,1.6625,0.19949999999999998,1.2257879999424404,80
h0.05_r0.9_s10043,10043,0.05,0.9,0.12,ttl,0.9125,0.05499999999999999,0.45,0.10899999999999999,1.2483229999133982,80
h0.05_r0.9_s10043,10043,0.05,0.9,0.12,entropy,0.9125,0.053125,0.4875,0.111625,1.2683820000347623,80
h0.05_r0.9_s10043,10043,0.05,0.9,0.12,random,0.9375,0.036875000000000005,0.9,0.144875,1.3111469999103065,80
h0.05_r0.9_s10043,10043,0.05,0.9,0.12,myopic,0.8625,0.07375000000000001,0.2375,0.10225,1.205187999971713,80
h0.05_r0.9_s10043,10043,0.05,0.9,0.12,recheck,1.0,0.0,0.475,0.056999999999999995,1.5796590000718425,80
h0.05_r0.9_s10043,10043,0.05,0.9,0.12,no_task,0.925,0.043125,0.475,0.10012499999999999,1.5769149999869114,80
h0.05_r0.9_s10044,10044,0.05,0.9,0.12,never,0.45,0.505,0.05,0.5109999999999999,1.0732700000062323,80
h0.05_r0.9_s10044,10044,0.05,0.9,0.12,fresh,1.0,0.0,0.825,0.099,1.1856989999614598,80
h0.05_r0.9_s10044,10044,0.05,0.9,0.12,ttl,0.95,0.045625,0.2,0.069625,1.233749999983047,80
h0.05_r0.9_s10044,10044,0.05,0.9,0.12,entropy,0.95,0.045625,0.175,0.066625,1.4551530000517232,80
h0.05_r0.9_s10044,10044,0.05,0.9,0.12,random,0.975,0.008749999999999999,0.4375,0.061250000000000006,1.3355529999898863,80
h0.05_r0.9_s10044,10044,0.05,0.9,0.12,myopic,0.9875,0.008125,0.2125,0.033625,1.1778159999948912,80
h0.05_r0.9_s10044,10044,0.05,0.9,0.12,recheck,0.9875,0.008125,0.3375,0.048624999999999995,1.5929690000575647,80
h0.05_r0.9_s10044,10044,0.05,0.9,0.12,no_task,0.9625,0.025,0.475,0.08199999999999999,1.5753330000052301,80
h0.05_r0.9_s10045,10045,0.05,0.9,0.12,never,0.35,0.31562499999999993,0.05,0.32162499999999994,1.0802599999806262,80
h0.05_r0.9_s10045,10045,0.05,0.9,0.12,fresh,1.0,0.0,1.425,0.17099999999999999,1.2076310000566082,80
h0.05_r0.9_s10045,10045,0.05,0.9,0.12,ttl,0.7625,0.080625,0.3625,0.124125,1.2338899999804198,80
h0.05_r0.9_s10045,10045,0.05,0.9,0.12,entropy,0.75,0.06999999999999999,0.375,0.11499999999999999,1.2534700000514931,80
h0.05_r0.9_s10045,10045,0.05,0.9,0.12,random,0.75,0.07375000000000001,0.625,0.14875000000000002,1.3029740000547463,80
h0.05_r0.9_s10045,10045,0.05,0.9,0.12,myopic,0.5375,0.11000000000000007,0.175,0.13100000000000006,1.1968250000791159,80
h0.05_r0.9_s10045,10045,0.05,0.9,0.12,recheck,0.7375,0.05937500000000001,0.375,0.10437500000000002,1.5654779999749735,80
h0.05_r0.9_s10045,10045,0.05,0.9,0.12,no_task,0.5,0.155,0.475,0.21200000000000002,1.617015999954674,80
h0.05_r0.9_s10046,10046,0.05,0.9,0.12,never,0.475,0.11250000000000004,0.05,0.11850000000000005,1.0847969999758789,80
h0.05_r0.9_s10046,10046,0.05,0.9,0.12,fresh,1.0,0.0,1.025,0.123,1.230675999977393,80
h0.05_r0.9_s10046,10046,0.05,0.9,0.12,ttl,0.9,0.019999999999999997,0.25,0.05,1.2246669999740334,80
h0.05_r0.9_s10046,10046,0.05,0.9,0.12,entropy,0.825,0.035,0.2125,0.0605,1.259589000028427,80
h0.05_r0.9_s10046,10046,0.05,0.9,0.12,random,0.95,0.015625,0.5875,0.086125,1.31753599998774,80
h0.05_r0.9_s10046,10046,0.05,0.9,0.12,myopic,0.525,0.09500000000000006,0.0625,0.10250000000000006,1.1847069999930682,80
h0.05_r0.9_s10046,10046,0.05,0.9,0.12,recheck,0.85,0.03,0.2,0.054000000000000006,1.548762999959763,80
h0.05_r0.9_s10046,10046,0.05,0.9,0.12,no_task,0.5,0.10000000000000005,0.475,0.15700000000000003,1.6140110000151253,80
h0.05_r0.9_s10047,10047,0.05,0.9,0.12,never,0.7125,0.276875,0.05,0.282875,1.0857379999151817,80
h0.05_r0.9_s10047,10047,0.05,0.9,0.12,fresh,1.0,0.0,1.0125,0.12149999999999998,1.2062289999903442,80
h0.05_r0.9_s10047,10047,0.05,0.9,0.12,ttl,0.9125,0.06812500000000002,0.2625,0.099625,1.2530490000699501,80
h0.05_r0.9_s10047,10047,0.05,0.9,0.12,entropy,0.9625,0.0225,0.2625,0.054000000000000006,1.2352520000149525,80
h0.05_r0.9_s10047,10047,0.05,0.9,0.12,random,0.925,0.061250000000000006,0.575,0.13025,1.348281999980827,80
h0.05_r0.9_s10047,10047,0.05,0.9,0.12,myopic,0.9,0.07125000000000001,0.25,0.10125000000000002,1.195052000070973,80
h0.05_r0.9_s10047,10047,0.05,0.9,0.12,recheck,0.9625,0.016249999999999997,0.3875,0.06275,1.6250379999291908,80
h0.05_r0.9_s10047,10047,0.05,0.9,0.12,no_task,0.9,0.058750000000000004,0.475,0.11574999999999999,1.5706149999914487,80
h0.05_r0.9_s10048,10048,0.05,0.9,0.12,never,0.625,0.1162499999999999,0.05,0.1222499999999999,1.1143720000745816,80
h0.05_r0.9_s10048,10048,0.05,0.9,0.12,fresh,1.0,0.0,0.8,0.096,1.1956929999996646,80
h0.05_r0.9_s10048,10048,0.05,0.9,0.12,ttl,0.975,0.005,0.225,0.032,1.2426539999523811,80
h0.05_r0.9_s10048,10048,0.05,0.9,0.12,entropy,0.95,0.01,0.2375,0.0385,1.2469199999713965,80
h0.05_r0.9_s10048,10048,0.05,0.9,0.12,random,0.9625,0.013124999999999998,0.3625,0.056624999999999995,1.3187380000090343,80
h0.05_r0.9_s10048,10048,0.05,0.9,0.12,myopic,0.8875,0.024374999999999997,0.1375,0.040874999999999995,1.1847569999190455,80
h0.05_r0.9_s10048,10048,0.05,0.9,0.12,recheck,0.925,0.015,0.25,0.045,1.5857280000091123,80
h0.05_r0.9_s10048,10048,0.05,0.9,0.12,no_task,0.875,0.024999999999999998,0.475,0.08199999999999999,1.5914670000256592,80
h0.05_r0.9_s10049,10049,0.05,0.9,0.12,never,0.5875,0.11124999999999999,0.05,0.11725,1.0802900000044247,80
h0.05_r0.9_s10049,10049,0.05,0.9,0.12,fresh,1.0,0.0,1.0125,0.12149999999999998,1.2557640000068204,80
h0.05_r0.9_s10049,10049,0.05,0.9,0.12,ttl,0.975,0.008749999999999999,0.275,0.041749999999999995,1.419048999991901,80
h0.05_r0.9_s10049,10049,0.05,0.9,0.12,entropy,0.975,0.008749999999999999,0.275,0.041749999999999995,1.2571659999593976,80
h0.05_r0.9_s10049,10049,0.05,0.9,0.12,random,0.9375,0.013125000000000001,0.5,0.073125,1.3149019999900702,80
h0.05_r0.9_s10049,10049,0.05,0.9,0.12,myopic,0.8125,0.04,0.1125,0.053500000000000006,1.1793789999501314,80
h0.05_r0.9_s10049,10049,0.05,0.9,0.12,recheck,0.975,0.00375,0.2875,0.03824999999999999,1.5775159999975585,80
h0.05_r0.9_s10049,10049,0.05,0.9,0.12,no_task,0.7375,0.05500000000000001,0.475,0.11200000000000002,1.5836249999665597,80
h0.05_r0.9_s10050,10050,0.05,0.9,0.12,never,0.35,0.12999999999999995,0.05,0.13599999999999995,1.105156999983592,80
h0.05_r0.9_s10050,10050,0.05,0.9,0.12,fresh,1.0,0.0,0.9125,0.1095,1.2006309999605946,80
h0.05_r0.9_s10050,10050,0.05,0.9,0.12,ttl,0.975,0.005,0.2375,0.033499999999999995,1.218897999933688,80
h0.05_r0.9_s10050,10050,0.05,0.9,0.12,entropy,0.9375,0.0125,0.1875,0.034999999999999996,1.2467999999898893,80
h0.05_r0.9_s10050,10050,0.05,0.9,0.12,random,0.95,0.01,0.375,0.05499999999999999,1.293260000011287,80
h0.05_r0.9_s10050,10050,0.05,0.9,0.12,myopic,0.35,0.12999999999999995,0.075,0.13899999999999996,1.1691129999462646,80
h0.05_r0.9_s10050,10050,0.05,0.9,0.12,recheck,0.9125,0.017499999999999998,0.2,0.041499999999999995,1.706880000028832,80
h0.05_r0.9_s10050,10050,0.05,0.9,0.12,no_task,0.7125,0.057500000000000016,0.475,0.1145,1.7585380001037265,80
h0.05_r0.9_s10051,10051,0.05,0.9,0.12,never,0.4625,0.2049999999999999,0.05,0.2109999999999999,1.1059390000127678,80
h0.05_r0.9_s10051,10051,0.05,0.9,0.12,fresh,1.0,0.0,1.05,0.126,1.2164140000550105,80
h0.05_r0.9_s10051,10051,0.05,0.9,0.12,ttl,0.875,0.05687499999999999,0.25,0.086875,1.2405509999098285,80
h0.05_r0.9_s10051,10051,0.05,0.9,0.12,entropy,0.975,0.008749999999999999,0.3,0.04475,1.244296999971084,80
h0.05_r0.9_s10051,10051,0.05,0.9,0.12,random,0.9,0.05,0.5625,0.11749999999999998,1.3362449999476667,80
h0.05_r0.9_s10051,10051,0.05,0.9,0.12,myopic,0.9375,0.01625,0.225,0.04325,1.2000800001032985,80
h0.05_r0.9_s10051,10051,0.05,0.9,0.12,recheck,0.925,0.030000000000000006,0.375,0.075,1.5577069999608284,80
h0.05_r0.9_s10051,10051,0.05,0.9,0.12,no_task,0.9375,0.01625,0.475,0.07325,1.6270700000404759,80
h0.05_r0.9_s10052,10052,0.05,0.9,0.12,never,0.725,0.176875,0.05,0.182875,1.0829340000100274,80
h0.05_r0.9_s10052,10052,0.05,0.9,0.12,fresh,1.0,0.0,0.675,0.08099999999999999,1.2183069999309737,80
h0.05_r0.9_s10052,10052,0.05,0.9,0.12,ttl,0.9125,0.029999999999999992,0.175,0.05099999999999999,1.2462290000030407,80
h0.05_r0.9_s10052,10052,0.05,0.9,0.12,entropy,0.8125,0.12375000000000003,0.1625,0.14325000000000004,1.274751999972068,80
h0.05_r0.9_s10052,10052,0.05,0.9,0.12,random,0.925,0.015,0.2875,0.0495,1.304016000062802,80
h0.05_r0.9_s10052,10052,0.05,0.9,0.12,myopic,0.875,0.059375,0.125,0.074375,1.1844560000326965,80
h0.05_r0.9_s10052,10052,0.05,0.9,0.12,recheck,0.9125,0.043125,0.2375,0.071625,1.6252880000138248,80
h0.05_r0.9_s10052,10052,0.05,0.9,0.12,no_task,0.8875,0.04687499999999999,0.475,0.10387499999999998,1.5917069999886735,80
h0.05_r0.9_s10053,10053,0.05,0.9,0.12,never,0.75,0.16062499999999996,0.05,0.16662499999999997,1.1237850000043181,80
h0.05_r0.9_s10053,10053,0.05,0.9,0.12,fresh,1.0,0.0,0.8375,0.10049999999999999,1.2154429999782224,80
h0.05_r0.9_s10053,10053,0.05,0.9,0.12,ttl,0.95,0.025625,0.2125,0.051125,1.2868799999523617,80
h0.05_r0.9_s10053,10053,0.05,0.9,0.12,entropy,0.9625,0.013124999999999998,0.2125,0.038625,1.2443360000133907,80
h0.05_r0.9_s10053,10053,0.05,0.9,0.12,random,0.9375,0.04625,0.425,0.09725,1.3645770000039192,80
h0.05_r0.9_s10053,10053,0.05,0.9,0.12,myopic,0.8375,0.07312499999999998,0.2,0.09712499999999999,1.3215930000569642,80
h0.05_r0.9_s10053,10053,0.05,0.9,0.12,recheck,0.9875,0.0043749999999999995,0.325,0.043375000000000004,1.6045260000510098,80
h0.05_r0.9_s10053,10053,0.05,0.9,0.12,no_task,0.9125,0.030625000000000003,0.475,0.087625,1.5892530000201077,80
h0.05_r0.9_s10054,10054,0.05,0.9,0.12,never,0.6,0.21125,0.05,0.21725,1.106109000033939,80
h0.05_r0.9_s10054,10054,0.05,0.9,0.12,fresh,1.0,0.0,1.2625,0.1515,1.519118000032904,80
h0.05_r0.9_s10054,10054,0.05,0.9,0.12,ttl,0.875,0.036875000000000005,0.3125,0.074375,1.2613220000048386,80
h0.05_r0.9_s10054,10054,0.05,0.9,0.12,entropy,0.925,0.025625,0.2875,0.060125,1.3343309999527264,80
h0.05_r0.9_s10054,10054,0.05,0.9,0.12,random,0.9125,0.030625000000000003,0.725,0.11762500000000001,1.3476309999305158,80
h0.05_r0.9_s10054,10054,0.05,0.9,0.12,myopic,0.6,0.13625,0.175,0.15725,1.1971050000738614,80
h0.05_r0.9_s10054,10054,0.05,0.9,0.12,recheck,0.85,0.05125,0.375,0.09624999999999999,1.586960000054205,80
h0.05_r0.9_s10054,10054,0.05,0.9,0.12,no_task,0.7625,0.060625,0.475,0.11762500000000001,1.6286320000062915,80
h0.05_r0.9_s10055,10055,0.05,0.9,0.12,never,0.7125,0.14750000000000002,0.05,0.15350000000000003,1.0738199999877907,80
h0.05_r0.9_s10055,10055,0.05,0.9,0.12,fresh,1.0,0.0,0.675,0.08099999999999999,1.202813999952923,80
h0.05_r0.9_s10055,10055,0.05,0.9,0.12,ttl,1.0,0.0,0.175,0.020999999999999998,1.2498040000537003,80
h0.05_r0.9_s10055,10055,0.05,0.9,0.12,entropy,0.975,0.005,0.1875,0.027499999999999997,1.272628000037912,80
h0.05_r0.9_s10055,10055,0.05,0.9,0.12,random,1.0,0.0,0.35,0.041999999999999996,1.396624999983942,80
h0.05_r0.9_s10055,10055,0.05,0.9,0.12,myopic,0.9125,0.017499999999999998,0.15,0.0355,1.2402700000393452,80
h0.05_r0.9_s10055,10055,0.05,0.9,0.12,recheck,0.95,0.01,0.225,0.037,1.532207999957791,80
h0.05_r0.9_s10055,10055,0.05,0.9,0.12,no_task,0.9,0.025625,0.475,0.08262499999999999,1.6060689999903843,80
h0.05_r0.9_s10056,10056,0.05,0.9,0.12,never,0.75,0.11625,0.05,0.12225000000000001,1.2572860000545916,80
h0.05_r0.9_s10056,10056,0.05,0.9,0.12,fresh,1.0,0.0,1.025,0.123,1.2117380000518096,80
h0.05_r0.9_s10056,10056,0.05,0.9,0.12,ttl,0.9,0.03125000000000001,0.275,0.06425,1.2334600000940554,80
h0.05_r0.9_s10056,10056,0.05,0.9,0.12,entropy,0.9,0.019999999999999997,0.2875,0.05449999999999999,1.2399899999309127,80
h0.05_r0.9_s10056,10056,0.05,0.9,0.12,random,0.9625,0.008125,0.475,0.065125,1.3152829999398818,80
h0.05_r0.9_s10056,10056,0.05,0.9,0.12,myopic,0.7625,0.048125000000000015,0.1375,0.06462500000000002,1.1723079999228503,80
h0.05_r0.9_s10056,10056,0.05,0.9,0.12,recheck,0.8875,0.028125,0.2875,0.062625,1.5635459999430168,80
h0.05_r0.9_s10056,10056,0.05,0.9,0.12,no_task,0.8625,0.03375000000000001,0.475,0.09075,1.5691730000071402,80
h0.05_r0.9_s10057,10057,0.05,0.9,0.12,never,0.55,0.23937499999999998,0.05,0.24537499999999998,1.1061699999572738,80
h0.05_r0.9_s10057,10057,0.05,0.9,0.12,fresh,1.0,0.0,1.3375,0.1605,1.1814220000587738,80
h0.05_r0.9_s10057,10057,0.05,0.9,0.12,ttl,0.95,0.03125,0.325,0.07025,1.2576860000308443,80
h0.05_r0.9_s10057,10057,0.05,0.9,0.12,entropy,0.875,0.066875,0.4,0.11487500000000002,1.303054000004522,80
h0.05_r0.9_s10057,10057,0.05,0.9,0.12,random,0.95,0.03,0.6625,0.1095,1.4812809999966703,80
h0.05_r0.9_s10057,10057,0.05,0.9,0.12,myopic,0.875,0.06875,0.2625,0.10024999999999999,1.2802800000599746,80
h0.05_r0.9_s10057,10057,0.05,0.9,0.12,recheck,0.9375,0.028750000000000005,0.475,0.08574999999999999,1.6494440000087707,80
h0.05_r0.9_s10057,10057,0.05,0.9,0.12,no_task,0.8875,0.05,0.475,0.10699999999999998,1.5919669999675534,80
h0.05_r0.9_s10058,10058,0.05,0.9,0.12,never,0.5,0.215625,0.05,0.22162500000000002,1.0692140000401196,80
h0.05_r0.9_s10058,10058,0.05,0.9,0.12,fresh,1.0,0.0,1.8,0.21600000000000003,1.2131600000202525,80
h0.05_r0.9_s10058,10058,0.05,0.9,0.12,ttl,0.9375,0.015625,0.4375,0.068125,1.2404200000446508,80
h0.05_r0.9_s10058,10058,0.05,0.9,0.12,entropy,0.8375,0.153125,0.4375,0.205625,1.2424129999999423,80
h0.05_r0.9_s10058,10058,0.05,0.9,0.12,random,0.95,0.021249999999999998,1.0125,0.14275,1.3164950000827957,80
h0.05_r0.9_s10058,10058,0.05,0.9,0.12,myopic,0.5875,0.14062500000000006,0.2125,0.16612500000000008,1.1898740000333419,80
h0.05_r0.9_s10058,10058,0.05,0.9,0.12,recheck,0.9,0.05500000000000001,0.525,0.11800000000000002,1.5926590000390206,80
h0.05_r0.9_s10058,10058,0.05,0.9,0.12,no_task,0.8125,0.139375,0.475,0.19637500000000002,1.7605010000352195,80
h0.05_r0.9_s10059,10059,0.05,0.9,0.12,never,0.425,0.3137500000000001,0.05,0.3197500000000001,1.1129389999950945,80
h0.05_r0.9_s10059,10059,0.05,0.9,0.12,fresh,1.0,0.0,1.425,0.17099999999999999,1.2510859999110835,80
h0.05_r0.9_s10059,10059,0.05,0.9,0.12,ttl,0.9375,0.01875,0.35,0.06074999999999999,1.2793780000492916,80
h0.05_r0.9_s10059,10059,0.05,0.9,0.12,entropy,0.9,0.04000000000000001,0.3375,0.0805,1.2766250000595392,80
h0.05_r0.9_s10059,10059,0.05,0.9,0.12,random,0.9125,0.04875,0.8,0.14475,1.3614619999771094,80
h0.05_r0.9_s10059,10059,0.05,0.9,0.12,myopic,0.675,0.12249999999999991,0.175,0.1434999999999999,1.2210209999921062,80
h0.05_r0.9_s10059,10059,0.05,0.9,0.12,recheck,0.8625,0.04187500000000001,0.3875,0.08837500000000001,1.5522280000368482,80
h0.05_r0.9_s10059,10059,0.05,0.9,0.12,no_task,0.7375,0.07500000000000002,0.475,0.13200000000000003,1.6187579999495938,80
h0.05_r0.9_s10060,10060,0.05,0.9,0.12,never,0.6375,0.11250000000000004,0.05,0.11850000000000005,1.0753929999509637,80
h0.05_r0.9_s10060,10060,0.05,0.9,0.12,fresh,1.0,0.0,1.175,0.141,1.2091940000118484,80
h0.05_r0.9_s10060,10060,0.05,0.9,0.12,ttl,0.9375,0.044375,0.2875,0.078875,1.264246000005187,80
h0.05_r0.9_s10060,10060,0.05,0.9,0.12,entropy,0.9875,0.0125,0.2875,0.047,1.2612809999836827,80
h0.05_r0.9_s10060,10060,0.05,0.9,0.12,random,0.975,0.01625,0.725,0.10325,1.3372450000588287,80
h0.05_r0.9_s10060,10060,0.05,0.9,0.12,myopic,0.675,0.08812500000000004,0.225,0.11512500000000003,1.1868899999853966,80
h0.05_r0.9_s10060,10060,0.05,0.9,0.12,recheck,0.95,0.026875,0.4,0.074875,1.5915379999569268,80
h0.05_r0.9_s10060,10060,0.05,0.9,0.12,no_task,0.7375,0.085,0.475,0.142,1.562082999953418,80
h0.05_r0.9_s10061,10061,0.05,0.9,0.12,never,0.25,0.64125,0.05,0.6472499999999999,1.0997389999829466,80
h0.05_r0.9_s10061,10061,0.05,0.9,0.12,fresh,1.0,0.0,1.125,0.13499999999999998,1.2061689999427472,80
h0.05_r0.9_s10061,10061,0.05,0.9,0.12,ttl,0.875,0.09000000000000001,0.2875,0.12450000000000001,1.2510359999851062,80
h0.05_r0.9_s10061,10061,0.05,0.9,0.12,entropy,0.95,0.036875,0.275,0.06987499999999999,1.2432849999868267,80
h0.05_r0.9_s10061,10061,0.05,0.9,0.12,random,0.975,0.01125,0.575,0.08025,1.303604999975505,80
h0.05_r0.9_s10061,10061,0.05,0.9,0.12,myopic,0.875,0.08375000000000002,0.275,0.11674999999999999,1.190025000028072,80
h0.05_r0.9_s10061,10061,0.05,0.9,0.12,recheck,0.9625,0.028749999999999998,0.45,0.08275,1.5668300000015734,80
h0.05_r0.9_s10061,10061,0.05,0.9,0.12,no_task,0.8625,0.11187500000000002,0.475,0.16887500000000003,1.5771859999631488,80
h0.05_r0.9_s10062,10062,0.05,0.9,0.12,never,0.6125,0.17124999999999996,0.05,0.17724999999999996,1.0770360000833534,80
h0.05_r0.9_s10062,10062,0.05,0.9,0.12,fresh,1.0,0.0,0.8375,0.10049999999999999,1.2295440000116287,80
h0.05_r0.9_s10062,10062,0.05,0.9,0.12,ttl,0.8625,0.064375,0.2625,0.095875,1.2454579999712223,80
h0.05_r0.9_s10062,10062,0.05,0.9,0.12,entropy,0.9,0.045,0.275,0.07799999999999999,1.2844960000393257,80
h0.05_r0.9_s10062,10062,0.05,0.9,0.12,random,0.875,0.05437499999999999,0.4875,0.11287499999999999,1.300430000014785,80
h0.05_r0.9_s10062,10062,0.05,0.9,0.12,myopic,0.775,0.06187500000000001,0.2375,0.09037500000000001,1.278376999948705,80
h0.05_r0.9_s10062,10062,0.05,0.9,0.12,recheck,0.9125,0.035625,0.3625,0.079125,1.7149519999293261,80
h0.05_r0.9_s10062,10062,0.05,0.9,0.12,no_task,0.825,0.058750000000000024,0.475,0.11575000000000002,1.6141909999305426,80
h0.05_r0.9_s10063,10063,0.05,0.9,0.12,never,0.7875,0.07250000000000001,0.05,0.07850000000000001,1.0741309999957593,80
h0.05_r0.9_s10063,10063,0.05,0.9,0.12,fresh,1.0,0.0,1.525,0.183,1.2240960001008716,80
h0.05_r0.9_s10063,10063,0.05,0.9,0.12,ttl,0.9875,0.003125,0.3875,0.049624999999999996,1.2412720000156696,80
h0.05_r0.9_s10063,10063,0.05,0.9,0.12,entropy,0.9875,0.003125,0.325,0.042125,1.2353429999620857,80
h0.05_r0.9_s10063,10063,0.05,0.9,0.12,random,0.9625,0.01125,0.6625,0.09075,1.332999000055679,80
h0.05_r0.9_s10063,10063,0.05,0.9,0.12,myopic,0.7875,0.04749999999999999,0.1875,0.06999999999999998,1.246499999979278,80
h0.05_r0.9_s10063,10063,0.05,0.9,0.12,recheck,0.925,0.01875,0.425,0.06975,1.5997689999949216,80
h0.05_r0.9_s10063,10063,0.05,0.9,0.12,no_task,0.8875,0.025625,0.475,0.08262499999999999,1.5924980000363576,80
h0.05_r0.9_s10000,10000,0.05,0.9,0.35,never,0.5125,0.2743749999999999,0.05,0.29187499999999994,1.1460089999673073,80
h0.05_r0.9_s10000,10000,0.05,0.9,0.35,fresh,1.0,0.0,0.9125,0.31937499999999996,1.245848000053229,80
h0.05_r0.9_s10000,10000,0.05,0.9,0.35,ttl,0.675,0.21375000000000005,0.1375,0.261875,1.2655580000000555,80
h0.05_r0.9_s10000,10000,0.05,0.9,0.35,entropy,0.9125,0.06,0.1875,0.12562500000000001,1.2481320000006235,80
h0.05_r0.9_s10000,10000,0.05,0.9,0.35,random,0.7,0.1524999999999999,0.125,0.1962499999999999,1.3204309999537145,80
h0.05_r0.9_s10000,10000,0.05,0.9,0.35,myopic,0.5125,0.2743749999999999,0.05,0.29187499999999994,1.1640660000011849,80
h0.05_r0.9_s10000,10000,0.05,0.9,0.35,recheck,0.9125,0.05437499999999999,0.2125,0.12874999999999998,1.588511999898401,80
h0.05_r0.9_s10000,10000,0.05,0.9,0.35,no_task,0.6625,0.18812499999999993,0.2,0.25812499999999994,1.5837449999480668,80
h0.05_r0.9_s10001,10001,0.05,0.9,0.35,never,0.4,0.3131250000000004,0.05,0.33062500000000034,1.0775560000411133,80
h0.05_r0.9_s10001,10001,0.05,0.9,0.35,fresh,1.0,0.0,1.1625,0.406875,1.2090740000303413,80
h0.05_r0.9_s10001,10001,0.05,0.9,0.35,ttl,0.6125,0.133125,0.15,0.18562499999999998,1.2325989999908415,80
h0.05_r0.9_s10001,10001,0.05,0.9,0.35,entropy,0.875,0.038125,0.2375,0.12125,1.2660190000133298,80
h0.05_r0.9_s10001,10001,0.05,0.9,0.35,random,0.975,0.015,0.1625,0.071875,1.298958000006678,80
h0.05_r0.9_s10001,10001,0.05,0.9,0.35,myopic,0.575,0.16062499999999996,0.0625,0.18249999999999997,1.183014000048388,80
h0.05_r0.9_s10001,10001,0.05,0.9,0.35,recheck,0.85,0.029374999999999995,0.2375,0.1125,1.5565040000637964,80
h0.05_r0.9_s10001,10001,0.05,0.9,0.35,no_task,0.3875,0.21625,0.2,0.28625,1.5664600000491191,80
h0.05_r0.9_s10002,10002,0.05,0.9,0.35,never,0.5875,0.2725,0.05,0.29,1.0883019999710086,80
h0.05_r0.9_s10002,10002,0.05,0.9,0.35,fresh,1.0,0.0,0.775,0.27125,1.2201299999787807,80
h0.05_r0.9_s10002,10002,0.05,0.9,0.35,ttl,0.8625,0.027499999999999997,0.1125,0.06687499999999999,1.2205109999285924,80
h0.05_r0.9_s10002,10002,0.05,0.9,0.35,entropy,0.9375,0.0125,0.1125,0.051875000000000004,1.2283730000035575,80
h0.05_r0.9_s10002,10002,0.05,0.9,0.35,random,0.7625,0.057500000000000016,0.1,0.09250000000000001,1.3059689999863622,80
h0.05_r0.9_s10002,10002,0.05,0.9,0.35,myopic,0.825,0.035,0.075,0.061250000000000006,1.1662989999194906,80
h0.05_r0.9_s10002,10002,0.05,0.9,0.35,recheck,0.95,0.01,0.1625,0.06687499999999999,1.5849170000592494,80
h0.05_r0.9_s10002,10002,0.05,0.9,0.35,no_task,0.775,0.085,0.2,0.155,1.5706959999306491,80
h0.05_r0.9_s10003,10003,0.05,0.9,0.35,never,0.55,0.11437499999999998,0.05,0.131875,1.1041259999728936,80
h0.05_r0.9_s10003,10003,0.05,0.9,0.35,fresh,1.0,0.0,1.2625,0.4418749999999999,1.2157639999941239,80
h0.05_r0.9_s10003,10003,0.05,0.9,0.35,ttl,0.9125,0.044375,0.175,0.105625,1.2279620000299474,80
h0.05_r0.9_s10003,10003,0.05,0.9,0.35,entropy,0.9,0.015,0.225,0.09375,1.2401600000657709,80
h0.05_r0.9_s10003,10003,0.05,0.9,0.35,random,0.7125,0.08687500000000004,0.1375,0.13500000000000004,1.3072310000552534,80
h0.05_r0.9_s10003,10003,0.05,0.9,0.35,myopic,0.55,0.11437499999999998,0.075,0.14062499999999997,1.1862090000249736,80
h0.05_r0.9_s10003,10003,0.05,0.9,0.35,recheck,0.9,0.039999999999999994,0.225,0.11875,1.5580970000428351,80
h0.05_r0.9_s10003,10003,0.05,0.9,0.35,no_task,0.6375,0.10000000000000002,0.2,0.17,1.5949320001027445,80
h0.05_r0.9_s10004,10004,0.05,0.9,0.35,never,0.525,0.24875000000000025,0.05,0.2662500000000002,1.0854280000103245,80
h0.05_r0.9_s10004,10004,0.05,0.9,0.35,fresh,1.0,0.0,1.05,0.3675,1.2440460000107123,80
h0.05_r0.9_s10004,10004,0.05,0.9,0.35,ttl,0.7,0.13499999999999995,0.1,0.16999999999999993,1.2241560000347818,80
h0.05_r0.9_s10004,10004,0.05,0.9,0.35,entropy,0.8375,0.07187499999999998,0.225,0.15062499999999995,1.2826929998936976,80
h0.05_r0.9_s10004,10004,0.05,0.9,0.35,random,0.5625,0.22062500000000007,0.1375,0.2687500000000001,1.288021999926059,80
h0.05_r0.9_s10004,10004,0.05,0.9,0.35,myopic,0.525,0.24875000000000025,0.05,0.2662500000000002,1.1602009999478469,80
h0.05_r0.9_s10004,10004,0.05,0.9,0.35,recheck,0.8375,0.06812499999999999,0.225,0.146875,1.597336000031646,80
h0.05_r0.9_s10004,10004,0.05,0.9,0.35,no_task,0.6375,0.17562499999999995,0.2,0.24562499999999993,1.559328999974241,80
h0.05_r0.9_s10005,10005,0.05,0.9,0.35,never,0.5375,0.3112500000000001,0.05,0.32875000000000004,1.1132589999078846,80
h0.05_r0.9_s10005,10005,0.05,0.9,0.35,fresh,1.0,0.0,1.6,0.5599999999999999,1.2304749999429987,80
h0.05_r0.9_s10005,10005,0.05,0.9,0.35,ttl,0.7875,0.15625,0.125,0.2,2.188703000001624,80
h0.05_r0.9_s10005,10005,0.05,0.9,0.35,entropy,0.625,0.31875,0.1875,0.384375,1.3273609999941982,80
h0.05_r0.9_s10005,10005,0.05,0.9,0.35,random,0.5375,0.3081250000000001,0.1375,0.35625000000000007,1.513068999997813,80
h0.05_r0.9_s10005,10005,0.05,0.9,0.35,myopic,0.5375,0.3112500000000001,0.0875,0.34187500000000004,1.2463189999607494,80
h0.05_r0.9_s10005,10005,0.05,0.9,0.35,recheck,0.8875,0.05625,0.2375,0.13937499999999997,1.594942999986415,80
h0.05_r0.9_s10005,10005,0.05,0.9,0.35,no_task,0.675,0.2875,0.2,0.35750000000000004,1.6390080000974194,80
h0.05_r0.9_s10006,10006,0.05,0.9,0.35,never,0.65,0.24749999999999991,0.05,0.2649999999999999,1.1035449999781122,80
h0.05_r0.9_s10006,10006,0.05,0.9,0.35,fresh,1.0,0.0,1.1125,0.38937499999999997,1.2039360000244415,80
h0.05_r0.9_s10006,10006,0.05,0.9,0.35,ttl,0.8,0.12625,0.15,0.17875,1.321141999937936,80
h0.05_r0.9_s10006,10006,0.05,0.9,0.35,entropy,0.9,0.06124999999999999,0.2125,0.13562499999999997,1.2264389999927516,80
h0.05_r0.9_s10006,10006,0.05,0.9,0.35,random,0.8625,0.06187500000000001,0.15,0.114375,1.6871010000159004,80
h0.05_r0.9_s10006,10006,0.05,0.9,0.35,myopic,0.65,0.24749999999999991,0.0625,0.2693749999999999,1.26277399999708,80
h0.05_r0.9_s10006,10006,0.05,0.9,0.35,recheck,0.9125,0.05375,0.225,0.1325,1.683335000052466,80
h0.05_r0.9_s10006,10006,0.05,0.9,0.35,no_task,0.9,0.06437499999999999,0.2,0.134375,1.5656489999855694,80
h0.05_r0.9_s10007,10007,0.05,0.9,0.35,never,0.475,0.503125,0.05,0.520625,1.177084999994804,80
h0.05_r0.9_s10007,10007,0.05,0.9,0.35,fresh,1.0,0.0,1.0375,0.363125,1.2301250000064101,80
h0.05_r0.9_s10007,10007,0.05,0.9,0.35,ttl,0.9,0.078125,0.1125,0.11750000000000001,1.2120070000491978,80
h0.05_r0.9_s10007,10007,0.05,0.9,0.35,entropy,0.9875,0.0125,0.15,0.06499999999999999,1.2555540000676046,80
h0.05_r0.9_s10007,10007,0.05,0.9,0.35,random,0.5625,0.415625,0.1,0.45062499999999994,1.2845960000049672,80
h0.05_r0.9_s10007,10007,0.05,0.9,0.35,myopic,0.875,0.103125,0.075,0.129375,1.1987479999788775,80
h0.05_r0.9_s10007,10007,0.05,0.9,0.35,recheck,0.95,0.05,0.2125,0.12437499999999999,1.9151220000139801,80
h0.05_r0.9_s10007,10007,0.05,0.9,0.35,no_task,0.875,0.103125,0.2,0.173125,1.6074899999694026,80
h0.05_r0.9_s10008,10008,0.05,0.9,0.35,never,0.375,0.25874999999999987,0.05,0.27624999999999983,1.070165000101042,80
h0.05_r0.9_s10008,10008,0.05,0.9,0.35,fresh,1.0,0.0,1.05,0.3675,1.2823340000522876,80
h0.05_r0.9_s10008,10008,0.05,0.9,0.35,ttl,0.7375,0.06187500000000003,0.1,0.09687500000000002,1.2340910000148142,80
h0.05_r0.9_s10008,10008,0.05,0.9,0.35,entropy,0.7375,0.06187500000000003,0.1625,0.11875000000000002,1.3238950000413752,80
h0.05_r0.9_s10008,10008,0.05,0.9,0.35,random,0.55,0.16687500000000005,0.1125,0.20625000000000004,1.2969749999456326,80
h0.05_r0.9_s10008,10008,0.05,0.9,0.35,myopic,0.5,0.13374999999999987,0.0625,0.15562499999999987,1.1460590000069715,80
h0.05_r0.9_s10008,10008,0.05,0.9,0.35,recheck,0.7875,0.05187500000000002,0.175,0.113125,1.6492429999743763,80
h0.05_r0.9_s10008,10008,0.05,0.9,0.35,no_task,0.575,0.10750000000000001,0.2,0.17750000000000002,1.530596000065998,80
h0.05_r0.9_s10009,10009,0.05,0.9,0.35,never,0.6375,0.12125,0.05,0.13874999999999998,1.1598090000006778,80
h0.05_r0.9_s10009,10009,0.05,0.9,0.35,fresh,1.0,0.0,1.575,0.5512499999999999,1.2221029999182065,80
h0.05_r0.9_s10009,10009,0.05,0.9,0.35,ttl,0.7375,0.07562500000000004,0.125,0.11937500000000005,1.2928889999557214,80
h0.05_r0.9_s10009,10009,0.05,0.9,0.35,entropy,0.7875,0.05125,0.2125,0.125625,1.224927999942338,80
h0.05_r0.9_s10009,10009,0.05,0.9,0.35,random,0.75,0.08687500000000002,0.1875,0.15250000000000002,1.3938499999994747,80
h0.05_r0.9_s10009,10009,0.05,0.9,0.35,myopic,0.6375,0.12125,0.05,0.13874999999999998,1.1474909999833471,80
h0.05_r0.9_s10009,10009,0.05,0.9,0.35,recheck,0.8125,0.04937499999999999,0.175,0.11062499999999997,1.5398599999798535,80
h0.05_r0.9_s10009,10009,0.05,0.9,0.35,no_task,0.8125,0.04937499999999999,0.2,0.11937499999999998,1.5747720000263143,80
h0.05_r0.9_s10010,10010,0.05,0.9,0.35,never,0.75,0.15312499999999996,0.05,0.17062499999999997,1.0805910000044605,80
h0.05_r0.9_s10010,10010,0.05,0.9,0.35,fresh,1.0,0.0,1.3,0.45499999999999996,1.3189379999403172,80
h0.05_r0.9_s10010,10010,0.05,0.9,0.35,ttl,0.8,0.11312499999999999,0.15,0.16562499999999997,1.2091739999959827,80
h0.05_r0.9_s10010,10010,0.05,0.9,0.35,entropy,0.8625,0.09312499999999999,0.2125,0.16749999999999998,1.2705560000085825,80
h0.05_r0.9_s10010,10010,0.05,0.9,0.35,random,0.7875,0.1275,0.1375,0.17562499999999998,1.2874710000687628,80
h0.05_r0.9_s10010,10010,0.05,0.9,0.35,myopic,0.75,0.15312499999999996,0.075,0.17937499999999995,1.2066290000802837,80
h0.05_r0.9_s10010,10010,0.05,0.9,0.35,recheck,0.8875,0.08437499999999999,0.2625,0.17624999999999996,1.5763239999841971,80
h0.05_r0.9_s10010,10010,0.05,0.9,0.35,no_task,0.75,0.109375,0.2,0.179375,1.563485000019682,80
h0.05_r0.9_s10011,10011,0.05,0.9,0.35,never,0.1125,0.335625,0.05,0.353125,1.0984070000858992,80
h0.05_r0.9_s10011,10011,0.05,0.9,0.35,fresh,1.0,0.0,2.65,0.9274999999999999,1.2341509999487243,80
h0.05_r0.9_s10011,10011,0.05,0.9,0.35,ttl,0.5375,0.11125,0.175,0.17250000000000001,1.219920000039565,80
h0.05_r0.9_s10011,10011,0.05,0.9,0.35,entropy,0.75,0.05062500000000001,0.35,0.173125,1.260200000047007,80
h0.05_r0.9_s10011,10011,0.05,0.9,0.35,random,0.3875,0.2,0.4,0.33999999999999997,1.2959240000327554,80
h0.05_r0.9_s10011,10011,0.05,0.9,0.35,myopic,0.1125,0.335625,0.05,0.353125,1.1637050000672389,80
h0.05_r0.9_s10011,10011,0.05,0.9,0.35,recheck,0.5375,0.10375000000000008,0.275,0.2000000000000001,1.584816999979921,80
h0.05_r0.9_s10011,10011,0.05,0.9,0.35,no_task,0.4125,0.11250000000000007,0.2,0.18250000000000005,1.5560130000267236,80
h0.05_r0.9_s10012,10012,0.05,0.9,0.35,never,0.6125,0.20937499999999995,0.05,0.22687499999999994,1.08711999996558,80
h0.05_r0.9_s10012,10012,0.05,0.9,0.35,fresh,1.0,0.0,0.9875,0.34562499999999996,1.1896250000518194,80
h0.05_r0.9_s10012,10012,0.05,0.9,0.35,ttl,0.7625,0.1275,0.175,0.18874999999999997,1.2326689999326845,80
h0.05_r0.9_s10012,10012,0.05,0.9,0.35,entropy,0.825,0.07874999999999999,0.2375,0.161875,1.2858080000341943,80
h0.05_r0.9_s10012,10012,0.05,0.9,0.35,random,0.6375,0.18999999999999997,0.125,0.23374999999999996,1.3653580000436705,80
h0.05_r0.9_s10012,10012,0.05,0.9,0.35,myopic,0.6875,0.13437499999999997,0.0625,0.15624999999999994,1.2097449999828314,80
h0.05_r0.9_s10012,10012,0.05,0.9,0.35,recheck,0.8125,0.07812499999999999,0.2375,0.16124999999999998,1.553339999986747,80
h0.05_r0.9_s10012,10012,0.05,0.9,0.35,no_task,0.725,0.10812499999999996,0.2,0.17812499999999995,1.610425999956533,80
h0.05_r0.9_s10013,10013,0.05,0.9,0.35,never,0.825,0.11375000000000002,0.05,0.13125000000000003,1.0875609999629887,80
h0.05_r0.9_s10013,10013,0.05,0.9,0.35,fresh,1.0,0.0,0.6875,0.240625,1.1935300000232019,80
h0.05_r0.9_s10013,10013,0.05,0.9,0.35,ttl,0.825,0.11375000000000002,0.1,0.14875000000000002,1.2432250000529166,80
h0.05_r0.9_s10013,10013,0.05,0.9,0.35,entropy,0.925,0.04875,0.175,0.10999999999999999,1.2450679998892156,80
h0.05_r0.9_s10013,10013,0.05,0.9,0.35,random,0.85,0.09750000000000002,0.1125,0.13687500000000002,1.3018519999832279,80
h0.05_r0.9_s10013,10013,0.05,0.9,0.35,myopic,0.825,0.11375000000000002,0.05,0.13125000000000003,1.1747820000209686,80
h0.05_r0.9_s10013,10013,0.05,0.9,0.35,recheck,0.9375,0.040625,0.2,0.110625,1.5635350000593462,80
h0.05_r0.9_s10013,10013,0.05,0.9,0.35,no_task,0.7125,0.18687500000000007,0.2,0.2568750000000001,1.6578269999172335,80
h0.05_r0.9_s10014,10014,0.05,0.9,0.35,never,0.575,0.25437499999999996,0.05,0.271875,1.0883630000080302,80
h0.05_r0.9_s10014,10014,0.05,0.9,0.35,fresh,1.0,0.0,0.675,0.23625,1.2040049999768598,80
h0.05_r0.9_s10014,10014,0.05,0.9,0.35,ttl,0.9625,0.013124999999999998,0.1125,0.05249999999999999,1.2114070000279753,80
h0.05_r0.9_s10014,10014,0.05,0.9,0.35,entropy,0.9625,0.013124999999999998,0.125,0.056874999999999995,1.2393389999942883,80
h0.05_r0.9_s10014,10014,0.05,0.9,0.35,random,0.9125,0.05499999999999999,0.1375,0.103125,1.2777059999962148,80
h0.05_r0.9_s10014,10014,0.05,0.9,0.35,myopic,0.7375,0.09187499999999996,0.075,0.11812499999999995,1.153711000029034,80
h0.05_r0.9_s10014,10014,0.05,0.9,0.35,recheck,0.9625,0.013124999999999998,0.1375,0.06124999999999999,1.5775159999975585,80
h0.05_r0.9_s10014,10014,0.05,0.9,0.35,no_task,0.8625,0.04812500000000001,0.2,0.118125,1.5441660000306001,80
h0.05_r0.9_s10015,10015,0.05,0.9,0.35,never,0.3875,0.42500000000000027,0.05,0.4425000000000002,1.0978069999509898,80
h0.05_r0.9_s10015,10015,0.05,0.9,0.35,fresh,1.0,0.0,1.95,0.6824999999999999,1.2146920000759565,80
h0.05_r0.9_s10015,10015,0.05,0.9,0.35,ttl,0.55,0.13625000000000004,0.1875,0.20187500000000003,1.214380999954301,80
h0.05_r0.9_s10015,10015,0.05,0.9,0.35,entropy,0.65,0.18062499999999995,0.3,0.2856249999999999,1.2475210000957304,80
h0.05_r0.9_s10015,10015,0.05,0.9,0.35,random,0.6125,0.13437500000000005,0.2875,0.23500000000000004,1.406519999932243,80
h0.05_r0.9_s10015,10015,0.05,0.9,0.35,myopic,0.3875,0.42500000000000027,0.0625,0.44687500000000024,1.1596390000931933,80
h0.05_r0.9_s10015,10015,0.05,0.9,0.35,recheck,0.55,0.16250000000000003,0.2625,0.254375,1.5592390000165324,80
h0.05_r0.9_s10015,10015,0.05,0.9,0.35,no_task,0.5625,0.15875,0.2,0.22875,1.5430639999749474,80
h0.05_r0.9_s10016,10016,0.05,0.9,0.35,never,0.6,0.32062499999999994,0.05,0.3381249999999999,1.080630999922505,80
h0.05_r0.9_s10016,10016,0.05,0.9,0.35,fresh,1.0,0.0,1.6125,0.564375,1.2025239999502446,80
h0.05_r0.9_s10016,10016,0.05,0.9,0.35,ttl,0.5875,0.34187499999999993,0.15,0.3943749999999999,1.2223740000081307,80
h0.05_r0.9_s10016,10016,0.05,0.9,0.35,entropy,0.65,0.286875,0.225,0.365625,1.2571149999303088,80
h0.05_r0.9_s10016,10016,0.05,0.9,0.35,random,0.675,0.24187500000000006,0.25,0.3293750000000001,1.3161540000510286,80
h0.05_r0.9_s10016,10016,0.05,0.9,0.35,myopic,0.6625,0.22812500000000005,0.075,0.254375,2.0665590000135126,80
h0.05_r0.9_s10016,10016,0.05,0.9,0.35,recheck,0.7875,0.1,0.25,0.1875,1.5597890001117776,80
h0.05_r0.9_s10016,10016,0.05,0.9,0.35,no_task,0.7875,0.148125,0.2,0.21812499999999999,1.6588280000178202,80
h0.05_r0.9_s10017,10017,0.05,0.9,0.35,never,0.875,0.08124999999999998,0.05,0.09874999999999998,1.089814000010847,80
h0.05_r0.9_s10017,10017,0.05,0.9,0.35,fresh,1.0,0.0,0.65,0.22749999999999998,1.2036350000244056,80
h0.05_r0.9_s10017,10017,0.05,0.9,0.35,ttl,0.9375,0.023125,0.1375,0.07125,1.2043259999927614,80
h0.05_r0.9_s10017,10017,0.05,0.9,0.35,entropy,0.9375,0.023125,0.1375,0.07125,1.2663890000794709,80
h0.05_r0.9_s10017,10017,0.05,0.9,0.35,random,0.875,0.08562499999999998,0.1,0.12062499999999998,1.3207509999801914,80
h0.05_r0.9_s10017,10017,0.05,0.9,0.35,myopic,0.875,0.08124999999999998,0.0625,0.10312499999999998,1.2301650000381414,80
h0.05_r0.9_s10017,10017,0.05,0.9,0.35,recheck,0.9375,0.023125,0.15,0.07562499999999998,1.5625539999746252,80
h0.05_r0.9_s10017,10017,0.05,0.9,0.35,no_task,0.875,0.06375,0.2,0.13374999999999998,1.6796490000388076,80
h0.05_r0.9_s10018,10018,0.05,0.9,0.35,never,0.8125,0.064375,0.05,0.081875,1.1699240000098143,80
h0.05_r0.9_s10018,10018,0.05,0.9,0.35,fresh,1.0,0.0,1.1875,0.415625,1.326158999972904,80
h0.05_r0.9_s10018,10018,0.05,0.9,0.35,ttl,0.625,0.18624999999999997,0.1375,0.234375,1.2493440000298506,80
h0.05_r0.9_s10018,10018,0.05,0.9,0.35,entropy,0.7625,0.09937499999999996,0.2,0.16937499999999997,1.2466099999528524,80
h0.05_r0.9_s10018,10018,0.05,0.9,0.35,random,0.9,0.03375,0.175,0.095,1.3002299999698153,80
h0.05_r0.9_s10018,10018,0.05,0.9,0.35,myopic,0.8125,0.064375,0.0625,0.08625000000000001,1.1592789999212982,80
h0.05_r0.9_s10018,10018,0.05,0.9,0.35,recheck,0.7625,0.09312499999999997,0.1875,0.15874999999999997,1.5768050000133371,80
h0.05_r0.9_s10018,10018,0.05,0.9,0.35,no_task,0.7875,0.08062499999999999,0.2,0.15062499999999998,1.5424639999537249,80
h0.05_r0.9_s10019,10019,0.05,0.9,0.35,never,0.2125,0.19124999999999992,0.05,0.2087499999999999,1.0785179999857064,80
h0.05_r0.9_s10019,10019,0.05,0.9,0.35,fresh,1.0,0.0,1.0375,0.363125,1.1979570000448803,80
h0.05_r0.9_s10019,10019,0.05,0.9,0.35,ttl,0.75,0.08375000000000002,0.1,0.11875000000000002,1.2016430000585387,80
h0.05_r0.9_s10019,10019,0.05,0.9,0.35,entropy,0.8625,0.061250000000000006,0.1625,0.118125,1.3844259999586939,80
h0.05_r0.9_s10019,10019,0.05,0.9,0.35,random,0.7,0.09937500000000003,0.1125,0.13875000000000004,1.3571760000559152,80
h0.05_r0.9_s10019,10019,0.05,0.9,0.35,myopic,0.2125,0.19124999999999992,0.05,0.2087499999999999,1.166809999972429,80
h0.05_r0.9_s10019,10019,0.05,0.9,0.35,recheck,0.7875,0.081875,0.15,0.134375,1.5430949999881705,80
h0.05_r0.9_s10019,10019,0.05,0.9,0.35,no_task,0.225,0.18312499999999993,0.2,0.25312499999999993,1.5586080000957736,80
h0.05_r0.9_s10020,10020,0.05,0.9,0.35,never,0.35,0.22437500000000016,0.05,0.24187500000000015,1.0929490000535225,80
h0.05_r0.9_s10020,10020,0.05,0.9,0.35,fresh,1.0,0.0,2.0625,0.7218749999999999,1.2342510000280527,80
h0.05_r0.9_s10020,10020,0.05,0.9,0.35,ttl,0.725,0.06375,0.1375,0.11187499999999999,1.2248369999952047,80
h0.05_r0.9_s10020,10020,0.05,0.9,0.35,entropy,0.9125,0.016875,0.2625,0.10874999999999999,1.2272210000219275,80
h0.05_r0.9_s10020,10020,0.05,0.9,0.35,random,0.625,0.091875,0.275,0.188125,1.3300450000315323,80
h0.05_r0.9_s10020,10020,0.05,0.9,0.35,myopic,0.35,0.22437500000000016,0.0625,0.24625000000000016,1.1560939999526454,80
h0.05_r0.9_s10020,10020,0.05,0.9,0.35,recheck,0.8625,0.029375000000000002,0.25,0.11687499999999999,1.57572299997355,80
h0.05_r0.9_s10020,10020,0.05,0.9,0.35,no_task,0.75,0.058750000000000004,0.2,0.12875,1.5444859999433902,80
h0.05_r0.9_s10021,10021,0.05,0.9,0.35,never,0.25,0.75,0.05,0.7675,1.102143000025535,80
h0.05_r0.9_s10021,10021,0.05,0.9,0.35,fresh,1.0,0.0,1.05,0.3675,1.1948919999440477,80
h0.05_r0.9_s10021,10021,0.05,0.9,0.35,ttl,0.925,0.075,0.125,0.11875,1.2494940000351562,80
h0.05_r0.9_s10021,10021,0.05,0.9,0.35,entropy,0.95,0.05,0.125,0.09375,1.2352429999964443,80
h0.05_r0.9_s10021,10021,0.05,0.9,0.35,random,0.9625,0.0375,0.15,0.09,1.2920880000137913,80
h0.05_r0.9_s10021,10021,0.05,0.9,0.35,myopic,0.875,0.125,0.0875,0.15562499999999999,1.1843859999771666,80
h0.05_r0.9_s10021,10021,0.05,0.9,0.35,recheck,0.95,0.05,0.225,0.12875,1.5549219999684283,80
h0.05_r0.9_s10021,10021,0.05,0.9,0.35,no_task,0.8375,0.138125,0.2,0.20812499999999998,1.7054580000603892,80
h0.05_r0.9_s10022,10022,0.05,0.9,0.35,never,0.55,0.10812500000000003,0.05,0.12562500000000004,1.0980069999959596,80
h0.05_r0.9_s10022,10022,0.05,0.9,0.35,fresh,1.0,0.0,1.9,0.6649999999999999,1.2333600000147271,80
h0.05_r0.9_s10022,10022,0.05,0.9,0.35,ttl,0.6875,0.08562499999999997,0.1375,0.13374999999999995,1.235031999954117,80
h0.05_r0.9_s10022,10022,0.05,0.9,0.35,entropy,0.8,0.04625,0.2625,0.138125,1.2606409999307289,80
h0.05_r0.9_s10022,10022,0.05,0.9,0.35,random,0.725,0.07249999999999998,0.25,0.15999999999999998,1.2879419999762831,80
h0.05_r0.9_s10022,10022,0.05,0.9,0.35,myopic,0.55,0.10812500000000003,0.0625,0.13000000000000003,1.1600289999478264,80
h0.05_r0.9_s10022,10022,0.05,0.9,0.35,recheck,0.6875,0.065625,0.2625,0.1575,1.6048869999849558,80
h0.05_r0.9_s10022,10022,0.05,0.9,0.35,no_task,0.5625,0.11437499999999996,0.2,0.18437499999999996,1.5425240000013218,80
h0.05_r0.9_s10023,10023,0.05,0.9,0.35,never,0.375,0.5406250000000001,0.05,0.5581250000000001,1.09253899995565,80
h0.05_r0.9_s10023,10023,0.05,0.9,0.35,fresh,1.0,0.0,1.6,0.5599999999999999,1.1986880000449673,80
h0.05_r0.9_s10023,10023,0.05,0.9,0.35,ttl,0.75,0.17562499999999998,0.1375,0.22374999999999998,1.257455999962076,80
h0.05_r0.9_s10023,10023,0.05,0.9,0.35,entropy,0.6875,0.151875,0.225,0.230625,1.2392879999651996,80
h0.05_r0.9_s10023,10023,0.05,0.9,0.35,random,0.625,0.15937500000000002,0.15,0.21187500000000004,1.3149220000059358,80
h0.05_r0.9_s10023,10023,0.05,0.9,0.35,myopic,0.5875,0.3281250000000001,0.075,0.3543750000000001,1.1673210000253675,80
h0.05_r0.9_s10023,10023,0.05,0.9,0.35,recheck,0.8,0.08750000000000002,0.225,0.16625,1.562944000056632,80
h0.05_r0.9_s10023,10023,0.05,0.9,0.35,no_task,0.6125,0.15437499999999998,0.2,0.224375,1.8470599999318438,80
h0.05_r0.9_s10024,10024,0.05,0.9,0.35,never,0.575,0.15375000000000003,0.05,0.17125000000000004,1.1201999999457257,80
h0.05_r0.9_s10024,10024,0.05,0.9,0.35,fresh,1.0,0.0,1.7375,0.608125,1.3224639999407373,80
h0.05_r0.9_s10024,10024,0.05,0.9,0.35,ttl,0.8,0.09125000000000003,0.15,0.14375,1.2642059999734556,80
h0.05_r0.9_s10024,10024,0.05,0.9,0.35,entropy,0.75,0.09187500000000001,0.25,0.179375,1.2628039999071916,80
h0.05_r0.9_s10024,10024,0.05,0.9,0.35,random,0.675,0.13749999999999998,0.275,0.23374999999999996,1.348953000047004,80
h0.05_r0.9_s10024,10024,0.05,0.9,0.35,myopic,0.575,0.15375000000000003,0.05,0.17125000000000004,1.375482999947053,80
h0.05_r0.9_s10024,10024,0.05,0.9,0.35,recheck,0.85,0.08625000000000001,0.2125,0.160625,1.565197999980228,80
h0.05_r0.9_s10024,10024,0.05,0.9,0.35,no_task,0.7,0.11687500000000002,0.2,0.186875,1.5869799999563838,80
h0.05_r0.9_s10025,10025,0.05,0.9,0.35,never,0.525,0.24874999999999994,0.05,0.26624999999999993,1.0846870000023046,80
h0.05_r0.9_s10025,10025,0.05,0.9,0.35,fresh,1.0,0.0,0.9125,0.31937499999999996,1.4970150000408466,80
h0.05_r0.9_s10025,10025,0.05,0.9,0.35,ttl,0.7375,0.09187500000000003,0.1375,0.14000000000000004,1.3036550000151692,80
h0.05_r0.9_s10025,10025,0.05,0.9,0.35,entropy,0.975,0.0125,0.2125,0.086875,1.268943000013678,80
h0.05_r0.9_s10025,10025,0.05,0.9,0.35,random,0.8,0.07000000000000002,0.125,0.11375000000000002,1.277195999932701,80
h0.05_r0.9_s10025,10025,0.05,0.9,0.35,myopic,0.525,0.24874999999999994,0.05,0.26624999999999993,1.17642399993656,80
h0.05_r0.9_s10025,10025,0.05,0.9,0.35,recheck,0.8625,0.035,0.2375,0.118125,1.7245160000811666,80
h0.05_r0.9_s10025,10025,0.05,0.9,0.35,no_task,0.7875,0.07812500000000003,0.2,0.148125,1.5913869999621966,80
h0.05_r0.9_s10026,10026,0.05,0.9,0.35,never,0.7875,0.04250000000000001,0.05,0.06000000000000001,1.0803509999277594,80
h0.05_r0.9_s10026,10026,0.05,0.9,0.35,fresh,1.0,0.0,0.85,0.2975,1.2178860000631175,80
h0.05_r0.9_s10026,10026,0.05,0.9,0.35,ttl,0.825,0.035,0.1,0.06999999999999999,1.2216920000582832,80
h0.05_r0.9_s10026,10026,0.05,0.9,0.35,entropy,0.8625,0.027499999999999997,0.1375,0.07562499999999998,1.2264099999583777,80
h0.05_r0.9_s10026,10026,0.05,0.9,0.35,random,0.7875,0.04250000000000001,0.1125,0.081875,1.3008610000042609,80
h0.05_r0.9_s10026,10026,0.05,0.9,0.35,myopic,0.7875,0.04250000000000001,0.05,0.06000000000000001,1.1523790000182998,80
h0.05_r0.9_s10026,10026,0.05,0.9,0.35,recheck,0.825,0.035,0.125,0.07875000000000001,1.5779569999949672,80
h0.05_r0.9_s10026,10026,0.05,0.9,0.35,no_task,0.7875,0.04250000000000001,0.2,0.1125,1.5388680000114618,80
h0.05_r0.9_s10027,10027,0.05,0.9,0.35,never,0.525,0.30875,0.05,0.32625000000000004,1.100070000006781,80
h0.05_r0.9_s10027,10027,0.05,0.9,0.35,fresh,1.0,0.0,1.05,0.3675,1.2031840000190641,80
h0.05_r0.9_s10027,10027,0.05,0.9,0.35,ttl,0.725,0.11312500000000003,0.125,0.15687500000000004,1.2184569999362793,80
h0.05_r0.9_s10027,10027,0.05,0.9,0.35,entropy,0.875,0.058750000000000004,0.1875,0.12437499999999999,1.2259879999874101,80
h0.05_r0.9_s10027,10027,0.05,0.9,0.35,random,0.6375,0.21999999999999997,0.1125,0.25937499999999997,1.2742919999482183,80
h0.05_r0.9_s10027,10027,0.05,0.9,0.35,myopic,0.675,0.14375,0.0625,0.165625,1.1698240000441729,80
h0.05_r0.9_s10027,10027,0.05,0.9,0.35,recheck,0.9,0.040625,0.2375,0.12374999999999999,1.5542109999842069,80
h0.05_r0.9_s10027,10027,0.05,0.9,0.35,no_task,0.7375,0.12687500000000004,0.2,0.19687500000000005,1.5780269999368102,80
h0.05_r0.9_s10028,10028,0.05,0.9,0.35,never,0.5875,0.23000000000000012,0.05,0.2475000000000001,1.0837050000418458,80
h0.05_r0.9_s10028,10028,0.05,0.9,0.35,fresh,1.0,0.0,0.925,0.32375,1.2200899999470494,80
h0.05_r0.9_s10028,10028,0.05,0.9,0.35,ttl,0.7,0.15687499999999996,0.1,0.19187499999999996,1.2175860000525063,80
h0.05_r0.9_s10028,10028,0.05,0.9,0.35,entropy,0.9,0.079375,0.15,0.131875,1.2519780000275205,80
h0.05_r0.9_s10028,10028,0.05,0.9,0.35,random,0.6875,0.17562499999999998,0.1,0.21062499999999998,1.3025640000705607,80
h0.05_r0.9_s10028,10028,0.05,0.9,0.35,myopic,0.5875,0.23000000000000012,0.0625,0.2518750000000001,1.1685929999885047,80
h0.05_r0.9_s10028,10028,0.05,0.9,0.35,recheck,0.8375,0.08125,0.1875,0.146875,1.5793180000400753,80
h0.05_r0.9_s10028,10028,0.05,0.9,0.35,no_task,0.7375,0.13249999999999998,0.2,0.20249999999999996,1.5725189999784561,80
h0.05_r0.9_s10029,10029,0.05,0.9,0.35,never,0.4625,0.24874999999999975,0.05,0.26624999999999976,1.1073210000631661,80
h0.05_r0.9_s10029,10029,0.05,0.9,0.35,fresh,1.0,0.0,1.6125,0.564375,1.2288729999454517,80
h0.05_r0.9_s10029,10029,0.05,0.9,0.35,ttl,0.7875,0.12875,0.1375,0.176875,1.2283530001013787,80
h0.05_r0.9_s10029,10029,0.05,0.9,0.35,entropy,0.825,0.08875,0.225,0.16749999999999998,1.2351029999990715,80
h0.05_r0.9_s10029,10029,0.05,0.9,0.35,random,0.7,0.13187500000000002,0.1625,0.18875000000000003,1.310074999992139,80
h0.05_r0.9_s10029,10029,0.05,0.9,0.35,myopic,0.4625,0.24874999999999975,0.05,0.26624999999999976,1.1576560000321479,80
h0.05_r0.9_s10029,10029,0.05,0.9,0.35,recheck,0.825,0.108125,0.2,0.178125,1.5629939999826092,80
h0.05_r0.9_s10029,10029,0.05,0.9,0.35,no_task,0.7,0.12187499999999998,0.2,0.19187499999999996,1.5953629999785335,80
h0.05_r0.9_s10030,10030,0.05,0.9,0.35,never,0.4,0.28687499999999994,0.05,0.30437499999999995,1.0844760000736642,80
h0.05_r0.9_s10030,10030,0.05,0.9,0.35,fresh,1.0,0.0,1.1,0.38499999999999995,1.244205999910264,80
h0.05_r0.9_s10030,10030,0.05,0.9,0.35,ttl,0.7125,0.15062500000000006,0.1375,0.19875000000000004,1.2332200000173543,80
h0.05_r0.9_s10030,10030,0.05,0.9,0.35,entropy,0.95,0.025,0.2125,0.09937499999999999,1.341752000030283,80
h0.05_r0.9_s10030,10030,0.05,0.9,0.35,random,0.7875,0.08375,0.1625,0.140625,1.3008409999883952,80
h0.05_r0.9_s10030,10030,0.05,0.9,0.35,myopic,0.4,0.28687499999999994,0.0625,0.30874999999999997,1.1908159999620693,80
h0.05_r0.9_s10030,10030,0.05,0.9,0.35,recheck,0.9625,0.016875,0.25,0.104375,1.58201299996108,80
h0.05_r0.9_s10030,10030,0.05,0.9,0.35,no_task,0.5,0.1931250000000001,0.2,0.2631250000000001,1.5976259999206377,80
h0.05_r0.9_s10031,10031,0.05,0.9,0.35,never,0.8375,0.06687499999999999,0.05,0.084375,1.0941809999849283,80
h0.05_r0.9_s10031,10031,0.05,0.9,0.35,fresh,1.0,0.0,1.125,0.39374999999999993,1.2191179999945234,80
h0.05_r0.9_s10031,10031,0.05,0.9,0.35,ttl,0.75,0.09124999999999997,0.15,0.14374999999999996,1.2485819999028536,80
h0.05_r0.9_s10031,10031,0.05,0.9,0.35,entropy,0.85,0.05625,0.2125,0.130625,1.23038499998529,80
h0.05_r0.9_s10031,10031,0.05,0.9,0.35,random,0.85,0.06187499999999999,0.1125,0.10124999999999999,1.3210009999511385,80
h0.05_r0.9_s10031,10031,0.05,0.9,0.35,myopic,0.8625,0.04187500000000001,0.0625,0.06375,1.1512160000393123,80
h0.05_r0.9_s10031,10031,0.05,0.9,0.35,recheck,0.85,0.05625,0.2375,0.13937499999999997,1.5780269999368102,80
h0.05_r0.9_s10031,10031,0.05,0.9,0.35,no_task,0.8625,0.05437499999999999,0.2,0.12437499999999999,1.5889530000094965,80
h0.05_r0.9_s10032,10032,0.05,0.9,0.35,never,0.45,0.545625,0.05,0.563125,1.0810210000045117,80
h0.05_r0.9_s10032,10032,0.05,0.9,0.35,fresh,1.0,0.0,1.025,0.35875,1.2100650000093083,80
h0.05_r0.9_s10032,10032,0.05,0.9,0.35,ttl,0.8,0.195625,0.1,0.230625,1.2214319999657164,80
h0.05_r0.9_s10032,10032,0.05,0.9,0.35,entropy,0.9,0.095625,0.1,0.130625,1.245848000053229,80
h0.05_r0.9_s10032,10032,0.05,0.9,0.35,random,0.875,0.12062500000000001,0.1125,0.16,1.2850379999918005,80
h0.05_r0.9_s10032,10032,0.05,0.9,0.35,myopic,0.6,0.395625,0.0875,0.42625,1.191446999996515,80
h0.05_r0.9_s10032,10032,0.05,0.9,0.35,recheck,0.925,0.07062500000000001,0.2,0.140625,1.5418920000911385,80
h0.05_r0.9_s10032,10032,0.05,0.9,0.35,no_task,0.9125,0.083125,0.2,0.153125,1.7118580000214934,80
h0.05_r0.9_s10033,10033,0.05,0.9,0.35,never,0.6,0.15187500000000004,0.05,0.16937500000000003,1.0882220000212328,80
h0.05_r0.9_s10033,10033,0.05,0.9,0.35,fresh,1.0,0.0,1.2,0.41999999999999993,1.278426999988369,80
h0.05_r0.9_s10033,10033,0.05,0.9,0.35,ttl,0.6625,0.11125,0.1125,0.150625,1.2601900000390742,80
h0.05_r0.9_s10033,10033,0.05,0.9,0.35,entropy,0.825,0.04375,0.175,0.10499999999999998,1.227921999998216,80
h0.05_r0.9_s10033,10033,0.05,0.9,0.35,random,0.775,0.11625000000000003,0.1125,0.15562500000000004,1.2983870000198294,80
h0.05_r0.9_s10033,10033,0.05,0.9,0.35,myopic,0.6,0.15187500000000004,0.0625,0.17375000000000002,1.1589179999873522,80
h0.05_r0.9_s10033,10033,0.05,0.9,0.35,recheck,0.75,0.06562500000000002,0.1875,0.13125,1.573320000034073,80
h0.05_r0.9_s10033,10033,0.05,0.9,0.35,no_task,0.65,0.11937500000000001,0.2,0.18937500000000002,1.5573959999528597,80
h0.05_r0.9_s10034,10034,0.05,0.9,0.35,never,0.375,0.30874999999999997,0.05,0.32624999999999993,1.0775060000014491,80
h0.05_r0.9_s10034,10034,0.05,0.9,0.35,fresh,1.0,0.0,1.15,0.40249999999999997,1.208131999987927,80
h0.05_r0.9_s10034,10034,0.05,0.9,0.35,ttl,0.625,0.22125,0.1125,0.260625,1.216744999965158,80
h0.05_r0.9_s10034,10034,0.05,0.9,0.35,entropy,0.6625,0.20999999999999996,0.15,0.26249999999999996,1.2517469999693276,80
h0.05_r0.9_s10034,10034,0.05,0.9,0.35,random,0.85,0.04625,0.175,0.1075,1.3076909999654163,80
h0.05_r0.9_s10034,10034,0.05,0.9,0.35,myopic,0.375,0.30874999999999997,0.05,0.32624999999999993,1.1777959999790255,80
h0.05_r0.9_s10034,10034,0.05,0.9,0.35,recheck,0.875,0.057499999999999996,0.175,0.11875,1.6014820000691543,80
h0.05_r0.9_s10034,10034,0.05,0.9,0.35,no_task,0.45,0.22312499999999988,0.2,0.29312499999999986,1.6075710000222898,80
h0.05_r0.9_s10035,10035,0.05,0.9,0.35,never,0.55,0.3725000000000001,0.05,0.39000000000000007,1.0892530000319312,80
h0.05_r0.9_s10035,10035,0.05,0.9,0.35,fresh,1.0,0.0,0.825,0.28874999999999995,1.230545999987953,80
h0.05_r0.9_s10035,10035,0.05,0.9,0.35,ttl,0.85,0.09437499999999997,0.1,0.12937499999999996,1.2437859999181455,80
h0.05_r0.9_s10035,10035,0.05,0.9,0.35,entropy,0.8625,0.10874999999999999,0.125,0.1525,1.233049999996183,80
h0.05_r0.9_s10035,10035,0.05,0.9,0.35,random,0.55,0.3650000000000001,0.0875,0.39562500000000006,1.328181999951994,80
h0.05_r0.9_s10035,10035,0.05,0.9,0.35,myopic,0.75,0.1725,0.075,0.19874999999999998,1.1805710000771796,80
h0.05_r0.9_s10035,10035,0.05,0.9,0.35,recheck,0.875,0.09562499999999999,0.1625,0.1525,1.584526000101505,80
h0.05_r0.9_s10035,10035,0.05,0.9,0.35,no_task,0.8125,0.131875,0.2,0.20187499999999997,1.6067300000486284,80
h0.05_r0.9_s10036,10036,0.05,0.9,0.35,never,0.9,0.08249999999999999,0.05,0.1,1.1143410000613585,80
h0.05_r0.9_s10036,10036,0.05,0.9,0.35,fresh,1.0,0.0,1.25,0.4375,1.2159439999095412,80
h0.05_r0.9_s10036,10036,0.05,0.9,0.35,ttl,0.95,0.01125,0.15,0.06375,1.2368149999701927,80
h0.05_r0.9_s10036,10036,0.05,0.9,0.35,entropy,0.975,0.0075,0.2,0.07749999999999999,1.255432999982986,80
h0.05_r0.9_s10036,10036,0.05,0.9,0.35,random,0.9,0.045,0.1625,0.10187499999999998,1.2900450000188357,80
h0.05_r0.9_s10036,10036,0.05,0.9,0.35,myopic,0.9,0.08249999999999999,0.0625,0.104375,1.1888930000623077,80
h0.05_r0.9_s10036,10036,0.05,0.9,0.35,recheck,0.9,0.018749999999999996,0.2,0.08875,1.565248000019892,80
h0.05_r0.9_s10036,10036,0.05,0.9,0.35,no_task,0.9,0.06375,0.2,0.13374999999999998,1.575792999915393,80
h0.05_r0.9_s10037,10037,0.05,0.9,0.35,never,0.5,0.21374999999999994,0.05,0.2312499999999999,1.0852179999574219,80
h0.05_r0.9_s10037,10037,0.05,0.9,0.35,fresh,1.0,0.0,1.075,0.37625,1.2249069999370477,80
h0.05_r0.9_s10037,10037,0.05,0.9,0.35,ttl,0.6875,0.26437499999999997,0.175,0.32562499999999994,1.2262290000535359,80
h0.05_r0.9_s10037,10037,0.05,0.9,0.35,entropy,0.725,0.23125,0.2125,0.305625,1.233971000033307,80
h0.05_r0.9_s10037,10037,0.05,0.9,0.35,random,0.7625,0.10250000000000001,0.15,0.155,1.326310000081321,80
h0.05_r0.9_s10037,10037,0.05,0.9,0.35,myopic,0.3125,0.40124999999999983,0.0625,0.42312499999999986,1.1585779999450097,80
h0.05_r0.9_s10037,10037,0.05,0.9,0.35,recheck,0.9,0.061250000000000006,0.225,0.13999999999999999,1.5768349999234488,80
h0.05_r0.9_s10037,10037,0.05,0.9,0.35,no_task,0.625,0.09875000000000003,0.2,0.16875,1.5691129999595432,80
h0.05_r0.9_s10038,10038,0.05,0.9,0.35,never,0.525,0.18875000000000003,0.05,0.20625,1.1133099999369733,80
h0.05_r0.9_s10038,10038,0.05,0.9,0.35,fresh,1.0,0.0,1.3375,0.46812499999999996,1.2068610000142144,80
h0.05_r0.9_s10038,10038,0.05,0.9,0.35,ttl,0.675,0.09749999999999996,0.15,0.14999999999999997,1.2318179999510903,80
h0.05_r0.9_s10038,10038,0.05,0.9,0.35,entropy,0.8375,0.040625,0.225,0.11937500000000001,1.2300949999826116,80
h0.05_r0.9_s10038,10038,0.05,0.9,0.35,random,0.525,0.18625,0.15,0.23875000000000002,1.313439999989896,80
h0.05_r0.9_s10038,10038,0.05,0.9,0.35,myopic,0.525,0.18875000000000003,0.05,0.20625,1.1530900000025213,80
h0.05_r0.9_s10038,10038,0.05,0.9,0.35,recheck,0.775,0.05500000000000001,0.2,0.125,1.5680220000149347,80
h0.05_r0.9_s10038,10038,0.05,0.9,0.35,no_task,0.6625,0.11187499999999995,0.2,0.18187499999999995,1.5542909999339827,80
h0.05_r0.9_s10039,10039,0.05,0.9,0.35,never,0.7625,0.057499999999999996,0.05,0.075,1.085588000023563,80
h0.05_r0.9_s10039,10039,0.05,0.9,0.35,fresh,1.0,0.0,1.4,0.48999999999999994,1.2472209999714323,80
h0.05_r0.9_s10039,10039,0.05,0.9,0.35,ttl,0.9,0.03125,0.125,0.075,1.2268299999504961,80
h0.05_r0.9_s10039,10039,0.05,0.9,0.35,entropy,0.9125,0.026875,0.2125,0.10124999999999999,1.2545710000040344,80
h0.05_r0.9_s10039,10039,0.05,0.9,0.35,random,0.95,0.016249999999999997,0.1875,0.081875,1.303605000089192,80
h0.05_r0.9_s10039,10039,0.05,0.9,0.35,myopic,0.7625,0.057499999999999996,0.05,0.075,1.183055000069544,80
h0.05_r0.9_s10039,10039,0.05,0.9,0.35,recheck,0.9125,0.026875,0.2,0.096875,1.5733400000499387,80
h0.05_r0.9_s10039,10039,0.05,0.9,0.35,no_task,0.7625,0.08750000000000005,0.2,0.15750000000000003,1.580360000048131,80
h0.05_r0.9_s10040,10040,0.05,0.9,0.35,never,0.75,0.076875,0.05,0.09437500000000001,1.0908259999951042,80
h0.05_r0.9_s10040,10040,0.05,0.9,0.35,fresh,1.0,0.0,1.425,0.49874999999999997,1.3287120000313735,80
h0.05_r0.9_s10040,10040,0.05,0.9,0.35,ttl,0.9,0.024375,0.1375,0.0725,1.2535600000092018,80
h0.05_r0.9_s10040,10040,0.05,0.9,0.35,entropy,0.8625,0.04125000000000001,0.2,0.11125,1.2416619999839895,80
h0.05_r0.9_s10040,10040,0.05,0.9,0.35,random,0.8875,0.0325,0.2125,0.10687499999999998,1.34729100000186,80
h0.05_r0.9_s10040,10040,0.05,0.9,0.35,myopic,0.75,0.076875,0.0625,0.09875,1.1794989999316385,80
h0.05_r0.9_s10040,10040,0.05,0.9,0.35,recheck,0.825,0.05062500000000001,0.2,0.12062500000000001,1.57546299999467,80
h0.05_r0.9_s10040,10040,0.05,0.9,0.35,no_task,0.8125,0.05500000000000001,0.2,0.125,1.580369999942377,80
h0.05_r0.9_s10041,10041,0.05,0.9,0.35,never,0.75,0.09125000000000003,0.05,0.10875000000000001,1.0932000000138942,80
h0.05_r0.9_s10041,10041,0.05,0.9,0.35,fresh,1.0,0.0,0.975,0.34124999999999994,1.211557000033281,80
h0.05_r0.9_s10041,10041,0.05,0.9,0.35,ttl,0.7875,0.08062500000000003,0.1375,0.12875,1.2282620000405586,80
h0.05_r0.9_s10041,10041,0.05,0.9,0.35,entropy,0.9125,0.03437500000000001,0.225,0.113125,1.5925579999702677,80
h0.05_r0.9_s10041,10041,0.05,0.9,0.35,random,0.5875,0.19812499999999994,0.1375,0.24624999999999994,1.3115069999685147,80
h0.05_r0.9_s10041,10041,0.05,0.9,0.35,myopic,0.75,0.09125000000000003,0.05,0.10875000000000001,1.213038999935634,80
h0.05_r0.9_s10041,10041,0.05,0.9,0.35,recheck,0.8625,0.031875,0.2,0.10187500000000001,1.578698000002987,80
h0.05_r0.9_s10041,10041,0.05,0.9,0.35,no_task,0.725,0.10125000000000002,0.2,0.17125,1.6070099999296872,80
h0.05_r0.9_s10042,10042,0.05,0.9,0.35,never,0.225,0.6112500000000004,0.05,0.6287500000000004,1.1580559998947138,80
h0.05_r0.9_s10042,10042,0.05,0.9,0.35,fresh,1.0,0.0,1.125,0.39374999999999993,1.2485729999980322,80
h0.05_r0.9_s10042,10042,0.05,0.9,0.35,ttl,0.8375,0.05312500000000001,0.15,0.105625,1.2401799999679497,80
h0.05_r0.9_s10042,10042,0.05,0.9,0.35,entropy,0.975,0.00625,0.1875,0.071875,1.276954999980262,80
h0.05_r0.9_s10042,10042,0.05,0.9,0.35,random,0.4375,0.3981249999999999,0.1,0.43312499999999987,1.2769249999564636,80
h0.05_r0.9_s10042,10042,0.05,0.9,0.35,myopic,0.7,0.12624999999999992,0.075,0.1524999999999999,1.2172350000128063,80
h0.05_r0.9_s10042,10042,0.05,0.9,0.35,recheck,0.9,0.021249999999999998,0.2,0.09124999999999998,1.554361999978937,80
h0.05_r0.9_s10042,10042,0.05,0.9,0.35,no_task,0.775,0.06062500000000002,0.2,0.13062500000000002,1.6200799999523952,80
h0.05_r0.9_s10043,10043,0.05,0.9,0.35,never,0.3125,0.29812499999999986,0.05,0.3156249999999999,1.0842069999625892,80
h0.05_r0.9_s10043,10043,0.05,0.9,0.35,fresh,1.0,0.0,1.6625,0.5818749999999999,1.2010419999342048,80
h0.05_r0.9_s10043,10043,0.05,0.9,0.35,ttl,0.725,0.13625,0.1875,0.20187499999999997,1.2430740000581864,80
h0.05_r0.9_s10043,10043,0.05,0.9,0.35,entropy,0.875,0.07750000000000001,0.325,0.19125,1.2479919998895639,80
h0.05_r0.9_s10043,10043,0.05,0.9,0.35,random,0.5625,0.21125,0.3,0.31625,1.314310999987356,80
h0.05_r0.9_s10043,10043,0.05,0.9,0.35,myopic,0.3125,0.29812499999999986,0.05,0.3156249999999999,1.150574999996934,80
h0.05_r0.9_s10043,10043,0.05,0.9,0.35,recheck,0.9,0.0625,0.25,0.15,1.5834450000511424,80
h0.05_r0.9_s10043,10043,0.05,0.9,0.35,no_task,0.65,0.15624999999999997,0.2,0.22624999999999998,1.5384569999241648,80
h0.05_r0.9_s10044,10044,0.05,0.9,0.35,never,0.45,0.505,0.05,0.5225,1.114070999960859,80
h0.05_r0.9_s10044,10044,0.05,0.9,0.35,fresh,1.0,0.0,0.825,0.28874999999999995,1.1985979999735719,80
h0.05_r0.9_s10044,10044,0.05,0.9,0.35,ttl,0.95,0.045625,0.1,0.08062499999999999,1.208251999969434,80
h0.05_r0.9_s10044,10044,0.05,0.9,0.35,entropy,0.95,0.045625,0.125,0.08937500000000001,1.2218830000847447,80
h0.05_r0.9_s10044,10044,0.05,0.9,0.35,random,0.7875,0.18375000000000002,0.1125,0.22312500000000002,1.3102259999868693,80
h0.05_r0.9_s10044,10044,0.05,0.9,0.35,myopic,0.8875,0.06749999999999999,0.075,0.09374999999999999,1.1711360000390414,80
h0.05_r0.9_s10044,10044,0.05,0.9,0.35,recheck,1.0,0.0,0.2,0.06999999999999999,1.5534500000740081,80
h0.05_r0.9_s10044,10044,0.05,0.9,0.35,no_task,0.825,0.108125,0.2,0.178125,1.5839160000723496,80
h0.05_r0.9_s10045,10045,0.05,0.9,0.35,never,0.35,0.31562499999999993,0.05,0.33312499999999995,1.1878620000516094,80
h0.05_r0.9_s10045,10045,0.05,0.9,0.35,fresh,1.0,0.0,1.425,0.49874999999999997,1.2121180000121967,80
h0.05_r0.9_s10045,10045,0.05,0.9,0.35,ttl,0.4375,0.18562500000000004,0.125,0.22937500000000002,1.2473809999846708,80
h0.05_r0.9_s10045,10045,0.05,0.9,0.35,entropy,0.6625,0.10562500000000004,0.25,0.19312500000000005,1.2395189999097056,80
h0.05_r0.9_s10045,10045,0.05,0.9,0.35,random,0.475,0.17312500000000003,0.15,0.22562500000000005,1.3105450000239216,80
h0.05_r0.9_s10045,10045,0.05,0.9,0.35,myopic,0.35,0.31562499999999993,0.0625,0.33749999999999997,1.1680220000016561,80
h0.05_r0.9_s10045,10045,0.05,0.9,0.35,recheck,0.725,0.088125,0.2,0.158125,1.568942999938372,80
h0.05_r0.9_s10045,10045,0.05,0.9,0.35,no_task,0.35,0.19562500000000005,0.2,0.26562500000000006,1.5717570000788328,80
h0.05_r0.9_s10046,10046,0.05,0.9,0.35,never,0.475,0.11250000000000004,0.05,0.13000000000000006,1.102854999999181,80
h0.05_r0.9_s10046,10046,0.05,0.9,0.35,fresh,1.0,0.0,1.025,0.35875,1.2151629999834768,80
h0.05_r0.9_s10046,10046,0.05,0.9,0.35,ttl,0.525,0.09500000000000006,0.1,0.13000000000000006,1.2775159999591779,80
h0.05_r0.9_s10046,10046,0.05,0.9,0.35,entropy,0.7125,0.057500000000000016,0.1375,0.10562500000000001,1.2179169999626538,80
h0.05_r0.9_s10046,10046,0.05,0.9,0.35,random,0.625,0.08062500000000002,0.1375,0.12875,1.2990179999405882,80
h0.05_r0.9_s10046,10046,0.05,0.9,0.35,myopic,0.475,0.11250000000000004,0.05,0.13000000000000006,1.1599400000932292,80
h0.05_r0.9_s10046,10046,0.05,0.9,0.35,recheck,0.775,0.04500000000000001,0.1125,0.084375,1.5329090000477663,80
h0.05_r0.9_s10046,10046,0.05,0.9,0.35,no_task,0.475,0.11250000000000004,0.2,0.18250000000000005,1.6733689999455237,80
h0.05_r0.9_s10047,10047,0.05,0.9,0.35,never,0.7125,0.276875,0.05,0.29437499999999994,1.0743010000169306,80
h0.05_r0.9_s10047,10047,0.05,0.9,0.35,fresh,1.0,0.0,1.0125,0.354375,1.2026329999343943,80
h0.05_r0.9_s10047,10047,0.05,0.9,0.35,ttl,0.9,0.07000000000000002,0.125,0.11375000000000002,1.2575060000017402,80
h0.05_r0.9_s10047,10047,0.05,0.9,0.35,entropy,0.925,0.06625,0.175,0.1275,1.2714270000060424,80
h0.05_r0.9_s10047,10047,0.05,0.9,0.35,random,0.7875,0.179375,0.1125,0.21875,1.3117479999209536,80
h0.05_r0.9_s10047,10047,0.05,0.9,0.35,myopic,0.8875,0.07937500000000001,0.075,0.10562500000000001,1.1763750000000073,80
h0.05_r0.9_s10047,10047,0.05,0.9,0.35,recheck,0.9,0.07000000000000002,0.2125,0.144375,1.5439759999935632,80
h0.05_r0.9_s10047,10047,0.05,0.9,0.35,no_task,0.775,0.1275,0.2,0.19749999999999998,1.5720080000392045,80
h0.05_r0.9_s10048,10048,0.05,0.9,0.35,never,0.625,0.1162499999999999,0.05,0.1337499999999999,1.1056179999968663,80
h0.05_r0.9_s10048,10048,0.05,0.9,0.35,fresh,1.0,0.0,0.8,0.27999999999999997,1.2360340000441283,80
h0.05_r0.9_s10048,10048,0.05,0.9,0.35,ttl,0.8625,0.027499999999999997,0.1,0.0625,1.2673910000557953,80
h0.05_r0.9_s10048,10048,0.05,0.9,0.35,entropy,0.9625,0.0075000000000000015,0.1625,0.064375,1.2276420000034705,80
h0.05_r0.9_s10048,10048,0.05,0.9,0.35,random,0.7875,0.059375000000000025,0.125,0.10312500000000002,1.3075010000420662,80
h0.05_r0.9_s10048,10048,0.05,0.9,0.35,myopic,0.625,0.1162499999999999,0.05,0.1337499999999999,1.1646460000065417,80
h0.05_r0.9_s10048,10048,0.05,0.9,0.35,recheck,0.8875,0.0225,0.1625,0.079375,1.5569349999395854,80
h0.05_r0.9_s10048,10048,0.05,0.9,0.35,no_task,0.825,0.04625000000000002,0.2,0.11625,1.5531299999338444,80
h0.05_r0.9_s10049,10049,0.05,0.9,0.35,never,0.5875,0.11124999999999999,0.05,0.12874999999999998,1.0759539999298795,80
h0.05_r0.9_s10049,10049,0.05,0.9,0.35,fresh,1.0,0.0,1.0125,0.354375,1.2075309999772799,80
h0.05_r0.9_s10049,10049,0.05,0.9,0.35,ttl,0.775,0.05687500000000001,0.125,0.100625,1.2174659999573123,80
h0.05_r0.9_s10049,10049,0.05,0.9,0.35,entropy,0.9375,0.011875,0.1875,0.0775,1.2545920000093247,80
h0.05_r0.9_s10049,10049,0.05,0.9,0.35,random,0.7,0.08812500000000001,0.175,0.14937499999999998,1.2944320000087828,80
h0.05_r0.9_s10049,10049,0.05,0.9,0.35,myopic,0.5875,0.11124999999999999,0.05,0.12874999999999998,1.1543109999365697,80
h0.05_r0.9_s10049,10049,0.05,0.9,0.35,recheck,0.8875,0.019374999999999996,0.175,0.08062499999999999,1.5873300000066592,80
h0.05_r0.9_s10049,10049,0.05,0.9,0.35,no_task,0.65,0.09687500000000002,0.2,0.16687500000000002,1.5469499999198888,80
h0.05_r0.9_s10050,10050,0.05,0.9,0.35,never,0.35,0.12999999999999995,0.05,0.14749999999999994,1.0878619999630246,80
h0.05_r0.9_s10050,10050,0.05,0.9,0.35,fresh,1.0,0.0,0.9125,0.31937499999999996,1.20233300003747,80
h0.05_r0.9_s10050,10050,0.05,0.9,0.35,ttl,0.725,0.055000000000000014,0.0875,0.08562500000000002,1.2655079999603913,80
h0.05_r0.9_s10050,10050,0.05,0.9,0.35,entropy,0.8625,0.027499999999999997,0.1125,0.06687499999999999,1.2235650000320675,80
h0.05_r0.9_s10050,10050,0.05,0.9,0.35,random,0.925,0.015,0.075,0.041249999999999995,1.324996999983341,80
h0.05_r0.9_s10050,10050,0.05,0.9,0.35,myopic,0.35,0.12999999999999995,0.05,0.14749999999999994,1.1566050000055839,80
h0.05_r0.9_s10050,10050,0.05,0.9,0.35,recheck,0.8,0.04000000000000001,0.125,0.08375000000000002,1.5436649999855945,80
h0.05_r0.9_s10050,10050,0.05,0.9,0.35,no_task,0.35,0.12999999999999995,0.2,0.19999999999999993,1.5493340000602984,80
h0.05_r0.9_s10051,10051,0.05,0.9,0.35,never,0.4625,0.2049999999999999,0.05,0.22249999999999986,1.0787380000465419,80
h0.05_r0.9_s10051,10051,0.05,0.9,0.35,fresh,1.0,0.0,1.05,0.3675,1.2026539999396846,80
h0.05_r0.9_s10051,10051,0.05,0.9,0.35,ttl,0.8625,0.06499999999999999,0.1,0.09999999999999999,1.2152629999491182,80
h0.05_r0.9_s10051,10051,0.05,0.9,0.35,entropy,0.8625,0.06499999999999999,0.175,0.12624999999999997,1.2525979999509218,80
h0.05_r0.9_s10051,10051,0.05,0.9,0.35,random,0.775,0.10124999999999998,0.175,0.16249999999999995,1.3076110000156405,80
h0.05_r0.9_s10051,10051,0.05,0.9,0.35,myopic,0.4625,0.2049999999999999,0.05,0.22249999999999986,1.1754029999337945,80
h0.05_r0.9_s10051,10051,0.05,0.9,0.35,recheck,0.875,0.05687499999999999,0.175,0.118125,1.5381069999875763,80
h0.05_r0.9_s10051,10051,0.05,0.9,0.35,no_task,0.575,0.21812500000000012,0.2,0.28812500000000013,1.5894840000783006,80
h0.05_r0.9_s10052,10052,0.05,0.9,0.35,never,0.725,0.176875,0.05,0.19437500000000002,1.0904549999395385,80
h0.05_r0.9_s10052,10052,0.05,0.9,0.35,fresh,1.0,0.0,0.675,0.23625,1.1908559999938007,80
h0.05_r0.9_s10052,10052,0.05,0.9,0.35,ttl,0.6625,0.240625,0.1,0.275625,1.255012000001443,80
h0.05_r0.9_s10052,10052,0.05,0.9,0.35,entropy,0.8,0.150625,0.1125,0.19,1.2277910000193515,80
h0.05_r0.9_s10052,10052,0.05,0.9,0.35,random,0.8,0.143125,0.1125,0.18250000000000002,1.3351430000057007,80
h0.05_r0.9_s10052,10052,0.05,0.9,0.35,myopic,0.6125,0.28937500000000005,0.0625,0.3112500000000001,1.3636150000593261,80
h0.05_r0.9_s10052,10052,0.05,0.9,0.35,recheck,0.9,0.050624999999999996,0.1375,0.09874999999999999,1.6155029999254111,80
h0.05_r0.9_s10052,10052,0.05,0.9,0.35,no_task,0.7125,0.17312500000000003,0.2,0.24312500000000004,1.6028640000058658,80
h0.05_r0.9_s10053,10053,0.05,0.9,0.35,never,0.75,0.16062499999999996,0.05,0.17812499999999998,1.1290129999679266,80
h0.05_r0.9_s10053,10053,0.05,0.9,0.35,fresh,1.0,0.0,0.8375,0.29312499999999997,1.1944809999704376,80
h0.05_r0.9_s10053,10053,0.05,0.9,0.35,ttl,0.8375,0.07312499999999998,0.1,0.10812499999999999,1.2486929999795393,80
h0.05_r0.9_s10053,10053,0.05,0.9,0.35,entropy,0.85,0.06874999999999998,0.15,0.12124999999999997,1.2568050000254516,80
h0.05_r0.9_s10053,10053,0.05,0.9,0.35,random,0.75,0.16062499999999996,0.1125,0.19999999999999998,1.2784570000121676,80
h0.05_r0.9_s10053,10053,0.05,0.9,0.35,myopic,0.8375,0.07312499999999998,0.0625,0.09499999999999999,1.184235999971861,80
h0.05_r0.9_s10053,10053,0.05,0.9,0.35,recheck,0.85,0.06874999999999998,0.1875,0.13437499999999997,1.551317000007657,80
h0.05_r0.9_s10053,10053,0.05,0.9,0.35,no_task,0.8875,0.055624999999999994,0.2,0.125625,1.5861489999906553,80
h0.05_r0.9_s10054,10054,0.05,0.9,0.35,never,0.6,0.21125,0.05,0.22874999999999995,1.0907859999633729,80
h0.05_r0.9_s10054,10054,0.05,0.9,0.35,fresh,1.0,0.0,1.2625,0.4418749999999999,1.2243470000612433,80
h0.05_r0.9_s10054,10054,0.05,0.9,0.35,ttl,0.6625,0.10625000000000002,0.1375,0.154375,1.2588480000204072,80
h0.05_r0.9_s10054,10054,0.05,0.9,0.35,entropy,0.825,0.0475,0.175,0.10874999999999999,1.228903000082937,80
h0.05_r0.9_s10054,10054,0.05,0.9,0.35,random,0.775,0.12625,0.2125,0.20062499999999997,1.3330289999657907,80
h0.05_r0.9_s10054,10054,0.05,0.9,0.35,myopic,0.75,0.061250000000000006,0.075,0.0875,1.1783370000557625,80
h0.05_r0.9_s10054,10054,0.05,0.9,0.35,recheck,0.725,0.110625,0.2,0.18062499999999998,1.5837450000617537,80
h0.05_r0.9_s10054,10054,0.05,0.9,0.35,no_task,0.7625,0.0675,0.2,0.1375,1.5730899999653047,80
h0.05_r0.9_s10055,10055,0.05,0.9,0.35,never,0.7125,0.14750000000000002,0.05,0.16500000000000004,1.0764639999933934,80
h0.05_r0.9_s10055,10055,0.05,0.9,0.35,fresh,1.0,0.0,0.675,0.23625,1.1860289999958695,80
h0.05_r0.9_s10055,10055,0.05,0.9,0.35,ttl,0.9125,0.017499999999999998,0.075,0.04375,1.213029000041388,80
h0.05_r0.9_s10055,10055,0.05,0.9,0.35,entropy,0.9875,0.0025,0.1125,0.041875,1.2608410000893855,80
h0.05_r0.9_s10055,10055,0.05,0.9,0.35,random,0.7125,0.14750000000000002,0.0625,0.16937500000000003,1.2717580000298767,80
h0.05_r0.9_s10055,10055,0.05,0.9,0.35,myopic,0.7125,0.14750000000000002,0.0625,0.16937500000000003,1.1775860000398097,80
h0.05_r0.9_s10055,10055,0.05,0.9,0.35,recheck,0.925,0.015,0.1375,0.063125,1.553339999986747,80
h0.05_r0.9_s10055,10055,0.05,0.9,0.35,no_task,0.9125,0.017499999999999998,0.2,0.0875,1.5745509999760543,80
h0.05_r0.9_s10056,10056,0.05,0.9,0.35,never,0.75,0.11625,0.05,0.13375,1.076885999964361,80
h0.05_r0.9_s10056,10056,0.05,0.9,0.35,fresh,1.0,0.0,1.025,0.35875,1.2010909999844444,80
h0.05_r0.9_s10056,10056,0.05,0.9,0.35,ttl,0.8375,0.04375000000000002,0.1625,0.100625,1.2400499999785097,80
h0.05_r0.9_s10056,10056,0.05,0.9,0.35,entropy,0.9375,0.0125,0.2125,0.086875,1.2313260000382797,80
h0.05_r0.9_s10056,10056,0.05,0.9,0.35,random,0.85,0.041250000000000016,0.1,0.07625000000000001,1.321761999975024,80
h0.05_r0.9_s10056,10056,0.05,0.9,0.35,myopic,0.75,0.11625,0.05,0.13375,1.1571460000823208,80
h0.05_r0.9_s10056,10056,0.05,0.9,0.35,recheck,0.8875,0.0225,0.1875,0.088125,1.5619030000380008,80
h0.05_r0.9_s10056,10056,0.05,0.9,0.35,no_task,0.7125,0.10000000000000002,0.2,0.17,1.6807409999728407,80
h0.05_r0.9_s10057,10057,0.05,0.9,0.35,never,0.55,0.23937499999999998,0.05,0.25687499999999996,1.1041359999808265,80
h0.05_r0.9_s10057,10057,0.05,0.9,0.35,fresh,1.0,0.0,1.3375,0.46812499999999996,1.2002900000425143,80
h0.05_r0.9_s10057,10057,0.05,0.9,0.35,ttl,0.85,0.085,0.1375,0.133125,1.2258379999821045,80
h0.05_r0.9_s10057,10057,0.05,0.9,0.35,entropy,0.8375,0.09125000000000003,0.2375,0.174375,1.268734000063887,80
h0.05_r0.9_s10057,10057,0.05,0.9,0.35,random,0.6,0.21749999999999997,0.125,0.26125,1.2994989999697282,80
h0.05_r0.9_s10057,10057,0.05,0.9,0.35,myopic,0.55,0.23937499999999998,0.05,0.25687499999999996,1.1809220000031928,80
h0.05_r0.9_s10057,10057,0.05,0.9,0.35,recheck,0.9125,0.05375,0.2375,0.136875,1.5543310000794008,80
h0.05_r0.9_s10057,10057,0.05,0.9,0.35,no_task,0.8875,0.06625,0.2,0.13624999999999998,1.613740000038888,80
h0.05_r0.9_s10058,10058,0.05,0.9,0.35,never,0.5,0.215625,0.05,0.23312499999999997,1.0973659999535812,80
h0.05_r0.9_s10058,10058,0.05,0.9,0.35,fresh,1.0,0.0,1.8,0.63,1.2180769999758922,80
h0.05_r0.9_s10058,10058,0.05,0.9,0.35,ttl,0.6625,0.12000000000000002,0.15,0.17250000000000001,1.2482019999424665,80
h0.05_r0.9_s10058,10058,0.05,0.9,0.35,entropy,0.7,0.22875,0.275,0.325,1.2530390000620173,80
h0.05_r0.9_s10058,10058,0.05,0.9,0.35,random,0.6125,0.12687500000000002,0.2,0.196875,1.3233649999619956,80
h0.05_r0.9_s10058,10058,0.05,0.9,0.35,myopic,0.5,0.215625,0.075,0.241875,1.175553000052787,80
h0.05_r0.9_s10058,10058,0.05,0.9,0.35,recheck,0.7625,0.09125000000000001,0.2625,0.183125,1.6145609999966837,80
h0.05_r0.9_s10058,10058,0.05,0.9,0.35,no_task,0.625,0.12562500000000001,0.2,0.195625,1.8669199999976627,80
h0.05_r0.9_s10059,10059,0.05,0.9,0.35,never,0.425,0.3137500000000001,0.05,0.33125000000000004,1.1209010000357011,80
h0.05_r0.9_s10059,10059,0.05,0.9,0.35,fresh,1.0,0.0,1.425,0.49874999999999997,1.2217419999842605,80
h0.05_r0.9_s10059,10059,0.05,0.9,0.35,ttl,0.5375,0.18562499999999987,0.1125,0.22499999999999987,1.229333999958726,80
h0.05_r0.9_s10059,10059,0.05,0.9,0.35,entropy,0.775,0.08187499999999999,0.2,0.15187499999999998,1.2305249999826628,80
h0.05_r0.9_s10059,10059,0.05,0.9,0.35,random,0.775,0.09312500000000003,0.1625,0.15000000000000002,1.2879219999604175,80
h0.05_r0.9_s10059,10059,0.05,0.9,0.35,myopic,0.5625,0.17624999999999988,0.0625,0.19812499999999988,1.1633549999032766,80
h0.05_r0.9_s10059,10059,0.05,0.9,0.35,recheck,0.7125,0.083125,0.2,0.153125,1.578888000040024,80
h0.05_r0.9_s10059,10059,0.05,0.9,0.35,no_task,0.4875,0.2049999999999999,0.2,0.2749999999999999,1.5665100000887833,80
h0.05_r0.9_s10060,10060,0.05,0.9,0.35,never,0.6375,0.11250000000000004,0.05,0.13000000000000006,1.1027140000123836,80
h0.05_r0.9_s10060,10060,0.05,0.9,0.35,fresh,1.0,0.0,1.175,0.41125,1.2292730000353913,80
h0.05_r0.9_s10060,10060,0.05,0.9,0.35,ttl,0.7375,0.16937500000000005,0.1375,0.21750000000000008,1.2136310000414596,80
h0.05_r0.9_s10060,10060,0.05,0.9,0.35,entropy,0.9375,0.049374999999999995,0.1875,0.11499999999999999,1.2397300000657197,80
h0.05_r0.9_s10060,10060,0.05,0.9,0.35,random,0.7375,0.15125000000000005,0.2125,0.22562500000000005,1.3152129999980389,80
h0.05_r0.9_s10060,10060,0.05,0.9,0.35,myopic,0.6375,0.11250000000000004,0.075,0.13875000000000004,1.1817120000614523,80
h0.05_r0.9_s10060,10060,0.05,0.9,0.35,recheck,0.8875,0.056874999999999995,0.225,0.135625,1.5476209999860657,80
h0.05_r0.9_s10060,10060,0.05,0.9,0.35,no_task,0.5875,0.17312500000000003,0.2,0.24312500000000004,1.560380000000805,80
h0.05_r0.9_s10061,10061,0.05,0.9,0.35,never,0.25,0.64125,0.05,0.65875,1.0749119999218237,80
h0.05_r0.9_s10061,10061,0.05,0.9,0.35,fresh,1.0,0.0,1.125,0.39374999999999993,1.2215529999366481,80
h0.05_r0.9_s10061,10061,0.05,0.9,0.35,ttl,0.7,0.23749999999999996,0.125,0.28124999999999994,1.241080999989208,80
h0.05_r0.9_s10061,10061,0.05,0.9,0.35,entropy,0.8,0.17375000000000002,0.175,0.23500000000000001,1.2306049999324387,80
h0.05_r0.9_s10061,10061,0.05,0.9,0.35,random,0.8,0.08437499999999999,0.2125,0.15875,1.3351720000400746,80
h0.05_r0.9_s10061,10061,0.05,0.9,0.35,myopic,0.5375,0.33124999999999993,0.075,0.35749999999999993,1.1538999999629596,80
h0.05_r0.9_s10061,10061,0.05,0.9,0.35,recheck,0.8125,0.12437500000000004,0.225,0.20312500000000006,1.548021999951743,80
h0.05_r0.9_s10061,10061,0.05,0.9,0.35,no_task,0.5625,0.25312500000000016,0.2,0.3231250000000001,1.5481320000390042,80
h0.05_r0.9_s10062,10062,0.05,0.9,0.35,never,0.6125,0.17124999999999996,0.05,0.18874999999999997,1.0739809999904537,80
h0.05_r0.9_s10062,10062,0.05,0.9,0.35,fresh,1.0,0.0,0.8375,0.29312499999999997,1.228431999948043,80
h0.05_r0.9_s10062,10062,0.05,0.9,0.35,ttl,0.7375,0.13500000000000004,0.1625,0.19187500000000002,1.2391380000735808,80
h0.05_r0.9_s10062,10062,0.05,0.9,0.35,entropy,0.8375,0.08062500000000002,0.2,0.150625,1.2522979999403105,80
h0.05_r0.9_s10062,10062,0.05,0.9,0.35,random,0.6375,0.1625,0.1375,0.210625,1.2892039999314875,80
h0.05_r0.9_s10062,10062,0.05,0.9,0.35,myopic,0.6125,0.17124999999999996,0.0625,0.19312499999999996,1.159849000032409,80
h0.05_r0.9_s10062,10062,0.05,0.9,0.35,recheck,0.875,0.047499999999999994,0.225,0.12625,1.5959239999574493,80
h0.05_r0.9_s10062,10062,0.05,0.9,0.35,no_task,0.675,0.13062500000000005,0.2,0.20062500000000005,1.552498000023661,80
h0.05_r0.9_s10063,10063,0.05,0.9,0.35,never,0.7875,0.07250000000000001,0.05,0.09000000000000001,1.0809710000785344,80
h0.05_r0.9_s10063,10063,0.05,0.9,0.35,fresh,1.0,0.0,1.525,0.53375,1.210816000025261,80
h0.05_r0.9_s10063,10063,0.05,0.9,0.35,ttl,0.9375,0.017499999999999998,0.15,0.06999999999999999,1.2515480000274692,80
h0.05_r0.9_s10063,10063,0.05,0.9,0.35,entropy,0.95,0.0125,0.2,0.08249999999999999,1.234480999983134,80
h0.05_r0.9_s10063,10063,0.05,0.9,0.35,random,0.8375,0.044375,0.1875,0.11000000000000001,1.3213619999987714,80
h0.05_r0.9_s10063,10063,0.05,0.9,0.35,myopic,0.7875,0.07250000000000001,0.0625,0.09437500000000001,1.1615920000167534,80
h0.05_r0.9_s10063,10063,0.05,0.9,0.35,recheck,0.95,0.0125,0.25,0.1,1.5863200000012512,80
h0.05_r0.9_s10063,10063,0.05,0.9,0.35,no_task,0.7875,0.04749999999999999,0.2,0.11749999999999998,1.581943000019237,80
h0.15_r0.2_s10000,10000,0.15,0.2,0.04,never,0.35,0.375625,0.05,0.377625,1.2042370000244773,80
h0.15_r0.2_s10000,10000,0.15,0.2,0.04,fresh,1.0,0.0,1.225,0.049,1.2524479999456162,80
h0.15_r0.2_s10000,10000,0.15,0.2,0.04,ttl,1.0,0.0,1.225,0.049,1.3012819999858038,80
h0.15_r0.2_s10000,10000,0.15,0.2,0.04,entropy,0.9375,0.036250000000000004,0.95,0.07425000000000001,1.3130899999396206,80
h0.15_r0.2_s10000,10000,0.15,0.2,0.04,random,1.0,0.0,1.225,0.049,1.5607110000246394,80
h0.15_r0.2_s10000,10000,0.15,0.2,0.04,myopic,0.975,0.0043749999999999995,1.1,0.048375,1.2414720000606394,80
h0.15_r0.2_s10000,10000,0.15,0.2,0.04,recheck,0.975,0.0043749999999999995,1.125,0.049375,1.7449680000254375,80
h0.15_r0.2_s10000,10000,0.15,0.2,0.04,no_task,0.8125,0.08125,1.4875,0.14075,1.659068999970259,80
h0.15_r0.2_s10001,10001,0.15,0.2,0.04,never,0.625,0.23437500000000006,0.05,0.23637500000000006,1.0911570000189386,80
h0.15_r0.2_s10001,10001,0.15,0.2,0.04,fresh,1.0,0.0,0.9875,0.0395,1.225557999987359,80
h0.15_r0.2_s10001,10001,0.15,0.2,0.04,ttl,1.0,0.0,0.9875,0.0395,1.282693999996809,80
h0.15_r0.2_s10001,10001,0.15,0.2,0.04,entropy,0.95,0.035,0.7625,0.0655,1.3239359999488443,80
h0.15_r0.2_s10001,10001,0.15,0.2,0.04,random,1.0,0.0,0.9875,0.0395,1.3615220000247064,80
h0.15_r0.2_s10001,10001,0.15,0.2,0.04,myopic,0.9875,0.0025,0.875,0.037500000000000006,1.2665600000900668,80
h0.15_r0.2_s10001,10001,0.15,0.2,0.04,recheck,0.9875,0.0025,0.8875,0.038,1.5952719999177134,80
h0.15_r0.2_s10001,10001,0.15,0.2,0.04,no_task,0.8125,0.07187500000000001,1.4875,0.13137500000000002,1.644166000005498,80
h0.15_r0.2_s10002,10002,0.15,0.2,0.04,never,0.525,0.2512499999999999,0.05,0.2532499999999999,1.1012019999725453,80
h0.15_r0.2_s10002,10002,0.15,0.2,0.04,fresh,1.0,0.0,1.175,0.047,1.222544000029302,80
h0.15_r0.2_s10002,10002,0.15,0.2,0.04,ttl,1.0,0.0,1.175,0.047,1.324016000012307,80
h0.15_r0.2_s10002,10002,0.15,0.2,0.04,entropy,1.0,0.0,1.0,0.04,1.2933799999927942,80
h0.15_r0.2_s10002,10002,0.15,0.2,0.04,random,1.0,0.0,1.175,0.047,1.3860090000434866,80
h0.15_r0.2_s10002,10002,0.15,0.2,0.04,myopic,1.0,0.0,1.1125,0.0445,1.241562000018348,80
h0.15_r0.2_s10002,10002,0.15,0.2,0.04,recheck,1.0,0.0,1.125,0.045,1.6881920000741957,80
h0.15_r0.2_s10002,10002,0.15,0.2,0.04,no_task,0.9125,0.029375000000000002,1.4875,0.088875,1.6407610000896966,80
h0.15_r0.2_s10003,10003,0.15,0.2,0.04,never,0.5625,0.24062499999999995,0.05,0.24262499999999995,1.0887930000080814,80
h0.15_r0.2_s10003,10003,0.15,0.2,0.04,fresh,1.0,0.0,1.1125,0.0445,1.216976000023351,80
h0.15_r0.2_s10003,10003,0.15,0.2,0.04,ttl,1.0,0.0,1.1125,0.0445,1.3099149999789006,80
h0.15_r0.2_s10003,10003,0.15,0.2,0.04,entropy,0.975,0.006875000000000001,0.825,0.03987500000000001,1.3951629999837678,80
h0.15_r0.2_s10003,10003,0.15,0.2,0.04,random,1.0,0.0,1.1125,0.0445,1.3697649999357964,80
h0.15_r0.2_s10003,10003,0.15,0.2,0.04,myopic,0.9875,0.0025,0.9875,0.042,1.2529489999906218,80
h0.15_r0.2_s10003,10003,0.15,0.2,0.04,recheck,0.9875,0.0025,1.0,0.0425,1.589173000070332,80
h0.15_r0.2_s10003,10003,0.15,0.2,0.04,no_task,0.875,0.043750000000000004,1.4875,0.10325,1.6939609998871674,80
h0.15_r0.2_s10004,10004,0.15,0.2,0.04,never,0.5375,0.2956249999999999,0.05,0.2976249999999999,1.0971550000249408,80
h0.15_r0.2_s10004,10004,0.15,0.2,0.04,fresh,1.0,0.0,1.0875,0.0435,1.239258000055088,80
h0.15_r0.2_s10004,10004,0.15,0.2,0.04,ttl,1.0,0.0,1.0875,0.0435,1.2846360000366985,80
h0.15_r0.2_s10004,10004,0.15,0.2,0.04,entropy,0.9875,0.0125,0.9125,0.049,1.3227739999592814,80
h0.15_r0.2_s10004,10004,0.15,0.2,0.04,random,1.0,0.0,1.0875,0.0435,1.3686319999806074,80
h0.15_r0.2_s10004,10004,0.15,0.2,0.04,myopic,0.9625,0.005625,1.0125,0.046125000000000006,1.2712970000166024,80
h0.15_r0.2_s10004,10004,0.15,0.2,0.04,recheck,0.9875,0.001875,1.025,0.042875,1.6132899999092842,80
h0.15_r0.2_s10004,10004,0.15,0.2,0.04,no_task,0.875,0.0625,1.4875,0.122,1.6401099999256985,80
h0.15_r0.2_s10005,10005,0.15,0.2,0.04,never,0.575,0.19312499999999996,0.05,0.19512499999999997,1.0880620000079944,80
h0.15_r0.2_s10005,10005,0.15,0.2,0.04,fresh,1.0,0.0,1.1875,0.0475,1.2122780000254352,80
h0.15_r0.2_s10005,10005,0.15,0.2,0.04,ttl,1.0,0.0,1.1875,0.0475,1.3075310000658646,80
h0.15_r0.2_s10005,10005,0.15,0.2,0.04,entropy,0.9625,0.0325,0.9,0.0685,1.3032350000230508,80
h0.15_r0.2_s10005,10005,0.15,0.2,0.04,random,1.0,0.0,1.1875,0.0475,1.3789580000320711,80
h0.15_r0.2_s10005,10005,0.15,0.2,0.04,myopic,0.9875,0.001875,1.0875,0.045375,1.236314000038874,80
h0.15_r0.2_s10005,10005,0.15,0.2,0.04,recheck,0.9875,0.001875,1.1,0.045875,1.646679999907974,80
h0.15_r0.2_s10005,10005,0.15,0.2,0.04,no_task,0.8125,0.05750000000000001,1.4875,0.11699999999999999,1.6231740000876016,80
h0.15_r0.2_s10006,10006,0.15,0.2,0.04,never,0.5125,0.28500000000000003,0.05,0.28700000000000003,1.093108999953074,80
h0.15_r0.2_s10006,10006,0.15,0.2,0.04,fresh,1.0,0.0,1.375,0.05500000000000001,1.219850000097722,80
h0.15_r0.2_s10006,10006,0.15,0.2,0.04,ttl,1.0,0.0,1.375,0.05500000000000001,1.3046569999914936,80
h0.15_r0.2_s10006,10006,0.15,0.2,0.04,entropy,0.9625,0.014374999999999999,1.0,0.05437499999999999,1.29394099997171,80
h0.15_r0.2_s10006,10006,0.15,0.2,0.04,random,1.0,0.0,1.375,0.05500000000000001,1.373940999997103,80
h0.15_r0.2_s10006,10006,0.15,0.2,0.04,myopic,0.9625,0.00625,1.225,0.05525,1.3146420000111902,80
h0.15_r0.2_s10006,10006,0.15,0.2,0.04,recheck,0.9875,0.0025,1.25,0.052500000000000005,1.6124979999858624,80
h0.15_r0.2_s10006,10006,0.15,0.2,0.04,no_task,0.8125,0.05062500000000001,1.4875,0.110125,1.6516670000328304,80
h0.15_r0.2_s10007,10007,0.15,0.2,0.04,never,0.55,0.2368749999999999,0.05,0.2388749999999999,1.0895650000293244,80
h0.15_r0.2_s10007,10007,0.15,0.2,0.04,fresh,1.0,0.0,1.3125,0.052500000000000005,1.237225999943803,80
h0.15_r0.2_s10007,10007,0.15,0.2,0.04,ttl,1.0,0.0,1.3125,0.052500000000000005,2.3285729999997784,80
h0.15_r0.2_s10007,10007,0.15,0.2,0.04,entropy,0.9875,0.0125,0.975,0.051500000000000004,1.3008409999883952,80
h0.15_r0.2_s10007,10007,0.15,0.2,0.04,random,1.0,0.0,1.3125,0.052500000000000005,1.483645999996952,80
h0.15_r0.2_s10007,10007,0.15,0.2,0.04,myopic,1.0,0.0,1.175,0.047,1.2223940000239963,80
h0.15_r0.2_s10007,10007,0.15,0.2,0.04,recheck,1.0,0.0,1.2,0.048,1.7311960000370163,80
h0.15_r0.2_s10007,10007,0.15,0.2,0.04,no_task,0.925,0.03875,1.4875,0.09824999999999999,1.9067100000711434,80
h0.15_r0.2_s10008,10008,0.15,0.2,0.04,never,0.5625,0.2362499999999999,0.05,0.2382499999999999,1.174461000005067,80
h0.15_r0.2_s10008,10008,0.15,0.2,0.04,fresh,1.0,0.0,1.2625,0.0505,1.2925479999239542,80
h0.15_r0.2_s10008,10008,0.15,0.2,0.04,ttl,1.0,0.0,1.2625,0.0505,1.444977000005565,80
h0.15_r0.2_s10008,10008,0.15,0.2,0.04,entropy,0.975,0.005,0.9875,0.0445,1.2855579999495603,80
h0.15_r0.2_s10008,10008,0.15,0.2,0.04,random,1.0,0.0,1.2625,0.0505,1.4578269999674376,80
h0.15_r0.2_s10008,10008,0.15,0.2,0.04,myopic,0.95,0.00875,1.1,0.05275,1.2233149999474335,80
h0.15_r0.2_s10008,10008,0.15,0.2,0.04,recheck,0.9625,0.006875000000000001,1.1375,0.052375000000000005,1.742924999916795,80
h0.15_r0.2_s10008,10008,0.15,0.2,0.04,no_task,0.8875,0.032499999999999994,1.4875,0.092,1.6416920000210666,80
h0.15_r0.2_s10009,10009,0.15,0.2,0.04,never,0.6375,0.165,0.05,0.167,1.0724679999611908,80
h0.15_r0.2_s10009,10009,0.15,0.2,0.04,fresh,1.0,0.0,1.2375,0.0495,1.2368849999120357,80
h0.15_r0.2_s10009,10009,0.15,0.2,0.04,ttl,1.0,0.0,1.2375,0.0495,1.2722180000537264,80
h0.15_r0.2_s10009,10009,0.15,0.2,0.04,entropy,0.9875,0.0025,0.9375,0.04,1.2885319999895728,80
h0.15_r0.2_s10009,10009,0.15,0.2,0.04,random,1.0,0.0,1.2375,0.0495,1.3571149999052068,80
h0.15_r0.2_s10009,10009,0.15,0.2,0.04,myopic,0.9875,0.0025,1.0,0.0425,1.2425630000052479,80
h0.15_r0.2_s10009,10009,0.15,0.2,0.04,recheck,0.9875,0.0025,1.0375,0.044000000000000004,1.5799589999687669,80
h0.15_r0.2_s10009,10009,0.15,0.2,0.04,no_task,0.8,0.06812499999999999,1.4875,0.127625,1.6239759999052694,80
h0.15_r0.2_s10010,10010,0.15,0.2,0.04,never,0.4125,0.4149999999999999,0.05,0.4169999999999999,1.0822130000178731,80
h0.15_r0.2_s10010,10010,0.15,0.2,0.04,fresh,1.0,0.0,1.225,0.049,1.1990389999709805,80
h0.15_r0.2_s10010,10010,0.15,0.2,0.04,ttl,1.0,0.0,1.225,0.049,1.3094639999735591,80
h0.15_r0.2_s10010,10010,0.15,0.2,0.04,entropy,0.975,0.009375,0.875,0.044375000000000005,1.2902850000955368,80
h0.15_r0.2_s10010,10010,0.15,0.2,0.04,random,1.0,0.0,1.225,0.049,1.360260000069502,80
h0.15_r0.2_s10010,10010,0.15,0.2,0.04,myopic,0.9875,0.001875,1.125,0.046875,1.220350999915354,80
h0.15_r0.2_s10010,10010,0.15,0.2,0.04,recheck,0.9875,0.001875,1.1375,0.047375,1.6303260000540831,80
h0.15_r0.2_s10010,10010,0.15,0.2,0.04,no_task,0.8,0.069375,1.4875,0.12887500000000002,1.6537699999616962,80
h0.15_r0.2_s10011,10011,0.15,0.2,0.04,never,0.575,0.2331249999999999,0.05,0.2351249999999999,1.0773260000860319,80
h0.15_r0.2_s10011,10011,0.15,0.2,0.04,fresh,1.0,0.0,1.175,0.047,1.20079100008752,80
h0.15_r0.2_s10011,10011,0.15,0.2,0.04,ttl,1.0,0.0,1.175,0.047,1.2849770000684657,80
h0.15_r0.2_s10011,10011,0.15,0.2,0.04,entropy,0.975,0.0043749999999999995,0.875,0.03937500000000001,1.2735699999666394,80
h0.15_r0.2_s10011,10011,0.15,0.2,0.04,random,1.0,0.0,1.175,0.047,1.3880919999564867,80
h0.15_r0.2_s10011,10011,0.15,0.2,0.04,myopic,0.9375,0.009999999999999998,0.9875,0.0495,1.235962999999174,80
h0.15_r0.2_s10011,10011,0.15,0.2,0.04,recheck,0.975,0.0043749999999999995,1.0375,0.045875000000000006,1.5819129999954384,80
h0.15_r0.2_s10011,10011,0.15,0.2,0.04,no_task,0.8375,0.04250000000000001,1.4875,0.10200000000000001,1.6468799999529438,80
h0.15_r0.2_s10012,10012,0.15,0.2,0.04,never,0.5125,0.34437500000000004,0.05,0.34637500000000004,1.0796690000915987,80
h0.15_r0.2_s10012,10012,0.15,0.2,0.04,fresh,1.0,0.0,1.25,0.05,1.2320079999881273,80
h0.15_r0.2_s10012,10012,0.15,0.2,0.04,ttl,1.0,0.0,1.25,0.05,1.2773260000358277,80
h0.15_r0.2_s10012,10012,0.15,0.2,0.04,entropy,1.0,0.0,0.9375,0.0375,1.302234000036151,80
h0.15_r0.2_s10012,10012,0.15,0.2,0.04,random,1.0,0.0,1.25,0.05,1.3431549999722847,80
h0.15_r0.2_s10012,10012,0.15,0.2,0.04,myopic,0.9875,0.001875,1.1375,0.047375,1.2370750000627595,80
h0.15_r0.2_s10012,10012,0.15,0.2,0.04,recheck,0.9875,0.001875,1.1625,0.048375,1.614772000039011,80
h0.15_r0.2_s10012,10012,0.15,0.2,0.04,no_task,0.8875,0.03625,1.4875,0.09575,1.6175659999362324,80
h0.15_r0.2_s10013,10013,0.15,0.2,0.04,never,0.65,0.12062500000000002,0.05,0.12262500000000003,1.1063389999890205,80
h0.15_r0.2_s10013,10013,0.15,0.2,0.04,fresh,1.0,0.0,1.2375,0.0495,1.19943900006092,80
h0.15_r0.2_s10013,10013,0.15,0.2,0.04,ttl,1.0,0.0,1.2375,0.0495,1.3168149999955858,80
h0.15_r0.2_s10013,10013,0.15,0.2,0.04,entropy,0.9875,0.0043749999999999995,0.875,0.03937500000000001,1.2748420000434635,80
h0.15_r0.2_s10013,10013,0.15,0.2,0.04,random,1.0,0.0,1.2375,0.0495,1.4033850000032544,80
h0.15_r0.2_s10013,10013,0.15,0.2,0.04,myopic,0.975,0.00375,1.1,0.04775,1.2299950000169702,80
h0.15_r0.2_s10013,10013,0.15,0.2,0.04,recheck,0.9875,0.001875,1.1125,0.046375,1.612398000020221,80
h0.15_r0.2_s10013,10013,0.15,0.2,0.04,no_task,0.8875,0.03125,1.4875,0.09075,1.6043159999981071,80
h0.15_r0.2_s10014,10014,0.15,0.2,0.04,never,0.525,0.29749999999999993,0.05,0.29949999999999993,1.0961940000697723,80
h0.15_r0.2_s10014,10014,0.15,0.2,0.04,fresh,1.0,0.0,1.2,0.048,1.208312000017031,80
h0.15_r0.2_s10014,10014,0.15,0.2,0.04,ttl,1.0,0.0,1.2,0.048,1.2677409999923839,80
h0.15_r0.2_s10014,10014,0.15,0.2,0.04,entropy,0.9625,0.029375000000000002,0.925,0.066375,1.2923489999820958,80
h0.15_r0.2_s10014,10014,0.15,0.2,0.04,random,1.0,0.0,1.2,0.048,1.371696999967753,80
h0.15_r0.2_s10014,10014,0.15,0.2,0.04,myopic,0.9875,0.001875,1.0875,0.045375,1.2465690000453833,80
h0.15_r0.2_s10014,10014,0.15,0.2,0.04,recheck,1.0,0.0,1.1,0.044,1.6214620000027935,80
h0.15_r0.2_s10014,10014,0.15,0.2,0.04,no_task,0.8125,0.064375,1.4875,0.123875,1.6470599999820479,80
h0.15_r0.2_s10015,10015,0.15,0.2,0.04,never,0.4625,0.2818749999999998,0.05,0.2838749999999998,1.0752229999297924,80
h0.15_r0.2_s10015,10015,0.15,0.2,0.04,fresh,1.0,0.0,1.275,0.051000000000000004,1.2325390000569314,80
h0.15_r0.2_s10015,10015,0.15,0.2,0.04,ttl,1.0,0.0,1.275,0.051000000000000004,1.2892340000689728,80
h0.15_r0.2_s10015,10015,0.15,0.2,0.04,entropy,0.925,0.04,0.9875,0.0795,1.314250999939759,80
h0.15_r0.2_s10015,10015,0.15,0.2,0.04,random,1.0,0.0,1.275,0.051000000000000004,1.3435550000622243,80
h0.15_r0.2_s10015,10015,0.15,0.2,0.04,myopic,0.9625,0.006875000000000001,1.15,0.052875000000000005,1.220299999999952,80
h0.15_r0.2_s10015,10015,0.15,0.2,0.04,recheck,0.975,0.005,1.1625,0.051500000000000004,1.6392589999441043,80
h0.15_r0.2_s10015,10015,0.15,0.2,0.04,no_task,0.8625,0.04625,1.4875,0.10575000000000001,1.617446000068412,80
h0.15_r0.2_s10016,10016,0.15,0.2,0.04,never,0.45,0.29,0.05,0.292,1.1175760000696755,80
h0.15_r0.2_s10016,10016,0.15,0.2,0.04,fresh,1.0,0.0,1.275,0.051000000000000004,1.23532299994622,80
h0.15_r0.2_s10016,10016,0.15,0.2,0.04,ttl,1.0,0.0,1.275,0.051000000000000004,1.317485999948076,80
h0.15_r0.2_s10016,10016,0.15,0.2,0.04,entropy,0.95,0.045,0.925,0.082,1.2721379999902638,80
h0.15_r0.2_s10016,10016,0.15,0.2,0.04,random,1.0,0.0,1.275,0.051000000000000004,1.3837259999718299,80
h0.15_r0.2_s10016,10016,0.15,0.2,0.04,myopic,1.0,0.0,1.15,0.046,1.214782000033665,80
h0.15_r0.2_s10016,10016,0.15,0.2,0.04,recheck,1.0,0.0,1.1875,0.0475,1.5914780000230166,80
h0.15_r0.2_s10016,10016,0.15,0.2,0.04,no_task,0.95,0.026250000000000002,1.4875,0.08574999999999999,1.6057489999639074,80
h0.15_r0.2_s10017,10017,0.15,0.2,0.04,never,0.725,0.148125,0.05,0.150125,1.2292029999798615,80
h0.15_r0.2_s10017,10017,0.15,0.2,0.04,fresh,1.0,0.0,1.2,0.048,1.1992089999921518,80
h0.15_r0.2_s10017,10017,0.15,0.2,0.04,ttl,1.0,0.0,1.2,0.048,1.4254279999477149,80
h0.15_r0.2_s10017,10017,0.15,0.2,0.04,entropy,0.9625,0.01875,0.9125,0.05525,1.281342000083896,80
h0.15_r0.2_s10017,10017,0.15,0.2,0.04,random,1.0,0.0,1.2,0.048,1.4200699999946664,80
h0.15_r0.2_s10017,10017,0.15,0.2,0.04,myopic,0.9875,0.001875,1.1,0.045875,1.2389290000101028,80
h0.15_r0.2_s10017,10017,0.15,0.2,0.04,recheck,0.975,0.00375,1.1,0.04775,1.6025529999978971,80
h0.15_r0.2_s10017,10017,0.15,0.2,0.04,no_task,0.9125,0.038125000000000006,1.4875,0.097625,1.6410709999945539,80
h0.15_r0.2_s10018,10018,0.15,0.2,0.04,never,0.525,0.30999999999999994,0.05,0.31199999999999994,1.0771059999115096,80
h0.15_r0.2_s10018,10018,0.15,0.2,0.04,fresh,1.0,0.0,1.225,0.049,2.104796999901737,80
h0.15_r0.2_s10018,10018,0.15,0.2,0.04,ttl,1.0,0.0,1.225,0.049,1.4296740000645514,80
h0.15_r0.2_s10018,10018,0.15,0.2,0.04,entropy,0.95,0.028749999999999998,0.8625,0.06325,1.2998390000120708,80
h0.15_r0.2_s10018,10018,0.15,0.2,0.04,random,1.0,0.0,1.225,0.049,1.446268999984568,80
h0.15_r0.2_s10018,10018,0.15,0.2,0.04,myopic,0.975,0.00375,1.1125,0.04825,1.3413519999403434,80
h0.15_r0.2_s10018,10018,0.15,0.2,0.04,recheck,0.975,0.00375,1.1125,0.04825,1.738047000003462,80
h0.15_r0.2_s10018,10018,0.15,0.2,0.04,no_task,0.85,0.041875,1.4875,0.10137499999999999,1.6496240000378748,80
h0.15_r0.2_s10019,10019,0.15,0.2,0.04,never,0.4875,0.27,0.05,0.272,1.0784069999090207,80
h0.15_r0.2_s10019,10019,0.15,0.2,0.04,fresh,1.0,0.0,1.1875,0.0475,1.232097999945836,80
h0.15_r0.2_s10019,10019,0.15,0.2,0.04,ttl,1.0,0.0,1.1875,0.0475,1.4183179999918138,80
h0.15_r0.2_s10019,10019,0.15,0.2,0.04,entropy,1.0,0.0,0.925,0.037,1.29772699995101,80
h0.15_r0.2_s10019,10019,0.15,0.2,0.04,random,1.0,0.0,1.1875,0.0475,1.5273409999281284,80
h0.15_r0.2_s10019,10019,0.15,0.2,0.04,myopic,0.9875,0.001875,1.0375,0.043375000000000004,1.3302449999628152,80
h0.15_r0.2_s10019,10019,0.15,0.2,0.04,recheck,0.9875,0.001875,1.0875,0.045375,1.7090540000026522,80
h0.15_r0.2_s10019,10019,0.15,0.2,0.04,no_task,0.9375,0.018749999999999996,1.4875,0.07825,1.7437159999644791,80
h0.15_r0.2_s10020,10020,0.15,0.2,0.04,never,0.5375,0.22999999999999993,0.05,0.23199999999999993,1.079209000067749,80
h0.15_r0.2_s10020,10020,0.15,0.2,0.04,fresh,1.0,0.0,1.05,0.041999999999999996,1.2182970000367277,80
h0.15_r0.2_s10020,10020,0.15,0.2,0.04,ttl,1.0,0.0,1.05,0.041999999999999996,1.4439560000027996,80
h0.15_r0.2_s10020,10020,0.15,0.2,0.04,entropy,0.975,0.01,0.7875,0.0415,1.389534000054482,80
h0.15_r0.2_s10020,10020,0.15,0.2,0.04,random,1.0,0.0,1.05,0.041999999999999996,1.450937000072372,80
h0.15_r0.2_s10020,10020,0.15,0.2,0.04,myopic,0.9625,0.00625,0.9125,0.042749999999999996,1.2073710000777282,80
h0.15_r0.2_s10020,10020,0.15,0.2,0.04,recheck,0.9875,0.0025,0.9625,0.041,1.7337400000769776,80
h0.15_r0.2_s10020,10020,0.15,0.2,0.04,no_task,0.8875,0.03875,1.4875,0.09824999999999999,1.5954729999521078,80
h0.15_r0.2_s10021,10021,0.15,0.2,0.04,never,0.375,0.35124999999999995,0.05,0.35324999999999995,1.1041860000204906,80
h0.15_r0.2_s10021,10021,0.15,0.2,0.04,fresh,1.0,0.0,1.325,0.053000000000000005,1.1983470000132002,80
h0.15_r0.2_s10021,10021,0.15,0.2,0.04,ttl,1.0,0.0,1.325,0.053000000000000005,1.3102259999868693,80
h0.15_r0.2_s10021,10021,0.15,0.2,0.04,entropy,0.95,0.05,1.05,0.092,1.4205899999524263,80
h0.15_r0.2_s10021,10021,0.15,0.2,0.04,random,1.0,0.0,1.325,0.053000000000000005,1.398637999955099,80
h0.15_r0.2_s10021,10021,0.15,0.2,0.04,myopic,0.975,0.00375,1.2375,0.05325,1.2195799999972223,80
h0.15_r0.2_s10021,10021,0.15,0.2,0.04,recheck,0.9875,0.001875,1.2625,0.052375000000000005,1.6158139999333798,80
h0.15_r0.2_s10021,10021,0.15,0.2,0.04,no_task,0.85,0.05687500000000001,1.4875,0.116375,1.5897850000783365,80
h0.15_r0.2_s10022,10022,0.15,0.2,0.04,never,0.5375,0.2762500000000001,0.05,0.2782500000000001,1.0726089999479882,80
h0.15_r0.2_s10022,10022,0.15,0.2,0.04,fresh,1.0,0.0,1.3875,0.05550000000000001,1.211366999996244,80
h0.15_r0.2_s10022,10022,0.15,0.2,0.04,ttl,1.0,0.0,1.3875,0.05550000000000001,1.3524390000156927,80
h0.15_r0.2_s10022,10022,0.15,0.2,0.04,entropy,0.9625,0.00625,1.05,0.04825,1.3591379999979836,80
h0.15_r0.2_s10022,10022,0.15,0.2,0.04,random,1.0,0.0,1.3875,0.05550000000000001,1.3227940000888339,80
h0.15_r0.2_s10022,10022,0.15,0.2,0.04,myopic,0.9375,0.01,1.2,0.057999999999999996,1.2403599999970538,80
h0.15_r0.2_s10022,10022,0.15,0.2,0.04,recheck,0.9625,0.00625,1.2125,0.05475,1.5908359999912136,80
h0.15_r0.2_s10022,10022,0.15,0.2,0.04,no_task,0.8625,0.045625000000000006,1.4875,0.105125,1.6402400000288253,80
h0.15_r0.2_s10023,10023,0.15,0.2,0.04,never,0.525,0.18624999999999994,0.05,0.18824999999999995,1.0746809999773177,80
h0.15_r0.2_s10023,10023,0.15,0.2,0.04,fresh,1.0,0.0,1.25,0.05,1.1973160000025018,80
h0.15_r0.2_s10023,10023,0.15,0.2,0.04,ttl,1.0,0.0,1.25,0.05,1.2941610000325454,80
h0.15_r0.2_s10023,10023,0.15,0.2,0.04,entropy,0.9375,0.027500000000000004,0.8125,0.06000000000000001,1.2654079999947498,80
h0.15_r0.2_s10023,10023,0.15,0.2,0.04,random,1.0,0.0,1.25,0.05,1.3581980000481053,80
h0.15_r0.2_s10023,10023,0.15,0.2,0.04,myopic,0.95,0.0075,1.0875,0.051000000000000004,1.2078610000116896,80
h0.15_r0.2_s10023,10023,0.15,0.2,0.04,recheck,0.975,0.00375,1.1125,0.04825,1.6129589999991367,80
h0.15_r0.2_s10023,10023,0.15,0.2,0.04,no_task,0.825,0.05187500000000002,1.4875,0.111375,1.6148419999808539,80
h0.15_r0.2_s10024,10024,0.15,0.2,0.04,never,0.4875,0.32875000000000004,0.05,0.33075000000000004,1.1194689999456386,80
h0.15_r0.2_s10024,10024,0.15,0.2,0.04,fresh,1.0,0.0,1.2375,0.0495,1.209983999956421,80
h0.15_r0.2_s10024,10024,0.15,0.2,0.04,ttl,1.0,0.0,1.2375,0.0495,1.2744619999693896,80
h0.15_r0.2_s10024,10024,0.15,0.2,0.04,entropy,0.9625,0.010624999999999999,0.925,0.047625,1.2891129999843542,80
h0.15_r0.2_s10024,10024,0.15,0.2,0.04,random,1.0,0.0,1.2375,0.0495,1.326950000020588,80
h0.15_r0.2_s10024,10024,0.15,0.2,0.04,myopic,0.9625,0.005625,1.125,0.050624999999999996,1.2391389999493185,80
h0.15_r0.2_s10024,10024,0.15,0.2,0.04,recheck,0.9875,0.001875,1.175,0.048875,1.7615419999401638,80
h0.15_r0.2_s10024,10024,0.15,0.2,0.04,no_task,0.825,0.05,1.4875,0.1095,1.7124390000162748,80
h0.15_r0.2_s10025,10025,0.15,0.2,0.04,never,0.525,0.324375,0.05,0.326375,1.0905249999950684,80
h0.15_r0.2_s10025,10025,0.15,0.2,0.04,fresh,1.0,0.0,1.0625,0.042499999999999996,1.2138509999886082,80
h0.15_r0.2_s10025,10025,0.15,0.2,0.04,ttl,1.0,0.0,1.0625,0.042499999999999996,1.2913369999978386,80
h0.15_r0.2_s10025,10025,0.15,0.2,0.04,entropy,0.975,0.006875000000000001,0.8125,0.03937500000000001,1.468563000003087,80
h0.15_r0.2_s10025,10025,0.15,0.2,0.04,random,1.0,0.0,1.0625,0.042499999999999996,1.3612819999480053,80
h0.15_r0.2_s10025,10025,0.15,0.2,0.04,myopic,0.9875,0.0025,0.975,0.0415,1.2258190000693503,80
h0.15_r0.2_s10025,10025,0.15,0.2,0.04,recheck,0.9875,0.0025,0.9875,0.042,1.6108859999803826,80
h0.15_r0.2_s10025,10025,0.15,0.2,0.04,no_task,0.9,0.05,1.4875,0.1095,1.6341010000360257,80
h0.15_r0.2_s10026,10026,0.15,0.2,0.04,never,0.5875,0.20375000000000001,0.05,0.20575000000000002,1.0975559999906181,80
h0.15_r0.2_s10026,10026,0.15,0.2,0.04,fresh,1.0,0.0,1.1375,0.0455,1.2510560000009718,80
h0.15_r0.2_s10026,10026,0.15,0.2,0.04,ttl,1.0,0.0,1.1375,0.0455,1.2858479999522388,80
h0.15_r0.2_s10026,10026,0.15,0.2,0.04,entropy,0.9625,0.0075000000000000015,0.875,0.0425,1.3090929999179934,80
h0.15_r0.2_s10026,10026,0.15,0.2,0.04,random,1.0,0.0,1.1375,0.0455,1.5247469999621899,80
h0.15_r0.2_s10026,10026,0.15,0.2,0.04,myopic,0.95,0.009375,1.0125,0.049875,1.224946999968779,80
h0.15_r0.2_s10026,10026,0.15,0.2,0.04,recheck,0.9625,0.0075000000000000015,1.025,0.0485,1.6073209999376559,80
h0.15_r0.2_s10026,10026,0.15,0.2,0.04,no_task,0.875,0.034999999999999996,1.4875,0.0945,1.602853999997933,80
h0.15_r0.2_s10027,10027,0.15,0.2,0.04,never,0.525,0.260625,0.05,0.262625,1.094552000040494,80
h0.15_r0.2_s10027,10027,0.15,0.2,0.04,fresh,1.0,0.0,1.0625,0.042499999999999996,1.1989180000000488,80
h0.15_r0.2_s10027,10027,0.15,0.2,0.04,ttl,1.0,0.0,1.0625,0.042499999999999996,1.312097999971229,80
h0.15_r0.2_s10027,10027,0.15,0.2,0.04,entropy,0.975,0.015,0.825,0.048,1.2617730000101801,80
h0.15_r0.2_s10027,10027,0.15,0.2,0.04,random,1.0,0.0,1.0625,0.042499999999999996,1.375793000079284,80
h0.15_r0.2_s10027,10027,0.15,0.2,0.04,myopic,0.975,0.0043749999999999995,0.975,0.043375000000000004,1.2096340000198325,80
h0.15_r0.2_s10027,10027,0.15,0.2,0.04,recheck,0.9875,0.0025,1.0,0.0425,1.5861989999166326,80
h0.15_r0.2_s10027,10027,0.15,0.2,0.04,no_task,0.9125,0.025,1.4875,0.08449999999999999,1.6269699999611476,80
h0.15_r0.2_s10028,10028,0.15,0.2,0.04,never,0.3875,0.3356249999999999,0.05,0.3376249999999999,1.0831139999254447,80
h0.15_r0.2_s10028,10028,0.15,0.2,0.04,fresh,1.0,0.0,1.325,0.053000000000000005,1.2613720000445028,80
h0.15_r0.2_s10028,10028,0.15,0.2,0.04,ttl,1.0,0.0,1.325,0.053000000000000005,1.3242559999753212,80
h0.15_r0.2_s10028,10028,0.15,0.2,0.04,entropy,0.95,0.018125000000000002,0.925,0.055125,1.384545999940201,80
h0.15_r0.2_s10028,10028,0.15,0.2,0.04,random,1.0,0.0,1.325,0.053000000000000005,1.3708669999914491,80
h0.15_r0.2_s10028,10028,0.15,0.2,0.04,myopic,0.9875,0.001875,1.1625,0.048375,1.246369999989838,80
h0.15_r0.2_s10028,10028,0.15,0.2,0.04,recheck,0.9875,0.001875,1.2,0.049874999999999996,1.6933400000880283,80
h0.15_r0.2_s10028,10028,0.15,0.2,0.04,no_task,0.875,0.053125,1.4875,0.112625,1.6245260000005146,80
h0.15_r0.2_s10029,10029,0.15,0.2,0.04,never,0.45,0.3362499999999998,0.05,0.33824999999999983,1.066870000045128,80
h0.15_r0.2_s10029,10029,0.15,0.2,0.04,fresh,1.0,0.0,1.125,0.045,1.223474999960672,80
h0.15_r0.2_s10029,10029,0.15,0.2,0.04,ttl,1.0,0.0,1.125,0.045,1.2652780000053099,80
h0.15_r0.2_s10029,10029,0.15,0.2,0.04,entropy,0.975,0.025,0.975,0.064,1.4926279999372127,80
h0.15_r0.2_s10029,10029,0.15,0.2,0.04,random,1.0,0.0,1.125,0.045,1.3248069999463041,80
h0.15_r0.2_s10029,10029,0.15,0.2,0.04,myopic,1.0,0.0,1.0875,0.0435,1.2226840000266748,80
h0.15_r0.2_s10029,10029,0.15,0.2,0.04,recheck,1.0,0.0,1.0875,0.0435,1.6239149999819347,80
h0.15_r0.2_s10029,10029,0.15,0.2,0.04,no_task,0.825,0.057500000000000016,1.4875,0.11700000000000002,1.6147820000469437,80
h0.15_r0.2_s10030,10030,0.15,0.2,0.04,never,0.5375,0.2893749999999999,0.05,0.2913749999999999,1.1034750000362692,80
h0.15_r0.2_s10030,10030,0.15,0.2,0.04,fresh,1.0,0.0,1.35,0.054000000000000006,1.2186879999944722,80
h0.15_r0.2_s10030,10030,0.15,0.2,0.04,ttl,1.0,0.0,1.35,0.054000000000000006,1.2990480000780735,80
h0.15_r0.2_s10030,10030,0.15,0.2,0.04,entropy,0.9375,0.027500000000000004,0.975,0.0665,1.2725289999480083,80
h0.15_r0.2_s10030,10030,0.15,0.2,0.04,random,1.0,0.0,1.35,0.054000000000000006,1.3761039999735658,80
h0.15_r0.2_s10030,10030,0.15,0.2,0.04,myopic,0.95,0.0075,1.225,0.056499999999999995,1.2220620000107374,80
h0.15_r0.2_s10030,10030,0.15,0.2,0.04,recheck,0.975,0.00375,1.25,0.05375,1.6073209999376559,80
h0.15_r0.2_s10030,10030,0.15,0.2,0.04,no_task,0.8625,0.041875,1.4875,0.10137499999999999,1.6446770000584365,80
h0.15_r0.2_s10031,10031,0.15,0.2,0.04,never,0.5375,0.261875,0.05,0.263875,1.2447170000768892,80
h0.15_r0.2_s10031,10031,0.15,0.2,0.04,fresh,1.0,0.0,1.225,0.049,1.229283999919062,80
h0.15_r0.2_s10031,10031,0.15,0.2,0.04,ttl,1.0,0.0,1.225,0.049,1.2756329999774607,80
h0.15_r0.2_s10031,10031,0.15,0.2,0.04,entropy,0.9625,0.0225,0.875,0.057499999999999996,1.283263999994233,80
h0.15_r0.2_s10031,10031,0.15,0.2,0.04,random,1.0,0.0,1.225,0.049,1.337886999976945,80
h0.15_r0.2_s10031,10031,0.15,0.2,0.04,myopic,0.9875,0.0025,1.0875,0.046,1.3594890000376836,80
h0.15_r0.2_s10031,10031,0.15,0.2,0.04,recheck,0.9875,0.0025,1.1,0.0465,1.6354430000546927,80
h0.15_r0.2_s10031,10031,0.15,0.2,0.04,no_task,0.8375,0.065,1.4875,0.12450000000000001,1.6570349999938117,80
h0.15_r0.2_s10032,10032,0.15,0.2,0.04,never,0.575,0.19687499999999997,0.05,0.19887499999999997,1.0670909999817013,80
h0.15_r0.2_s10032,10032,0.15,0.2,0.04,fresh,1.0,0.0,1.4,0.05600000000000001,1.231727000003957,80
h0.15_r0.2_s10032,10032,0.15,0.2,0.04,ttl,1.0,0.0,1.4,0.05600000000000001,1.308732999973472,80
h0.15_r0.2_s10032,10032,0.15,0.2,0.04,entropy,0.95,0.024375,1.0,0.064375,1.3026940000600007,80
h0.15_r0.2_s10032,10032,0.15,0.2,0.04,random,1.0,0.0,1.4,0.05600000000000001,1.362342999982502,80
h0.15_r0.2_s10032,10032,0.15,0.2,0.04,myopic,0.9625,0.00625,1.25,0.05625,1.275413000030312,80
h0.15_r0.2_s10032,10032,0.15,0.2,0.04,recheck,0.975,0.0043749999999999995,1.2875,0.055874999999999994,1.6112469999143286,80
h0.15_r0.2_s10032,10032,0.15,0.2,0.04,no_task,0.8375,0.057499999999999996,1.4875,0.11699999999999999,1.6195089999655465,80
h0.15_r0.2_s10033,10033,0.15,0.2,0.04,never,0.5,0.30000000000000004,0.05,0.30200000000000005,1.1040660000389835,80
h0.15_r0.2_s10033,10033,0.15,0.2,0.04,fresh,1.0,0.0,1.475,0.059,1.2104349999617625,80
h0.15_r0.2_s10033,10033,0.15,0.2,0.04,ttl,1.0,0.0,1.475,0.059,1.312268999981825,80
h0.15_r0.2_s10033,10033,0.15,0.2,0.04,entropy,0.975,0.00375,1.0375,0.04525,1.2791190000598363,80
h0.15_r0.2_s10033,10033,0.15,0.2,0.04,random,1.0,0.0,1.475,0.059,1.4131089999409596,80
h0.15_r0.2_s10033,10033,0.15,0.2,0.04,myopic,0.95,0.0075,1.275,0.058499999999999996,1.3186980000909898,80
h0.15_r0.2_s10033,10033,0.15,0.2,0.04,recheck,0.9625,0.005625,1.3375,0.059125000000000004,1.6587380000601115,80
h0.15_r0.2_s10033,10033,0.15,0.2,0.04,no_task,0.8625,0.044375,1.4875,0.10387499999999998,1.6165939999837065,80
h0.15_r0.2_s10034,10034,0.15,0.2,0.04,never,0.5125,0.24250000000000002,0.05,0.24450000000000002,1.1093530000607643,80
h0.15_r0.2_s10034,10034,0.15,0.2,0.04,fresh,1.0,0.0,1.2,0.048,1.226228999939849,80
h0.15_r0.2_s10034,10034,0.15,0.2,0.04,ttl,1.0,0.0,1.2,0.048,1.2886230000503929,80
h0.15_r0.2_s10034,10034,0.15,0.2,0.04,entropy,0.925,0.029375000000000002,0.8875,0.06487499999999999,1.283624999928179,80
h0.15_r0.2_s10034,10034,0.15,0.2,0.04,random,1.0,0.0,1.2,0.048,1.3489229999095187,80
h0.15_r0.2_s10034,10034,0.15,0.2,0.04,myopic,0.975,0.00375,1.0375,0.04525,1.2533499999562991,80
h0.15_r0.2_s10034,10034,0.15,0.2,0.04,recheck,0.9875,0.001875,1.075,0.044875,1.6140100000257007,80
h0.15_r0.2_s10034,10034,0.15,0.2,0.04,no_task,0.8875,0.03875,1.4875,0.09824999999999999,1.6606510000656272,80
h0.15_r0.2_s10035,10035,0.15,0.2,0.04,never,0.475,0.29312499999999997,0.05,0.29512499999999997,1.0895839999420787,80
h0.15_r0.2_s10035,10035,0.15,0.2,0.04,fresh,1.0,0.0,1.2625,0.0505,1.3445859999592358,80
h0.15_r0.2_s10035,10035,0.15,0.2,0.04,ttl,1.0,0.0,1.2625,0.0505,1.28778099997362,80
h0.15_r0.2_s10035,10035,0.15,0.2,0.04,entropy,0.95,0.029375000000000002,0.95,0.067375,1.3533900000766153,80
h0.15_r0.2_s10035,10035,0.15,0.2,0.04,random,1.0,0.0,1.2625,0.0505,1.347481000038897,80
h0.15_r0.2_s10035,10035,0.15,0.2,0.04,myopic,0.9875,0.001875,1.075,0.044875,1.2174460000551335,80
h0.15_r0.2_s10035,10035,0.15,0.2,0.04,recheck,0.9875,0.001875,1.1375,0.047375,1.6208710000000792,80
h0.15_r0.2_s10035,10035,0.15,0.2,0.04,no_task,0.825,0.07562500000000001,1.4875,0.135125,1.6142709999940053,80
h0.15_r0.2_s10036,10036,0.15,0.2,0.04,never,0.4125,0.275625,0.05,0.277625,1.1266699999623597,80
h0.15_r0.2_s10036,10036,0.15,0.2,0.04,fresh,1.0,0.0,1.575,0.063,1.215662999925371,80
h0.15_r0.2_s10036,10036,0.15,0.2,0.04,ttl,1.0,0.0,1.575,0.063,1.3139110000111032,80
h0.15_r0.2_s10036,10036,0.15,0.2,0.04,entropy,0.9375,0.028125,1.1875,0.07562500000000001,1.2803500000018175,80
h0.15_r0.2_s10036,10036,0.15,0.2,0.04,random,1.0,0.0,1.575,0.063,1.3742410000077143,80
h0.15_r0.2_s10036,10036,0.15,0.2,0.04,myopic,0.975,0.0043749999999999995,1.3625,0.058875,1.2312659999906828,80
h0.15_r0.2_s10036,10036,0.15,0.2,0.04,recheck,0.975,0.0043749999999999995,1.4125,0.060875,1.6418630000316625,80
h0.15_r0.2_s10036,10036,0.15,0.2,0.04,no_task,0.9,0.045625000000000006,1.4875,0.105125,1.729193000073792,80
h0.15_r0.2_s10037,10037,0.15,0.2,0.04,never,0.525,0.26000000000000006,0.05,0.26200000000000007,1.0787070000333188,80
h0.15_r0.2_s10037,10037,0.15,0.2,0.04,fresh,1.0,0.0,1.1125,0.0445,1.209214000027714,80
h0.15_r0.2_s10037,10037,0.15,0.2,0.04,ttl,1.0,0.0,1.1125,0.0445,1.3123290000294219,80
h0.15_r0.2_s10037,10037,0.15,0.2,0.04,entropy,0.9375,0.046875,0.8375,0.080375,1.6192730000739175,80
h0.15_r0.2_s10037,10037,0.15,0.2,0.04,random,1.0,0.0,1.1125,0.0445,1.7368449999821678,80
h0.15_r0.2_s10037,10037,0.15,0.2,0.04,myopic,0.9875,0.001875,1.0375,0.043375000000000004,1.2577960000044186,80
h0.15_r0.2_s10037,10037,0.15,0.2,0.04,recheck,0.9875,0.001875,1.0625,0.044375,1.7307660000369651,80
h0.15_r0.2_s10037,10037,0.15,0.2,0.04,no_task,0.9375,0.0375,1.4875,0.097,1.6431340000053751,80
h0.15_r0.2_s10038,10038,0.15,0.2,0.04,never,0.4375,0.27249999999999985,0.05,0.27449999999999986,1.1527789999945526,80
h0.15_r0.2_s10038,10038,0.15,0.2,0.04,fresh,1.0,0.0,1.3,0.052000000000000005,1.2040459999980158,80
h0.15_r0.2_s10038,10038,0.15,0.2,0.04,ttl,1.0,0.0,1.3,0.052000000000000005,1.2786780000624276,80
h0.15_r0.2_s10038,10038,0.15,0.2,0.04,entropy,0.95,0.031875,0.95,0.06987499999999999,1.2837049999916417,80
h0.15_r0.2_s10038,10038,0.15,0.2,0.04,random,1.0,0.0,1.3,0.052000000000000005,1.4627740000605627,80
h0.15_r0.2_s10038,10038,0.15,0.2,0.04,myopic,0.9875,0.001875,1.1375,0.047375,1.224686999989899,80
h0.15_r0.2_s10038,10038,0.15,0.2,0.04,recheck,1.0,0.0,1.1875,0.0475,1.5903050000360963,80
h0.15_r0.2_s10038,10038,0.15,0.2,0.04,no_task,0.8375,0.045625000000000006,1.4875,0.105125,1.8622229999891715,80
h0.15_r0.2_s10039,10039,0.15,0.2,0.04,never,0.6125,0.22437500000000005,0.05,0.22637500000000005,1.0819829999491049,80
h0.15_r0.2_s10039,10039,0.15,0.2,0.04,fresh,1.0,0.0,1.225,0.049,1.2302850000196486,80
h0.15_r0.2_s10039,10039,0.15,0.2,0.04,ttl,1.0,0.0,1.225,0.049,1.2695140000005267,80
h0.15_r0.2_s10039,10039,0.15,0.2,0.04,entropy,0.975,0.00375,0.925,0.040749999999999995,1.29137700002957,80
h0.15_r0.2_s10039,10039,0.15,0.2,0.04,random,1.0,0.0,1.225,0.049,1.3286330000710223,80
h0.15_r0.2_s10039,10039,0.15,0.2,0.04,myopic,0.975,0.00375,1.1,0.04775,1.2359339999648,80
h0.15_r0.2_s10039,10039,0.15,0.2,0.04,recheck,0.975,0.00375,1.125,0.04875,1.6087330000118527,80
h0.15_r0.2_s10039,10039,0.15,0.2,0.04,no_task,0.925,0.03,1.4875,0.0895,1.6277110000828543,80
h0.15_r0.2_s10040,10040,0.15,0.2,0.04,never,0.5375,0.33625000000000005,0.05,0.33825000000000005,1.0970449999376797,80
h0.15_r0.2_s10040,10040,0.15,0.2,0.04,fresh,1.0,0.0,1.1625,0.0465,1.193149999949128,80
h0.15_r0.2_s10040,10040,0.15,0.2,0.04,ttl,1.0,0.0,1.1625,0.0465,1.2913470000057714,80
h0.15_r0.2_s10040,10040,0.15,0.2,0.04,entropy,0.9875,0.001875,0.8625,0.036375000000000005,1.6348919999700229,80
h0.15_r0.2_s10040,10040,0.15,0.2,0.04,random,1.0,0.0,1.1625,0.0465,1.4937900000404625,80
h0.15_r0.2_s10040,10040,0.15,0.2,0.04,myopic,0.9625,0.005625,1.0625,0.048124999999999994,1.2298039999905086,80
h0.15_r0.2_s10040,10040,0.15,0.2,0.04,recheck,0.9875,0.001875,1.1,0.045875,1.6245159999925818,80
h0.15_r0.2_s10040,10040,0.15,0.2,0.04,no_task,0.925,0.019374999999999996,1.4875,0.078875,1.928141999997024,80
h0.15_r0.2_s10041,10041,0.15,0.2,0.04,never,0.4375,0.2874999999999999,0.05,0.2894999999999999,1.1280510000233335,80
h0.15_r0.2_s10041,10041,0.15,0.2,0.04,fresh,1.0,0.0,1.2375,0.0495,1.2043560000165598,80
h0.15_r0.2_s10041,10041,0.15,0.2,0.04,ttl,1.0,0.0,1.2375,0.0495,1.2755929999457294,80
h0.15_r0.2_s10041,10041,0.15,0.2,0.04,entropy,0.95,0.023125,0.875,0.058125,1.3002109999433742,80
h0.15_r0.2_s10041,10041,0.15,0.2,0.04,random,1.0,0.0,1.2375,0.0495,1.324946999943677,80
h0.15_r0.2_s10041,10041,0.15,0.2,0.04,myopic,0.9875,0.001875,1.0875,0.045375,1.2293539999745917,80
h0.15_r0.2_s10041,10041,0.15,0.2,0.04,recheck,0.9875,0.001875,1.1,0.045875,1.6263090000165903,80
h0.15_r0.2_s10041,10041,0.15,0.2,0.04,no_task,0.8375,0.065,1.4875,0.12450000000000001,1.6497040001013374,80
h0.15_r0.2_s10042,10042,0.15,0.2,0.04,never,0.3875,0.3699999999999998,0.05,0.3719999999999998,1.0780359999671418,80
h0.15_r0.2_s10042,10042,0.15,0.2,0.04,fresh,1.0,0.0,1.3,0.052000000000000005,1.225206999947659,80
h0.15_r0.2_s10042,10042,0.15,0.2,0.04,ttl,1.0,0.0,1.3,0.052000000000000005,1.2926790000165056,80
h0.15_r0.2_s10042,10042,0.15,0.2,0.04,entropy,0.95,0.028749999999999998,0.9375,0.06625,1.3030049999542825,80
h0.15_r0.2_s10042,10042,0.15,0.2,0.04,random,1.0,0.0,1.3,0.052000000000000005,1.351937999970687,80
h0.15_r0.2_s10042,10042,0.15,0.2,0.04,myopic,1.0,0.0,1.15,0.046,1.2310070000012274,80
h0.15_r0.2_s10042,10042,0.15,0.2,0.04,recheck,1.0,0.0,1.15,0.046,1.7017430000123568,80
h0.15_r0.2_s10042,10042,0.15,0.2,0.04,no_task,0.85,0.05375,1.4875,0.11324999999999999,1.6561740000042846,80
h0.15_r0.2_s10043,10043,0.15,0.2,0.04,never,0.6125,0.25875000000000004,0.05,0.26075000000000004,1.0925379999662255,80
h0.15_r0.2_s10043,10043,0.15,0.2,0.04,fresh,1.0,0.0,1.1875,0.0475,1.2032350000481529,80
h0.15_r0.2_s10043,10043,0.15,0.2,0.04,ttl,1.0,0.0,1.1875,0.0475,1.2997290000384965,80
h0.15_r0.2_s10043,10043,0.15,0.2,0.04,entropy,0.9375,0.04375,0.9375,0.08125,1.3027239999701123,80
h0.15_r0.2_s10043,10043,0.15,0.2,0.04,random,1.0,0.0,1.1875,0.0475,1.3577259999237867,80
h0.15_r0.2_s10043,10043,0.15,0.2,0.04,myopic,0.975,0.00375,1.1,0.04775,1.23680499996226,80
h0.15_r0.2_s10043,10043,0.15,0.2,0.04,recheck,0.9875,0.001875,1.125,0.046875,1.6293039999482062,80
h0.15_r0.2_s10043,10043,0.15,0.2,0.04,no_task,0.9125,0.03250000000000001,1.4875,0.092,1.6080419999298101,80
h0.15_r0.2_s10044,10044,0.15,0.2,0.04,never,0.6375,0.12312500000000004,0.05,0.12512500000000004,1.0728990000643535,80
h0.15_r0.2_s10044,10044,0.15,0.2,0.04,fresh,1.0,0.0,1.3,0.052000000000000005,1.2060089999295087,80
h0.15_r0.2_s10044,10044,0.15,0.2,0.04,ttl,1.0,0.0,1.3,0.052000000000000005,1.2737399999878107,80
h0.15_r0.2_s10044,10044,0.15,0.2,0.04,entropy,0.975,0.00375,1.0,0.04375,1.2786379999170094,80
h0.15_r0.2_s10044,10044,0.15,0.2,0.04,random,1.0,0.0,1.3,0.052000000000000005,1.3498350000418213,80
h0.15_r0.2_s10044,10044,0.15,0.2,0.04,myopic,0.9625,0.005625,1.175,0.052625,1.2405100000023594,80
h0.15_r0.2_s10044,10044,0.15,0.2,0.04,recheck,0.975,0.00375,1.1875,0.051250000000000004,1.6125490000149512,80
h0.15_r0.2_s10044,10044,0.15,0.2,0.04,no_task,0.9,0.0375,1.4875,0.097,1.6385279999440172,80
h0.15_r0.2_s10045,10045,0.15,0.2,0.04,never,0.5375,0.23499999999999996,0.05,0.23699999999999996,1.071527000021888,80
h0.15_r0.2_s10045,10045,0.15,0.2,0.04,fresh,1.0,0.0,1.2,0.048,1.2207109999735621,80
h0.15_r0.2_s10045,10045,0.15,0.2,0.04,ttl,1.0,0.0,1.2,0.048,1.2993579999829308,80
h0.15_r0.2_s10045,10045,0.15,0.2,0.04,entropy,0.9625,0.016874999999999998,0.85,0.050875000000000004,1.262934999999743,80
h0.15_r0.2_s10045,10045,0.15,0.2,0.04,random,1.0,0.0,1.2,0.048,1.3922990000310165,80
h0.15_r0.2_s10045,10045,0.15,0.2,0.04,myopic,0.9625,0.00625,1.0625,0.04875,1.2314969999351888,80
h0.15_r0.2_s10045,10045,0.15,0.2,0.04,recheck,0.975,0.0043749999999999995,1.075,0.047375,1.8398589999151227,80
h0.15_r0.2_s10045,10045,0.15,0.2,0.04,no_task,0.85,0.050624999999999996,1.4875,0.11012499999999999,1.740620999953535,80
h0.15_r0.2_s10046,10046,0.15,0.2,0.04,never,0.5625,0.21437499999999998,0.05,0.21637499999999998,1.076715000067452,80
h0.15_r0.2_s10046,10046,0.15,0.2,0.04,fresh,1.0,0.0,1.175,0.047,1.202804000058677,80
h0.15_r0.2_s10046,10046,0.15,0.2,0.04,ttl,1.0,0.0,1.175,0.047,1.3015420000783706,80
h0.15_r0.2_s10046,10046,0.15,0.2,0.04,entropy,0.95,0.02375,0.95,0.06174999999999999,1.2728189999506867,80
h0.15_r0.2_s10046,10046,0.15,0.2,0.04,random,1.0,0.0,1.175,0.047,1.3766650000661684,80
h0.15_r0.2_s10046,10046,0.15,0.2,0.04,myopic,0.9875,0.0025,1.075,0.0455,1.2187779999521808,80
h0.15_r0.2_s10046,10046,0.15,0.2,0.04,recheck,0.9875,0.0025,1.0875,0.046,1.6437360000054468,80
h0.15_r0.2_s10046,10046,0.15,0.2,0.04,no_task,0.8875,0.046250000000000006,1.4875,0.10575000000000001,1.6251179999926535,80
h0.15_r0.2_s10047,10047,0.15,0.2,0.04,never,0.5375,0.26562500000000006,0.05,0.26762500000000006,1.077645999998822,80
h0.15_r0.2_s10047,10047,0.15,0.2,0.04,fresh,1.0,0.0,1.0375,0.0415,1.2175359998991553,80
h0.15_r0.2_s10047,10047,0.15,0.2,0.04,ttl,1.0,0.0,1.0375,0.0415,1.3012209999487823,80
h0.15_r0.2_s10047,10047,0.15,0.2,0.04,entropy,0.9875,0.0043749999999999995,0.75,0.034375,1.2939810000034413,80
h0.15_r0.2_s10047,10047,0.15,0.2,0.04,random,1.0,0.0,1.0375,0.0415,1.3588680000111708,80
h0.15_r0.2_s10047,10047,0.15,0.2,0.04,myopic,1.0,0.0,0.9375,0.0375,1.4217430000371678,80
h0.15_r0.2_s10047,10047,0.15,0.2,0.04,recheck,1.0,0.0,0.9375,0.0375,2.0394690000102855,80
h0.15_r0.2_s10047,10047,0.15,0.2,0.04,no_task,0.8875,0.0325,1.4875,0.092,1.6407310000658981,80
h0.15_r0.2_s10048,10048,0.15,0.2,0.04,never,0.65,0.14937499999999998,0.05,0.15137499999999998,1.082352999901559,80
h0.15_r0.2_s10048,10048,0.15,0.2,0.04,fresh,1.0,0.0,1.125,0.045,1.2512859999560533,80
h0.15_r0.2_s10048,10048,0.15,0.2,0.04,ttl,1.0,0.0,1.125,0.045,1.2803900000335489,80
h0.15_r0.2_s10048,10048,0.15,0.2,0.04,entropy,0.9625,0.005625,0.85,0.039625,1.2993289999485569,80
h0.15_r0.2_s10048,10048,0.15,0.2,0.04,random,1.0,0.0,1.125,0.045,1.3646269999298966,80
h0.15_r0.2_s10048,10048,0.15,0.2,0.04,myopic,0.9125,0.013125000000000001,0.9875,0.052625,1.8014519999951517,80
h0.15_r0.2_s10048,10048,0.15,0.2,0.04,recheck,0.95,0.0075,1.0125,0.048,2.1532389999947554,80
h0.15_r0.2_s10048,10048,0.15,0.2,0.04,no_task,0.8375,0.05499999999999999,1.4875,0.1145,1.6580269999622033,80
h0.15_r0.2_s10049,10049,0.15,0.2,0.04,never,0.6,0.1475,0.05,0.1495,1.0885430000371343,80
h0.15_r0.2_s10049,10049,0.15,0.2,0.04,fresh,1.0,0.0,1.2125,0.0485,1.2575460000334715,80
h0.15_r0.2_s10049,10049,0.15,0.2,0.04,ttl,1.0,0.0,1.2125,0.0485,1.3089729999364863,80
h0.15_r0.2_s10049,10049,0.15,0.2,0.04,entropy,1.0,0.0,0.8875,0.0355,1.2986179999643355,80
h0.15_r0.2_s10049,10049,0.15,0.2,0.04,random,1.0,0.0,1.2125,0.0485,1.3341810000611076,80
h0.15_r0.2_s10049,10049,0.15,0.2,0.04,myopic,0.975,0.00375,1.075,0.04675,1.2083430000302542,80
h0.15_r0.2_s10049,10049,0.15,0.2,0.04,recheck,1.0,0.0,1.1125,0.0445,1.6085620000012568,80
h0.15_r0.2_s10049,10049,0.15,0.2,0.04,no_task,0.9,0.034375,1.4875,0.093875,1.7308760000105394,80
h0.15_r0.2_s10050,10050,0.15,0.2,0.04,never,0.725,0.10000000000000002,0.05,0.10200000000000002,1.072549000014078,80
h0.15_r0.2_s10050,10050,0.15,0.2,0.04,fresh,1.0,0.0,1.0375,0.0415,1.2124179999091211,80
h0.15_r0.2_s10050,10050,0.15,0.2,0.04,ttl,1.0,0.0,1.0375,0.0415,1.2977860000091823,80
h0.15_r0.2_s10050,10050,0.15,0.2,0.04,entropy,1.0,0.0,0.7875,0.0315,1.270295000040278,80
h0.15_r0.2_s10050,10050,0.15,0.2,0.04,random,1.0,0.0,1.0375,0.0415,1.3977059999206176,80
h0.15_r0.2_s10050,10050,0.15,0.2,0.04,myopic,1.0,0.0,0.9375,0.0375,1.20604899996124,80
h0.15_r0.2_s10050,10050,0.15,0.2,0.04,recheck,1.0,0.0,0.95,0.038,1.7187779999403574,80
h0.15_r0.2_s10050,10050,0.15,0.2,0.04,no_task,0.875,0.036875000000000005,1.4875,0.096375,1.620590000015909,80
h0.15_r0.2_s10051,10051,0.15,0.2,0.04,never,0.5875,0.18625000000000005,0.05,0.18825000000000006,1.0721180000246022,80
h0.15_r0.2_s10051,10051,0.15,0.2,0.04,fresh,1.0,0.0,1.35,0.054000000000000006,1.2054679999664586,80
h0.15_r0.2_s10051,10051,0.15,0.2,0.04,ttl,1.0,0.0,1.35,0.054000000000000006,1.2612020000233315,80
h0.15_r0.2_s10051,10051,0.15,0.2,0.04,entropy,0.9875,0.001875,1.075,0.044875,1.268943000013678,80
h0.15_r0.2_s10051,10051,0.15,0.2,0.04,random,1.0,0.0,1.35,0.054000000000000006,1.331466999999975,80
h0.15_r0.2_s10051,10051,0.15,0.2,0.04,myopic,0.975,0.00375,1.2125,0.05225,1.2349920000360726,80
h0.15_r0.2_s10051,10051,0.15,0.2,0.04,recheck,0.9875,0.001875,1.225,0.050875000000000004,1.596354999946925,80
h0.15_r0.2_s10051,10051,0.15,0.2,0.04,no_task,0.85,0.052500000000000005,1.4875,0.11200000000000002,1.6573859999198248,80
h0.15_r0.2_s10052,10052,0.15,0.2,0.04,never,0.675,0.18374999999999997,0.05,0.18574999999999997,1.3232840000227952,80
h0.15_r0.2_s10052,10052,0.15,0.2,0.04,fresh,1.0,0.0,1.2875,0.051500000000000004,1.263986000026307,80
h0.15_r0.2_s10052,10052,0.15,0.2,0.04,ttl,1.0,0.0,1.2875,0.051500000000000004,1.2798289999409462,80
h0.15_r0.2_s10052,10052,0.15,0.2,0.04,entropy,0.9625,0.008125,1.0,0.048125,1.5842059999613411,80
h0.15_r0.2_s10052,10052,0.15,0.2,0.04,random,1.0,0.0,1.2875,0.051500000000000004,1.3503250000894695,80
h0.15_r0.2_s10052,10052,0.15,0.2,0.04,myopic,0.975,0.00375,1.2125,0.05225,1.3161640000589614,80
h0.15_r0.2_s10052,10052,0.15,0.2,0.04,recheck,0.975,0.00375,1.2125,0.05225,1.6850669999257661,80
h0.15_r0.2_s10052,10052,0.15,0.2,0.04,no_task,0.8125,0.058750000000000004,1.4875,0.11825000000000001,1.6473910000058822,80
h0.15_r0.2_s10053,10053,0.15,0.2,0.04,never,0.55,0.22562499999999996,0.05,0.22762499999999997,1.090525999984493,80
h0.15_r0.2_s10053,10053,0.15,0.2,0.04,fresh,1.0,0.0,1.15,0.046,1.2198399999761023,80
h0.15_r0.2_s10053,10053,0.15,0.2,0.04,ttl,1.0,0.0,1.15,0.046,1.2876210000740684,80
h0.15_r0.2_s10053,10053,0.15,0.2,0.04,entropy,0.975,0.014374999999999999,0.8625,0.048875,1.2587579999490117,80
h0.15_r0.2_s10053,10053,0.15,0.2,0.04,random,1.0,0.0,1.15,0.046,1.445749000026808,80
h0.15_r0.2_s10053,10053,0.15,0.2,0.04,myopic,0.9625,0.005625,1.0375,0.04712500000000001,1.442223000026388,80
h0.15_r0.2_s10053,10053,0.15,0.2,0.04,recheck,0.975,0.00375,1.0625,0.04625,1.6811310000548474,80
h0.15_r0.2_s10053,10053,0.15,0.2,0.04,no_task,0.825,0.06375,1.4875,0.12325,1.6089639999563587,80
h0.15_r0.2_s10054,10054,0.15,0.2,0.04,never,0.475,0.27,0.05,0.272,1.12021100005677,80
h0.15_r0.2_s10054,10054,0.15,0.2,0.04,fresh,1.0,0.0,1.325,0.053000000000000005,1.2585880000415273,80
h0.15_r0.2_s10054,10054,0.15,0.2,0.04,ttl,1.0,0.0,1.325,0.053000000000000005,1.2646169999470658,80
h0.15_r0.2_s10054,10054,0.15,0.2,0.04,entropy,0.9375,0.034375,1.0,0.07437500000000001,1.304766999965068,80
h0.15_r0.2_s10054,10054,0.15,0.2,0.04,random,1.0,0.0,1.325,0.053000000000000005,1.3731790000974797,80
h0.15_r0.2_s10054,10054,0.15,0.2,0.04,myopic,0.925,0.011875,1.1375,0.057374999999999995,1.2139899999965564,80
h0.15_r0.2_s10054,10054,0.15,0.2,0.04,recheck,0.9625,0.00625,1.1875,0.053750000000000006,1.6013519999660275,80
h0.15_r0.2_s10054,10054,0.15,0.2,0.04,no_task,0.8625,0.063125,1.4875,0.12262499999999998,1.6334399999777816,80
h0.15_r0.2_s10055,10055,0.15,0.2,0.04,never,0.6625,0.22999999999999998,0.05,0.23199999999999998,1.0778460000437917,80
h0.15_r0.2_s10055,10055,0.15,0.2,0.04,fresh,1.0,0.0,1.0125,0.0405,1.2272210000219275,80
h0.15_r0.2_s10055,10055,0.15,0.2,0.04,ttl,1.0,0.0,1.0125,0.0405,1.2883529999498933,80
h0.15_r0.2_s10055,10055,0.15,0.2,0.04,entropy,0.9875,0.0125,0.7125,0.041,1.2855780000791128,80
h0.15_r0.2_s10055,10055,0.15,0.2,0.04,random,1.0,0.0,1.0125,0.0405,1.34918399999151,80
h0.15_r0.2_s10055,10055,0.15,0.2,0.04,myopic,1.0,0.0,0.975,0.039,1.2349219999805428,80
h0.15_r0.2_s10055,10055,0.15,0.2,0.04,recheck,1.0,0.0,0.975,0.039,1.5926290000152221,80
h0.15_r0.2_s10055,10055,0.15,0.2,0.04,no_task,0.9,0.034374999999999996,1.4875,0.093875,1.60939399995641,80
h0.15_r0.2_s10056,10056,0.15,0.2,0.04,never,0.4375,0.23375000000000004,0.05,0.23575000000000004,1.0912660000030883,80
h0.15_r0.2_s10056,10056,0.15,0.2,0.04,fresh,1.0,0.0,1.1,0.044,1.2034350000931227,80
h0.15_r0.2_s10056,10056,0.15,0.2,0.04,ttl,1.0,0.0,1.1,0.044,1.3113070000372318,80
h0.15_r0.2_s10056,10056,0.15,0.2,0.04,entropy,0.95,0.008124999999999999,0.8125,0.040625,1.3476410000521355,80
h0.15_r0.2_s10056,10056,0.15,0.2,0.04,random,1.0,0.0,1.1,0.044,1.369243999988612,80
h0.15_r0.2_s10056,10056,0.15,0.2,0.04,myopic,0.95,0.008124999999999999,0.9125,0.044625,1.2163540000074136,80
h0.15_r0.2_s10056,10056,0.15,0.2,0.04,recheck,0.95,0.008124999999999999,0.925,0.045125,1.7281320000392952,80
h0.15_r0.2_s10056,10056,0.15,0.2,0.04,no_task,0.8375,0.045,1.4875,0.1045,1.6233049999527793,80
h0.15_r0.2_s10057,10057,0.15,0.2,0.04,never,0.5125,0.346875,0.05,0.348875,1.0779469999988578,80
h0.15_r0.2_s10057,10057,0.15,0.2,0.04,fresh,1.0,0.0,1.325,0.053000000000000005,1.2023729999555144,80
h0.15_r0.2_s10057,10057,0.15,0.2,0.04,ttl,1.0,0.0,1.325,0.053000000000000005,1.3008810000201265,80
h0.15_r0.2_s10057,10057,0.15,0.2,0.04,entropy,0.9625,0.016249999999999997,0.9875,0.05575,1.2913870000375027,80
h0.15_r0.2_s10057,10057,0.15,0.2,0.04,random,1.0,0.0,1.325,0.053000000000000005,1.3728090000313387,80
h0.15_r0.2_s10057,10057,0.15,0.2,0.04,myopic,0.975,0.00375,1.1875,0.051250000000000004,1.2458390000347208,80
h0.15_r0.2_s10057,10057,0.15,0.2,0.04,recheck,0.975,0.00375,1.2125,0.05225,1.624957999979415,80
h0.15_r0.2_s10057,10057,0.15,0.2,0.04,no_task,0.825,0.06375,1.4875,0.12325,1.6488429999981236,80
h0.15_r0.2_s10058,10058,0.15,0.2,0.04,never,0.45,0.31687499999999985,0.05,0.31887499999999985,1.0817630000019562,80
h0.15_r0.2_s10058,10058,0.15,0.2,0.04,fresh,1.0,0.0,1.3375,0.053500000000000006,1.2305359999800203,80
h0.15_r0.2_s10058,10058,0.15,0.2,0.04,ttl,1.0,0.0,1.3375,0.053500000000000006,1.2837449999096862,80
h0.15_r0.2_s10058,10058,0.15,0.2,0.04,entropy,0.9875,0.0025,1.025,0.043500000000000004,1.3310369999999239,80
h0.15_r0.2_s10058,10058,0.15,0.2,0.04,random,1.0,0.0,1.3375,0.053500000000000006,1.415803999975651,80
h0.15_r0.2_s10058,10058,0.15,0.2,0.04,myopic,0.975,0.0043749999999999995,1.175,0.051375000000000004,1.2397490000921607,80
h0.15_r0.2_s10058,10058,0.15,0.2,0.04,recheck,0.9875,0.0025,1.2,0.0505,2.0160440000154267,80
h0.15_r0.2_s10058,10058,0.15,0.2,0.04,no_task,0.9375,0.02,1.4875,0.07949999999999999,1.67436199990334,80
h0.15_r0.2_s10059,10059,0.15,0.2,0.04,never,0.55,0.306875,0.05,0.308875,1.0772760000463677,80
h0.15_r0.2_s10059,10059,0.15,0.2,0.04,fresh,1.0,0.0,1.25,0.05,1.1996690000160015,80
h0.15_r0.2_s10059,10059,0.15,0.2,0.04,ttl,1.0,0.0,1.25,0.05,1.3119980000055875,80
h0.15_r0.2_s10059,10059,0.15,0.2,0.04,entropy,1.0,0.0,0.9,0.036,1.2880420000556114,80
h0.15_r0.2_s10059,10059,0.15,0.2,0.04,random,1.0,0.0,1.25,0.05,1.3902360000201952,80
h0.15_r0.2_s10059,10059,0.15,0.2,0.04,myopic,0.9875,0.001875,1.05,0.043875,1.2176359999784836,80
h0.15_r0.2_s10059,10059,0.15,0.2,0.04,recheck,1.0,0.0,1.0875,0.0435,1.6375860000152898,80
h0.15_r0.2_s10059,10059,0.15,0.2,0.04,no_task,0.9125,0.03375,1.4875,0.09325,1.637565999999424,80
h0.15_r0.2_s10060,10060,0.15,0.2,0.04,never,0.4875,0.3200000000000001,0.05,0.3220000000000001,1.1029739999912636,80
h0.15_r0.2_s10060,10060,0.15,0.2,0.04,fresh,1.0,0.0,1.3,0.052000000000000005,1.2246969999978319,80
h0.15_r0.2_s10060,10060,0.15,0.2,0.04,ttl,1.0,0.0,1.3,0.052000000000000005,1.2937200000351368,80
h0.15_r0.2_s10060,10060,0.15,0.2,0.04,entropy,0.95,0.020624999999999998,0.975,0.059625,1.278376999948705,80
h0.15_r0.2_s10060,10060,0.15,0.2,0.04,random,1.0,0.0,1.3,0.052000000000000005,1.3557730000002266,80
h0.15_r0.2_s10060,10060,0.15,0.2,0.04,myopic,0.9625,0.005625,1.125,0.050624999999999996,1.2303949999932229,80
h0.15_r0.2_s10060,10060,0.15,0.2,0.04,recheck,1.0,0.0,1.1875,0.0475,1.6116479999936928,80
h0.15_r0.2_s10060,10060,0.15,0.2,0.04,no_task,0.8375,0.040624999999999994,1.4875,0.10012499999999999,1.647271000024375,80
h0.15_r0.2_s10061,10061,0.15,0.2,0.04,never,0.5875,0.17750000000000002,0.05,0.17950000000000002,1.0789289999593166,80
h0.15_r0.2_s10061,10061,0.15,0.2,0.04,fresh,1.0,0.0,1.35,0.054000000000000006,1.2258389999715291,80
h0.15_r0.2_s10061,10061,0.15,0.2,0.04,ttl,1.0,0.0,1.35,0.054000000000000006,1.270304999934524,80
h0.15_r0.2_s10061,10061,0.15,0.2,0.04,entropy,0.9625,0.019375,0.9625,0.057874999999999996,1.2977259999615853,80
h0.15_r0.2_s10061,10061,0.15,0.2,0.04,random,1.0,0.0,1.35,0.054000000000000006,1.3571060000003854,80
h0.15_r0.2_s10061,10061,0.15,0.2,0.04,myopic,0.975,0.0043749999999999995,1.15,0.050375,1.2444359999790322,80
h0.15_r0.2_s10061,10061,0.15,0.2,0.04,recheck,0.9625,0.00625,1.1875,0.053750000000000006,1.599979999923562,80
h0.15_r0.2_s10061,10061,0.15,0.2,0.04,no_task,0.8125,0.05937500000000001,1.4875,0.11887500000000002,1.6059390000009444,80
h0.15_r0.2_s10062,10062,0.15,0.2,0.04,never,0.725,0.15,0.05,0.152,1.1160029999928156,80
h0.15_r0.2_s10062,10062,0.15,0.2,0.04,fresh,1.0,0.0,1.075,0.043,1.1983680000184904,80
h0.15_r0.2_s10062,10062,0.15,0.2,0.04,ttl,1.0,0.0,1.075,0.043,1.3039159999834737,80
h0.15_r0.2_s10062,10062,0.15,0.2,0.04,entropy,0.9625,0.01625,0.85,0.05025,1.2708159999874624,80
h0.15_r0.2_s10062,10062,0.15,0.2,0.04,random,1.0,0.0,1.075,0.043,1.3623629999983677,80
h0.15_r0.2_s10062,10062,0.15,0.2,0.04,myopic,0.975,0.00375,1.0,0.04375,1.3812020000614211,80
h0.15_r0.2_s10062,10062,0.15,0.2,0.04,recheck,0.975,0.00375,1.0125,0.04425,1.636544000007234,80
h0.15_r0.2_s10062,10062,0.15,0.2,0.04,no_task,0.8875,0.058125,1.4875,0.11762500000000001,1.7420529999299106,80
h0.15_r0.2_s10063,10063,0.15,0.2,0.04,never,0.35,0.39812499999999995,0.05,0.4001249999999999,1.0921680000137712,80
h0.15_r0.2_s10063,10063,0.15,0.2,0.04,fresh,1.0,0.0,1.3375,0.053500000000000006,1.2949019999268785,80
h0.15_r0.2_s10063,10063,0.15,0.2,0.04,ttl,1.0,0.0,1.3375,0.053500000000000006,1.3089530000343075,80
h0.15_r0.2_s10063,10063,0.15,0.2,0.04,entropy,0.9625,0.026875,0.9875,0.066375,1.3615120000167735,80
h0.15_r0.2_s10063,10063,0.15,0.2,0.04,random,1.0,0.0,1.3375,0.053500000000000006,1.3799490000110382,80
h0.15_r0.2_s10063,10063,0.15,0.2,0.04,myopic,0.95,0.0075,1.175,0.05450000000000001,1.225978999968902,80
h0.15_r0.2_s10063,10063,0.15,0.2,0.04,recheck,0.9875,0.001875,1.225,0.050875000000000004,1.6044060000695026,80
h0.15_r0.2_s10063,10063,0.15,0.2,0.04,no_task,0.85,0.06937500000000002,1.4875,0.12887500000000002,1.6335000000253785,80
h0.15_r0.2_s10000,10000,0.15,0.2,0.12,never,0.35,0.375625,0.05,0.381625,1.1307360000500921,80
h0.15_r0.2_s10000,10000,0.15,0.2,0.12,fresh,1.0,0.0,1.225,0.147,1.2492939999901864,80
h0.15_r0.2_s10000,10000,0.15,0.2,0.12,ttl,0.8375,0.06124999999999999,0.7125,0.14675,1.271868000003451,80
h0.15_r0.2_s10000,10000,0.15,0.2,0.12,entropy,0.9375,0.036250000000000004,0.95,0.15025,1.3028340000573735,80
h0.15_r0.2_s10000,10000,0.15,0.2,0.12,random,1.0,0.0,1.225,0.147,1.3619520000247576,80
h0.15_r0.2_s10000,10000,0.15,0.2,0.12,myopic,0.7125,0.08562499999999999,0.5375,0.150125,1.2360539999463072,80
h0.15_r0.2_s10000,10000,0.15,0.2,0.12,recheck,0.75,0.07499999999999998,0.6875,0.15749999999999997,1.6267699999161778,80
h0.15_r0.2_s10000,10000,0.15,0.2,0.12,no_task,0.6125,0.145,0.6125,0.2185,1.6133689999833223,80
h0.15_r0.2_s10001,10001,0.15,0.2,0.12,never,0.625,0.23437500000000006,0.05,0.24037500000000006,1.0974659999192227,80
h0.15_r0.2_s10001,10001,0.15,0.2,0.12,fresh,1.0,0.0,0.9875,0.11850000000000001,1.2395189999097056,80
h0.15_r0.2_s10001,10001,0.15,0.2,0.12,ttl,0.8625,0.07750000000000001,0.55,0.14350000000000002,1.2832749999915904,80
h0.15_r0.2_s10001,10001,0.15,0.2,0.12,entropy,0.95,0.035,0.7625,0.1265,1.3052070000867388,80
h0.15_r0.2_s10001,10001,0.15,0.2,0.12,random,1.0,0.0,0.9875,0.11850000000000001,1.3559829999394424,80
h0.15_r0.2_s10001,10001,0.15,0.2,0.12,myopic,0.825,0.05750000000000001,0.475,0.1145,1.240831000018261,80
h0.15_r0.2_s10001,10001,0.15,0.2,0.12,recheck,0.9,0.03875000000000001,0.575,0.10775000000000001,1.5969449999602148,80
h0.15_r0.2_s10001,10001,0.15,0.2,0.12,no_task,0.725,0.10687500000000001,0.6125,0.180375,1.6265799999928277,80
h0.15_r0.2_s10002,10002,0.15,0.2,0.12,never,0.525,0.2512499999999999,0.05,0.2572499999999999,1.0949329999903057,80
h0.15_r0.2_s10002,10002,0.15,0.2,0.12,fresh,1.0,0.0,1.175,0.141,1.269493999984661,80
h0.15_r0.2_s10002,10002,0.15,0.2,0.12,ttl,0.9875,0.008125,0.75,0.09812499999999999,1.2692139999899155,80
h0.15_r0.2_s10002,10002,0.15,0.2,0.12,entropy,1.0,0.0,1.0,0.12,1.3278410000339136,80
h0.15_r0.2_s10002,10002,0.15,0.2,0.12,random,1.0,0.0,1.175,0.141,1.3531399999919813,80
h0.15_r0.2_s10002,10002,0.15,0.2,0.12,myopic,0.825,0.033125,0.6,0.105125,1.2077909999561598,80
h0.15_r0.2_s10002,10002,0.15,0.2,0.12,recheck,0.9375,0.01,0.75,0.09999999999999999,1.6349919999356644,80
h0.15_r0.2_s10002,10002,0.15,0.2,0.12,no_task,0.725,0.0925,0.6125,0.166,1.6164849999995567,80
h0.15_r0.2_s10003,10003,0.15,0.2,0.12,never,0.5625,0.24062499999999995,0.05,0.24662499999999996,1.0957030000326995,80
h0.15_r0.2_s10003,10003,0.15,0.2,0.12,fresh,1.0,0.0,1.1125,0.1335,1.193390000025829,80
h0.15_r0.2_s10003,10003,0.15,0.2,0.12,ttl,0.9625,0.01125,0.65,0.08925000000000001,1.280991000044196,80
h0.15_r0.2_s10003,10003,0.15,0.2,0.12,entropy,0.975,0.006875000000000001,0.825,0.10587500000000001,1.2641460000395455,80
h0.15_r0.2_s10003,10003,0.15,0.2,0.12,random,1.0,0.0,1.1125,0.1335,1.3553329999922425,80
h0.15_r0.2_s10003,10003,0.15,0.2,0.12,myopic,0.7875,0.045625000000000006,0.4875,0.104125,1.1951819999467261,80
h0.15_r0.2_s10003,10003,0.15,0.2,0.12,recheck,0.9125,0.017499999999999998,0.625,0.0925,1.6130489999568454,80
h0.15_r0.2_s10003,10003,0.15,0.2,0.12,no_task,0.7125,0.09062500000000001,0.6125,0.16412500000000002,1.586108999958924,80
h0.15_r0.2_s10004,10004,0.15,0.2,0.12,never,0.5375,0.2956249999999999,0.05,0.3016249999999999,1.1016219999646637,80
h0.15_r0.2_s10004,10004,0.15,0.2,0.12,fresh,1.0,0.0,1.0875,0.1305,1.207359999966684,80
h0.15_r0.2_s10004,10004,0.15,0.2,0.12,ttl,0.8875,0.048749999999999995,0.6875,0.13125,1.2987979999934396,80
h0.15_r0.2_s10004,10004,0.15,0.2,0.12,entropy,0.9875,0.0125,0.9125,0.122,1.2794790000043577,80
h0.15_r0.2_s10004,10004,0.15,0.2,0.12,random,1.0,0.0,1.0875,0.1305,1.3958129999309676,80
h0.15_r0.2_s10004,10004,0.15,0.2,0.12,myopic,0.875,0.043125,0.675,0.124125,1.2027139999872816,80
h0.15_r0.2_s10004,10004,0.15,0.2,0.12,recheck,0.9125,0.032499999999999994,0.775,0.1255,1.598697999952492,80
h0.15_r0.2_s10004,10004,0.15,0.2,0.12,no_task,0.7375,0.13562500000000002,0.6125,0.209125,1.5900040000360605,80
h0.15_r0.2_s10005,10005,0.15,0.2,0.12,never,0.575,0.19312499999999996,0.05,0.19912499999999997,1.1905149999620335,80
h0.15_r0.2_s10005,10005,0.15,0.2,0.12,fresh,1.0,0.0,1.1875,0.14250000000000002,1.2108659999512383,80
h0.15_r0.2_s10005,10005,0.15,0.2,0.12,ttl,0.925,0.045625,0.7375,0.134125,1.385989000027621,80
h0.15_r0.2_s10005,10005,0.15,0.2,0.12,entropy,0.9625,0.0325,0.9,0.1405,1.2927489999583486,80
h0.15_r0.2_s10005,10005,0.15,0.2,0.12,random,1.0,0.0,1.1875,0.14250000000000002,1.4506059999348508,80
h0.15_r0.2_s10005,10005,0.15,0.2,0.12,myopic,0.7625,0.07625000000000001,0.5625,0.14375,1.2145719999807625,80
h0.15_r0.2_s10005,10005,0.15,0.2,0.12,recheck,0.85,0.043125000000000004,0.725,0.130125,1.9485130000020945,80
h0.15_r0.2_s10005,10005,0.15,0.2,0.12,no_task,0.725,0.1325,0.6125,0.20600000000000002,1.6034849999186918,80
h0.15_r0.2_s10006,10006,0.15,0.2,0.12,never,0.5125,0.28500000000000003,0.05,0.29100000000000004,1.1055279999254708,80
h0.15_r0.2_s10006,10006,0.15,0.2,0.12,fresh,1.0,0.0,1.375,0.16499999999999998,1.2252380000745688,80
h0.15_r0.2_s10006,10006,0.15,0.2,0.12,ttl,0.9,0.03,0.7375,0.11850000000000001,1.28919299993413,80
h0.15_r0.2_s10006,10006,0.15,0.2,0.12,entropy,0.9625,0.014374999999999999,1.0,0.134375,1.287401000013233,80
h0.15_r0.2_s10006,10006,0.15,0.2,0.12,random,1.0,0.0,1.375,0.16499999999999998,1.3812019999477343,80
h0.15_r0.2_s10006,10006,0.15,0.2,0.12,myopic,0.775,0.05437500000000001,0.575,0.12337500000000001,1.226459999998042,80
h0.15_r0.2_s10006,10006,0.15,0.2,0.12,recheck,0.825,0.032499999999999994,0.6875,0.11499999999999999,1.6054379999559387,80
h0.15_r0.2_s10006,10006,0.15,0.2,0.12,no_task,0.725,0.10187499999999998,0.6125,0.17537499999999998,1.5838849999454396,80
h0.15_r0.2_s10007,10007,0.15,0.2,0.12,never,0.55,0.2368749999999999,0.05,0.2428749999999999,1.0814720000098532,80
h0.15_r0.2_s10007,10007,0.15,0.2,0.12,fresh,1.0,0.0,1.3125,0.1575,1.24046099995212,80
h0.15_r0.2_s10007,10007,0.15,0.2,0.12,ttl,0.9375,0.039999999999999994,0.7625,0.1315,1.2682919999633668,80
h0.15_r0.2_s10007,10007,0.15,0.2,0.12,entropy,0.9875,0.0125,0.975,0.1295,1.3002099999539496,80
h0.15_r0.2_s10007,10007,0.15,0.2,0.12,random,1.0,0.0,1.3125,0.1575,1.341501999945649,80
h0.15_r0.2_s10007,10007,0.15,0.2,0.12,myopic,0.8125,0.04250000000000001,0.6125,0.11600000000000002,1.2310959999695115,80
h0.15_r0.2_s10007,10007,0.15,0.2,0.12,recheck,0.925,0.016874999999999998,0.7625,0.108375,1.7224330000544796,80
h0.15_r0.2_s10007,10007,0.15,0.2,0.12,no_task,0.675,0.12000000000000002,0.6125,0.1935,1.6166539999176166,80
h0.15_r0.2_s10008,10008,0.15,0.2,0.12,never,0.5625,0.2362499999999999,0.05,0.2422499999999999,1.0854879999442346,80
h0.15_r0.2_s10008,10008,0.15,0.2,0.12,fresh,1.0,0.0,1.2625,0.1515,1.2406609999970897,80
h0.15_r0.2_s10008,10008,0.15,0.2,0.12,ttl,0.9375,0.018125,0.7875,0.112625,1.2835449999784032,80
h0.15_r0.2_s10008,10008,0.15,0.2,0.12,entropy,0.975,0.005,0.9875,0.12350000000000001,1.3086229999998977,80
h0.15_r0.2_s10008,10008,0.15,0.2,0.12,random,1.0,0.0,1.2625,0.1515,1.5600100000483508,80
h0.15_r0.2_s10008,10008,0.15,0.2,0.12,myopic,0.85,0.031875,0.5125,0.09337500000000001,1.4096050000489413,80
h0.15_r0.2_s10008,10008,0.15,0.2,0.12,recheck,0.9,0.026250000000000002,0.6625,0.10574999999999998,1.707171000020935,80
h0.15_r0.2_s10008,10008,0.15,0.2,0.12,no_task,0.6875,0.10374999999999998,0.6125,0.17725,1.6217319999896063,80
h0.15_r0.2_s10009,10009,0.15,0.2,0.12,never,0.6375,0.165,0.05,0.171,1.08557800001563,80
h0.15_r0.2_s10009,10009,0.15,0.2,0.12,fresh,1.0,0.0,1.2375,0.1485,1.252198000088356,80
h0.15_r0.2_s10009,10009,0.15,0.2,0.12,ttl,0.95,0.015625,0.775,0.108625,1.4929789999769127,80
h0.15_r0.2_s10009,10009,0.15,0.2,0.12,entropy,0.9875,0.0025,0.9375,0.11499999999999999,1.3073999999733132,80
h0.15_r0.2_s10009,10009,0.15,0.2,0.12,random,1.0,0.0,1.2375,0.1485,1.3797189999422699,80
h0.15_r0.2_s10009,10009,0.15,0.2,0.12,myopic,0.85,0.03125000000000001,0.4375,0.08375000000000002,1.2456880000399906,80
h0.15_r0.2_s10009,10009,0.15,0.2,0.12,recheck,0.925,0.015625,0.675,0.09662499999999999,1.6117469999699097,80
h0.15_r0.2_s10009,10009,0.15,0.2,0.12,no_task,0.7125,0.10250000000000001,0.6125,0.17600000000000002,1.593870000078823,80
h0.15_r0.2_s10010,10010,0.15,0.2,0.12,never,0.4125,0.4149999999999999,0.05,0.42099999999999993,1.0928689999900598,80
h0.15_r0.2_s10010,10010,0.15,0.2,0.12,fresh,1.0,0.0,1.225,0.147,1.2478219999820794,80
h0.15_r0.2_s10010,10010,0.15,0.2,0.12,ttl,0.8875,0.04625,0.725,0.13325,1.2621429999626343,80
h0.15_r0.2_s10010,10010,0.15,0.2,0.12,entropy,0.975,0.009375,0.875,0.114375,1.5623030000142535,80
h0.15_r0.2_s10010,10010,0.15,0.2,0.12,random,1.0,0.0,1.225,0.147,1.358987999992678,80
h0.15_r0.2_s10010,10010,0.15,0.2,0.12,myopic,0.7375,0.085,0.5,0.14500000000000002,1.6155730000946278,80
h0.15_r0.2_s10010,10010,0.15,0.2,0.12,recheck,0.85,0.05750000000000001,0.6625,0.137,1.7181569999138446,80
h0.15_r0.2_s10010,10010,0.15,0.2,0.12,no_task,0.675,0.14499999999999996,0.6125,0.21849999999999997,1.6076609999799985,80
h0.15_r0.2_s10011,10011,0.15,0.2,0.12,never,0.575,0.2331249999999999,0.05,0.2391249999999999,1.073770999937551,80
h0.15_r0.2_s10011,10011,0.15,0.2,0.12,fresh,1.0,0.0,1.175,0.141,1.2273309999955018,80
h0.15_r0.2_s10011,10011,0.15,0.2,0.12,ttl,0.9,0.03375,0.6625,0.11324999999999999,1.3584670000454935,80
h0.15_r0.2_s10011,10011,0.15,0.2,0.12,entropy,0.975,0.0043749999999999995,0.875,0.109375,1.3164239999241545,80
h0.15_r0.2_s10011,10011,0.15,0.2,0.12,random,1.0,0.0,1.175,0.141,1.348763000009967,80
h0.15_r0.2_s10011,10011,0.15,0.2,0.12,myopic,0.825,0.043750000000000004,0.425,0.09475,1.2975160000223696,80
h0.15_r0.2_s10011,10011,0.15,0.2,0.12,recheck,0.8125,0.04062500000000001,0.5875,0.111125,1.569284000083826,80
h0.15_r0.2_s10011,10011,0.15,0.2,0.12,no_task,0.775,0.06312500000000001,0.6125,0.13662500000000002,1.7548119999446499,80
h0.15_r0.2_s10012,10012,0.15,0.2,0.12,never,0.5125,0.34437500000000004,0.05,0.35037500000000005,1.0982669999748396,80
h0.15_r0.2_s10012,10012,0.15,0.2,0.12,fresh,1.0,0.0,1.25,0.15,1.3108659999261363,80
h0.15_r0.2_s10012,10012,0.15,0.2,0.12,ttl,0.9375,0.01875,0.75,0.10874999999999999,1.269975000013801,80
h0.15_r0.2_s10012,10012,0.15,0.2,0.12,entropy,1.0,0.0,0.9375,0.1125,1.383225000040511,80
h0.15_r0.2_s10012,10012,0.15,0.2,0.12,random,1.0,0.0,1.25,0.15,1.3596290000350564,80
h0.15_r0.2_s10012,10012,0.15,0.2,0.12,myopic,0.8875,0.025,0.5625,0.0925,1.295953999942867,80
h0.15_r0.2_s10012,10012,0.15,0.2,0.12,recheck,0.9375,0.014374999999999999,0.7,0.09837499999999999,1.6171160000340024,80
h0.15_r0.2_s10012,10012,0.15,0.2,0.12,no_task,0.825,0.06437500000000002,0.6125,0.13787500000000003,1.6935799999373558,80
h0.15_r0.2_s10013,10013,0.15,0.2,0.12,never,0.65,0.12062500000000002,0.05,0.12662500000000004,1.17109600000731,80
h0.15_r0.2_s10013,10013,0.15,0.2,0.12,fresh,1.0,0.0,1.2375,0.1485,1.2913159999925483,80
h0.15_r0.2_s10013,10013,0.15,0.2,0.12,ttl,0.9375,0.025625,0.6875,0.10812499999999999,1.2740910000275107,80
h0.15_r0.2_s10013,10013,0.15,0.2,0.12,entropy,0.9875,0.0043749999999999995,0.875,0.109375,1.34504699997251,80
h0.15_r0.2_s10013,10013,0.15,0.2,0.12,random,1.0,0.0,1.2375,0.1485,1.380120000021634,80
h0.15_r0.2_s10013,10013,0.15,0.2,0.12,myopic,0.7875,0.055625000000000015,0.55,0.12162500000000001,1.2898649999897316,80
h0.15_r0.2_s10013,10013,0.15,0.2,0.12,recheck,0.8625,0.025,0.7125,0.1105,1.6176359999917622,80
h0.15_r0.2_s10013,10013,0.15,0.2,0.12,no_task,0.75,0.07000000000000003,0.6125,0.14350000000000002,1.781442000037714,80
h0.15_r0.2_s10014,10014,0.15,0.2,0.12,never,0.525,0.29749999999999993,0.05,0.30349999999999994,1.1007809999910023,80
h0.15_r0.2_s10014,10014,0.15,0.2,0.12,fresh,1.0,0.0,1.2,0.144,1.301582000110102,80
h0.15_r0.2_s10014,10014,0.15,0.2,0.12,ttl,0.925,0.041875,0.7,0.12587500000000001,1.2746819999165382,80
h0.15_r0.2_s10014,10014,0.15,0.2,0.12,entropy,0.9625,0.029375000000000002,0.925,0.14037499999999997,1.3692030000811428,80
h0.15_r0.2_s10014,10014,0.15,0.2,0.12,random,1.0,0.0,1.2,0.144,1.365707999980259,80
h0.15_r0.2_s10014,10014,0.15,0.2,0.12,myopic,0.8,0.04562500000000001,0.575,0.114625,1.3524689999258044,80
h0.15_r0.2_s10014,10014,0.15,0.2,0.12,recheck,0.8625,0.035625,0.725,0.12262499999999998,1.69262899999012,80
h0.15_r0.2_s10014,10014,0.15,0.2,0.12,no_task,0.7625,0.06875,0.6125,0.14225,1.5778160000081698,80
h0.15_r0.2_s10015,10015,0.15,0.2,0.12,never,0.4625,0.2818749999999998,0.05,0.2878749999999998,1.0725189999902796,80
h0.15_r0.2_s10015,10015,0.15,0.2,0.12,fresh,1.0,0.0,1.275,0.153,1.1918270000705888,80
h0.15_r0.2_s10015,10015,0.15,0.2,0.12,ttl,0.875,0.07812499999999999,0.775,0.17112499999999997,1.2705460000006497,80
h0.15_r0.2_s10015,10015,0.15,0.2,0.12,entropy,0.925,0.04,0.9875,0.1585,1.265458000034414,80
h0.15_r0.2_s10015,10015,0.15,0.2,0.12,random,1.0,0.0,1.275,0.153,1.3611019999189011,80
h0.15_r0.2_s10015,10015,0.15,0.2,0.12,myopic,0.7625,0.06750000000000002,0.5125,0.129,1.4180570000235093,80
h0.15_r0.2_s10015,10015,0.15,0.2,0.12,recheck,0.85,0.05250000000000001,0.6875,0.135,1.6323080000120171,80
h0.15_r0.2_s10015,10015,0.15,0.2,0.12,no_task,0.6625,0.12625000000000003,0.6125,0.19975,1.5807910000376069,80
h0.15_r0.2_s10016,10016,0.15,0.2,0.12,never,0.45,0.29,0.05,0.296,1.1163440000245828,80
h0.15_r0.2_s10016,10016,0.15,0.2,0.12,fresh,1.0,0.0,1.275,0.153,1.2071099999957369,80
h0.15_r0.2_s10016,10016,0.15,0.2,0.12,ttl,0.95,0.048125,0.7,0.132125,1.2747119999403367,80
h0.15_r0.2_s10016,10016,0.15,0.2,0.12,entropy,0.95,0.045,0.925,0.15599999999999997,1.2662489999684112,80
h0.15_r0.2_s10016,10016,0.15,0.2,0.12,random,1.0,0.0,1.275,0.153,1.3810710000825566,80
h0.15_r0.2_s10016,10016,0.15,0.2,0.12,myopic,0.8375,0.043125,0.575,0.11212499999999999,1.2089630000673424,80
h0.15_r0.2_s10016,10016,0.15,0.2,0.12,recheck,0.9125,0.032499999999999994,0.7,0.1165,1.5965549999918949,80
h0.15_r0.2_s10016,10016,0.15,0.2,0.12,no_task,0.675,0.13499999999999998,0.6125,0.2085,1.6843060000155674,80
h0.15_r0.2_s10017,10017,0.15,0.2,0.12,never,0.725,0.148125,0.05,0.154125,1.1134399999264133,80
h0.15_r0.2_s10017,10017,0.15,0.2,0.12,fresh,1.0,0.0,1.2,0.144,1.2559739999460362,80
h0.15_r0.2_s10017,10017,0.15,0.2,0.12,ttl,0.8875,0.046875,0.6875,0.129375,1.2955839999904128,80
h0.15_r0.2_s10017,10017,0.15,0.2,0.12,entropy,0.9625,0.01875,0.9125,0.12825,1.2940199999320612,80
h0.15_r0.2_s10017,10017,0.15,0.2,0.12,random,1.0,0.0,1.2,0.144,1.3524080000024696,80
h0.15_r0.2_s10017,10017,0.15,0.2,0.12,myopic,0.8375,0.06375,0.5375,0.12825,1.1843759999692338,80
h0.15_r0.2_s10017,10017,0.15,0.2,0.12,recheck,0.8875,0.03625,0.7,0.12025,1.8101449999221586,80
h0.15_r0.2_s10017,10017,0.15,0.2,0.12,no_task,0.7625,0.11687500000000002,0.6125,0.19037500000000002,1.5811920000032842,80
h0.15_r0.2_s10018,10018,0.15,0.2,0.12,never,0.525,0.30999999999999994,0.05,0.31599999999999995,1.0740110000142522,80
h0.15_r0.2_s10018,10018,0.15,0.2,0.12,fresh,1.0,0.0,1.225,0.147,1.2098350000542268,80
h0.15_r0.2_s10018,10018,0.15,0.2,0.12,ttl,0.925,0.043125,0.7125,0.128625,1.251837000040723,80
h0.15_r0.2_s10018,10018,0.15,0.2,0.12,entropy,0.95,0.028749999999999998,0.8625,0.13224999999999998,1.276613999948495,80
h0.15_r0.2_s10018,10018,0.15,0.2,0.12,random,1.0,0.0,1.225,0.147,1.330065000047398,80
h0.15_r0.2_s10018,10018,0.15,0.2,0.12,myopic,0.775,0.06375000000000001,0.55,0.12975,1.2172659999123425,80
h0.15_r0.2_s10018,10018,0.15,0.2,0.12,recheck,0.8625,0.040624999999999994,0.65,0.11862500000000001,1.5860490000250138,80
h0.15_r0.2_s10018,10018,0.15,0.2,0.12,no_task,0.7375,0.06500000000000003,0.6125,0.1385,1.645828000050642,80
h0.15_r0.2_s10019,10019,0.15,0.2,0.12,never,0.4875,0.27,0.05,0.276,1.0703060000878395,80
h0.15_r0.2_s10019,10019,0.15,0.2,0.12,fresh,1.0,0.0,1.1875,0.14250000000000002,1.2214719999974477,80
h0.15_r0.2_s10019,10019,0.15,0.2,0.12,ttl,0.975,0.005,0.75,0.095,1.2711159999980737,80
h0.15_r0.2_s10019,10019,0.15,0.2,0.12,entropy,1.0,0.0,0.925,0.11099999999999999,1.301592000004348,80
h0.15_r0.2_s10019,10019,0.15,0.2,0.12,random,1.0,0.0,1.1875,0.14250000000000002,1.3542609999603883,80
h0.15_r0.2_s10019,10019,0.15,0.2,0.12,myopic,0.8375,0.031875,0.525,0.094875,1.2075509999931455,80
h0.15_r0.2_s10019,10019,0.15,0.2,0.12,recheck,0.9625,0.006875000000000001,0.675,0.087875,1.853950000054283,80
h0.15_r0.2_s10019,10019,0.15,0.2,0.12,no_task,0.775,0.06000000000000002,0.6125,0.1335,1.598877999981596,80
h0.15_r0.2_s10020,10020,0.15,0.2,0.12,never,0.5375,0.22999999999999993,0.05,0.23599999999999993,1.1015720000386864,80
h0.15_r0.2_s10020,10020,0.15,0.2,0.12,fresh,1.0,0.0,1.05,0.126,1.2412309999945137,80
h0.15_r0.2_s10020,10020,0.15,0.2,0.12,ttl,0.925,0.025625,0.65,0.103625,1.3358539999899222,80
h0.15_r0.2_s10020,10020,0.15,0.2,0.12,entropy,0.975,0.01,0.7875,0.1045,1.3162840000404685,80
h0.15_r0.2_s10020,10020,0.15,0.2,0.12,random,1.0,0.0,1.05,0.126,1.3469700000996454,80
h0.15_r0.2_s10020,10020,0.15,0.2,0.12,myopic,0.825,0.0425,0.5375,0.10700000000000001,1.2221729999737363,80
h0.15_r0.2_s10020,10020,0.15,0.2,0.12,recheck,0.8875,0.026875,0.6375,0.103375,1.5955640000129279,80
h0.15_r0.2_s10020,10020,0.15,0.2,0.12,no_task,0.6875,0.12562500000000001,0.6125,0.199125,1.5916369999331437,80
h0.15_r0.2_s10021,10021,0.15,0.2,0.12,never,0.375,0.35124999999999995,0.05,0.35724999999999996,1.08737999994446,80
h0.15_r0.2_s10021,10021,0.15,0.2,0.12,fresh,1.0,0.0,1.325,0.15899999999999997,1.2149320000389707,80
h0.15_r0.2_s10021,10021,0.15,0.2,0.12,ttl,0.8875,0.075625,0.7875,0.170125,1.2846260000287657,80
h0.15_r0.2_s10021,10021,0.15,0.2,0.12,entropy,0.95,0.05,1.05,0.176,1.2753329999668495,80
h0.15_r0.2_s10021,10021,0.15,0.2,0.12,random,1.0,0.0,1.325,0.15899999999999997,1.371997999967789,80
h0.15_r0.2_s10021,10021,0.15,0.2,0.12,myopic,0.725,0.08437500000000003,0.6125,0.15787500000000004,1.208862999988014,80
h0.15_r0.2_s10021,10021,0.15,0.2,0.12,recheck,0.8375,0.052500000000000005,0.7625,0.144,1.6415320000078282,80
h0.15_r0.2_s10021,10021,0.15,0.2,0.12,no_task,0.6,0.1475,0.6125,0.221,1.5922680000812761,80
h0.15_r0.2_s10022,10022,0.15,0.2,0.12,never,0.5375,0.2762500000000001,0.05,0.2822500000000001,1.2878409999075302,80
h0.15_r0.2_s10022,10022,0.15,0.2,0.12,fresh,1.0,0.0,1.3875,0.1665,1.4487730001064847,80
h0.15_r0.2_s10022,10022,0.15,0.2,0.12,ttl,0.8875,0.041249999999999995,0.7875,0.13574999999999998,1.2856280000050901,80
h0.15_r0.2_s10022,10022,0.15,0.2,0.12,entropy,0.9625,0.00625,1.05,0.13225,1.3013520000413337,80
h0.15_r0.2_s10022,10022,0.15,0.2,0.12,random,1.0,0.0,1.3875,0.1665,1.3660289999961606,80
h0.15_r0.2_s10022,10022,0.15,0.2,0.12,myopic,0.8375,0.0375,0.4625,0.093,1.2117680000756081,80
h0.15_r0.2_s10022,10022,0.15,0.2,0.12,recheck,0.8375,0.034375,0.65,0.112375,1.6312870000092516,80
h0.15_r0.2_s10022,10022,0.15,0.2,0.12,no_task,0.675,0.12125000000000001,0.6125,0.19475000000000003,1.5958939999336508,80
h0.15_r0.2_s10023,10023,0.15,0.2,0.12,never,0.525,0.18624999999999994,0.05,0.19224999999999995,1.126349000060145,80
h0.15_r0.2_s10023,10023,0.15,0.2,0.12,fresh,1.0,0.0,1.25,0.15,1.2350819999937812,80
h0.15_r0.2_s10023,10023,0.15,0.2,0.12,ttl,0.9,0.048125,0.6125,0.12162500000000001,1.2789880000809717,80
h0.15_r0.2_s10023,10023,0.15,0.2,0.12,entropy,0.9375,0.027500000000000004,0.8125,0.125,1.2765840000383832,80
h0.15_r0.2_s10023,10023,0.15,0.2,0.12,random,1.0,0.0,1.25,0.15,1.3655480000807074,80
h0.15_r0.2_s10023,10023,0.15,0.2,0.12,myopic,0.7,0.09125000000000003,0.4625,0.14675000000000002,1.2010010000267357,80
h0.15_r0.2_s10023,10023,0.15,0.2,0.12,recheck,0.825,0.05500000000000001,0.5625,0.12250000000000001,1.57954000007976,80
h0.15_r0.2_s10023,10023,0.15,0.2,0.12,no_task,0.6375,0.11750000000000002,0.6125,0.191,1.5873199999987264,80
h0.15_r0.2_s10024,10024,0.15,0.2,0.12,never,0.4875,0.32875000000000004,0.05,0.33475000000000005,1.084977000004983,80
h0.15_r0.2_s10024,10024,0.15,0.2,0.12,fresh,1.0,0.0,1.2375,0.1485,1.3105059999816149,80
h0.15_r0.2_s10024,10024,0.15,0.2,0.12,ttl,0.9125,0.026875,0.6625,0.106375,1.2698749999344727,80
h0.15_r0.2_s10024,10024,0.15,0.2,0.12,entropy,0.9625,0.010624999999999999,0.925,0.12162499999999998,1.2795390000519546,80
h0.15_r0.2_s10024,10024,0.15,0.2,0.12,random,1.0,0.0,1.2375,0.1485,1.3452480000069045,80
h0.15_r0.2_s10024,10024,0.15,0.2,0.12,myopic,0.85,0.03937500000000001,0.5875,0.10987499999999999,1.2227140000504733,80
h0.15_r0.2_s10024,10024,0.15,0.2,0.12,recheck,0.9125,0.01875,0.675,0.09974999999999999,1.5874609999855238,80
h0.15_r0.2_s10024,10024,0.15,0.2,0.12,no_task,0.8,0.079375,0.6125,0.152875,1.5868799999907424,80
h0.15_r0.2_s10025,10025,0.15,0.2,0.12,never,0.525,0.324375,0.05,0.33037500000000003,1.0805599999912374,80
h0.15_r0.2_s10025,10025,0.15,0.2,0.12,fresh,1.0,0.0,1.0625,0.1275,1.2032749999661974,80
h0.15_r0.2_s10025,10025,0.15,0.2,0.12,ttl,0.9125,0.0325,0.65,0.1105,1.2592390000918385,80
h0.15_r0.2_s10025,10025,0.15,0.2,0.12,entropy,0.975,0.006875000000000001,0.8125,0.104375,1.275321999969492,80
h0.15_r0.2_s10025,10025,0.15,0.2,0.12,random,1.0,0.0,1.0625,0.1275,1.3524989999496029,80
h0.15_r0.2_s10025,10025,0.15,0.2,0.12,myopic,0.85,0.031249999999999993,0.5875,0.10174999999999998,1.2282620000405586,80
h0.15_r0.2_s10025,10025,0.15,0.2,0.12,recheck,0.8875,0.023749999999999997,0.675,0.10474999999999998,1.8289329999561232,80
h0.15_r0.2_s10025,10025,0.15,0.2,0.12,no_task,0.8375,0.06375,0.6125,0.13725,1.702483000030952,80
h0.15_r0.2_s10026,10026,0.15,0.2,0.12,never,0.5875,0.20375000000000001,0.05,0.20975000000000002,1.0981469999933324,80
h0.15_r0.2_s10026,10026,0.15,0.2,0.12,fresh,1.0,0.0,1.1375,0.1365,1.233619999993607,80
h0.15_r0.2_s10026,10026,0.15,0.2,0.12,ttl,0.875,0.03937500000000001,0.6625,0.118875,1.2563440000121773,80
h0.15_r0.2_s10026,10026,0.15,0.2,0.12,entropy,0.9625,0.0075000000000000015,0.875,0.1125,1.3008409999883952,80
h0.15_r0.2_s10026,10026,0.15,0.2,0.12,random,1.0,0.0,1.1375,0.1365,1.4770049999697221,80
h0.15_r0.2_s10026,10026,0.15,0.2,0.12,myopic,0.85,0.0375,0.5375,0.10200000000000001,1.2527190000355404,80
h0.15_r0.2_s10026,10026,0.15,0.2,0.12,recheck,0.8625,0.026875,0.6875,0.109375,1.954050999984247,80
h0.15_r0.2_s10026,10026,0.15,0.2,0.12,no_task,0.7625,0.08812500000000001,0.6125,0.161625,1.742092999961642,80
h0.15_r0.2_s10027,10027,0.15,0.2,0.12,never,0.525,0.260625,0.05,0.266625,1.0926290000270455,80
h0.15_r0.2_s10027,10027,0.15,0.2,0.12,fresh,1.0,0.0,1.0625,0.1275,1.4764850000119623,80
h0.15_r0.2_s10027,10027,0.15,0.2,0.12,ttl,0.925,0.03,0.6625,0.1095,1.272668999945381,80
h0.15_r0.2_s10027,10027,0.15,0.2,0.12,entropy,0.975,0.015,0.825,0.11399999999999999,1.2901049999527459,80
h0.15_r0.2_s10027,10027,0.15,0.2,0.12,random,1.0,0.0,1.0625,0.1275,1.3341100000161532,80
h0.15_r0.2_s10027,10027,0.15,0.2,0.12,myopic,0.85,0.03875000000000001,0.6,0.11074999999999999,1.231226999948376,80
h0.15_r0.2_s10027,10027,0.15,0.2,0.12,recheck,0.95,0.00875,0.725,0.09575,1.6012410000030286,80
h0.15_r0.2_s10027,10027,0.15,0.2,0.12,no_task,0.6875,0.131875,0.6125,0.205375,1.5878809999776422,80
h0.15_r0.2_s10028,10028,0.15,0.2,0.12,never,0.3875,0.3356249999999999,0.05,0.3416249999999999,1.090655999973933,80
h0.15_r0.2_s10028,10028,0.15,0.2,0.12,fresh,1.0,0.0,1.325,0.15899999999999997,1.2540110000145432,80
h0.15_r0.2_s10028,10028,0.15,0.2,0.12,ttl,0.9625,0.0125,0.7,0.0965,1.2682020000056582,80
h0.15_r0.2_s10028,10028,0.15,0.2,0.12,entropy,0.95,0.018125000000000002,0.925,0.129125,1.3334499999473337,80
h0.15_r0.2_s10028,10028,0.15,0.2,0.12,random,1.0,0.0,1.325,0.15899999999999997,1.3446469999962574,80
h0.15_r0.2_s10028,10028,0.15,0.2,0.12,myopic,0.7875,0.07562499999999998,0.5125,0.137125,1.4173959999652652,80
h0.15_r0.2_s10028,10028,0.15,0.2,0.12,recheck,0.9375,0.027500000000000004,0.6625,0.10699999999999998,1.6003609999870605,80
h0.15_r0.2_s10028,10028,0.15,0.2,0.12,no_task,0.775,0.0675,0.6125,0.14100000000000001,1.6067899999825386,80
h0.15_r0.2_s10029,10029,0.15,0.2,0.12,never,0.45,0.3362499999999998,0.05,0.34224999999999983,1.0807809999278106,80
h0.15_r0.2_s10029,10029,0.15,0.2,0.12,fresh,1.0,0.0,1.125,0.13499999999999998,1.2350620000916024,80
h0.15_r0.2_s10029,10029,0.15,0.2,0.12,ttl,0.875,0.07062500000000001,0.75,0.160625,1.2768149999828893,80
h0.15_r0.2_s10029,10029,0.15,0.2,0.12,entropy,0.975,0.025,0.975,0.142,1.303895999967608,80
h0.15_r0.2_s10029,10029,0.15,0.2,0.12,random,1.0,0.0,1.125,0.13499999999999998,1.3630449999482153,80
h0.15_r0.2_s10029,10029,0.15,0.2,0.12,myopic,0.7625,0.06750000000000003,0.6125,0.14100000000000001,1.2144820000230538,80
h0.15_r0.2_s10029,10029,0.15,0.2,0.12,recheck,0.875,0.03687499999999999,0.75,0.126875,1.6236050000770774,80
h0.15_r0.2_s10029,10029,0.15,0.2,0.12,no_task,0.75,0.08187500000000003,0.6125,0.15537500000000004,1.5889829999196081,80
h0.15_r0.2_s10030,10030,0.15,0.2,0.12,never,0.5375,0.2893749999999999,0.05,0.2953749999999999,1.1092639999787934,80
h0.15_r0.2_s10030,10030,0.15,0.2,0.12,fresh,1.0,0.0,1.35,0.16199999999999998,1.2118270000200937,80
h0.15_r0.2_s10030,10030,0.15,0.2,0.12,ttl,0.85,0.04562499999999999,0.7625,0.137125,1.3006710000809107,80
h0.15_r0.2_s10030,10030,0.15,0.2,0.12,entropy,0.9375,0.027500000000000004,0.975,0.1445,1.280731000065316,80
h0.15_r0.2_s10030,10030,0.15,0.2,0.12,random,1.0,0.0,1.35,0.16199999999999998,1.3767750000397427,80
h0.15_r0.2_s10030,10030,0.15,0.2,0.12,myopic,0.7375,0.08562500000000003,0.5625,0.153125,1.2108460000490595,80
h0.15_r0.2_s10030,10030,0.15,0.2,0.12,recheck,0.8,0.052500000000000005,0.7,0.1365,1.6303759999800604,80
h0.15_r0.2_s10030,10030,0.15,0.2,0.12,no_task,0.5875,0.15875,0.6125,0.23225,1.5717770000946985,80
h0.15_r0.2_s10031,10031,0.15,0.2,0.12,never,0.5375,0.261875,0.05,0.26787500000000003,1.1017829999673268,80
h0.15_r0.2_s10031,10031,0.15,0.2,0.12,fresh,1.0,0.0,1.225,0.147,1.2318369999775314,80
h0.15_r0.2_s10031,10031,0.15,0.2,0.12,ttl,0.9125,0.045625,0.675,0.126625,1.2614419999863458,80
h0.15_r0.2_s10031,10031,0.15,0.2,0.12,entropy,0.9625,0.0225,0.875,0.1275,1.451637000059236,80
h0.15_r0.2_s10031,10031,0.15,0.2,0.12,random,1.0,0.0,1.225,0.147,1.3675610000518645,80
h0.15_r0.2_s10031,10031,0.15,0.2,0.12,myopic,0.775,0.058750000000000004,0.475,0.11574999999999999,1.1896340000703276,80
h0.15_r0.2_s10031,10031,0.15,0.2,0.12,recheck,0.775,0.05062499999999999,0.6125,0.124125,1.6007309999395147,80
h0.15_r0.2_s10031,10031,0.15,0.2,0.12,no_task,0.7625,0.09375000000000001,0.6125,0.16725,1.7598690000113493,80
h0.15_r0.2_s10032,10032,0.15,0.2,0.12,never,0.575,0.19687499999999997,0.05,0.20287499999999997,1.082193999991432,80
h0.15_r0.2_s10032,10032,0.15,0.2,0.12,fresh,1.0,0.0,1.4,0.16799999999999998,1.2098449999484728,80
h0.15_r0.2_s10032,10032,0.15,0.2,0.12,ttl,0.8875,0.04625,0.7875,0.14075,1.2796099999832222,80
h0.15_r0.2_s10032,10032,0.15,0.2,0.12,entropy,0.95,0.024375,1.0,0.14437499999999998,1.3140209999846775,80
h0.15_r0.2_s10032,10032,0.15,0.2,0.12,random,1.0,0.0,1.4,0.16799999999999998,1.40834299998005,80
h0.15_r0.2_s10032,10032,0.15,0.2,0.12,myopic,0.825,0.05500000000000001,0.5125,0.1165,1.209404000064751,80
h0.15_r0.2_s10032,10032,0.15,0.2,0.12,recheck,0.8625,0.033124999999999995,0.7375,0.12162500000000001,1.59992900000816,80
h0.15_r0.2_s10032,10032,0.15,0.2,0.12,no_task,0.7625,0.12125000000000001,0.6125,0.19475000000000003,1.5902850000202307,80
h0.15_r0.2_s10033,10033,0.15,0.2,0.12,never,0.5,0.30000000000000004,0.05,0.30600000000000005,1.0963240000592123,80
h0.15_r0.2_s10033,10033,0.15,0.2,0.12,fresh,1.0,0.0,1.475,0.177,1.2110160000702308,80
h0.15_r0.2_s10033,10033,0.15,0.2,0.12,ttl,0.9125,0.026250000000000002,0.6875,0.10874999999999999,1.2552230000437703,80
h0.15_r0.2_s10033,10033,0.15,0.2,0.12,entropy,0.975,0.00375,1.0375,0.12825,1.2804700000970115,80
h0.15_r0.2_s10033,10033,0.15,0.2,0.12,random,1.0,0.0,1.475,0.177,1.353068999947027,80
h0.15_r0.2_s10033,10033,0.15,0.2,0.12,myopic,0.775,0.05249999999999999,0.55,0.11849999999999998,1.2298139999984414,80
h0.15_r0.2_s10033,10033,0.15,0.2,0.12,recheck,0.8375,0.03374999999999999,0.6625,0.11324999999999999,1.6074609999350287,80
h0.15_r0.2_s10033,10033,0.15,0.2,0.12,no_task,0.65,0.10562500000000004,0.6125,0.17912500000000003,1.620590000015909,80
h0.15_r0.2_s10034,10034,0.15,0.2,0.12,never,0.5125,0.24250000000000002,0.05,0.24850000000000003,1.0832649999201749,80
h0.15_r0.2_s10034,10034,0.15,0.2,0.12,fresh,1.0,0.0,1.2,0.144,1.2419129999443612,80
h0.15_r0.2_s10034,10034,0.15,0.2,0.12,ttl,0.8875,0.035625000000000004,0.7,0.11962500000000001,1.2793180000016946,80
h0.15_r0.2_s10034,10034,0.15,0.2,0.12,entropy,0.925,0.029375000000000002,0.8875,0.135875,1.301911999917138,80
h0.15_r0.2_s10034,10034,0.15,0.2,0.12,random,1.0,0.0,1.2,0.144,1.3744909999786614,80
h0.15_r0.2_s10034,10034,0.15,0.2,0.12,myopic,0.8125,0.07374999999999998,0.4875,0.13224999999999998,1.2436350000371021,80
h0.15_r0.2_s10034,10034,0.15,0.2,0.12,recheck,0.875,0.03625,0.625,0.11125,1.582474000088041,80
h0.15_r0.2_s10034,10034,0.15,0.2,0.12,no_task,0.7125,0.09249999999999999,0.6125,0.16599999999999998,1.6170250000868691,80
h0.15_r0.2_s10035,10035,0.15,0.2,0.12,never,0.475,0.29312499999999997,0.05,0.299125,1.0780269999486336,80
h0.15_r0.2_s10035,10035,0.15,0.2,0.12,fresh,1.0,0.0,1.2625,0.1515,1.448892999974305,80
h0.15_r0.2_s10035,10035,0.15,0.2,0.12,ttl,0.85,0.07500000000000001,0.6625,0.1545,1.2579169999753503,80
h0.15_r0.2_s10035,10035,0.15,0.2,0.12,entropy,0.95,0.029375000000000002,0.95,0.14337499999999997,1.3121579999051391,80
h0.15_r0.2_s10035,10035,0.15,0.2,0.12,random,1.0,0.0,1.2625,0.1515,1.342422999982773,80
h0.15_r0.2_s10035,10035,0.15,0.2,0.12,myopic,0.825,0.063125,0.5625,0.130625,1.2008109999896988,80
h0.15_r0.2_s10035,10035,0.15,0.2,0.12,recheck,0.875,0.0475,0.7125,0.133,1.6038450000905868,80
h0.15_r0.2_s10035,10035,0.15,0.2,0.12,no_task,0.725,0.13,0.6125,0.20350000000000001,1.6103650000331982,80
h0.15_r0.2_s10036,10036,0.15,0.2,0.12,never,0.4125,0.275625,0.05,0.281625,1.0811209999701532,80
h0.15_r0.2_s10036,10036,0.15,0.2,0.12,fresh,1.0,0.0,1.575,0.189,1.211588000046504,80
h0.15_r0.2_s10036,10036,0.15,0.2,0.12,ttl,0.8875,0.049375,0.8625,0.152875,1.2975160000223696,80
h0.15_r0.2_s10036,10036,0.15,0.2,0.12,entropy,0.9375,0.028125,1.1875,0.170625,1.283134000004793,80
h0.15_r0.2_s10036,10036,0.15,0.2,0.12,random,1.0,0.0,1.575,0.189,1.3724279999678402,80
h0.15_r0.2_s10036,10036,0.15,0.2,0.12,myopic,0.675,0.095625,0.575,0.164625,1.2248369999952047,80
h0.15_r0.2_s10036,10036,0.15,0.2,0.12,recheck,0.8625,0.045625,0.75,0.135625,1.6080020000117656,80
h0.15_r0.2_s10036,10036,0.15,0.2,0.12,no_task,0.675,0.13062500000000002,0.6125,0.20412500000000003,1.565118000030452,80
h0.15_r0.2_s10037,10037,0.15,0.2,0.12,never,0.525,0.26000000000000006,0.05,0.26600000000000007,1.0864889999311345,80
h0.15_r0.2_s10037,10037,0.15,0.2,0.12,fresh,1.0,0.0,1.1125,0.1335,1.2302659999932075,80
h0.15_r0.2_s10037,10037,0.15,0.2,0.12,ttl,0.9375,0.046875,0.6875,0.129375,1.2918370000534196,80
h0.15_r0.2_s10037,10037,0.15,0.2,0.12,entropy,0.9375,0.046875,0.8375,0.14737499999999998,1.2883819999842672,80
h0.15_r0.2_s10037,10037,0.15,0.2,0.12,random,1.0,0.0,1.1125,0.1335,1.363916000059362,80
h0.15_r0.2_s10037,10037,0.15,0.2,0.12,myopic,0.85,0.04625,0.5375,0.11074999999999999,1.1939999999412976,80
h0.15_r0.2_s10037,10037,0.15,0.2,0.12,recheck,0.875,0.03812499999999999,0.675,0.119125,1.6267999999399763,80
h0.15_r0.2_s10037,10037,0.15,0.2,0.12,no_task,0.6625,0.175,0.6125,0.2485,1.5779269999711687,80
h0.15_r0.2_s10038,10038,0.15,0.2,0.12,never,0.4375,0.27249999999999985,0.05,0.27849999999999986,1.1358540000401263,80
h0.15_r0.2_s10038,10038,0.15,0.2,0.12,fresh,1.0,0.0,1.3,0.156,1.2281319999374318,80
h0.15_r0.2_s10038,10038,0.15,0.2,0.12,ttl,0.875,0.055624999999999994,0.725,0.142625,1.2758540000277208,80
h0.15_r0.2_s10038,10038,0.15,0.2,0.12,entropy,0.95,0.031875,0.95,0.14587499999999998,1.310585000055653,80
h0.15_r0.2_s10038,10038,0.15,0.2,0.12,random,1.0,0.0,1.3,0.156,1.3952020000260745,80
h0.15_r0.2_s10038,10038,0.15,0.2,0.12,myopic,0.6375,0.11875000000000002,0.5,0.17875000000000002,1.225298000008479,80
h0.15_r0.2_s10038,10038,0.15,0.2,0.12,recheck,0.8,0.06750000000000002,0.675,0.14850000000000002,1.6137000000071566,80
h0.15_r0.2_s10038,10038,0.15,0.2,0.12,no_task,0.6,0.14875,0.6125,0.22224999999999998,1.6134499999225227,80
h0.15_r0.2_s10039,10039,0.15,0.2,0.12,never,0.6125,0.22437500000000005,0.05,0.23037500000000005,1.092178000021704,80
h0.15_r0.2_s10039,10039,0.15,0.2,0.12,fresh,1.0,0.0,1.225,0.147,1.2240560000691403,80
h0.15_r0.2_s10039,10039,0.15,0.2,0.12,ttl,0.9,0.036875,0.675,0.117875,1.2728189999506867,80
h0.15_r0.2_s10039,10039,0.15,0.2,0.12,entropy,0.975,0.00375,0.925,0.11474999999999999,1.3035360000230867,80
h0.15_r0.2_s10039,10039,0.15,0.2,0.12,random,1.0,0.0,1.225,0.147,1.361893000080272,80
h0.15_r0.2_s10039,10039,0.15,0.2,0.12,myopic,0.8375,0.05,0.5625,0.11749999999999998,1.2471700000560304,80
h0.15_r0.2_s10039,10039,0.15,0.2,0.12,recheck,0.9125,0.02125,0.7,0.10525,1.6379160000496995,80
h0.15_r0.2_s10039,10039,0.15,0.2,0.12,no_task,0.775,0.08499999999999999,0.6125,0.1585,1.5815320000456268,80
h0.15_r0.2_s10040,10040,0.15,0.2,0.12,never,0.5375,0.33625000000000005,0.05,0.34225000000000005,1.0835450000286073,80
h0.15_r0.2_s10040,10040,0.15,0.2,0.12,fresh,1.0,0.0,1.1625,0.1395,1.2103149999802554,80
h0.15_r0.2_s10040,10040,0.15,0.2,0.12,ttl,0.95,0.015000000000000003,0.6625,0.0945,1.2551620000067487,80
h0.15_r0.2_s10040,10040,0.15,0.2,0.12,entropy,0.9875,0.001875,0.8625,0.105375,1.3041960000919062,80
h0.15_r0.2_s10040,10040,0.15,0.2,0.12,random,1.0,0.0,1.1625,0.1395,1.352318000044761,80
h0.15_r0.2_s10040,10040,0.15,0.2,0.12,myopic,0.8375,0.039999999999999994,0.5625,0.1075,1.23381999992489,80
h0.15_r0.2_s10040,10040,0.15,0.2,0.12,recheck,0.8625,0.031249999999999993,0.6625,0.11074999999999999,1.7098450000503362,80
h0.15_r0.2_s10040,10040,0.15,0.2,0.12,no_task,0.8,0.10062499999999999,0.6125,0.174125,1.592028000004575,80
h0.15_r0.2_s10041,10041,0.15,0.2,0.12,never,0.4375,0.2874999999999999,0.05,0.2934999999999999,1.081902999999329,80
h0.15_r0.2_s10041,10041,0.15,0.2,0.12,fresh,1.0,0.0,1.2375,0.1485,1.2488939999002469,80
h0.15_r0.2_s10041,10041,0.15,0.2,0.12,ttl,0.875,0.04625,0.7125,0.13174999999999998,1.2563040000941328,80
h0.15_r0.2_s10041,10041,0.15,0.2,0.12,entropy,0.95,0.023125,0.875,0.128125,1.3247070000943495,80
h0.15_r0.2_s10041,10041,0.15,0.2,0.12,random,1.0,0.0,1.2375,0.1485,1.3681919999726233,80
h0.15_r0.2_s10041,10041,0.15,0.2,0.12,myopic,0.7625,0.053125,0.5625,0.12062499999999998,1.4310159999695315,80
h0.15_r0.2_s10041,10041,0.15,0.2,0.12,recheck,0.8625,0.030625000000000003,0.7125,0.11612499999999999,1.6047270000854041,80
h0.15_r0.2_s10041,10041,0.15,0.2,0.12,no_task,0.675,0.12125000000000004,0.6125,0.19475000000000003,1.6156629999386496,80
h0.15_r0.2_s10042,10042,0.15,0.2,0.12,never,0.3875,0.3699999999999998,0.05,0.3759999999999998,1.08901299995523,80
h0.15_r0.2_s10042,10042,0.15,0.2,0.12,fresh,1.0,0.0,1.3,0.156,1.2507459999824277,80
h0.15_r0.2_s10042,10042,0.15,0.2,0.12,ttl,0.8875,0.045625,0.7125,0.131125,1.2664699999049844,80
h0.15_r0.2_s10042,10042,0.15,0.2,0.12,entropy,0.95,0.028749999999999998,0.9375,0.14125000000000001,1.3088729999708448,80
h0.15_r0.2_s10042,10042,0.15,0.2,0.12,random,1.0,0.0,1.3,0.156,1.3529799999787429,80
h0.15_r0.2_s10042,10042,0.15,0.2,0.12,myopic,0.7375,0.08187500000000003,0.5875,0.152375,1.217676000010215,80
h0.15_r0.2_s10042,10042,0.15,0.2,0.12,recheck,0.9125,0.021875,0.7,0.10587499999999998,1.6303849999985687,80
h0.15_r0.2_s10042,10042,0.15,0.2,0.12,no_task,0.6625,0.13249999999999998,0.6125,0.20599999999999996,1.6005299999051203,80
h0.15_r0.2_s10043,10043,0.15,0.2,0.12,never,0.6125,0.25875000000000004,0.05,0.26475000000000004,1.179620000016257,80
h0.15_r0.2_s10043,10043,0.15,0.2,0.12,fresh,1.0,0.0,1.1875,0.14250000000000002,1.192988999946465,80
h0.15_r0.2_s10043,10043,0.15,0.2,0.12,ttl,0.8875,0.066875,0.7,0.150875,1.276824999990822,80
h0.15_r0.2_s10043,10043,0.15,0.2,0.12,entropy,0.9375,0.04375,0.9375,0.15625,1.2714369999002884,80
h0.15_r0.2_s10043,10043,0.15,0.2,0.12,random,1.0,0.0,1.1875,0.14250000000000002,1.3702549999834446,80
h0.15_r0.2_s10043,10043,0.15,0.2,0.12,myopic,0.9,0.041875,0.625,0.11687499999999999,1.1916380000229765,80
h0.15_r0.2_s10043,10043,0.15,0.2,0.12,recheck,0.9125,0.03875,0.7125,0.12425,1.6088230000832482,80
h0.15_r0.2_s10043,10043,0.15,0.2,0.12,no_task,0.7875,0.10187500000000002,0.6125,0.175375,1.6031840000323427,80
h0.15_r0.2_s10044,10044,0.15,0.2,0.12,never,0.6375,0.12312500000000004,0.05,0.12912500000000005,1.1174359999586159,80
h0.15_r0.2_s10044,10044,0.15,0.2,0.12,fresh,1.0,0.0,1.3,0.156,1.2073999999984153,80
h0.15_r0.2_s10044,10044,0.15,0.2,0.12,ttl,0.85,0.058750000000000004,0.7375,0.14725000000000002,1.2717480000219439,80
h0.15_r0.2_s10044,10044,0.15,0.2,0.12,entropy,0.975,0.00375,1.0,0.12375,1.4565950000360317,80
h0.15_r0.2_s10044,10044,0.15,0.2,0.12,random,1.0,0.0,1.3,0.156,1.4309960000673527,80
h0.15_r0.2_s10044,10044,0.15,0.2,0.12,myopic,0.7875,0.043125,0.525,0.106125,1.2041960000033214,80
h0.15_r0.2_s10044,10044,0.15,0.2,0.12,recheck,0.8875,0.021875,0.675,0.10287500000000001,1.6345709999541214,80
h0.15_r0.2_s10044,10044,0.15,0.2,0.12,no_task,0.725,0.08250000000000005,0.6125,0.15600000000000006,1.568682999959492,80
h0.15_r0.2_s10045,10045,0.15,0.2,0.12,never,0.5375,0.23499999999999996,0.05,0.24099999999999996,1.1014010000280905,80
h0.15_r0.2_s10045,10045,0.15,0.2,0.12,fresh,1.0,0.0,1.2,0.144,1.1997699999710676,80
h0.15_r0.2_s10045,10045,0.15,0.2,0.12,ttl,0.875,0.057499999999999996,0.625,0.1325,1.272739000000911,80
h0.15_r0.2_s10045,10045,0.15,0.2,0.12,entropy,0.9625,0.016874999999999998,0.85,0.118875,1.2784970000438989,80
h0.15_r0.2_s10045,10045,0.15,0.2,0.12,random,1.0,0.0,1.2,0.144,1.3550520000080724,80
h0.15_r0.2_s10045,10045,0.15,0.2,0.12,myopic,0.7875,0.06000000000000001,0.525,0.123,1.185328000019581,80
h0.15_r0.2_s10045,10045,0.15,0.2,0.12,recheck,0.8375,0.027499999999999997,0.675,0.1085,1.5761339999471602,80
h0.15_r0.2_s10045,10045,0.15,0.2,0.12,no_task,0.7625,0.12812500000000002,0.6125,0.20162500000000003,1.5876820000357839,80
h0.15_r0.2_s10046,10046,0.15,0.2,0.12,never,0.5625,0.21437499999999998,0.05,0.220375,1.0731099999929938,80
h0.15_r0.2_s10046,10046,0.15,0.2,0.12,fresh,1.0,0.0,1.175,0.141,1.213319999919804,80
h0.15_r0.2_s10046,10046,0.15,0.2,0.12,ttl,0.8875,0.05,0.6875,0.1325,1.2640060000421727,80
h0.15_r0.2_s10046,10046,0.15,0.2,0.12,entropy,0.95,0.02375,0.95,0.13774999999999998,1.2774260000014692,80
h0.15_r0.2_s10046,10046,0.15,0.2,0.12,random,1.0,0.0,1.175,0.141,1.360519999934695,80
h0.15_r0.2_s10046,10046,0.15,0.2,0.12,myopic,0.85,0.0425,0.625,0.11750000000000001,1.2081520000037926,80
h0.15_r0.2_s10046,10046,0.15,0.2,0.12,recheck,0.85,0.031875,0.7375,0.12037499999999998,1.8957930000169654,80
h0.15_r0.2_s10046,10046,0.15,0.2,0.12,no_task,0.7125,0.103125,0.6125,0.17662499999999998,1.572949999967932,80
h0.15_r0.2_s10047,10047,0.15,0.2,0.12,never,0.5375,0.26562500000000006,0.05,0.27162500000000006,1.0869000000184315,80
h0.15_r0.2_s10047,10047,0.15,0.2,0.12,fresh,1.0,0.0,1.0375,0.12449999999999999,1.2274910000087402,80
h0.15_r0.2_s10047,10047,0.15,0.2,0.12,ttl,0.9125,0.03125000000000001,0.6,0.10325,1.2719270000616234,80
h0.15_r0.2_s10047,10047,0.15,0.2,0.12,entropy,0.9875,0.0043749999999999995,0.75,0.09437499999999999,1.2693630000057965,80
h0.15_r0.2_s10047,10047,0.15,0.2,0.12,random,1.0,0.0,1.0375,0.12449999999999999,1.357325999947534,80
h0.15_r0.2_s10047,10047,0.15,0.2,0.12,myopic,0.7625,0.05937500000000001,0.5,0.11937500000000001,1.217286000041895,80
h0.15_r0.2_s10047,10047,0.15,0.2,0.12,recheck,0.8375,0.04187500000000001,0.625,0.11687500000000002,1.5834549999453884,80
h0.15_r0.2_s10047,10047,0.15,0.2,0.12,no_task,0.7875,0.057500000000000016,0.6125,0.131,1.6081619999113173,80
h0.15_r0.2_s10048,10048,0.15,0.2,0.12,never,0.65,0.14937499999999998,0.05,0.15537499999999999,1.0840060000418816,80
h0.15_r0.2_s10048,10048,0.15,0.2,0.12,fresh,1.0,0.0,1.125,0.13499999999999998,1.240099999904487,80
h0.15_r0.2_s10048,10048,0.15,0.2,0.12,ttl,0.85,0.05125,0.6125,0.12475,1.2733900000512222,80
h0.15_r0.2_s10048,10048,0.15,0.2,0.12,entropy,0.9625,0.005625,0.85,0.107625,1.308372000039526,80
h0.15_r0.2_s10048,10048,0.15,0.2,0.12,random,1.0,0.0,1.125,0.13499999999999998,1.3395790000458874,80
h0.15_r0.2_s10048,10048,0.15,0.2,0.12,myopic,0.8,0.036875000000000005,0.5125,0.09837500000000002,1.2272999999822787,80
h0.15_r0.2_s10048,10048,0.15,0.2,0.12,recheck,0.875,0.021249999999999998,0.6125,0.09475,1.858777999927952,80
h0.15_r0.2_s10048,10048,0.15,0.2,0.12,no_task,0.7125,0.08937500000000001,0.6125,0.16287500000000002,1.5945819999387822,80
h0.15_r0.2_s10049,10049,0.15,0.2,0.12,never,0.6,0.1475,0.05,0.1535,1.0692239999343656,80
h0.15_r0.2_s10049,10049,0.15,0.2,0.12,fresh,1.0,0.0,1.2125,0.1455,1.2257879999424404,80
h0.15_r0.2_s10049,10049,0.15,0.2,0.12,ttl,0.975,0.0075,0.6875,0.09,1.2486630000694277,80
h0.15_r0.2_s10049,10049,0.15,0.2,0.12,entropy,1.0,0.0,0.8875,0.1065,1.3068699998939337,80
h0.15_r0.2_s10049,10049,0.15,0.2,0.12,random,1.0,0.0,1.2125,0.1455,1.3466499999594816,80
h0.15_r0.2_s10049,10049,0.15,0.2,0.12,myopic,0.875,0.039999999999999994,0.5125,0.10149999999999999,1.3029540000388806,80
h0.15_r0.2_s10049,10049,0.15,0.2,0.12,recheck,0.9125,0.019375,0.65,0.097375,1.6101050000543182,80
h0.15_r0.2_s10049,10049,0.15,0.2,0.12,no_task,0.8,0.08249999999999999,0.6125,0.156,1.5869799999563838,80
h0.15_r0.2_s10050,10050,0.15,0.2,0.12,never,0.725,0.10000000000000002,0.05,0.10600000000000002,1.074892000019645,80
h0.15_r0.2_s10050,10050,0.15,0.2,0.12,fresh,1.0,0.0,1.0375,0.12449999999999999,1.2124379999249868,80
h0.15_r0.2_s10050,10050,0.15,0.2,0.12,ttl,0.975,0.010625,0.575,0.07962499999999999,1.2788379999619792,80
h0.15_r0.2_s10050,10050,0.15,0.2,0.12,entropy,1.0,0.0,0.7875,0.0945,1.2921180000375898,80
h0.15_r0.2_s10050,10050,0.15,0.2,0.12,random,1.0,0.0,1.0375,0.12449999999999999,1.3769750000847125,80
h0.15_r0.2_s10050,10050,0.15,0.2,0.12,myopic,0.85,0.028125,0.4875,0.086625,1.1952529999916806,80
h0.15_r0.2_s10050,10050,0.15,0.2,0.12,recheck,0.8875,0.019999999999999997,0.6,0.092,1.622093000037239,80
h0.15_r0.2_s10050,10050,0.15,0.2,0.12,no_task,0.8125,0.053750000000000006,0.6125,0.12725,1.5571059999501813,80
h0.15_r0.2_s10051,10051,0.15,0.2,0.12,never,0.5875,0.18625000000000005,0.05,0.19225000000000006,1.1146619999635732,80
h0.15_r0.2_s10051,10051,0.15,0.2,0.12,fresh,1.0,0.0,1.35,0.16199999999999998,1.2028539999846544,80
h0.15_r0.2_s10051,10051,0.15,0.2,0.12,ttl,0.85,0.0675,0.7625,0.15899999999999997,1.267851000079645,80
h0.15_r0.2_s10051,10051,0.15,0.2,0.12,entropy,0.9875,0.001875,1.075,0.13087500000000002,1.313630000026933,80
h0.15_r0.2_s10051,10051,0.15,0.2,0.12,random,1.0,0.0,1.35,0.16199999999999998,1.4244069999449493,80
h0.15_r0.2_s10051,10051,0.15,0.2,0.12,myopic,0.7875,0.05187499999999999,0.6375,0.128375,1.2002199999869845,80
h0.15_r0.2_s10051,10051,0.15,0.2,0.12,recheck,0.8875,0.023124999999999996,0.8,0.119125,1.7165049999903204,80
h0.15_r0.2_s10051,10051,0.15,0.2,0.12,no_task,0.725,0.11062500000000004,0.6125,0.18412500000000004,1.5764649999709945,80
h0.15_r0.2_s10052,10052,0.15,0.2,0.12,never,0.675,0.18374999999999997,0.05,0.18974999999999997,1.173099999959959,80
h0.15_r0.2_s10052,10052,0.15,0.2,0.12,fresh,1.0,0.0,1.2875,0.1545,1.229814999987866,80
h0.15_r0.2_s10052,10052,0.15,0.2,0.12,ttl,0.9625,0.015625,0.7875,0.11012499999999999,1.3611209999453422,80
h0.15_r0.2_s10052,10052,0.15,0.2,0.12,entropy,0.9625,0.008125,1.0,0.128125,1.272548999963874,80
h0.15_r0.2_s10052,10052,0.15,0.2,0.12,random,1.0,0.0,1.2875,0.1545,1.4704550000033123,80
h0.15_r0.2_s10052,10052,0.15,0.2,0.12,myopic,0.85,0.039375,0.575,0.108375,1.2066699999877528,80
h0.15_r0.2_s10052,10052,0.15,0.2,0.12,recheck,0.8625,0.033749999999999995,0.725,0.12075,1.8683619999819712,80
h0.15_r0.2_s10052,10052,0.15,0.2,0.12,no_task,0.7625,0.123125,0.6125,0.196625,1.5744610000183457,80
h0.15_r0.2_s10053,10053,0.15,0.2,0.12,never,0.55,0.22562499999999996,0.05,0.23162499999999997,1.174201000026187,80
h0.15_r0.2_s10053,10053,0.15,0.2,0.12,fresh,1.0,0.0,1.15,0.13799999999999998,1.205618000085451,80
h0.15_r0.2_s10053,10053,0.15,0.2,0.12,ttl,0.925,0.035625,0.7125,0.121125,1.565156999959072,80
h0.15_r0.2_s10053,10053,0.15,0.2,0.12,entropy,0.975,0.014374999999999999,0.8625,0.117875,1.273780000019542,80
h0.15_r0.2_s10053,10053,0.15,0.2,0.12,random,1.0,0.0,1.15,0.13799999999999998,1.3674509999646034,80
h0.15_r0.2_s10053,10053,0.15,0.2,0.12,myopic,0.8,0.044375,0.5625,0.11187499999999999,1.212870000017574,80
h0.15_r0.2_s10053,10053,0.15,0.2,0.12,recheck,0.875,0.024374999999999997,0.7125,0.10987499999999999,1.5964450000183206,80
h0.15_r0.2_s10053,10053,0.15,0.2,0.12,no_task,0.6875,0.12625000000000003,0.6125,0.19975,1.5891430000465334,80
h0.15_r0.2_s10054,10054,0.15,0.2,0.12,never,0.475,0.27,0.05,0.276,1.081991999967613,80
h0.15_r0.2_s10054,10054,0.15,0.2,0.12,fresh,1.0,0.0,1.325,0.15899999999999997,1.2214820000053805,80
h0.15_r0.2_s10054,10054,0.15,0.2,0.12,ttl,0.8625,0.05875000000000001,0.7625,0.15025,1.277376000075492,80
h0.15_r0.2_s10054,10054,0.15,0.2,0.12,entropy,0.9375,0.034375,1.0,0.15437499999999998,1.2956829999666297,80
h0.15_r0.2_s10054,10054,0.15,0.2,0.12,random,1.0,0.0,1.325,0.15899999999999997,1.353118999986691,80
h0.15_r0.2_s10054,10054,0.15,0.2,0.12,myopic,0.7625,0.065625,0.5875,0.136125,1.2496739999505735,80
h0.15_r0.2_s10054,10054,0.15,0.2,0.12,recheck,0.8125,0.04375,0.7375,0.13225,1.5741710000156672,80
h0.15_r0.2_s10054,10054,0.15,0.2,0.12,no_task,0.75,0.108125,0.6125,0.181625,1.7657180000014705,80
h0.15_r0.2_s10055,10055,0.15,0.2,0.12,never,0.6625,0.22999999999999998,0.05,0.236,1.095352999982424,80
h0.15_r0.2_s10055,10055,0.15,0.2,0.12,fresh,1.0,0.0,1.0125,0.12149999999999998,1.2660080000159724,80
h0.15_r0.2_s10055,10055,0.15,0.2,0.12,ttl,0.9375,0.034375,0.575,0.103375,1.4759030000277562,80
h0.15_r0.2_s10055,10055,0.15,0.2,0.12,entropy,0.9875,0.0125,0.7125,0.098,1.31853699997464,80
h0.15_r0.2_s10055,10055,0.15,0.2,0.12,random,1.0,0.0,1.0125,0.12149999999999998,1.3549619999366769,80
h0.15_r0.2_s10055,10055,0.15,0.2,0.12,myopic,0.8875,0.025,0.45,0.079,1.2257490000138205,80
h0.15_r0.2_s10055,10055,0.15,0.2,0.12,recheck,0.9125,0.016874999999999998,0.575,0.08587499999999999,1.5846569999666826,80
h0.15_r0.2_s10055,10055,0.15,0.2,0.12,no_task,0.85,0.06312500000000001,0.6125,0.136625,1.5966140000500673,80
h0.15_r0.2_s10056,10056,0.15,0.2,0.12,never,0.4375,0.23375000000000004,0.05,0.23975000000000005,1.0840059999281948,80
h0.15_r0.2_s10056,10056,0.15,0.2,0.12,fresh,1.0,0.0,1.1,0.13199999999999998,1.2057689999664944,80
h0.15_r0.2_s10056,10056,0.15,0.2,0.12,ttl,0.875,0.04,0.65,0.11800000000000002,1.275293000048805,80
h0.15_r0.2_s10056,10056,0.15,0.2,0.12,entropy,0.95,0.008124999999999999,0.8125,0.105625,1.2734499999851323,80
h0.15_r0.2_s10056,10056,0.15,0.2,0.12,random,1.0,0.0,1.1,0.13199999999999998,1.3664890000200103,80
h0.15_r0.2_s10056,10056,0.15,0.2,0.12,myopic,0.6875,0.06812500000000003,0.45,0.12212500000000004,1.188211999988198,80
h0.15_r0.2_s10056,10056,0.15,0.2,0.12,recheck,0.8125,0.04000000000000001,0.5875,0.1105,1.5887030000385494,80
h0.15_r0.2_s10056,10056,0.15,0.2,0.12,no_task,0.6375,0.10000000000000005,0.6125,0.17350000000000004,1.574691000087114,80
h0.15_r0.2_s10057,10057,0.15,0.2,0.12,never,0.5125,0.346875,0.05,0.352875,1.0984470000039437,80
h0.15_r0.2_s10057,10057,0.15,0.2,0.12,fresh,1.0,0.0,1.325,0.15899999999999997,1.2010510000663999,80
h0.15_r0.2_s10057,10057,0.15,0.2,0.12,ttl,0.925,0.035625000000000004,0.7625,0.127125,1.295542999969257,80
h0.15_r0.2_s10057,10057,0.15,0.2,0.12,entropy,0.9625,0.016249999999999997,0.9875,0.13475,1.2677809999104284,80
h0.15_r0.2_s10057,10057,0.15,0.2,0.12,random,1.0,0.0,1.325,0.15899999999999997,1.37448200007384,80
h0.15_r0.2_s10057,10057,0.15,0.2,0.12,myopic,0.775,0.084375,0.5375,0.148875,1.2031150000666457,80
h0.15_r0.2_s10057,10057,0.15,0.2,0.12,recheck,0.875,0.028125,0.725,0.115125,1.6106050001098993,80
h0.15_r0.2_s10057,10057,0.15,0.2,0.12,no_task,0.5625,0.18875000000000003,0.6125,0.26225,1.560059999974328,80
h0.15_r0.2_s10058,10058,0.15,0.2,0.12,never,0.45,0.31687499999999985,0.05,0.32287499999999986,1.127612000004774,80
h0.15_r0.2_s10058,10058,0.15,0.2,0.12,fresh,1.0,0.0,1.3375,0.1605,1.2144610000177636,80
h0.15_r0.2_s10058,10058,0.15,0.2,0.12,ttl,0.925,0.040625,0.7125,0.126125,1.2840260000075432,80
h0.15_r0.2_s10058,10058,0.15,0.2,0.12,entropy,0.9875,0.0025,1.025,0.1255,1.2730390000115221,80
h0.15_r0.2_s10058,10058,0.15,0.2,0.12,random,1.0,0.0,1.3375,0.1605,1.3891839998905198,80
h0.15_r0.2_s10058,10058,0.15,0.2,0.12,myopic,0.7625,0.045000000000000005,0.575,0.11400000000000002,1.20261400002164,80
h0.15_r0.2_s10058,10058,0.15,0.2,0.12,recheck,0.85,0.029999999999999992,0.7375,0.11850000000000001,1.5779369999791015,80
h0.15_r0.2_s10058,10058,0.15,0.2,0.12,no_task,0.8,0.06125000000000001,0.6125,0.13475,1.5777859999843713,80
h0.15_r0.2_s10059,10059,0.15,0.2,0.12,never,0.55,0.306875,0.05,0.312875,1.086429999986649,80
h0.15_r0.2_s10059,10059,0.15,0.2,0.12,fresh,1.0,0.0,1.25,0.15,1.2076909999905183,80
h0.15_r0.2_s10059,10059,0.15,0.2,0.12,ttl,0.9375,0.0175,0.6625,0.097,1.2728690001040377,80
h0.15_r0.2_s10059,10059,0.15,0.2,0.12,entropy,1.0,0.0,0.9,0.10800000000000001,1.2834149999889632,80
h0.15_r0.2_s10059,10059,0.15,0.2,0.12,random,1.0,0.0,1.25,0.15,1.3572359999898254,80
h0.15_r0.2_s10059,10059,0.15,0.2,0.12,myopic,0.8875,0.026875,0.5,0.086875,1.2264389999927516,80
h0.15_r0.2_s10059,10059,0.15,0.2,0.12,recheck,0.925,0.013125000000000001,0.6125,0.086625,1.9360439999900336,80
h0.15_r0.2_s10059,10059,0.15,0.2,0.12,no_task,0.8125,0.07625,0.6125,0.14975,1.5677119999963907,80
h0.15_r0.2_s10060,10060,0.15,0.2,0.12,never,0.4875,0.3200000000000001,0.05,0.3260000000000001,1.0799799999858806,80
h0.15_r0.2_s10060,10060,0.15,0.2,0.12,fresh,1.0,0.0,1.3,0.156,1.2226540000028763,80
h0.15_r0.2_s10060,10060,0.15,0.2,0.12,ttl,0.8875,0.043125,0.75,0.133125,1.2625339999203788,80
h0.15_r0.2_s10060,10060,0.15,0.2,0.12,entropy,0.95,0.020624999999999998,0.975,0.137625,1.3230349999275859,80
h0.15_r0.2_s10060,10060,0.15,0.2,0.12,random,1.0,0.0,1.3,0.156,1.3623739999957252,80
h0.15_r0.2_s10060,10060,0.15,0.2,0.12,myopic,0.775,0.05625000000000001,0.55,0.12225000000000001,1.2367450000283498,80
h0.15_r0.2_s10060,10060,0.15,0.2,0.12,recheck,0.7875,0.04437499999999999,0.675,0.125375,1.5966449999496035,80
h0.15_r0.2_s10060,10060,0.15,0.2,0.12,no_task,0.75,0.068125,0.6125,0.141625,1.5995689999499518,80
h0.15_r0.2_s10061,10061,0.15,0.2,0.12,never,0.5875,0.17750000000000002,0.05,0.18350000000000002,1.085809000073823,80
h0.15_r0.2_s10061,10061,0.15,0.2,0.12,fresh,1.0,0.0,1.35,0.16199999999999998,1.2353529999700186,80
h0.15_r0.2_s10061,10061,0.15,0.2,0.12,ttl,0.9125,0.0375,0.725,0.12450000000000001,1.25744600006783,80
h0.15_r0.2_s10061,10061,0.15,0.2,0.12,entropy,0.9625,0.019375,0.9625,0.13487500000000002,1.3054180000153792,80
h0.15_r0.2_s10061,10061,0.15,0.2,0.12,random,1.0,0.0,1.35,0.16199999999999998,1.355243000034534,80
h0.15_r0.2_s10061,10061,0.15,0.2,0.12,myopic,0.8375,0.04187500000000001,0.5,0.10187500000000001,1.2265500000694374,80
h0.15_r0.2_s10061,10061,0.15,0.2,0.12,recheck,0.8875,0.04375,0.65,0.12175,1.8155019999994693,80
h0.15_r0.2_s10061,10061,0.15,0.2,0.12,no_task,0.7,0.10499999999999998,0.6125,0.17849999999999996,1.6140609999411026,80
h0.15_r0.2_s10062,10062,0.15,0.2,0.12,never,0.725,0.15,0.05,0.156,1.125206999972761,80
h0.15_r0.2_s10062,10062,0.15,0.2,0.12,fresh,1.0,0.0,1.075,0.129,1.247491000071932,80
h0.15_r0.2_s10062,10062,0.15,0.2,0.12,ttl,0.9375,0.0325,0.7,0.1165,1.2539210000568346,80
h0.15_r0.2_s10062,10062,0.15,0.2,0.12,entropy,0.9625,0.01625,0.85,0.11825000000000001,1.3361240000904218,80
h0.15_r0.2_s10062,10062,0.15,0.2,0.12,random,1.0,0.0,1.075,0.129,1.3260590000072625,80
h0.15_r0.2_s10062,10062,0.15,0.2,0.12,myopic,0.8875,0.03125,0.55,0.09724999999999999,1.197366000042166,80
h0.15_r0.2_s10062,10062,0.15,0.2,0.12,recheck,0.9375,0.020624999999999998,0.7125,0.106125,1.6443760000584007,80
h0.15_r0.2_s10062,10062,0.15,0.2,0.12,no_task,0.75,0.123125,0.6125,0.196625,1.7125790000136476,80
h0.15_r0.2_s10063,10063,0.15,0.2,0.12,never,0.35,0.39812499999999995,0.05,0.4041249999999999,1.0777169999300895,80
h0.15_r0.2_s10063,10063,0.15,0.2,0.12,fresh,1.0,0.0,1.3375,0.1605,1.3664000000517262,80
h0.15_r0.2_s10063,10063,0.15,0.2,0.12,ttl,0.8875,0.058125,0.7375,0.146625,1.2822040000628476,80
h0.15_r0.2_s10063,10063,0.15,0.2,0.12,entropy,0.9625,0.026875,0.9875,0.145375,1.3676219999751993,80
h0.15_r0.2_s10063,10063,0.15,0.2,0.12,random,1.0,0.0,1.3375,0.1605,1.3644879999219484,80
h0.15_r0.2_s10063,10063,0.15,0.2,0.12,myopic,0.6875,0.07812500000000003,0.525,0.14112500000000003,1.2992599999961385,80
h0.15_r0.2_s10063,10063,0.15,0.2,0.12,recheck,0.875,0.03937499999999999,0.725,0.126375,1.633771000001616,80
h0.15_r0.2_s10063,10063,0.15,0.2,0.12,no_task,0.525,0.14937499999999995,0.6125,0.22287499999999993,1.7168870000432435,80
h0.15_r0.2_s10000,10000,0.15,0.2,0.35,never,0.35,0.375625,0.05,0.39312499999999995,1.1981480000713418,80
h0.15_r0.2_s10000,10000,0.15,0.2,0.35,fresh,1.0,0.0,1.225,0.42874999999999996,1.2683530000003884,80
h0.15_r0.2_s10000,10000,0.15,0.2,0.35,ttl,0.6375,0.15437499999999993,0.1875,0.21999999999999992,1.232479999998759,80
h0.15_r0.2_s10000,10000,0.15,0.2,0.35,entropy,0.725,0.103125,0.425,0.25187499999999996,1.294453000014073,80
h0.15_r0.2_s10000,10000,0.15,0.2,0.35,random,0.6375,0.13187500000000002,0.2625,0.22374999999999998,1.3118390000954605,80
h0.15_r0.2_s10000,10000,0.15,0.2,0.35,myopic,0.45,0.22312500000000002,0.1,0.25812500000000005,1.201382999965972,80
h0.15_r0.2_s10000,10000,0.15,0.2,0.35,recheck,0.5375,0.17312499999999992,0.2375,0.2562499999999999,1.55878999999004,80
h0.15_r0.2_s10000,10000,0.15,0.2,0.35,no_task,0.45,0.215625,0.1625,0.2725,1.5942329999916183,80
h0.15_r0.2_s10001,10001,0.15,0.2,0.35,never,0.625,0.23437500000000006,0.05,0.251875,1.0885140000027604,80
h0.15_r0.2_s10001,10001,0.15,0.2,0.35,fresh,1.0,0.0,0.9875,0.34562499999999996,1.2262210000244522,80
h0.15_r0.2_s10001,10001,0.15,0.2,0.35,ttl,0.7625,0.136875,0.1875,0.20249999999999999,1.2543920000780417,80
h0.15_r0.2_s10001,10001,0.15,0.2,0.35,entropy,0.7875,0.11187500000000002,0.35,0.234375,1.2554140000702319,80
h0.15_r0.2_s10001,10001,0.15,0.2,0.35,random,0.7625,0.10687500000000001,0.2875,0.20750000000000002,1.344027000072856,80
h0.15_r0.2_s10001,10001,0.15,0.2,0.35,myopic,0.7,0.151875,0.1125,0.19125,1.2886939999816605,80
h0.15_r0.2_s10001,10001,0.15,0.2,0.35,recheck,0.75,0.10187500000000001,0.2125,0.17625,1.917648000016925,80
h0.15_r0.2_s10001,10001,0.15,0.2,0.35,no_task,0.7,0.151875,0.1625,0.20875,1.6770859999724053,80
h0.15_r0.2_s10002,10002,0.15,0.2,0.35,never,0.525,0.2512499999999999,0.05,0.26874999999999993,1.1051989999941725,80
h0.15_r0.2_s10002,10002,0.15,0.2,0.35,fresh,1.0,0.0,1.175,0.41125,1.1981979999973191,80
h0.15_r0.2_s10002,10002,0.15,0.2,0.35,ttl,0.6,0.2218749999999999,0.2,0.29187499999999994,1.2362759999859918,80
h0.15_r0.2_s10002,10002,0.15,0.2,0.35,entropy,0.8375,0.09625,0.45,0.25375000000000003,1.2781180000729364,80
h0.15_r0.2_s10002,10002,0.15,0.2,0.35,random,0.6625,0.15062499999999998,0.2625,0.2425,1.287732999912805,80
h0.15_r0.2_s10002,10002,0.15,0.2,0.35,myopic,0.6125,0.17375,0.1,0.20875,1.1598610000191911,80
h0.15_r0.2_s10002,10002,0.15,0.2,0.35,recheck,0.75,0.08125000000000002,0.2875,0.181875,1.5652900000304726,80
h0.15_r0.2_s10002,10002,0.15,0.2,0.35,no_task,0.625,0.14625,0.1625,0.203125,1.535515000000487,80
h0.15_r0.2_s10003,10003,0.15,0.2,0.35,never,0.5625,0.24062499999999995,0.05,0.25812499999999994,1.0755450000488054,80
h0.15_r0.2_s10003,10003,0.15,0.2,0.35,fresh,1.0,0.0,1.1125,0.38937499999999997,1.2149329999147085,80
h0.15_r0.2_s10003,10003,0.15,0.2,0.35,ttl,0.6375,0.18249999999999997,0.2,0.25249999999999995,1.2165059999915684,80
h0.15_r0.2_s10003,10003,0.15,0.2,0.35,entropy,0.775,0.0975,0.3875,0.23312499999999997,1.2572069999805535,80
h0.15_r0.2_s10003,10003,0.15,0.2,0.35,random,0.6125,0.16062499999999996,0.35,0.28312499999999996,1.3078129999257726,80
h0.15_r0.2_s10003,10003,0.15,0.2,0.35,myopic,0.6625,0.13062499999999996,0.1125,0.16999999999999998,1.1936509999941336,80
h0.15_r0.2_s10003,10003,0.15,0.2,0.35,recheck,0.6875,0.093125,0.2125,0.16749999999999998,1.7976980000184994,80
h0.15_r0.2_s10003,10003,0.15,0.2,0.35,no_task,0.65,0.14312499999999997,0.1625,0.19999999999999996,1.5760449999788761,80
h0.15_r0.2_s10004,10004,0.15,0.2,0.35,never,0.5375,0.2956249999999999,0.05,0.31312499999999993,1.065347999997357,80
h0.15_r0.2_s10004,10004,0.15,0.2,0.35,fresh,1.0,0.0,1.0875,0.380625,1.2232450000055906,80
h0.15_r0.2_s10004,10004,0.15,0.2,0.35,ttl,0.7125,0.1275,0.1875,0.193125,1.215183999988767,80
h0.15_r0.2_s10004,10004,0.15,0.2,0.35,entropy,0.75,0.13,0.4375,0.28312499999999996,1.2443680000160384,80
h0.15_r0.2_s10004,10004,0.15,0.2,0.35,random,0.7125,0.15125000000000002,0.375,0.28250000000000003,1.4144230000283642,80
h0.15_r0.2_s10004,10004,0.15,0.2,0.35,myopic,0.65,0.180625,0.1,0.215625,1.3164159998950709,80
h0.15_r0.2_s10004,10004,0.15,0.2,0.35,recheck,0.75,0.10874999999999999,0.2875,0.209375,1.5737520000129734,80
h0.15_r0.2_s10004,10004,0.15,0.2,0.35,no_task,0.625,0.20562500000000003,0.1625,0.26250000000000007,1.6655089999630945,80
h0.15_r0.2_s10005,10005,0.15,0.2,0.35,never,0.575,0.19312499999999996,0.05,0.21062499999999998,1.0710679999874628,80
h0.15_r0.2_s10005,10005,0.15,0.2,0.35,fresh,1.0,0.0,1.1875,0.415625,1.2064910000617601,80
h0.15_r0.2_s10005,10005,0.15,0.2,0.35,ttl,0.625,0.175,0.2,0.24499999999999997,1.2393099999599144,80
h0.15_r0.2_s10005,10005,0.15,0.2,0.35,entropy,0.6875,0.13687499999999997,0.4125,0.28124999999999994,1.2544930000331078,80
h0.15_r0.2_s10005,10005,0.15,0.2,0.35,random,0.5875,0.241875,0.2625,0.33375000000000005,1.5860600000223712,80
h0.15_r0.2_s10005,10005,0.15,0.2,0.35,myopic,0.525,0.258125,0.125,0.301875,1.2990599999511687,80
h0.15_r0.2_s10005,10005,0.15,0.2,0.35,recheck,0.6125,0.175,0.275,0.27125,1.5744620000077703,80
h0.15_r0.2_s10005,10005,0.15,0.2,0.35,no_task,0.5625,0.228125,0.1625,0.28500000000000003,1.5434059999961391,80
h0.15_r0.2_s10006,10006,0.15,0.2,0.35,never,0.5125,0.28500000000000003,0.05,0.3025,1.1013530000809624,80
h0.15_r0.2_s10006,10006,0.15,0.2,0.35,fresh,1.0,0.0,1.375,0.48125,1.2161849999756669,80
h0.15_r0.2_s10006,10006,0.15,0.2,0.35,ttl,0.65,0.164375,0.175,0.22562499999999996,1.2406520000922683,80
h0.15_r0.2_s10006,10006,0.15,0.2,0.35,entropy,0.775,0.081875,0.4,0.221875,1.2414340000077573,80
h0.15_r0.2_s10006,10006,0.15,0.2,0.35,random,0.5625,0.23687499999999995,0.3,0.34187499999999993,1.293171000043003,80
h0.15_r0.2_s10006,10006,0.15,0.2,0.35,myopic,0.5875,0.20999999999999996,0.1125,0.24937499999999996,1.161833999958617,80
h0.15_r0.2_s10006,10006,0.15,0.2,0.35,recheck,0.6875,0.12999999999999998,0.275,0.22624999999999998,1.5845679999983986,80
h0.15_r0.2_s10006,10006,0.15,0.2,0.35,no_task,0.5875,0.1725,0.1625,0.22937499999999997,1.5607220000219968,80
h0.15_r0.2_s10007,10007,0.15,0.2,0.35,never,0.55,0.2368749999999999,0.05,0.2543749999999999,1.0714689999531402,80
h0.15_r0.2_s10007,10007,0.15,0.2,0.35,fresh,1.0,0.0,1.3125,0.459375,1.202335000016319,80
h0.15_r0.2_s10007,10007,0.15,0.2,0.35,ttl,0.7,0.179375,0.2,0.24937499999999999,1.2345330000016475,80
h0.15_r0.2_s10007,10007,0.15,0.2,0.35,entropy,0.8625,0.08375,0.4625,0.24562499999999998,1.2765459999855011,80
h0.15_r0.2_s10007,10007,0.15,0.2,0.35,random,0.725,0.134375,0.275,0.230625,1.4211530000238781,80
h0.15_r0.2_s10007,10007,0.15,0.2,0.35,myopic,0.625,0.18437499999999993,0.125,0.2281249999999999,1.1982889999444524,80
h0.15_r0.2_s10007,10007,0.15,0.2,0.35,recheck,0.65,0.11250000000000002,0.275,0.20875000000000005,1.570736999951805,80
h0.15_r0.2_s10007,10007,0.15,0.2,0.35,no_task,0.6125,0.16687499999999994,0.1625,0.22374999999999995,1.590656999951534,80
h0.15_r0.2_s10008,10008,0.15,0.2,0.35,never,0.5625,0.2362499999999999,0.05,0.25374999999999986,1.0827950000020792,80
h0.15_r0.2_s10008,10008,0.15,0.2,0.35,fresh,1.0,0.0,1.2625,0.4418749999999999,1.245509000000311,80
h0.15_r0.2_s10008,10008,0.15,0.2,0.35,ttl,0.6625,0.16937499999999997,0.2,0.23937499999999998,1.226981999934651,80
h0.15_r0.2_s10008,10008,0.15,0.2,0.35,entropy,0.7375,0.098125,0.425,0.246875,1.5101669999921796,80
h0.15_r0.2_s10008,10008,0.15,0.2,0.35,random,0.8,0.11750000000000001,0.4125,0.26187499999999997,1.3163650000933558,80
h0.15_r0.2_s10008,10008,0.15,0.2,0.35,myopic,0.6875,0.10125000000000002,0.1125,0.14062500000000003,1.329745000020921,80
h0.15_r0.2_s10008,10008,0.15,0.2,0.35,recheck,0.7125,0.09125000000000001,0.225,0.17,1.5983990000449921,80
h0.15_r0.2_s10008,10008,0.15,0.2,0.35,no_task,0.675,0.11375000000000002,0.1625,0.17062500000000003,1.5949839998938842,80
h0.15_r0.2_s10009,10009,0.15,0.2,0.35,never,0.6375,0.165,0.05,0.18250000000000002,1.0740219998979228,80
h0.15_r0.2_s10009,10009,0.15,0.2,0.35,fresh,1.0,0.0,1.2375,0.433125,1.2278130000140663,80
h0.15_r0.2_s10009,10009,0.15,0.2,0.35,ttl,0.7625,0.108125,0.1875,0.17375000000000002,1.2604220000866917,80
h0.15_r0.2_s10009,10009,0.15,0.2,0.35,entropy,0.8625,0.06375,0.4125,0.20812499999999998,1.24892499991347,80
h0.15_r0.2_s10009,10009,0.15,0.2,0.35,random,0.7375,0.135,0.2625,0.226875,1.353071000039563,80
h0.15_r0.2_s10009,10009,0.15,0.2,0.35,myopic,0.675,0.14,0.1125,0.179375,1.1617940000405724,80
h0.15_r0.2_s10009,10009,0.15,0.2,0.35,recheck,0.75,0.07312500000000002,0.2125,0.14750000000000002,1.6009329999633337,80
h0.15_r0.2_s10009,10009,0.15,0.2,0.35,no_task,0.6625,0.14500000000000002,0.1625,0.20187500000000003,1.702625000007174,80
h0.15_r0.2_s10010,10010,0.15,0.2,0.35,never,0.4125,0.4149999999999999,0.05,0.43249999999999994,1.101382999991074,80
h0.15_r0.2_s10010,10010,0.15,0.2,0.35,fresh,1.0,0.0,1.225,0.42874999999999996,1.2371069999517204,80
h0.15_r0.2_s10010,10010,0.15,0.2,0.35,ttl,0.5875,0.24375,0.2,0.31375000000000003,1.4045579999901747,80
h0.15_r0.2_s10010,10010,0.15,0.2,0.35,entropy,0.7125,0.17687500000000003,0.4125,0.32125000000000004,1.2566859999196822,80
h0.15_r0.2_s10010,10010,0.15,0.2,0.35,random,0.7,0.13875,0.35,0.26125,1.4810930000521694,80
h0.15_r0.2_s10010,10010,0.15,0.2,0.35,myopic,0.55,0.22749999999999998,0.15,0.27999999999999997,1.171367999972972,80
h0.15_r0.2_s10010,10010,0.15,0.2,0.35,recheck,0.6625,0.12937499999999996,0.275,0.22562499999999996,1.682584999912251,80
h0.15_r0.2_s10010,10010,0.15,0.2,0.35,no_task,0.6375,0.1725,0.1625,0.22937499999999997,1.5258900000389986,80
h0.15_r0.2_s10011,10011,0.15,0.2,0.35,never,0.575,0.2331249999999999,0.05,0.2506249999999999,1.0969270000487086,80
h0.15_r0.2_s10011,10011,0.15,0.2,0.35,fresh,1.0,0.0,1.175,0.41125,1.1916479999172225,80
h0.15_r0.2_s10011,10011,0.15,0.2,0.35,ttl,0.675,0.168125,0.2,0.23812499999999998,1.2369170000283702,80
h0.15_r0.2_s10011,10011,0.15,0.2,0.35,entropy,0.7,0.11312499999999999,0.375,0.24437499999999995,1.246781000077135,80
h0.15_r0.2_s10011,10011,0.15,0.2,0.35,random,0.7375,0.11249999999999998,0.35,0.23499999999999996,1.3227950000782585,80
h0.15_r0.2_s10011,10011,0.15,0.2,0.35,myopic,0.65,0.163125,0.0875,0.19374999999999998,1.1829759999955058,80
h0.15_r0.2_s10011,10011,0.15,0.2,0.35,recheck,0.725,0.10500000000000002,0.225,0.18375000000000002,1.5410629999905723,80
h0.15_r0.2_s10011,10011,0.15,0.2,0.35,no_task,0.65,0.148125,0.1625,0.205,1.5538920000608414,80
h0.15_r0.2_s10012,10012,0.15,0.2,0.35,never,0.5125,0.34437500000000004,0.05,0.36187500000000006,1.085428999999749,80
h0.15_r0.2_s10012,10012,0.15,0.2,0.35,fresh,1.0,0.0,1.25,0.4375,1.2326600000278631,80
h0.15_r0.2_s10012,10012,0.15,0.2,0.35,ttl,0.6375,0.200625,0.1875,0.26625,1.230907000035586,80
h0.15_r0.2_s10012,10012,0.15,0.2,0.35,entropy,0.825,0.11875,0.4125,0.26312499999999994,1.2846890000446365,80
h0.15_r0.2_s10012,10012,0.15,0.2,0.35,random,0.6875,0.14312499999999997,0.275,0.23937499999999998,1.3011930000175198,80
h0.15_r0.2_s10012,10012,0.15,0.2,0.35,myopic,0.7,0.13187500000000002,0.1375,0.18,1.189594999914334,80
h0.15_r0.2_s10012,10012,0.15,0.2,0.35,recheck,0.7625,0.07812500000000001,0.2875,0.17875000000000002,1.5548839999155462,80
h0.15_r0.2_s10012,10012,0.15,0.2,0.35,no_task,0.675,0.144375,0.1625,0.20125,1.586792000011883,80
h0.15_r0.2_s10013,10013,0.15,0.2,0.35,never,0.65,0.12062500000000002,0.05,0.13812500000000003,1.0835159999942334,80
h0.15_r0.2_s10013,10013,0.15,0.2,0.35,fresh,1.0,0.0,1.2375,0.433125,1.2037770000006276,80
h0.15_r0.2_s10013,10013,0.15,0.2,0.35,ttl,0.725,0.10750000000000001,0.2,0.17750000000000002,1.252339999950891,80
h0.15_r0.2_s10013,10013,0.15,0.2,0.35,entropy,0.775,0.12062500000000001,0.4,0.260625,1.23984999993354,80
h0.15_r0.2_s10013,10013,0.15,0.2,0.35,random,0.775,0.10437500000000002,0.3375,0.2225,1.4569160000519332,80
h0.15_r0.2_s10013,10013,0.15,0.2,0.35,myopic,0.65,0.12062500000000005,0.125,0.16437500000000005,1.1811729999635645,80
h0.15_r0.2_s10013,10013,0.15,0.2,0.35,recheck,0.7125,0.08062500000000002,0.275,0.176875,1.5834570000379244,80
h0.15_r0.2_s10013,10013,0.15,0.2,0.35,no_task,0.65,0.12062500000000005,0.1625,0.17750000000000005,1.5277129999731187,80
h0.15_r0.2_s10014,10014,0.15,0.2,0.35,never,0.525,0.29749999999999993,0.05,0.3149999999999999,1.0983679999299056,80
h0.15_r0.2_s10014,10014,0.15,0.2,0.35,fresh,1.0,0.0,1.2,0.41999999999999993,1.1962150000499605,80
h0.15_r0.2_s10014,10014,0.15,0.2,0.35,ttl,0.7,0.16375,0.2,0.23375000000000004,1.2394609999546446,80
h0.15_r0.2_s10014,10014,0.15,0.2,0.35,entropy,0.8375,0.07562499999999998,0.45,0.23312499999999997,1.2553550000120595,80
h0.15_r0.2_s10014,10014,0.15,0.2,0.35,random,0.65,0.21312499999999995,0.3125,0.32249999999999995,1.3008019999460885,80
h0.15_r0.2_s10014,10014,0.15,0.2,0.35,myopic,0.625,0.18249999999999997,0.1,0.21749999999999997,1.1808320000454842,80
h0.15_r0.2_s10014,10014,0.15,0.2,0.35,recheck,0.7375,0.07187500000000002,0.2875,0.17250000000000001,1.5493949999836332,80
h0.15_r0.2_s10014,10014,0.15,0.2,0.35,no_task,0.6375,0.15499999999999997,0.1625,0.21187499999999998,1.5533619999814618,80
h0.15_r0.2_s10015,10015,0.15,0.2,0.35,never,0.4625,0.2818749999999998,0.05,0.29937499999999984,1.0772670000278595,80
h0.15_r0.2_s10015,10015,0.15,0.2,0.35,fresh,1.0,0.0,1.275,0.4462499999999999,1.4432369999894945,80
h0.15_r0.2_s10015,10015,0.15,0.2,0.35,ttl,0.7125,0.14687499999999998,0.2,0.21687499999999998,1.2306570000646389,80
h0.15_r0.2_s10015,10015,0.15,0.2,0.35,entropy,0.725,0.12249999999999998,0.4375,0.27562499999999995,1.280892000067979,80
h0.15_r0.2_s10015,10015,0.15,0.2,0.35,random,0.5375,0.2212499999999999,0.375,0.3524999999999999,1.3058499999942796,80
h0.15_r0.2_s10015,10015,0.15,0.2,0.35,myopic,0.5125,0.20937499999999995,0.125,0.25312499999999993,1.2080530000275758,80
h0.15_r0.2_s10015,10015,0.15,0.2,0.35,recheck,0.575,0.15312499999999998,0.25,0.240625,1.5463009999621136,80
h0.15_r0.2_s10015,10015,0.15,0.2,0.35,no_task,0.475,0.2493749999999999,0.1625,0.3062499999999999,1.575614999978825,80
h0.15_r0.2_s10016,10016,0.15,0.2,0.35,never,0.45,0.29,0.05,0.3075,1.078769000059765,80
h0.15_r0.2_s10016,10016,0.15,0.2,0.35,fresh,1.0,0.0,1.275,0.4462499999999999,1.1998210000001563,80
h0.15_r0.2_s10016,10016,0.15,0.2,0.35,ttl,0.525,0.30125,0.1875,0.366875,1.3338619999103685,80
h0.15_r0.2_s10016,10016,0.15,0.2,0.35,entropy,0.8,0.12999999999999998,0.425,0.27874999999999994,1.2522890000354892,80
h0.15_r0.2_s10016,10016,0.15,0.2,0.35,random,0.75,0.14625,0.425,0.295,1.3269510000100126,80
h0.15_r0.2_s10016,10016,0.15,0.2,0.35,myopic,0.5,0.2325,0.1125,0.271875,1.3007520000201112,80
h0.15_r0.2_s10016,10016,0.15,0.2,0.35,recheck,0.575,0.15312499999999998,0.25,0.240625,1.5867210000806153,80
h0.15_r0.2_s10016,10016,0.15,0.2,0.35,no_task,0.4,0.3075,0.1625,0.364375,1.64530899996862,80
h0.15_r0.2_s10017,10017,0.15,0.2,0.35,never,0.725,0.148125,0.05,0.165625,1.1811819999820727,80
h0.15_r0.2_s10017,10017,0.15,0.2,0.35,fresh,1.0,0.0,1.2,0.41999999999999993,1.3979079999444366,80
h0.15_r0.2_s10017,10017,0.15,0.2,0.35,ttl,0.7125,0.169375,0.2,0.23937499999999998,1.2594900000522102,80
h0.15_r0.2_s10017,10017,0.15,0.2,0.35,entropy,0.825,0.09874999999999999,0.4375,0.25187499999999996,1.3274429999228232,80
h0.15_r0.2_s10017,10017,0.15,0.2,0.35,random,0.75,0.12312500000000001,0.35,0.24562499999999998,1.429656000027535,80
h0.15_r0.2_s10017,10017,0.15,0.2,0.35,myopic,0.725,0.173125,0.1125,0.2125,1.1501459999863073,80
h0.15_r0.2_s10017,10017,0.15,0.2,0.35,recheck,0.7625,0.10687500000000001,0.275,0.203125,1.7258799999808616,80
h0.15_r0.2_s10017,10017,0.15,0.2,0.35,no_task,0.7125,0.178125,0.1625,0.23500000000000001,1.5244179999172047,80
h0.15_r0.2_s10018,10018,0.15,0.2,0.35,never,0.525,0.30999999999999994,0.05,0.3274999999999999,1.1963050000076692,80
h0.15_r0.2_s10018,10018,0.15,0.2,0.35,fresh,1.0,0.0,1.225,0.42874999999999996,1.2501860001066234,80
h0.15_r0.2_s10018,10018,0.15,0.2,0.35,ttl,0.7,0.16250000000000003,0.1875,0.228125,1.2360649999436646,80
h0.15_r0.2_s10018,10018,0.15,0.2,0.35,entropy,0.8,0.08125,0.4,0.22125,1.2378479999597403,80
h0.15_r0.2_s10018,10018,0.15,0.2,0.35,random,0.775,0.10125000000000002,0.35,0.22374999999999998,1.2990000000172586,80
h0.15_r0.2_s10018,10018,0.15,0.2,0.35,myopic,0.6875,0.12500000000000003,0.1375,0.17312500000000003,1.1993000000529719,80
h0.15_r0.2_s10018,10018,0.15,0.2,0.35,recheck,0.75,0.08750000000000002,0.275,0.18375000000000002,1.5729810000948419,80
h0.15_r0.2_s10018,10018,0.15,0.2,0.35,no_task,0.7125,0.10000000000000002,0.1625,0.15687500000000001,1.5468320000309177,80
h0.15_r0.2_s10019,10019,0.15,0.2,0.35,never,0.4875,0.27,0.05,0.2875,1.0787390000359665,80
h0.15_r0.2_s10019,10019,0.15,0.2,0.35,fresh,1.0,0.0,1.1875,0.415625,1.2390790000154084,80
h0.15_r0.2_s10019,10019,0.15,0.2,0.35,ttl,0.825,0.100625,0.1875,0.16625,1.23333100009404,80
h0.15_r0.2_s10019,10019,0.15,0.2,0.35,entropy,0.925,0.02,0.4125,0.164375,1.285808999909932,80
h0.15_r0.2_s10019,10019,0.15,0.2,0.35,random,0.7125,0.11562500000000002,0.3375,0.23375000000000004,1.2965659999508716,80
h0.15_r0.2_s10019,10019,0.15,0.2,0.35,myopic,0.55,0.16999999999999998,0.1,0.205,1.1619240000300124,80
h0.15_r0.2_s10019,10019,0.15,0.2,0.35,recheck,0.6125,0.09874999999999998,0.3125,0.20812499999999998,1.5831559999242018,80
h0.15_r0.2_s10019,10019,0.15,0.2,0.35,no_task,0.55,0.155,0.1625,0.21187499999999998,1.5850690000434042,80
h0.15_r0.2_s10020,10020,0.15,0.2,0.35,never,0.5375,0.22999999999999993,0.05,0.24749999999999991,1.0833360000788161,80
h0.15_r0.2_s10020,10020,0.15,0.2,0.35,fresh,1.0,0.0,1.05,0.3675,1.210916999980327,80
h0.15_r0.2_s10020,10020,0.15,0.2,0.35,ttl,0.6875,0.155,0.2,0.225,1.2502060000088022,80
h0.15_r0.2_s10020,10020,0.15,0.2,0.35,entropy,0.725,0.188125,0.375,0.31937499999999996,1.246310000055928,80
h0.15_r0.2_s10020,10020,0.15,0.2,0.35,random,0.7,0.12250000000000001,0.3375,0.240625,1.343236000025172,80
h0.15_r0.2_s10020,10020,0.15,0.2,0.35,myopic,0.5875,0.15749999999999995,0.1125,0.19687499999999997,1.161883999998281,80
h0.15_r0.2_s10020,10020,0.15,0.2,0.35,recheck,0.625,0.13937500000000003,0.275,0.23562500000000003,1.5885540000226683,80
h0.15_r0.2_s10020,10020,0.15,0.2,0.35,no_task,0.5125,0.22999999999999993,0.1625,0.28687499999999994,1.5359850000322695,80
h0.15_r0.2_s10021,10021,0.15,0.2,0.35,never,0.375,0.35124999999999995,0.05,0.3687499999999999,1.1002710000411753,80
h0.15_r0.2_s10021,10021,0.15,0.2,0.35,fresh,1.0,0.0,1.325,0.46374999999999994,1.208473999895432,80
h0.15_r0.2_s10021,10021,0.15,0.2,0.35,ttl,0.525,0.2425,0.2,0.3125,1.2278230000219992,80
h0.15_r0.2_s10021,10021,0.15,0.2,0.35,entropy,0.6875,0.195,0.425,0.34375,1.2890949999473378,80
h0.15_r0.2_s10021,10021,0.15,0.2,0.35,random,0.5625,0.21374999999999994,0.3125,0.32312499999999994,1.4067719999957262,80
h0.15_r0.2_s10021,10021,0.15,0.2,0.35,myopic,0.425,0.3062499999999999,0.125,0.3499999999999999,1.1655989999326266,80
h0.15_r0.2_s10021,10021,0.15,0.2,0.35,recheck,0.5625,0.17749999999999996,0.275,0.27375,1.5653890000066895,80
h0.15_r0.2_s10021,10021,0.15,0.2,0.35,no_task,0.425,0.2987499999999999,0.1625,0.3556249999999999,1.5938720000576723,80
h0.15_r0.2_s10022,10022,0.15,0.2,0.35,never,0.5375,0.2762500000000001,0.05,0.29375000000000007,1.1615030000484694,80
h0.15_r0.2_s10022,10022,0.15,0.2,0.35,fresh,1.0,0.0,1.3875,0.4856249999999999,1.206761000048573,80
h0.15_r0.2_s10022,10022,0.15,0.2,0.35,ttl,0.6625,0.19187499999999996,0.2,0.26187499999999997,1.2271519999558222,80
h0.15_r0.2_s10022,10022,0.15,0.2,0.35,entropy,0.7,0.16125,0.4375,0.31437499999999996,1.2548230000675176,80
h0.15_r0.2_s10022,10022,0.15,0.2,0.35,random,0.7,0.1325,0.3625,0.259375,1.3034959999913553,80
h0.15_r0.2_s10022,10022,0.15,0.2,0.35,myopic,0.6625,0.15875,0.1,0.19375,1.196315000015602,80
h0.15_r0.2_s10022,10022,0.15,0.2,0.35,recheck,0.75,0.09874999999999999,0.275,0.19499999999999998,1.5576879999343873,80
h0.15_r0.2_s10022,10022,0.15,0.2,0.35,no_task,0.65,0.14875,0.1625,0.205625,1.600782999958028,80
h0.15_r0.2_s10023,10023,0.15,0.2,0.35,never,0.525,0.18624999999999994,0.05,0.20374999999999993,1.0852880000129517,80
h0.15_r0.2_s10023,10023,0.15,0.2,0.35,fresh,1.0,0.0,1.25,0.4375,1.2678929999765387,80
h0.15_r0.2_s10023,10023,0.15,0.2,0.35,ttl,0.5375,0.21562499999999996,0.2,0.2856249999999999,1.2234560000479178,80
h0.15_r0.2_s10023,10023,0.15,0.2,0.35,entropy,0.7,0.17874999999999996,0.4,0.31875,1.2666510000372,80
h0.15_r0.2_s10023,10023,0.15,0.2,0.35,random,0.6875,0.13249999999999998,0.2375,0.21562499999999996,1.2937420000298516,80
h0.15_r0.2_s10023,10023,0.15,0.2,0.35,myopic,0.5125,0.19874999999999993,0.1125,0.23812499999999992,1.1846679999507614,80
h0.15_r0.2_s10023,10023,0.15,0.2,0.35,recheck,0.55,0.15062499999999995,0.2,0.220625,1.5916090000018812,80
h0.15_r0.2_s10023,10023,0.15,0.2,0.35,no_task,0.4875,0.2087499999999999,0.1625,0.2656249999999999,1.8202320000000327,80
h0.15_r0.2_s10024,10024,0.15,0.2,0.35,never,0.4875,0.32875000000000004,0.05,0.34625000000000006,1.0718990000668782,80
h0.15_r0.2_s10024,10024,0.15,0.2,0.35,fresh,1.0,0.0,1.2375,0.433125,1.327532000004794,80
h0.15_r0.2_s10024,10024,0.15,0.2,0.35,ttl,0.6125,0.23312499999999994,0.1875,0.29874999999999996,1.2594900000522102,80
h0.15_r0.2_s10024,10024,0.15,0.2,0.35,entropy,0.825,0.09437499999999999,0.3875,0.22999999999999998,1.2446880000425153,80
h0.15_r0.2_s10024,10024,0.15,0.2,0.35,random,0.6625,0.17312499999999997,0.25,0.260625,1.3354539998999826,80
h0.15_r0.2_s10024,10024,0.15,0.2,0.35,myopic,0.5875,0.22874999999999993,0.1125,0.2681249999999999,1.1545030000661427,80
h0.15_r0.2_s10024,10024,0.15,0.2,0.35,recheck,0.775,0.063125,0.25,0.150625,1.5703869999015296,80
h0.15_r0.2_s10024,10024,0.15,0.2,0.35,no_task,0.55,0.2512499999999999,0.1625,0.3081249999999999,1.5379280000615836,80
h0.15_r0.2_s10025,10025,0.15,0.2,0.35,never,0.525,0.324375,0.05,0.34187500000000004,1.0946229999717616,80
h0.15_r0.2_s10025,10025,0.15,0.2,0.35,fresh,1.0,0.0,1.0625,0.37187499999999996,1.1984289999418252,80
h0.15_r0.2_s10025,10025,0.15,0.2,0.35,ttl,0.6875,0.18624999999999997,0.2,0.25625,1.234673000112707,80
h0.15_r0.2_s10025,10025,0.15,0.2,0.35,entropy,0.825,0.09062500000000001,0.375,0.221875,1.2587100000018836,80
h0.15_r0.2_s10025,10025,0.15,0.2,0.35,random,0.725,0.13,0.225,0.20875,1.3085240000236809,80
h0.15_r0.2_s10025,10025,0.15,0.2,0.35,myopic,0.7125,0.13187500000000002,0.1375,0.18,1.1809719999291701,80
h0.15_r0.2_s10025,10025,0.15,0.2,0.35,recheck,0.75,0.09437500000000001,0.275,0.190625,1.9165569999586296,80
h0.15_r0.2_s10025,10025,0.15,0.2,0.35,no_task,0.675,0.169375,0.1625,0.22624999999999998,1.5324500000133412,80
h0.15_r0.2_s10026,10026,0.15,0.2,0.35,never,0.5875,0.20375000000000001,0.05,0.22125,1.1862500000461296,80
h0.15_r0.2_s10026,10026,0.15,0.2,0.35,fresh,1.0,0.0,1.1375,0.39812499999999995,1.2098460000515843,80
h0.15_r0.2_s10026,10026,0.15,0.2,0.35,ttl,0.625,0.13624999999999998,0.1875,0.20187499999999997,1.221783999994841,80
h0.15_r0.2_s10026,10026,0.15,0.2,0.35,entropy,0.775,0.08250000000000003,0.425,0.23125,1.2868210000078761,80
h0.15_r0.2_s10026,10026,0.15,0.2,0.35,random,0.65,0.18000000000000005,0.2625,0.27187500000000003,1.3078130000394594,80
h0.15_r0.2_s10026,10026,0.15,0.2,0.35,myopic,0.6375,0.11625000000000003,0.1125,0.15562500000000004,1.551268999946842,80
h0.15_r0.2_s10026,10026,0.15,0.2,0.35,recheck,0.6375,0.10875000000000004,0.25,0.19625000000000004,1.589105999983076,80
h0.15_r0.2_s10026,10026,0.15,0.2,0.35,no_task,0.5875,0.16624999999999998,0.1625,0.22312499999999996,1.5894050000042625,80
h0.15_r0.2_s10027,10027,0.15,0.2,0.35,never,0.525,0.260625,0.05,0.27812499999999996,1.0793399999329267,80
h0.15_r0.2_s10027,10027,0.15,0.2,0.35,fresh,1.0,0.0,1.0625,0.37187499999999996,1.2184490000208825,80
h0.15_r0.2_s10027,10027,0.15,0.2,0.35,ttl,0.675,0.18687499999999999,0.2,0.25687499999999996,1.3307069999655141,80
h0.15_r0.2_s10027,10027,0.15,0.2,0.35,entropy,0.7625,0.1375,0.3625,0.26437499999999997,1.2536420000515136,80
h0.15_r0.2_s10027,10027,0.15,0.2,0.35,random,0.6375,0.24500000000000002,0.2625,0.33687500000000004,1.3315880000845937,80
h0.15_r0.2_s10027,10027,0.15,0.2,0.35,myopic,0.5375,0.248125,0.1125,0.2875,1.1612929999955668,80
h0.15_r0.2_s10027,10027,0.15,0.2,0.35,recheck,0.675,0.12749999999999997,0.25,0.21499999999999994,1.5733810000710946,80
h0.15_r0.2_s10027,10027,0.15,0.2,0.35,no_task,0.5625,0.21562499999999996,0.1625,0.27249999999999996,1.5572370000427327,80
h0.15_r0.2_s10028,10028,0.15,0.2,0.35,never,0.3875,0.3356249999999999,0.05,0.35312499999999986,1.0966059999191202,80
h0.15_r0.2_s10028,10028,0.15,0.2,0.35,fresh,1.0,0.0,1.325,0.46374999999999994,1.2116479999804142,80
h0.15_r0.2_s10028,10028,0.15,0.2,0.35,ttl,0.675,0.19375,0.2125,0.268125,1.2739320000036969,80
h0.15_r0.2_s10028,10028,0.15,0.2,0.35,entropy,0.825,0.10624999999999998,0.425,0.255,1.2488340000800235,80
h0.15_r0.2_s10028,10028,0.15,0.2,0.35,random,0.7375,0.11187499999999999,0.3125,0.22125,1.6223439999976108,80
h0.15_r0.2_s10028,10028,0.15,0.2,0.35,myopic,0.5125,0.26562499999999994,0.125,0.30937499999999996,1.1926800000310323,80
h0.15_r0.2_s10028,10028,0.15,0.2,0.35,recheck,0.5875,0.17624999999999996,0.275,0.27249999999999996,1.730627000029017,80
h0.15_r0.2_s10028,10028,0.15,0.2,0.35,no_task,0.475,0.2656249999999999,0.1625,0.3224999999999999,1.544859000091492,80
h0.15_r0.2_s10029,10029,0.15,0.2,0.35,never,0.45,0.3362499999999998,0.05,0.35374999999999984,1.1066309999705481,80
h0.15_r0.2_s10029,10029,0.15,0.2,0.35,fresh,1.0,0.0,1.125,0.39374999999999993,1.2156040000945723,80
h0.15_r0.2_s10029,10029,0.15,0.2,0.35,ttl,0.6,0.26312499999999994,0.2,0.3331249999999999,1.261623999994299,80
h0.15_r0.2_s10029,10029,0.15,0.2,0.35,entropy,0.725,0.16375,0.4375,0.316875,1.2628760000552575,80
h0.15_r0.2_s10029,10029,0.15,0.2,0.35,random,0.7125,0.17625000000000002,0.3,0.28125,1.3213529999802631,80
h0.15_r0.2_s10029,10029,0.15,0.2,0.35,myopic,0.5125,0.2587499999999999,0.1,0.2937499999999999,1.1750740000024962,80
h0.15_r0.2_s10029,10029,0.15,0.2,0.35,recheck,0.675,0.14312499999999997,0.3,0.24812499999999993,1.5835970000352972,80
h0.15_r0.2_s10029,10029,0.15,0.2,0.35,no_task,0.5375,0.22374999999999998,0.1625,0.280625,1.562794999927064,80
h0.15_r0.2_s10030,10030,0.15,0.2,0.35,never,0.5375,0.2893749999999999,0.05,0.3068749999999999,1.1022339999726682,80
h0.15_r0.2_s10030,10030,0.15,0.2,0.35,fresh,1.0,0.0,1.35,0.4725,1.2240769999607437,80
h0.15_r0.2_s10030,10030,0.15,0.2,0.35,ttl,0.575,0.231875,0.1875,0.2975,1.2539020000303935,80
h0.15_r0.2_s10030,10030,0.15,0.2,0.35,entropy,0.65,0.17124999999999999,0.4,0.31124999999999997,1.2646479999602889,80
h0.15_r0.2_s10030,10030,0.15,0.2,0.35,random,0.7125,0.135625,0.4375,0.28875,1.350177000063013,80
h0.15_r0.2_s10030,10030,0.15,0.2,0.35,myopic,0.6,0.209375,0.1375,0.2575,1.493230999926709,80
h0.15_r0.2_s10030,10030,0.15,0.2,0.35,recheck,0.65,0.14125000000000001,0.2625,0.23312499999999997,1.574202999904628,80
h0.15_r0.2_s10030,10030,0.15,0.2,0.35,no_task,0.625,0.15937500000000002,0.1625,0.21625,1.5978979999999865,80
h0.15_r0.2_s10031,10031,0.15,0.2,0.35,never,0.5375,0.261875,0.05,0.27937500000000004,1.077968000004148,80
h0.15_r0.2_s10031,10031,0.15,0.2,0.35,fresh,1.0,0.0,1.225,0.42874999999999996,1.2546830000701448,80
h0.15_r0.2_s10031,10031,0.15,0.2,0.35,ttl,0.475,0.2949999999999999,0.1875,0.36062499999999986,1.3344530000267696,80
h0.15_r0.2_s10031,10031,0.15,0.2,0.35,entropy,0.75,0.139375,0.4,0.27937500000000004,1.273861999948167,80
h0.15_r0.2_s10031,10031,0.15,0.2,0.35,random,0.65,0.18874999999999997,0.25,0.27625,1.3028949999807082,80
h0.15_r0.2_s10031,10031,0.15,0.2,0.35,myopic,0.575,0.246875,0.1,0.281875,1.1918190000415052,80
h0.15_r0.2_s10031,10031,0.15,0.2,0.35,recheck,0.7125,0.1,0.225,0.17875000000000002,1.548474000060196,80
h0.15_r0.2_s10031,10031,0.15,0.2,0.35,no_task,0.575,0.19437500000000002,0.1625,0.25125000000000003,1.5948340000022654,80
h0.15_r0.2_s10032,10032,0.15,0.2,0.35,never,0.575,0.19687499999999997,0.05,0.21437499999999998,1.0879029999841805,80
h0.15_r0.2_s10032,10032,0.15,0.2,0.35,fresh,1.0,0.0,1.4,0.48999999999999994,1.2149729999464398,80
h0.15_r0.2_s10032,10032,0.15,0.2,0.35,ttl,0.65,0.183125,0.1875,0.24874999999999997,1.2488940000139337,80
h0.15_r0.2_s10032,10032,0.15,0.2,0.35,entropy,0.75,0.14375,0.4375,0.296875,1.2512979999428353,80
h0.15_r0.2_s10032,10032,0.15,0.2,0.35,random,0.6,0.18499999999999997,0.2875,0.2856249999999999,1.3317980000238094,80
h0.15_r0.2_s10032,10032,0.15,0.2,0.35,myopic,0.5375,0.291875,0.1,0.326875,1.1644470000646834,80
h0.15_r0.2_s10032,10032,0.15,0.2,0.35,recheck,0.7375,0.118125,0.2625,0.20999999999999996,1.591999000083888,80
h0.15_r0.2_s10032,10032,0.15,0.2,0.35,no_task,0.5375,0.22937499999999994,0.1625,0.28624999999999995,1.8483540000033827,80
h0.15_r0.2_s10033,10033,0.15,0.2,0.35,never,0.5,0.30000000000000004,0.05,0.3175,1.1107269999683922,80
h0.15_r0.2_s10033,10033,0.15,0.2,0.35,fresh,1.0,0.0,1.475,0.51625,1.2066010000353344,80
h0.15_r0.2_s10033,10033,0.15,0.2,0.35,ttl,0.55,0.13437500000000002,0.2,0.20437500000000003,1.3511079999943831,80
h0.15_r0.2_s10033,10033,0.15,0.2,0.35,entropy,0.7875,0.07562499999999998,0.4375,0.22874999999999995,1.2626060000684447,80
h0.15_r0.2_s10033,10033,0.15,0.2,0.35,random,0.7625,0.09187500000000001,0.375,0.22312500000000002,1.4428959999577273,80
h0.15_r0.2_s10033,10033,0.15,0.2,0.35,myopic,0.625,0.13000000000000003,0.125,0.17375000000000002,1.168864000078429,80
h0.15_r0.2_s10033,10033,0.15,0.2,0.35,recheck,0.7375,0.08750000000000002,0.2875,0.18812500000000001,1.751287999923079,80
h0.15_r0.2_s10033,10033,0.15,0.2,0.35,no_task,0.6125,0.14250000000000004,0.1625,0.19937500000000002,1.5575380000427685,80
h0.15_r0.2_s10034,10034,0.15,0.2,0.35,never,0.5125,0.24250000000000002,0.05,0.26,1.2069120000433031,80
h0.15_r0.2_s10034,10034,0.15,0.2,0.35,fresh,1.0,0.0,1.2,0.41999999999999993,1.2504669999771068,80
h0.15_r0.2_s10034,10034,0.15,0.2,0.35,ttl,0.5625,0.213125,0.1875,0.27875,1.237937999917449,80
h0.15_r0.2_s10034,10034,0.15,0.2,0.35,entropy,0.7375,0.13624999999999998,0.375,0.26749999999999996,1.2535410000964475,80
h0.15_r0.2_s10034,10034,0.15,0.2,0.35,random,0.675,0.12125,0.3625,0.24812499999999998,1.3016430000334367,80
h0.15_r0.2_s10034,10034,0.15,0.2,0.35,myopic,0.55,0.22000000000000003,0.1125,0.259375,1.1662709999882281,80
h0.15_r0.2_s10034,10034,0.15,0.2,0.35,recheck,0.65,0.129375,0.2125,0.20374999999999996,1.5488249999862091,80
h0.15_r0.2_s10034,10034,0.15,0.2,0.35,no_task,0.55,0.21000000000000002,0.1625,0.26687500000000003,1.57818800005316,80
h0.15_r0.2_s10035,10035,0.15,0.2,0.35,never,0.475,0.29312499999999997,0.05,0.31062499999999993,1.0763750000251093,80
h0.15_r0.2_s10035,10035,0.15,0.2,0.35,fresh,1.0,0.0,1.2625,0.4418749999999999,1.4309679999087166,80
h0.15_r0.2_s10035,10035,0.15,0.2,0.35,ttl,0.6875,0.17375000000000002,0.2,0.24375,1.2461210000083156,80
h0.15_r0.2_s10035,10035,0.15,0.2,0.35,entropy,0.8,0.12062499999999998,0.425,0.269375,1.293952999958492,80
h0.15_r0.2_s10035,10035,0.15,0.2,0.35,random,0.7125,0.13937500000000003,0.425,0.288125,1.3158049999901777,80
h0.15_r0.2_s10035,10035,0.15,0.2,0.35,myopic,0.525,0.2281249999999999,0.075,0.2543749999999999,1.2128399999937756,80
h0.15_r0.2_s10035,10035,0.15,0.2,0.35,recheck,0.6375,0.13999999999999996,0.225,0.21874999999999994,1.6773569999486426,80
h0.15_r0.2_s10035,10035,0.15,0.2,0.35,no_task,0.5,0.2681249999999999,0.1625,0.3249999999999999,1.6280040000538065,80
h0.15_r0.2_s10036,10036,0.15,0.2,0.35,never,0.4125,0.275625,0.05,0.29312499999999997,1.095324000061737,80
h0.15_r0.2_s10036,10036,0.15,0.2,0.35,fresh,1.0,0.0,1.575,0.5512499999999999,1.2381689999756418,80
h0.15_r0.2_s10036,10036,0.15,0.2,0.35,ttl,0.5875,0.185,0.1875,0.250625,1.2342920000492086,80
h0.15_r0.2_s10036,10036,0.15,0.2,0.35,entropy,0.6875,0.18437499999999996,0.45,0.34187499999999993,1.2490340000113065,80
h0.15_r0.2_s10036,10036,0.15,0.2,0.35,random,0.6375,0.145625,0.525,0.32937500000000003,1.3318190000290997,80
h0.15_r0.2_s10036,10036,0.15,0.2,0.35,myopic,0.5,0.19812499999999997,0.1125,0.23749999999999996,1.1618440000802366,80
h0.15_r0.2_s10036,10036,0.15,0.2,0.35,recheck,0.4875,0.20687499999999998,0.25,0.29437499999999994,1.5624049999587442,80
h0.15_r0.2_s10036,10036,0.15,0.2,0.35,no_task,0.45,0.23812499999999992,0.1625,0.29499999999999993,1.56133299992689,80
h0.15_r0.2_s10037,10037,0.15,0.2,0.35,never,0.525,0.26000000000000006,0.05,0.2775,1.0976770000752367,80
h0.15_r0.2_s10037,10037,0.15,0.2,0.35,fresh,1.0,0.0,1.1125,0.38937499999999997,1.195463999920321,80
h0.15_r0.2_s10037,10037,0.15,0.2,0.35,ttl,0.55,0.285625,0.2,0.355625,1.495114000022113,80
h0.15_r0.2_s10037,10037,0.15,0.2,0.35,entropy,0.75,0.17875000000000002,0.425,0.3275,1.3323700000000827,80
h0.15_r0.2_s10037,10037,0.15,0.2,0.35,random,0.8,0.094375,0.35,0.21687499999999998,1.3321489999498226,80
h0.15_r0.2_s10037,10037,0.15,0.2,0.35,myopic,0.575,0.20749999999999993,0.125,0.2512499999999999,1.1548329999868656,80
h0.15_r0.2_s10037,10037,0.15,0.2,0.35,recheck,0.675,0.12312499999999997,0.2625,0.21499999999999994,1.6328409999459836,80
h0.15_r0.2_s10037,10037,0.15,0.2,0.35,no_task,0.5375,0.26,0.1625,0.316875,1.93642599992927,80
h0.15_r0.2_s10038,10038,0.15,0.2,0.35,never,0.4375,0.27249999999999985,0.05,0.28999999999999987,1.1034860000336266,80
h0.15_r0.2_s10038,10038,0.15,0.2,0.35,fresh,1.0,0.0,1.3,0.45499999999999996,1.2135619999753544,80
h0.15_r0.2_s10038,10038,0.15,0.2,0.35,ttl,0.5125,0.2712500000000001,0.2,0.34125000000000005,1.2806019999516138,80
h0.15_r0.2_s10038,10038,0.15,0.2,0.35,entropy,0.6875,0.16937499999999994,0.4125,0.3137499999999999,1.264957999978833,80
h0.15_r0.2_s10038,10038,0.15,0.2,0.35,random,0.625,0.15062500000000004,0.35,0.273125,1.345189000062419,80
h0.15_r0.2_s10038,10038,0.15,0.2,0.35,myopic,0.4375,0.2474999999999999,0.1,0.28249999999999986,1.1913479999066112,80
h0.15_r0.2_s10038,10038,0.15,0.2,0.35,recheck,0.5125,0.19687499999999988,0.2375,0.2799999999999999,1.5863209999906758,80
h0.15_r0.2_s10038,10038,0.15,0.2,0.35,no_task,0.4375,0.23249999999999993,0.1625,0.28937499999999994,1.7442679999248867,80
h0.15_r0.2_s10039,10039,0.15,0.2,0.35,never,0.6125,0.22437500000000005,0.05,0.241875,1.1112870000715702,80
h0.15_r0.2_s10039,10039,0.15,0.2,0.35,fresh,1.0,0.0,1.225,0.42874999999999996,1.190946999940934,80
h0.15_r0.2_s10039,10039,0.15,0.2,0.35,ttl,0.65,0.15437500000000004,0.175,0.21562500000000004,1.3014630000043326,80
h0.15_r0.2_s10039,10039,0.15,0.2,0.35,entropy,0.775,0.09812499999999999,0.4,0.23812499999999998,1.243907000002764,80
h0.15_r0.2_s10039,10039,0.15,0.2,0.35,random,0.7125,0.155625,0.3,0.260625,1.3004319999936342,80
h0.15_r0.2_s10039,10039,0.15,0.2,0.35,myopic,0.6625,0.14687500000000003,0.1125,0.18625000000000003,1.1665609999909066,80
h0.15_r0.2_s10039,10039,0.15,0.2,0.35,recheck,0.7375,0.09812500000000002,0.25,0.185625,1.5527609999708147,80
h0.15_r0.2_s10039,10039,0.15,0.2,0.35,no_task,0.675,0.14187500000000003,0.1625,0.19875000000000004,1.5451389999725507,80
h0.15_r0.2_s10040,10040,0.15,0.2,0.35,never,0.5375,0.33625000000000005,0.05,0.35375,1.0683340000241515,80
h0.15_r0.2_s10040,10040,0.15,0.2,0.35,fresh,1.0,0.0,1.1625,0.406875,1.2159049999809213,80
h0.15_r0.2_s10040,10040,0.15,0.2,0.35,ttl,0.575,0.25999999999999995,0.2,0.32999999999999996,1.240732000042044,80
h0.15_r0.2_s10040,10040,0.15,0.2,0.35,entropy,0.7875,0.11687499999999998,0.3875,0.25249999999999995,1.2899959999685962,80
h0.15_r0.2_s10040,10040,0.15,0.2,0.35,random,0.7875,0.14187500000000003,0.3875,0.2775,1.2991500000225642,80
h0.15_r0.2_s10040,10040,0.15,0.2,0.35,myopic,0.6875,0.18125,0.1375,0.22937500000000002,1.1606220000430767,80
h0.15_r0.2_s10040,10040,0.15,0.2,0.35,recheck,0.825,0.08875,0.3,0.19374999999999998,1.5715790000285779,80
h0.15_r0.2_s10040,10040,0.15,0.2,0.35,no_task,0.6625,0.18375000000000002,0.1625,0.240625,1.5866510000250855,80
h0.15_r0.2_s10041,10041,0.15,0.2,0.35,never,0.4375,0.2874999999999999,0.05,0.3049999999999999,1.1810429999741245,80
h0.15_r0.2_s10041,10041,0.15,0.2,0.35,fresh,1.0,0.0,1.2375,0.433125,1.2133210000229155,80
h0.15_r0.2_s10041,10041,0.15,0.2,0.35,ttl,0.6625,0.160625,0.2,0.230625,1.4522089999218224,80
h0.15_r0.2_s10041,10041,0.15,0.2,0.35,entropy,0.825,0.068125,0.4125,0.2125,1.3546639999049148,80
h0.15_r0.2_s10041,10041,0.15,0.2,0.35,random,0.6875,0.1425,0.3375,0.260625,1.3075320000552892,80
h0.15_r0.2_s10041,10041,0.15,0.2,0.35,myopic,0.5125,0.16750000000000004,0.15,0.22000000000000003,1.162235000037981,80
h0.15_r0.2_s10041,10041,0.15,0.2,0.35,recheck,0.5625,0.12625000000000003,0.2375,0.20937500000000003,1.8546039999591812,80
h0.15_r0.2_s10041,10041,0.15,0.2,0.35,no_task,0.5,0.17250000000000004,0.1625,0.22937500000000002,1.64707199996883,80
h0.15_r0.2_s10042,10042,0.15,0.2,0.35,never,0.3875,0.3699999999999998,0.05,0.3874999999999998,1.0898660000293603,80
h0.15_r0.2_s10042,10042,0.15,0.2,0.35,fresh,1.0,0.0,1.3,0.45499999999999996,1.198058999989371,80
h0.15_r0.2_s10042,10042,0.15,0.2,0.35,ttl,0.625,0.16499999999999995,0.2,0.23499999999999996,1.5606819999902655,80
h0.15_r0.2_s10042,10042,0.15,0.2,0.35,entropy,0.85,0.079375,0.45,0.236875,1.2408420000156184,80
h0.15_r0.2_s10042,10042,0.15,0.2,0.35,random,0.7,0.09375000000000001,0.3375,0.21187499999999998,1.422634999926231,80
h0.15_r0.2_s10042,10042,0.15,0.2,0.35,myopic,0.575,0.20999999999999996,0.125,0.25375,1.1501769999995304,80
h0.15_r0.2_s10042,10042,0.15,0.2,0.35,recheck,0.6375,0.13687499999999997,0.2625,0.22874999999999995,1.6411730000527314,80
h0.15_r0.2_s10042,10042,0.15,0.2,0.35,no_task,0.575,0.18749999999999997,0.1625,0.24437499999999995,1.5327900000556838,80
h0.15_r0.2_s10043,10043,0.15,0.2,0.35,never,0.6125,0.25875000000000004,0.05,0.27625,1.2260500000138563,80
h0.15_r0.2_s10043,10043,0.15,0.2,0.35,fresh,1.0,0.0,1.1875,0.415625,1.1929800000416435,80
h0.15_r0.2_s10043,10043,0.15,0.2,0.35,ttl,0.65,0.21437499999999998,0.175,0.27562499999999995,1.2588690000256975,80
h0.15_r0.2_s10043,10043,0.15,0.2,0.35,entropy,0.7125,0.14999999999999997,0.4,0.2899999999999999,1.3273220000655783,80
h0.15_r0.2_s10043,10043,0.15,0.2,0.35,random,0.75,0.138125,0.3,0.24312499999999998,1.3006820000782682,80
h0.15_r0.2_s10043,10043,0.15,0.2,0.35,myopic,0.65,0.22875,0.1125,0.268125,1.1657790000754176,80
h0.15_r0.2_s10043,10043,0.15,0.2,0.35,recheck,0.8375,0.07375000000000001,0.3,0.17875,1.5626750000592438,80
h0.15_r0.2_s10043,10043,0.15,0.2,0.35,no_task,0.6625,0.21374999999999997,0.1625,0.270625,1.5540320000582142,80
h0.15_r0.2_s10044,10044,0.15,0.2,0.35,never,0.6375,0.12312500000000004,0.05,0.14062500000000006,1.166892000014741,80
h0.15_r0.2_s10044,10044,0.15,0.2,0.35,fresh,1.0,0.0,1.3,0.45499999999999996,1.1985490000370191,80
h0.15_r0.2_s10044,10044,0.15,0.2,0.35,ttl,0.65,0.12687500000000004,0.2,0.19687500000000005,1.2215839999498712,80
h0.15_r0.2_s10044,10044,0.15,0.2,0.35,entropy,0.775,0.09000000000000004,0.4125,0.234375,1.266360000045097,80
h0.15_r0.2_s10044,10044,0.15,0.2,0.35,random,0.6625,0.09750000000000002,0.3,0.20249999999999999,1.3107370000398078,80
h0.15_r0.2_s10044,10044,0.15,0.2,0.35,myopic,0.6375,0.12312500000000004,0.1125,0.16250000000000003,1.2009920000082275,80
h0.15_r0.2_s10044,10044,0.15,0.2,0.35,recheck,0.65,0.11875000000000005,0.2625,0.210625,1.5646690000039598,80
h0.15_r0.2_s10044,10044,0.15,0.2,0.35,no_task,0.6375,0.13812500000000005,0.1625,0.19500000000000006,1.5615429999797925,80
h0.15_r0.2_s10045,10045,0.15,0.2,0.35,never,0.5375,0.23499999999999996,0.05,0.25249999999999995,1.0731200000009267,80
h0.15_r0.2_s10045,10045,0.15,0.2,0.35,fresh,1.0,0.0,1.2,0.41999999999999993,1.2119389999725172,80
h0.15_r0.2_s10045,10045,0.15,0.2,0.35,ttl,0.725,0.13437500000000005,0.2,0.20437500000000003,1.2344729999540505,80
h0.15_r0.2_s10045,10045,0.15,0.2,0.35,entropy,0.775,0.13625,0.4,0.27625,1.2490149999848654,80
h0.15_r0.2_s10045,10045,0.15,0.2,0.35,random,0.75,0.103125,0.3875,0.23875000000000002,1.347711999983403,80
h0.15_r0.2_s10045,10045,0.15,0.2,0.35,myopic,0.525,0.2899999999999998,0.1,0.32499999999999984,1.1716090000390977,80
h0.15_r0.2_s10045,10045,0.15,0.2,0.35,recheck,0.7125,0.1075,0.225,0.18624999999999997,1.5564459999950486,80
h0.15_r0.2_s10045,10045,0.15,0.2,0.35,no_task,0.5,0.2949999999999998,0.1625,0.3518749999999998,1.566770999943401,80
h0.15_r0.2_s10046,10046,0.15,0.2,0.35,never,0.5625,0.21437499999999998,0.05,0.23187499999999997,1.1013129999355442,80
h0.15_r0.2_s10046,10046,0.15,0.2,0.35,fresh,1.0,0.0,1.175,0.41125,1.2041869999848132,80
h0.15_r0.2_s10046,10046,0.15,0.2,0.35,ttl,0.6125,0.20374999999999996,0.2,0.27375,1.2382080000179485,80
h0.15_r0.2_s10046,10046,0.15,0.2,0.35,entropy,0.6875,0.12625,0.45,0.28375,1.2660709999181563,80
h0.15_r0.2_s10046,10046,0.15,0.2,0.35,random,0.7,0.13625,0.3375,0.254375,1.2953440000273986,80
h0.15_r0.2_s10046,10046,0.15,0.2,0.35,myopic,0.5625,0.21437499999999998,0.0875,0.24499999999999997,1.174542999933692,80
h0.15_r0.2_s10046,10046,0.15,0.2,0.35,recheck,0.6625,0.11499999999999996,0.2875,0.21562499999999996,1.5692350000335864,80
h0.15_r0.2_s10046,10046,0.15,0.2,0.35,no_task,0.5625,0.21937499999999996,0.1625,0.27625,1.5872420000277998,80
h0.15_r0.2_s10047,10047,0.15,0.2,0.35,never,0.5375,0.26562500000000006,0.05,0.283125,1.0752630000752106,80
h0.15_r0.2_s10047,10047,0.15,0.2,0.35,fresh,1.0,0.0,1.0375,0.363125,1.208834000067327,80
h0.15_r0.2_s10047,10047,0.15,0.2,0.35,ttl,0.6375,0.15312499999999998,0.2,0.22312499999999996,1.2258190000693503,80
h0.15_r0.2_s10047,10047,0.15,0.2,0.35,entropy,0.825,0.075,0.3875,0.210625,1.2727800000220668,80
h0.15_r0.2_s10047,10047,0.15,0.2,0.35,random,0.7625,0.068125,0.2875,0.16875,1.3067509999018512,80
h0.15_r0.2_s10047,10047,0.15,0.2,0.35,myopic,0.6625,0.12562499999999993,0.1125,0.16499999999999995,1.1838069999612344,80
h0.15_r0.2_s10047,10047,0.15,0.2,0.35,recheck,0.675,0.11749999999999997,0.2125,0.19187499999999996,1.6649890000053347,80
h0.15_r0.2_s10047,10047,0.15,0.2,0.35,no_task,0.6625,0.11812499999999995,0.1625,0.17499999999999996,1.5673420000439364,80
h0.15_r0.2_s10048,10048,0.15,0.2,0.35,never,0.65,0.14937499999999998,0.05,0.166875,1.0857789999363376,80
h0.15_r0.2_s10048,10048,0.15,0.2,0.35,fresh,1.0,0.0,1.125,0.39374999999999993,1.221913999984281,80
h0.15_r0.2_s10048,10048,0.15,0.2,0.35,ttl,0.6625,0.154375,0.1875,0.22000000000000003,1.2249889999793595,80
h0.15_r0.2_s10048,10048,0.15,0.2,0.35,entropy,0.775,0.10500000000000002,0.375,0.23625000000000002,1.2376479999147705,80
h0.15_r0.2_s10048,10048,0.15,0.2,0.35,random,0.7625,0.108125,0.4,0.248125,1.6800610000018423,80
h0.15_r0.2_s10048,10048,0.15,0.2,0.35,myopic,0.675,0.12437499999999999,0.1125,0.16375,1.2638470000183588,80
h0.15_r0.2_s10048,10048,0.15,0.2,0.35,recheck,0.6875,0.10937499999999997,0.2375,0.19249999999999998,1.5988100000186023,80
h0.15_r0.2_s10048,10048,0.15,0.2,0.35,no_task,0.675,0.12437499999999999,0.1625,0.18125,1.539449999995668,80
h0.15_r0.2_s10049,10049,0.15,0.2,0.35,never,0.6,0.1475,0.05,0.16499999999999998,1.0841969999546563,80
h0.15_r0.2_s10049,10049,0.15,0.2,0.35,fresh,1.0,0.0,1.2125,0.42437499999999995,1.2125089999699412,80
h0.15_r0.2_s10049,10049,0.15,0.2,0.35,ttl,0.75,0.103125,0.2,0.173125,1.2733309999930498,80
h0.15_r0.2_s10049,10049,0.15,0.2,0.35,entropy,0.875,0.045,0.4,0.185,1.4824749999888809,80
h0.15_r0.2_s10049,10049,0.15,0.2,0.35,random,0.8,0.07687500000000001,0.3625,0.20375000000000001,1.4274029999796767,80
h0.15_r0.2_s10049,10049,0.15,0.2,0.35,myopic,0.6,0.1475,0.125,0.19124999999999998,1.168284000073072,80
h0.15_r0.2_s10049,10049,0.15,0.2,0.35,recheck,0.6625,0.11000000000000001,0.25,0.1975,1.6607329999942522,80
h0.15_r0.2_s10049,10049,0.15,0.2,0.35,no_task,0.6,0.1475,0.1625,0.20437499999999997,1.561252999977114,80
h0.15_r0.2_s10050,10050,0.15,0.2,0.35,never,0.725,0.10000000000000002,0.05,0.11750000000000002,1.1936219999597597,80
h0.15_r0.2_s10050,10050,0.15,0.2,0.35,fresh,1.0,0.0,1.0375,0.363125,1.2021750000030806,80
h0.15_r0.2_s10050,10050,0.15,0.2,0.35,ttl,0.7,0.114375,0.1625,0.17124999999999999,1.292250000005879,80
h0.15_r0.2_s10050,10050,0.15,0.2,0.35,entropy,0.85,0.045,0.3625,0.17187499999999997,1.2567469999567038,80
h0.15_r0.2_s10050,10050,0.15,0.2,0.35,random,0.7625,0.0975,0.275,0.19375,1.2927400000535272,80
h0.15_r0.2_s10050,10050,0.15,0.2,0.35,myopic,0.725,0.10000000000000002,0.0875,0.13062500000000002,1.3883540000279027,80
h0.15_r0.2_s10050,10050,0.15,0.2,0.35,recheck,0.7625,0.07062500000000002,0.225,0.149375,1.6327810000120735,80
h0.15_r0.2_s10050,10050,0.15,0.2,0.35,no_task,0.725,0.10000000000000002,0.1625,0.15687500000000001,1.576726000052986,80
h0.15_r0.2_s10051,10051,0.15,0.2,0.35,never,0.5875,0.18625000000000005,0.05,0.20375000000000004,1.0747829999218084,80
h0.15_r0.2_s10051,10051,0.15,0.2,0.35,fresh,1.0,0.0,1.35,0.4725,1.2603920000628932,80
h0.15_r0.2_s10051,10051,0.15,0.2,0.35,ttl,0.6875,0.13312500000000002,0.1875,0.19875000000000004,1.244357000018681,80
h0.15_r0.2_s10051,10051,0.15,0.2,0.35,entropy,0.8125,0.08625000000000001,0.4625,0.248125,1.291638999987299,80
h0.15_r0.2_s10051,10051,0.15,0.2,0.35,random,0.625,0.16625000000000006,0.3875,0.30187500000000006,1.3043980000020383,80
h0.15_r0.2_s10051,10051,0.15,0.2,0.35,myopic,0.6,0.16625000000000006,0.1,0.20125000000000007,1.2189789999865752,80
h0.15_r0.2_s10051,10051,0.15,0.2,0.35,recheck,0.6375,0.14375000000000002,0.2875,0.244375,1.5582690000428556,80
h0.15_r0.2_s10051,10051,0.15,0.2,0.35,no_task,0.5625,0.21875000000000008,0.1625,0.2756250000000001,1.574703000073896,80
h0.15_r0.2_s10052,10052,0.15,0.2,0.35,never,0.675,0.18374999999999997,0.05,0.20124999999999998,1.0670210000398583,80
h0.15_r0.2_s10052,10052,0.15,0.2,0.35,fresh,1.0,0.0,1.2875,0.45062499999999994,1.2086140000064916,80
h0.15_r0.2_s10052,10052,0.15,0.2,0.35,ttl,0.675,0.184375,0.2,0.254375,1.2615240000286576,80
h0.15_r0.2_s10052,10052,0.15,0.2,0.35,entropy,0.775,0.16187499999999996,0.425,0.31062499999999993,1.3559950000399112,80
h0.15_r0.2_s10052,10052,0.15,0.2,0.35,random,0.6125,0.24062499999999995,0.3,0.34562499999999996,1.335895000011078,80
h0.15_r0.2_s10052,10052,0.15,0.2,0.35,myopic,0.6875,0.15874999999999997,0.1125,0.19812499999999997,1.1937310000575962,80
h0.15_r0.2_s10052,10052,0.15,0.2,0.35,recheck,0.7625,0.081875,0.3125,0.19125,1.5807219999715016,80
h0.15_r0.2_s10052,10052,0.15,0.2,0.35,no_task,0.675,0.17124999999999996,0.1625,0.22812499999999997,1.5559649999659086,80
h0.15_r0.2_s10053,10053,0.15,0.2,0.35,never,0.55,0.22562499999999996,0.05,0.24312499999999995,1.104006999980811,80
h0.15_r0.2_s10053,10053,0.15,0.2,0.35,fresh,1.0,0.0,1.15,0.40249999999999997,1.2763350000568607,80
h0.15_r0.2_s10053,10053,0.15,0.2,0.35,ttl,0.7625,0.09250000000000004,0.2,0.16250000000000003,1.2491539999928136,80
h0.15_r0.2_s10053,10053,0.15,0.2,0.35,entropy,0.7875,0.103125,0.4,0.24312499999999998,1.3417239999853336,80
h0.15_r0.2_s10053,10053,0.15,0.2,0.35,random,0.7625,0.11375000000000002,0.2625,0.20562500000000003,1.412920000007034,80
h0.15_r0.2_s10053,10053,0.15,0.2,0.35,myopic,0.55,0.22562499999999996,0.125,0.269375,1.162393999948108,80
h0.15_r0.2_s10053,10053,0.15,0.2,0.35,recheck,0.6875,0.10625,0.2875,0.20687499999999998,1.6586300000653864,80
h0.15_r0.2_s10053,10053,0.15,0.2,0.35,no_task,0.55,0.21062499999999992,0.1625,0.26749999999999996,1.562956000043414,80
h0.15_r0.2_s10054,10054,0.15,0.2,0.35,never,0.475,0.27,0.05,0.2875,1.0719879999214754,80
h0.15_r0.2_s10054,10054,0.15,0.2,0.35,fresh,1.0,0.0,1.325,0.46374999999999994,1.200480999955289,80
h0.15_r0.2_s10054,10054,0.15,0.2,0.35,ttl,0.625,0.21875,0.2,0.28875,1.2176269999599754,80
h0.15_r0.2_s10054,10054,0.15,0.2,0.35,entropy,0.7,0.16874999999999998,0.4625,0.33062499999999995,1.271899000016674,80
h0.15_r0.2_s10054,10054,0.15,0.2,0.35,random,0.7,0.12124999999999997,0.4,0.26125,1.3249290000203473,80
h0.15_r0.2_s10054,10054,0.15,0.2,0.35,myopic,0.525,0.22500000000000003,0.1125,0.264375,1.1852190000354312,80
h0.15_r0.2_s10054,10054,0.15,0.2,0.35,recheck,0.5875,0.14187499999999997,0.25,0.22937499999999997,1.84294600001067,80
h0.15_r0.2_s10054,10054,0.15,0.2,0.35,no_task,0.5125,0.2125,0.1625,0.26937500000000003,1.5745329999390378,80
h0.15_r0.2_s10055,10055,0.15,0.2,0.35,never,0.6625,0.22999999999999998,0.05,0.24749999999999997,1.0774579999406342,80
h0.15_r0.2_s10055,10055,0.15,0.2,0.35,fresh,1.0,0.0,1.0125,0.354375,1.4020140000639003,80
h0.15_r0.2_s10055,10055,0.15,0.2,0.35,ttl,0.7,0.203125,0.1875,0.26875,1.2266109999927721,80
h0.15_r0.2_s10055,10055,0.15,0.2,0.35,entropy,0.8,0.146875,0.3625,0.27375,1.2787189999698967,80
h0.15_r0.2_s10055,10055,0.15,0.2,0.35,random,0.7,0.159375,0.3,0.26437499999999997,1.3066009998965455,80
h0.15_r0.2_s10055,10055,0.15,0.2,0.35,myopic,0.7,0.15500000000000003,0.1125,0.19437500000000002,1.178158000016083,80
h0.15_r0.2_s10055,10055,0.15,0.2,0.35,recheck,0.7875,0.08125000000000002,0.275,0.17750000000000002,1.5509169999177175,80
h0.15_r0.2_s10055,10055,0.15,0.2,0.35,no_task,0.7,0.15500000000000003,0.1625,0.21187500000000004,1.590727000007064,80
h0.15_r0.2_s10056,10056,0.15,0.2,0.35,never,0.4375,0.23375000000000004,0.05,0.25125000000000003,1.9270729999334435,80
h0.15_r0.2_s10056,10056,0.15,0.2,0.35,fresh,1.0,0.0,1.1,0.38499999999999995,1.514272000008532,80
h0.15_r0.2_s10056,10056,0.15,0.2,0.35,ttl,0.5875,0.14249999999999996,0.2,0.21249999999999997,1.2083029999985229,80
h0.15_r0.2_s10056,10056,0.15,0.2,0.35,entropy,0.6875,0.10875000000000001,0.375,0.24000000000000005,1.3271020000047429,80
h0.15_r0.2_s10056,10056,0.15,0.2,0.35,random,0.6875,0.14062500000000003,0.275,0.23687500000000003,1.2944329999982074,80
h0.15_r0.2_s10056,10056,0.15,0.2,0.35,myopic,0.4625,0.20875000000000005,0.1125,0.248125,1.273501000014221,80
h0.15_r0.2_s10056,10056,0.15,0.2,0.35,recheck,0.5375,0.14500000000000002,0.2375,0.228125,1.5776179999420492,80
h0.15_r0.2_s10056,10056,0.15,0.2,0.35,no_task,0.4625,0.19375000000000003,0.1625,0.25062500000000004,1.9473029999517166,80
h0.15_r0.2_s10057,10057,0.15,0.2,0.35,never,0.5125,0.346875,0.05,0.364375,1.0670619999473274,80
h0.15_r0.2_s10057,10057,0.15,0.2,0.35,fresh,1.0,0.0,1.325,0.46374999999999994,1.358088000074531,80
h0.15_r0.2_s10057,10057,0.15,0.2,0.35,ttl,0.55,0.231875,0.2375,0.315,1.5134110000190049,80
h0.15_r0.2_s10057,10057,0.15,0.2,0.35,entropy,0.7625,0.11249999999999998,0.425,0.26125,1.4018029999078863,80
h0.15_r0.2_s10057,10057,0.15,0.2,0.35,random,0.5,0.2793749999999998,0.275,0.3756249999999998,1.3028849999727754,80
h0.15_r0.2_s10057,10057,0.15,0.2,0.35,myopic,0.6125,0.16437500000000002,0.1375,0.2125,1.170756999954392,80
h0.15_r0.2_s10057,10057,0.15,0.2,0.35,recheck,0.65,0.141875,0.2625,0.23374999999999999,1.5916090000018812,80
h0.15_r0.2_s10057,10057,0.15,0.2,0.35,no_task,0.6,0.181875,0.1625,0.23875000000000002,1.5779179999526605,80
h0.15_r0.2_s10058,10058,0.15,0.2,0.35,never,0.45,0.31687499999999985,0.05,0.3343749999999998,1.0756550000223797,80
h0.15_r0.2_s10058,10058,0.15,0.2,0.35,fresh,1.0,0.0,1.3375,0.46812499999999996,1.2176779999890641,80
h0.15_r0.2_s10058,10058,0.15,0.2,0.35,ttl,0.5875,0.209375,0.1875,0.275,1.2601310000945887,80
h0.15_r0.2_s10058,10058,0.15,0.2,0.35,entropy,0.85,0.08625000000000002,0.425,0.23500000000000001,1.2504369999533083,80
h0.15_r0.2_s10058,10058,0.15,0.2,0.35,random,0.575,0.24687500000000004,0.325,0.36062500000000003,1.342625000006592,80
h0.15_r0.2_s10058,10058,0.15,0.2,0.35,myopic,0.5125,0.17687499999999998,0.125,0.220625,1.1575569999422441,80
h0.15_r0.2_s10058,10058,0.15,0.2,0.35,recheck,0.625,0.09937500000000002,0.25,0.18687500000000004,1.588643999980377,80
h0.15_r0.2_s10058,10058,0.15,0.2,0.35,no_task,0.5,0.19687499999999997,0.1625,0.25375,1.5493150000338574,80
h0.15_r0.2_s10059,10059,0.15,0.2,0.35,never,0.55,0.306875,0.05,0.32437499999999997,1.12095200006479,80
h0.15_r0.2_s10059,10059,0.15,0.2,0.35,fresh,1.0,0.0,1.25,0.4375,1.2004820000584004,80
h0.15_r0.2_s10059,10059,0.15,0.2,0.35,ttl,0.7625,0.095,0.1875,0.16062500000000002,1.2249889999793595,80
h0.15_r0.2_s10059,10059,0.15,0.2,0.35,entropy,0.875,0.04,0.3625,0.16687499999999997,1.2578279998933795,80
h0.15_r0.2_s10059,10059,0.15,0.2,0.35,random,0.875,0.04625,0.45,0.20375000000000001,1.310246000002735,80
h0.15_r0.2_s10059,10059,0.15,0.2,0.35,myopic,0.7,0.11687499999999999,0.125,0.160625,1.1971870000024865,80
h0.15_r0.2_s10059,10059,0.15,0.2,0.35,recheck,0.8125,0.06312499999999999,0.2375,0.14625,1.5787599999157464,80
h0.15_r0.2_s10059,10059,0.15,0.2,0.35,no_task,0.6375,0.15687500000000001,0.1625,0.21375000000000002,1.835504999917248,80
h0.15_r0.2_s10060,10060,0.15,0.2,0.35,never,0.4875,0.3200000000000001,0.05,0.3375000000000001,1.103947000046901,80
h0.15_r0.2_s10060,10060,0.15,0.2,0.35,fresh,1.0,0.0,1.3,0.45499999999999996,1.308514000015748,80
h0.15_r0.2_s10060,10060,0.15,0.2,0.35,ttl,0.7,0.138125,0.2,0.20812499999999998,1.2405920000446713,80
h0.15_r0.2_s10060,10060,0.15,0.2,0.35,entropy,0.8,0.08937500000000001,0.375,0.220625,1.2782189999143156,80
h0.15_r0.2_s10060,10060,0.15,0.2,0.35,random,0.65,0.13874999999999998,0.2625,0.230625,1.3162449999981618,80
h0.15_r0.2_s10060,10060,0.15,0.2,0.35,myopic,0.675,0.14500000000000002,0.125,0.18875000000000003,1.2117889999672116,80
h0.15_r0.2_s10060,10060,0.15,0.2,0.35,recheck,0.7125,0.1025,0.25,0.19,1.5529710000237174,80
h0.15_r0.2_s10060,10060,0.15,0.2,0.35,no_task,0.6625,0.1275,0.1625,0.184375,1.5840269999216616,80
h0.15_r0.2_s10061,10061,0.15,0.2,0.35,never,0.5875,0.17750000000000002,0.05,0.195,2.386801999932686,80
h0.15_r0.2_s10061,10061,0.15,0.2,0.35,fresh,1.0,0.0,1.35,0.4725,1.2011919999395104,80
h0.15_r0.2_s10061,10061,0.15,0.2,0.35,ttl,0.6125,0.20937499999999995,0.2,0.27937499999999993,1.2189899999839326,80
h0.15_r0.2_s10061,10061,0.15,0.2,0.35,entropy,0.725,0.13687499999999994,0.425,0.2856249999999999,1.261883999973179,80
h0.15_r0.2_s10061,10061,0.15,0.2,0.35,random,0.8,0.090625,0.45,0.248125,1.3255999999728374,80
h0.15_r0.2_s10061,10061,0.15,0.2,0.35,myopic,0.5875,0.17750000000000002,0.1,0.2125,1.1839270000564284,80
h0.15_r0.2_s10061,10061,0.15,0.2,0.35,recheck,0.625,0.10125000000000003,0.2,0.17125000000000004,1.5411629999562138,80
h0.15_r0.2_s10061,10061,0.15,0.2,0.35,no_task,0.5625,0.1875,0.1625,0.244375,1.5989490000265505,80
h0.15_r0.2_s10062,10062,0.15,0.2,0.35,never,0.725,0.15,0.05,0.1675,1.0898850000558014,80
h0.15_r0.2_s10062,10062,0.15,0.2,0.35,fresh,1.0,0.0,1.075,0.37625,1.2408520000235512,80
h0.15_r0.2_s10062,10062,0.15,0.2,0.35,ttl,0.8,0.09500000000000001,0.2,0.165,1.2434770000027129,80
h0.15_r0.2_s10062,10062,0.15,0.2,0.35,entropy,0.8625,0.079375,0.45,0.236875,1.344258000017362,80
h0.15_r0.2_s10062,10062,0.15,0.2,0.35,random,0.7375,0.14375,0.325,0.2575,1.3288750000128857,80
h0.15_r0.2_s10062,10062,0.15,0.2,0.35,myopic,0.75,0.1525,0.1375,0.20062499999999997,1.1782379999658588,80
h0.15_r0.2_s10062,10062,0.15,0.2,0.35,recheck,0.8,0.09375000000000003,0.2875,0.19437500000000002,1.5978379999523895,80
h0.15_r0.2_s10062,10062,0.15,0.2,0.35,no_task,0.8125,0.08250000000000002,0.1625,0.13937500000000003,1.5637970000170753,80
h0.15_r0.2_s10063,10063,0.15,0.2,0.35,never,0.35,0.39812499999999995,0.05,0.4156249999999999,1.1040879999200115,80
h0.15_r0.2_s10063,10063,0.15,0.2,0.35,fresh,1.0,0.0,1.3375,0.46812499999999996,1.2170069999228872,80
h0.15_r0.2_s10063,10063,0.15,0.2,0.35,ttl,0.5875,0.261875,0.2,0.33187500000000003,1.2482739999768455,80
h0.15_r0.2_s10063,10063,0.15,0.2,0.35,entropy,0.675,0.165,0.4375,0.31812500000000005,1.281512999980805,80
h0.15_r0.2_s10063,10063,0.15,0.2,0.35,random,0.7125,0.12250000000000001,0.4125,0.26687500000000003,1.318058000038036,80
h0.15_r0.2_s10063,10063,0.15,0.2,0.35,myopic,0.4875,0.20312499999999992,0.125,0.2468749999999999,1.1761860000660818,80
h0.15_r0.2_s10063,10063,0.15,0.2,0.35,recheck,0.5625,0.14937499999999995,0.3,0.2543749999999999,1.5684940000255665,80
h0.15_r0.2_s10063,10063,0.15,0.2,0.35,no_task,0.475,0.20812499999999995,0.1625,0.26499999999999996,1.6257199999927252,80
h0.15_r0.9_s10000,10000,0.15,0.9,0.04,never,0.375,0.42375000000000007,0.05,0.42575,1.201993999984552,80
h0.15_r0.9_s10000,10000,0.15,0.9,0.04,fresh,1.0,0.0,0.9125,0.0365,1.4280530000405633,80
h0.15_r0.9_s10000,10000,0.15,0.9,0.04,ttl,1.0,0.0,0.9125,0.0365,1.3270320000629,80
h0.15_r0.9_s10000,10000,0.15,0.9,0.04,entropy,1.0,0.0,0.9125,0.0365,1.311388000090119,80
h0.15_r0.9_s10000,10000,0.15,0.9,0.04,random,1.0,0.0,0.9125,0.0365,1.3422639999589592,80
h0.15_r0.9_s10000,10000,0.15,0.9,0.04,myopic,0.9875,0.0025,0.825,0.035500000000000004,1.245389000018804,80
h0.15_r0.9_s10000,10000,0.15,0.9,0.04,recheck,0.9875,0.0025,0.825,0.035500000000000004,1.608984999961649,80
h0.15_r0.9_s10000,10000,0.15,0.9,0.04,no_task,0.8875,0.07,1.4875,0.1295,1.648474000035094,80
h0.15_r0.9_s10001,10001,0.15,0.9,0.04,never,0.5625,0.2881250000000001,0.05,0.2901250000000001,1.1043279999967126,80
h0.15_r0.9_s10001,10001,0.15,0.9,0.04,fresh,1.0,0.0,1.1625,0.0465,1.2704470000244328,80
h0.15_r0.9_s10001,10001,0.15,0.9,0.04,ttl,1.0,0.0,1.1625,0.0465,1.3044979999676798,80
h0.15_r0.9_s10001,10001,0.15,0.9,0.04,entropy,1.0,0.0,1.1625,0.0465,1.3133109999898807,80
h0.15_r0.9_s10001,10001,0.15,0.9,0.04,random,1.0,0.0,1.1625,0.0465,1.3759249999338863,80
h0.15_r0.9_s10001,10001,0.15,0.9,0.04,myopic,0.975,0.005,1.0,0.045,1.2191199999733726,80
h0.15_r0.9_s10001,10001,0.15,0.9,0.04,recheck,0.975,0.005,1.0125,0.0455,1.8063019999772223,80
h0.15_r0.9_s10001,10001,0.15,0.9,0.04,no_task,0.825,0.041875,1.4875,0.10137499999999999,1.6291050000063478,80
h0.15_r0.9_s10002,10002,0.15,0.9,0.04,never,0.725,0.175,0.05,0.177,1.1851780000142753,80
h0.15_r0.9_s10002,10002,0.15,0.9,0.04,fresh,1.0,0.0,0.775,0.031,1.2044869999954244,80
h0.15_r0.9_s10002,10002,0.15,0.9,0.04,ttl,1.0,0.0,0.775,0.031,1.2974879999774203,80
h0.15_r0.9_s10002,10002,0.15,0.9,0.04,entropy,1.0,0.0,0.775,0.031,1.2842170000340047,80
h0.15_r0.9_s10002,10002,0.15,0.9,0.04,random,1.0,0.0,0.775,0.031,1.367543000014848,80
h0.15_r0.9_s10002,10002,0.15,0.9,0.04,myopic,0.975,0.005,0.6,0.028999999999999998,1.4306269999906363,80
h0.15_r0.9_s10002,10002,0.15,0.9,0.04,recheck,0.975,0.005,0.6,0.028999999999999998,1.6959150000275258,80
h0.15_r0.9_s10002,10002,0.15,0.9,0.04,no_task,0.8625,0.027499999999999997,1.4875,0.087,1.6168270000207485,80
h0.15_r0.9_s10003,10003,0.15,0.9,0.04,never,0.55,0.28375,0.05,0.28575,1.0808619999806979,80
h0.15_r0.9_s10003,10003,0.15,0.9,0.04,fresh,1.0,0.0,1.2625,0.0505,1.2111680000543856,80
h0.15_r0.9_s10003,10003,0.15,0.9,0.04,ttl,1.0,0.0,1.2625,0.0505,1.2695550000216826,80
h0.15_r0.9_s10003,10003,0.15,0.9,0.04,entropy,1.0,0.0,1.2625,0.0505,1.2921000000005733,80
h0.15_r0.9_s10003,10003,0.15,0.9,0.04,random,1.0,0.0,1.2625,0.0505,1.4169259999334827,80
h0.15_r0.9_s10003,10003,0.15,0.9,0.04,myopic,0.95,0.008124999999999999,1.05,0.050124999999999996,1.2616040000921203,80
h0.15_r0.9_s10003,10003,0.15,0.9,0.04,recheck,0.975,0.0043749999999999995,1.0875,0.047875,1.6039470000350775,80
h0.15_r0.9_s10003,10003,0.15,0.9,0.04,no_task,0.9125,0.029375000000000002,1.4875,0.088875,1.6433470000265515,80
h0.15_r0.9_s10004,10004,0.15,0.9,0.04,never,0.475,0.3212500000000001,0.05,0.3232500000000001,1.09802800000125,80
h0.15_r0.9_s10004,10004,0.15,0.9,0.04,fresh,1.0,0.0,1.05,0.041999999999999996,1.2410529999442588,80
h0.15_r0.9_s10004,10004,0.15,0.9,0.04,ttl,1.0,0.0,1.05,0.041999999999999996,1.5653990000146223,80
h0.15_r0.9_s10004,10004,0.15,0.9,0.04,entropy,1.0,0.0,1.05,0.041999999999999996,1.560040999947887,80
h0.15_r0.9_s10004,10004,0.15,0.9,0.04,random,1.0,0.0,1.05,0.041999999999999996,1.357427000016287,80
h0.15_r0.9_s10004,10004,0.15,0.9,0.04,myopic,1.0,0.0,1.05,0.041999999999999996,1.3243480000255659,80
h0.15_r0.9_s10004,10004,0.15,0.9,0.04,recheck,1.0,0.0,1.05,0.041999999999999996,1.6446079999923313,80
h0.15_r0.9_s10004,10004,0.15,0.9,0.04,no_task,0.8125,0.09562499999999997,1.4875,0.15512499999999996,1.6212129999075842,80
h0.15_r0.9_s10005,10005,0.15,0.9,0.04,never,0.55,0.30000000000000004,0.05,0.30200000000000005,1.1352840000427022,80
h0.15_r0.9_s10005,10005,0.15,0.9,0.04,fresh,1.0,0.0,1.6,0.064,1.2893240000266815,80
h0.15_r0.9_s10005,10005,0.15,0.9,0.04,ttl,1.0,0.0,1.6,0.064,1.3442470000200046,80
h0.15_r0.9_s10005,10005,0.15,0.9,0.04,entropy,1.0,0.0,1.6,0.064,1.293490999955793,80
h0.15_r0.9_s10005,10005,0.15,0.9,0.04,random,1.0,0.0,1.6,0.064,1.386010999908649,80
h0.15_r0.9_s10005,10005,0.15,0.9,0.04,myopic,0.975,0.00375,1.425,0.060750000000000005,1.2291550000327334,80
h0.15_r0.9_s10005,10005,0.15,0.9,0.04,recheck,0.9625,0.005625,1.4625,0.064125,1.6094860000066546,80
h0.15_r0.9_s10005,10005,0.15,0.9,0.04,no_task,0.9125,0.0475,1.4875,0.10699999999999998,1.6235570000162625,80
h0.15_r0.9_s10006,10006,0.15,0.9,0.04,never,0.5625,0.14187500000000003,0.05,0.14387500000000003,1.083425999922838,80
h0.15_r0.9_s10006,10006,0.15,0.9,0.04,fresh,1.0,0.0,1.1125,0.0445,1.2493250000034095,80
h0.15_r0.9_s10006,10006,0.15,0.9,0.04,ttl,1.0,0.0,1.1125,0.0445,1.3009330000386399,80
h0.15_r0.9_s10006,10006,0.15,0.9,0.04,entropy,1.0,0.0,1.1125,0.0445,1.307672000052662,80
h0.15_r0.9_s10006,10006,0.15,0.9,0.04,random,1.0,0.0,1.1125,0.0445,1.3489649999200992,80
h0.15_r0.9_s10006,10006,0.15,0.9,0.04,myopic,0.9875,0.0025,0.9125,0.039,1.240732000042044,80
h0.15_r0.9_s10006,10006,0.15,0.9,0.04,recheck,0.9875,0.0025,0.925,0.0395,1.6240280000374696,80
h0.15_r0.9_s10006,10006,0.15,0.9,0.04,no_task,0.9,0.024999999999999998,1.4875,0.08449999999999999,1.6437369999948714,80
h0.15_r0.9_s10007,10007,0.15,0.9,0.04,never,0.4625,0.38437499999999986,0.05,0.38637499999999986,1.123265999922296,80
h0.15_r0.9_s10007,10007,0.15,0.9,0.04,fresh,1.0,0.0,1.0375,0.0415,1.2114879999671757,80
h0.15_r0.9_s10007,10007,0.15,0.9,0.04,ttl,1.0,0.0,1.0375,0.0415,1.308292999965488,80
h0.15_r0.9_s10007,10007,0.15,0.9,0.04,entropy,1.0,0.0,1.0375,0.0415,1.2917090000428288,80
h0.15_r0.9_s10007,10007,0.15,0.9,0.04,random,1.0,0.0,1.0375,0.0415,1.3894550000941308,80
h0.15_r0.9_s10007,10007,0.15,0.9,0.04,myopic,1.0,0.0,0.95,0.038,1.2278530000457977,80
h0.15_r0.9_s10007,10007,0.15,0.9,0.04,recheck,1.0,0.0,0.95,0.038,1.6127909999568146,80
h0.15_r0.9_s10007,10007,0.15,0.9,0.04,no_task,0.95,0.045625,1.4875,0.105125,1.6320989999485391,80
h0.15_r0.9_s10008,10008,0.15,0.9,0.04,never,0.5875,0.09750000000000006,0.05,0.09950000000000006,1.0942919999479273,80
h0.15_r0.9_s10008,10008,0.15,0.9,0.04,fresh,1.0,0.0,1.05,0.041999999999999996,1.240872000039417,80
h0.15_r0.9_s10008,10008,0.15,0.9,0.04,ttl,1.0,0.0,1.05,0.041999999999999996,1.290686999936952,80
h0.15_r0.9_s10008,10008,0.15,0.9,0.04,entropy,1.0,0.0,1.05,0.041999999999999996,1.3078120000500348,80
h0.15_r0.9_s10008,10008,0.15,0.9,0.04,random,1.0,0.0,1.05,0.041999999999999996,1.3701459999992949,80
h0.15_r0.9_s10008,10008,0.15,0.9,0.04,myopic,0.9375,0.0125,0.8125,0.045,1.2119389999725172,80
h0.15_r0.9_s10008,10008,0.15,0.9,0.04,recheck,0.9375,0.0125,0.8125,0.045,1.6224950001060279,80
h0.15_r0.9_s10008,10008,0.15,0.9,0.04,no_task,0.875,0.030625000000000003,1.4875,0.090125,1.9238879999647907,80
h0.15_r0.9_s10009,10009,0.15,0.9,0.04,never,0.5625,0.16249999999999998,0.05,0.16449999999999998,1.175745000068673,80
h0.15_r0.9_s10009,10009,0.15,0.9,0.04,fresh,1.0,0.0,1.575,0.063,1.213069999948857,80
h0.15_r0.9_s10009,10009,0.15,0.9,0.04,ttl,1.0,0.0,1.575,0.063,1.306751000015538,80
h0.15_r0.9_s10009,10009,0.15,0.9,0.04,entropy,1.0,0.0,1.575,0.063,1.301762999901257,80
h0.15_r0.9_s10009,10009,0.15,0.9,0.04,random,1.0,0.0,1.575,0.063,1.3745730000209733,80
h0.15_r0.9_s10009,10009,0.15,0.9,0.04,myopic,0.95,0.0075,1.3875,0.063,1.5406219999931636,80
h0.15_r0.9_s10009,10009,0.15,0.9,0.04,recheck,0.9875,0.001875,1.425,0.05887500000000001,1.6585490000124992,80
h0.15_r0.9_s10009,10009,0.15,0.9,0.04,no_task,0.8875,0.026874999999999993,1.4875,0.086375,1.6226649998998255,80
h0.15_r0.9_s10010,10010,0.15,0.9,0.04,never,0.2375,0.6475000000000002,0.05,0.6495000000000001,1.0882729999366347,80
h0.15_r0.9_s10010,10010,0.15,0.9,0.04,fresh,1.0,0.0,1.3,0.052000000000000005,1.221464000082051,80
h0.15_r0.9_s10010,10010,0.15,0.9,0.04,ttl,1.0,0.0,1.3,0.052000000000000005,1.2768760000199109,80
h0.15_r0.9_s10010,10010,0.15,0.9,0.04,entropy,1.0,0.0,1.3,0.052000000000000005,1.2862700000368932,80
h0.15_r0.9_s10010,10010,0.15,0.9,0.04,random,1.0,0.0,1.3,0.052000000000000005,1.3544930000080058,80
h0.15_r0.9_s10010,10010,0.15,0.9,0.04,myopic,1.0,0.0,1.1625,0.0465,1.2204719999999725,80
h0.15_r0.9_s10010,10010,0.15,0.9,0.04,recheck,1.0,0.0,1.1875,0.0475,1.6034669999953621,80
h0.15_r0.9_s10010,10010,0.15,0.9,0.04,no_task,0.9125,0.05,1.4875,0.1095,1.6510880000168981,80
h0.15_r0.9_s10011,10011,0.15,0.9,0.04,never,0.2125,0.4856250000000001,0.05,0.4876250000000001,1.0903059999236575,80
h0.15_r0.9_s10011,10011,0.15,0.9,0.04,fresh,1.0,0.0,2.65,0.10600000000000001,1.251729000045998,80
h0.15_r0.9_s10011,10011,0.15,0.9,0.04,ttl,1.0,0.0,2.65,0.10600000000000001,1.303256000028341,80
h0.15_r0.9_s10011,10011,0.15,0.9,0.04,entropy,1.0,0.0,2.65,0.10600000000000001,1.3228450000042358,80
h0.15_r0.9_s10011,10011,0.15,0.9,0.04,random,1.0,0.0,2.65,0.10600000000000001,1.3510279999309205,80
h0.15_r0.9_s10011,10011,0.15,0.9,0.04,myopic,0.925,0.011875,2.0625,0.09437500000000001,1.2339319999910003,80
h0.15_r0.9_s10011,10011,0.15,0.9,0.04,recheck,0.9125,0.013749999999999998,2.1875,0.10124999999999999,1.6399410000076386,80
h0.15_r0.9_s10011,10011,0.15,0.9,0.04,no_task,0.8375,0.039375,1.4875,0.098875,1.630116999990605,80
h0.15_r0.9_s10012,10012,0.15,0.9,0.04,never,0.625,0.24687499999999996,0.05,0.24887499999999996,1.1092350000581064,80
h0.15_r0.9_s10012,10012,0.15,0.9,0.04,fresh,1.0,0.0,0.9875,0.0395,1.2249579999661364,80
h0.15_r0.9_s10012,10012,0.15,0.9,0.04,ttl,1.0,0.0,0.9875,0.0395,1.3017429999990782,80
h0.15_r0.9_s10012,10012,0.15,0.9,0.04,entropy,1.0,0.0,0.9875,0.0395,1.3179179999269763,80
h0.15_r0.9_s10012,10012,0.15,0.9,0.04,random,1.0,0.0,0.9875,0.0395,1.3756250000369619,80
h0.15_r0.9_s10012,10012,0.15,0.9,0.04,myopic,1.0,0.0,0.8125,0.0325,1.2195099999416925,80
h0.15_r0.9_s10012,10012,0.15,0.9,0.04,recheck,1.0,0.0,0.8375,0.0335,1.6441070000610125,80
h0.15_r0.9_s10012,10012,0.15,0.9,0.04,no_task,0.9375,0.026250000000000002,1.4875,0.08574999999999999,1.6180379999468641,80
h0.15_r0.9_s10013,10013,0.15,0.9,0.04,never,0.7375,0.13875,0.05,0.14075000000000001,1.0831260000259135,80
h0.15_r0.9_s10013,10013,0.15,0.9,0.04,fresh,1.0,0.0,0.6875,0.027500000000000004,1.2037970000164933,80
h0.15_r0.9_s10013,10013,0.15,0.9,0.04,ttl,1.0,0.0,0.6875,0.027500000000000004,1.2625949999574004,80
h0.15_r0.9_s10013,10013,0.15,0.9,0.04,entropy,1.0,0.0,0.6875,0.027500000000000004,1.2962949999746343,80
h0.15_r0.9_s10013,10013,0.15,0.9,0.04,random,1.0,0.0,0.6875,0.027500000000000004,1.3300760000447553,80
h0.15_r0.9_s10013,10013,0.15,0.9,0.04,myopic,0.9875,0.0025,0.6375,0.028000000000000004,1.2594800000442774,80
h0.15_r0.9_s10013,10013,0.15,0.9,0.04,recheck,0.9875,0.0025,0.6375,0.028000000000000004,1.5728710000075807,80
h0.15_r0.9_s10013,10013,0.15,0.9,0.04,no_task,0.825,0.08000000000000003,1.4875,0.1395,1.6470320000507854,80
h0.15_r0.9_s10014,10014,0.15,0.9,0.04,never,0.5625,0.19499999999999987,0.05,0.19699999999999987,1.0904470000241417,80
h0.15_r0.9_s10014,10014,0.15,0.9,0.04,fresh,1.0,0.0,0.675,0.027000000000000003,1.1876830000119298,80
h0.15_r0.9_s10014,10014,0.15,0.9,0.04,ttl,1.0,0.0,0.675,0.027000000000000003,1.2840970000524976,80
h0.15_r0.9_s10014,10014,0.15,0.9,0.04,entropy,1.0,0.0,0.675,0.027000000000000003,1.2728199999401113,80
h0.15_r0.9_s10014,10014,0.15,0.9,0.04,random,1.0,0.0,0.675,0.027000000000000003,1.361753999958637,80
h0.15_r0.9_s10014,10014,0.15,0.9,0.04,myopic,1.0,0.0,0.625,0.025,1.2052690000246002,80
h0.15_r0.9_s10014,10014,0.15,0.9,0.04,recheck,1.0,0.0,0.625,0.025,1.5692460000309438,80
h0.15_r0.9_s10014,10014,0.15,0.9,0.04,no_task,0.9125,0.03875,1.4875,0.09824999999999999,1.6275520000590404,80
h0.15_r0.9_s10015,10015,0.15,0.9,0.04,never,0.275,0.41312500000000024,0.05,0.4151250000000002,1.0812019999093536,80
h0.15_r0.9_s10015,10015,0.15,0.9,0.04,fresh,1.0,0.0,1.95,0.078,1.2351840000519587,80
h0.15_r0.9_s10015,10015,0.15,0.9,0.04,ttl,1.0,0.0,1.95,0.078,1.2882540000873632,80
h0.15_r0.9_s10015,10015,0.15,0.9,0.04,entropy,1.0,0.0,1.95,0.078,1.3297660000262113,80
h0.15_r0.9_s10015,10015,0.15,0.9,0.04,random,1.0,0.0,1.95,0.078,1.3630859999693712,80
h0.15_r0.9_s10015,10015,0.15,0.9,0.04,myopic,0.875,0.019999999999999997,1.5,0.07999999999999999,1.2397010000313458,80
h0.15_r0.9_s10015,10015,0.15,0.9,0.04,recheck,0.9375,0.010625,1.575,0.07362500000000001,1.6027750000375818,80
h0.15_r0.9_s10015,10015,0.15,0.9,0.04,no_task,0.85,0.05,1.4875,0.1095,1.6451989999950456,80
h0.15_r0.9_s10016,10016,0.15,0.9,0.04,never,0.425,0.3993749999999999,0.05,0.4013749999999999,1.0938120000218987,80
h0.15_r0.9_s10016,10016,0.15,0.9,0.04,fresh,1.0,0.0,1.6125,0.0645,1.2086340000223572,80
h0.15_r0.9_s10016,10016,0.15,0.9,0.04,ttl,1.0,0.0,1.6125,0.0645,1.3088140000263593,80
h0.15_r0.9_s10016,10016,0.15,0.9,0.04,entropy,1.0,0.0,1.6125,0.0645,1.2932509999927788,80
h0.15_r0.9_s10016,10016,0.15,0.9,0.04,random,1.0,0.0,1.6125,0.0645,1.359690000072078,80
h0.15_r0.9_s10016,10016,0.15,0.9,0.04,myopic,0.95,0.008125,1.3375,0.061625000000000006,1.5497770000365563,80
h0.15_r0.9_s10016,10016,0.15,0.9,0.04,recheck,0.9625,0.00625,1.3875,0.061750000000000006,1.6471120000005612,80
h0.15_r0.9_s10016,10016,0.15,0.9,0.04,no_task,0.8375,0.08062499999999999,1.4875,0.140125,1.6987589999644115,80
h0.15_r0.9_s10017,10017,0.15,0.9,0.04,never,0.925,0.058750000000000004,0.05,0.060750000000000005,1.134082000021408,80
h0.15_r0.9_s10017,10017,0.15,0.9,0.04,fresh,1.0,0.0,0.65,0.026000000000000002,1.174001999970642,80
h0.15_r0.9_s10017,10017,0.15,0.9,0.04,ttl,1.0,0.0,0.65,0.026000000000000002,1.2459800000215182,80
h0.15_r0.9_s10017,10017,0.15,0.9,0.04,entropy,1.0,0.0,0.65,0.026000000000000002,1.2680129999580458,80
h0.15_r0.9_s10017,10017,0.15,0.9,0.04,random,1.0,0.0,0.65,0.026000000000000002,1.317377000077613,80
h0.15_r0.9_s10017,10017,0.15,0.9,0.04,myopic,1.0,0.0,0.55,0.022,1.2026349999132435,80
h0.15_r0.9_s10017,10017,0.15,0.9,0.04,recheck,0.9875,0.001875,0.5625,0.024375,1.5712279999888779,80
h0.15_r0.9_s10017,10017,0.15,0.9,0.04,no_task,0.9875,0.0075,1.4875,0.06699999999999999,1.6402019999759432,80
h0.15_r0.9_s10018,10018,0.15,0.9,0.04,never,0.6625,0.15812499999999996,0.05,0.16012499999999996,1.114092000079836,80
h0.15_r0.9_s10018,10018,0.15,0.9,0.04,fresh,1.0,0.0,1.1875,0.0475,1.2537119999933566,80
h0.15_r0.9_s10018,10018,0.15,0.9,0.04,ttl,1.0,0.0,1.1875,0.0475,1.283826999951998,80
h0.15_r0.9_s10018,10018,0.15,0.9,0.04,entropy,1.0,0.0,1.1875,0.0475,1.3167559999374134,80
h0.15_r0.9_s10018,10018,0.15,0.9,0.04,random,1.0,0.0,1.1875,0.0475,1.3742520000050717,80
h0.15_r0.9_s10018,10018,0.15,0.9,0.04,myopic,0.975,0.00375,0.975,0.042749999999999996,1.3471019999542477,80
h0.15_r0.9_s10018,10018,0.15,0.9,0.04,recheck,0.9625,0.005625,0.9875,0.045125000000000005,1.643466000018634,80
h0.15_r0.9_s10018,10018,0.15,0.9,0.04,no_task,0.8625,0.042499999999999996,1.4875,0.10200000000000001,1.716696000016782,80
h0.15_r0.9_s10019,10019,0.15,0.9,0.04,never,0.5875,0.144375,0.05,0.146375,1.109455000005255,80
h0.15_r0.9_s10019,10019,0.15,0.9,0.04,fresh,1.0,0.0,1.0375,0.0415,1.2132199999541626,80
h0.15_r0.9_s10019,10019,0.15,0.9,0.04,ttl,1.0,0.0,1.0375,0.0415,1.3249689999383918,80
h0.15_r0.9_s10019,10019,0.15,0.9,0.04,entropy,1.0,0.0,1.0375,0.0415,1.283377000049768,80
h0.15_r0.9_s10019,10019,0.15,0.9,0.04,random,1.0,0.0,1.0375,0.0415,1.3895160000174656,80
h0.15_r0.9_s10019,10019,0.15,0.9,0.04,myopic,0.975,0.005,0.65,0.031,1.198568999939198,80
h0.15_r0.9_s10019,10019,0.15,0.9,0.04,recheck,0.975,0.005,0.65,0.031,1.5948129999969751,80
h0.15_r0.9_s10019,10019,0.15,0.9,0.04,no_task,0.75,0.07250000000000001,1.4875,0.132,1.6266310000219164,80
h0.15_r0.9_s10020,10020,0.15,0.9,0.04,never,0.2625,0.4512500000000001,0.05,0.45325000000000004,1.0860000001002845,80
h0.15_r0.9_s10020,10020,0.15,0.9,0.04,fresh,1.0,0.0,2.0625,0.0825,1.227481999990232,80
h0.15_r0.9_s10020,10020,0.15,0.9,0.04,ttl,1.0,0.0,2.0625,0.0825,1.2928109999847948,80
h0.15_r0.9_s10020,10020,0.15,0.9,0.04,entropy,1.0,0.0,2.0625,0.0825,1.3068709999970451,80
h0.15_r0.9_s10020,10020,0.15,0.9,0.04,random,1.0,0.0,2.0625,0.0825,1.3611829999717884,80
h0.15_r0.9_s10020,10020,0.15,0.9,0.04,myopic,0.95,0.0075,1.675,0.0745,1.2256289999186265,80
h0.15_r0.9_s10020,10020,0.15,0.9,0.04,recheck,0.9875,0.001875,1.775,0.072875,1.6065109999772176,80
h0.15_r0.9_s10020,10020,0.15,0.9,0.04,no_task,0.825,0.041874999999999996,1.4875,0.10137499999999999,1.739049999969211,80
h0.15_r0.9_s10021,10021,0.15,0.9,0.04,never,0.475,0.50875,0.05,0.51075,1.081022999983361,80
h0.15_r0.9_s10021,10021,0.15,0.9,0.04,fresh,1.0,0.0,1.05,0.041999999999999996,1.2092949999669145,80
h0.15_r0.9_s10021,10021,0.15,0.9,0.04,ttl,1.0,0.0,1.05,0.041999999999999996,1.3157449999425808,80
h0.15_r0.9_s10021,10021,0.15,0.9,0.04,entropy,1.0,0.0,1.05,0.041999999999999996,1.287150999928599,80
h0.15_r0.9_s10021,10021,0.15,0.9,0.04,random,1.0,0.0,1.05,0.041999999999999996,1.3687040000149864,80
h0.15_r0.9_s10021,10021,0.15,0.9,0.04,myopic,1.0,0.0,1.025,0.041,1.2296859999878507,80
h0.15_r0.9_s10021,10021,0.15,0.9,0.04,recheck,1.0,0.0,1.025,0.041,1.6401310000446756,80
h0.15_r0.9_s10021,10021,0.15,0.9,0.04,no_task,0.9625,0.029375000000000002,1.4875,0.088875,1.6150640000205385,80
h0.15_r0.9_s10022,10022,0.15,0.9,0.04,never,0.35,0.44437500000000024,0.05,0.4463750000000002,1.0756140000012238,80
h0.15_r0.9_s10022,10022,0.15,0.9,0.04,fresh,1.0,0.0,1.9,0.076,1.2026549999291092,80
h0.15_r0.9_s10022,10022,0.15,0.9,0.04,ttl,1.0,0.0,1.9,0.076,1.2731409999560128,80
h0.15_r0.9_s10022,10022,0.15,0.9,0.04,entropy,1.0,0.0,1.9,0.076,1.3066420000313883,80
h0.15_r0.9_s10022,10022,0.15,0.9,0.04,random,1.0,0.0,1.9,0.076,1.335524999944937,80
h0.15_r0.9_s10022,10022,0.15,0.9,0.04,myopic,0.875,0.018749999999999996,1.5875,0.08225,1.3457290000360445,80
h0.15_r0.9_s10022,10022,0.15,0.9,0.04,recheck,0.9625,0.005625,1.6625,0.07212500000000001,1.6111380000438658,80
h0.15_r0.9_s10022,10022,0.15,0.9,0.04,no_task,0.8,0.058125,1.4875,0.11762500000000001,1.635404000012386,80
h0.15_r0.9_s10023,10023,0.15,0.9,0.04,never,0.375,0.33062499999999984,0.05,0.33262499999999984,1.0942019999902186,80
h0.15_r0.9_s10023,10023,0.15,0.9,0.04,fresh,1.0,0.0,1.6,0.064,1.2451590000637225,80
h0.15_r0.9_s10023,10023,0.15,0.9,0.04,ttl,1.0,0.0,1.6,0.064,1.2967459999799757,80
h0.15_r0.9_s10023,10023,0.15,0.9,0.04,entropy,1.0,0.0,1.6,0.064,1.3278229999968971,80
h0.15_r0.9_s10023,10023,0.15,0.9,0.04,random,1.0,0.0,1.6,0.064,1.3315180000290638,80
h0.15_r0.9_s10023,10023,0.15,0.9,0.04,myopic,0.95,0.0075,1.2875,0.059,1.334423000002971,80
h0.15_r0.9_s10023,10023,0.15,0.9,0.04,recheck,0.9875,0.001875,1.35,0.05587500000000001,1.6643680000925087,80
h0.15_r0.9_s10023,10023,0.15,0.9,0.04,no_task,0.8875,0.041874999999999996,1.4875,0.10137499999999999,1.6129709999859188,80
h0.15_r0.9_s10024,10024,0.15,0.9,0.04,never,0.4375,0.30374999999999985,0.05,0.30574999999999986,1.1044269999729295,80
h0.15_r0.9_s10024,10024,0.15,0.9,0.04,fresh,1.0,0.0,1.7375,0.0695,1.298188000077971,80
h0.15_r0.9_s10024,10024,0.15,0.9,0.04,ttl,1.0,0.0,1.7375,0.0695,1.3362860000825094,80
h0.15_r0.9_s10024,10024,0.15,0.9,0.04,entropy,1.0,0.0,1.7375,0.0695,1.3069110000287765,80
h0.15_r0.9_s10024,10024,0.15,0.9,0.04,random,1.0,0.0,1.7375,0.0695,1.3778479999473348,80
h0.15_r0.9_s10024,10024,0.15,0.9,0.04,myopic,0.8375,0.025625,1.3125,0.078125,1.200411000013446,80
h0.15_r0.9_s10024,10024,0.15,0.9,0.04,recheck,0.925,0.0125,1.375,0.0675,1.58360700004323,80
h0.15_r0.9_s10024,10024,0.15,0.9,0.04,no_task,0.6875,0.08312500000000002,1.4875,0.142625,1.603726999974242,80
h0.15_r0.9_s10025,10025,0.15,0.9,0.04,never,0.525,0.22812499999999997,0.05,0.23012499999999997,1.0770869999987553,80
h0.15_r0.9_s10025,10025,0.15,0.9,0.04,fresh,1.0,0.0,0.9125,0.0365,1.2006019999262207,80
h0.15_r0.9_s10025,10025,0.15,0.9,0.04,ttl,1.0,0.0,0.9125,0.0365,1.2734209999507584,80
h0.15_r0.9_s10025,10025,0.15,0.9,0.04,entropy,1.0,0.0,0.9125,0.0365,1.2954740000168385,80
h0.15_r0.9_s10025,10025,0.15,0.9,0.04,random,1.0,0.0,0.9125,0.0365,1.3251689999833616,80
h0.15_r0.9_s10025,10025,0.15,0.9,0.04,myopic,0.9625,0.0075000000000000015,0.775,0.0385,1.2421640000184198,80
h0.15_r0.9_s10025,10025,0.15,0.9,0.04,recheck,0.9625,0.0075000000000000015,0.775,0.0385,1.5946539999731613,80
h0.15_r0.9_s10025,10025,0.15,0.9,0.04,no_task,0.8,0.08687500000000002,1.4875,0.146375,1.6247089999978925,80
h0.15_r0.9_s10026,10026,0.15,0.9,0.04,never,0.7375,0.05625000000000002,0.05,0.058250000000000024,1.1772069999551604,80
h0.15_r0.9_s10026,10026,0.15,0.9,0.04,fresh,1.0,0.0,0.85,0.034,1.191157999983261,80
h0.15_r0.9_s10026,10026,0.15,0.9,0.04,ttl,1.0,0.0,0.85,0.034,1.3072120000288123,80
h0.15_r0.9_s10026,10026,0.15,0.9,0.04,entropy,1.0,0.0,0.85,0.034,1.294262999977036,80
h0.15_r0.9_s10026,10026,0.15,0.9,0.04,random,1.0,0.0,0.85,0.034,1.432850000014696,80
h0.15_r0.9_s10026,10026,0.15,0.9,0.04,myopic,0.975,0.005,0.4875,0.0245,1.192130000049474,80
h0.15_r0.9_s10026,10026,0.15,0.9,0.04,recheck,0.975,0.005,0.4875,0.0245,2.782546000048569,80
h0.15_r0.9_s10026,10026,0.15,0.9,0.04,no_task,0.8625,0.027499999999999997,1.4875,0.087,1.6537120000066352,80
h0.15_r0.9_s10027,10027,0.15,0.9,0.04,never,0.4875,0.3062499999999999,0.05,0.3082499999999999,1.1612929999955668,80
h0.15_r0.9_s10027,10027,0.15,0.9,0.04,fresh,1.0,0.0,1.05,0.041999999999999996,1.251668999998401,80
h0.15_r0.9_s10027,10027,0.15,0.9,0.04,ttl,1.0,0.0,1.05,0.041999999999999996,1.3788600000452789,80
h0.15_r0.9_s10027,10027,0.15,0.9,0.04,entropy,1.0,0.0,1.05,0.041999999999999996,1.3154449999319695,80
h0.15_r0.9_s10027,10027,0.15,0.9,0.04,random,1.0,0.0,1.05,0.041999999999999996,1.4420140000765969,80
h0.15_r0.9_s10027,10027,0.15,0.9,0.04,myopic,0.9875,0.0025,1.0,0.0425,1.254062000043632,80
h0.15_r0.9_s10027,10027,0.15,0.9,0.04,recheck,0.9875,0.0025,1.0125,0.043000000000000003,1.671468000040477,80
h0.15_r0.9_s10027,10027,0.15,0.9,0.04,no_task,0.875,0.06375,1.4875,0.12325,1.6614439999784736,80
h0.15_r0.9_s10028,10028,0.15,0.9,0.04,never,0.4875,0.23875000000000007,0.05,0.24075000000000008,1.0987499999828287,80
h0.15_r0.9_s10028,10028,0.15,0.9,0.04,fresh,1.0,0.0,0.925,0.037,1.2970069999482803,80
h0.15_r0.9_s10028,10028,0.15,0.9,0.04,ttl,1.0,0.0,0.925,0.037,1.3171769999189564,80
h0.15_r0.9_s10028,10028,0.15,0.9,0.04,entropy,1.0,0.0,0.925,0.037,1.309745999947154,80
h0.15_r0.9_s10028,10028,0.15,0.9,0.04,random,1.0,0.0,0.925,0.037,1.4100160000225515,80
h0.15_r0.9_s10028,10028,0.15,0.9,0.04,myopic,1.0,0.0,0.925,0.037,1.2774470000067595,80
h0.15_r0.9_s10028,10028,0.15,0.9,0.04,recheck,1.0,0.0,0.925,0.037,1.6716489999453188,80
h0.15_r0.9_s10028,10028,0.15,0.9,0.04,no_task,0.9,0.046250000000000006,1.4875,0.10575000000000001,1.6868019999947137,80
h0.15_r0.9_s10029,10029,0.15,0.9,0.04,never,0.3,0.3056249999999999,0.05,0.3076249999999999,1.0981980000224212,80
h0.15_r0.9_s10029,10029,0.15,0.9,0.04,fresh,1.0,0.0,1.6125,0.0645,1.2586590000864817,80
h0.15_r0.9_s10029,10029,0.15,0.9,0.04,ttl,1.0,0.0,1.6125,0.0645,1.3304069999549029,80
h0.15_r0.9_s10029,10029,0.15,0.9,0.04,entropy,1.0,0.0,1.6125,0.0645,1.3416539999298038,80
h0.15_r0.9_s10029,10029,0.15,0.9,0.04,random,1.0,0.0,1.6125,0.0645,1.384456999971917,80
h0.15_r0.9_s10029,10029,0.15,0.9,0.04,myopic,0.9625,0.005625,1.275,0.056625,1.2688439999237744,80
h0.15_r0.9_s10029,10029,0.15,0.9,0.04,recheck,0.975,0.00375,1.3375,0.05725,1.630788000056782,80
h0.15_r0.9_s10029,10029,0.15,0.9,0.04,no_task,0.875,0.040625,1.4875,0.10012499999999999,1.631238000072699,80
h0.15_r0.9_s10030,10030,0.15,0.9,0.04,never,0.4875,0.3131249999999998,0.05,0.3151249999999998,1.2008229999764808,80
h0.15_r0.9_s10030,10030,0.15,0.9,0.04,fresh,1.0,0.0,1.1,0.044,1.2413130000368255,80
h0.15_r0.9_s10030,10030,0.15,0.9,0.04,ttl,1.0,0.0,1.1,0.044,1.3626449999719625,80
h0.15_r0.9_s10030,10030,0.15,0.9,0.04,entropy,1.0,0.0,1.1,0.044,1.6125799999144874,80
h0.15_r0.9_s10030,10030,0.15,0.9,0.04,random,1.0,0.0,1.1,0.044,1.3916090000520853,80
h0.15_r0.9_s10030,10030,0.15,0.9,0.04,myopic,0.9875,0.001875,0.95,0.039875,1.2446079999790527,80
h0.15_r0.9_s10030,10030,0.15,0.9,0.04,recheck,1.0,0.0,0.9625,0.0385,1.6436769999472745,80
h0.15_r0.9_s10030,10030,0.15,0.9,0.04,no_task,0.875,0.050624999999999996,1.4875,0.11012499999999999,1.6303869999774179,80
h0.15_r0.9_s10031,10031,0.15,0.9,0.04,never,0.475,0.2856250000000001,0.05,0.2876250000000001,1.0922590000745913,80
h0.15_r0.9_s10031,10031,0.15,0.9,0.04,fresh,1.0,0.0,1.125,0.045,1.2243369999396236,80
h0.15_r0.9_s10031,10031,0.15,0.9,0.04,ttl,1.0,0.0,1.125,0.045,1.277546999972401,80
h0.15_r0.9_s10031,10031,0.15,0.9,0.04,entropy,1.0,0.0,1.125,0.045,1.2821540000231835,80
h0.15_r0.9_s10031,10031,0.15,0.9,0.04,random,1.0,0.0,1.125,0.045,1.33370199989713,80
h0.15_r0.9_s10031,10031,0.15,0.9,0.04,myopic,0.9875,0.0025,1.0375,0.044000000000000004,1.2447279999605598,80
h0.15_r0.9_s10031,10031,0.15,0.9,0.04,recheck,0.975,0.0043749999999999995,1.0375,0.045875000000000006,1.617787999975917,80
h0.15_r0.9_s10031,10031,0.15,0.9,0.04,no_task,0.825,0.056874999999999995,1.4875,0.11637499999999998,1.6311580000092363,80
h0.15_r0.9_s10032,10032,0.15,0.9,0.04,never,0.85,0.145625,0.05,0.147625,1.0735509999904025,80
h0.15_r0.9_s10032,10032,0.15,0.9,0.04,fresh,1.0,0.0,1.025,0.041,1.2012930000082633,80
h0.15_r0.9_s10032,10032,0.15,0.9,0.04,ttl,1.0,0.0,1.025,0.041,1.2962260000222159,80
h0.15_r0.9_s10032,10032,0.15,0.9,0.04,entropy,1.0,0.0,1.025,0.041,1.283095999951911,80
h0.15_r0.9_s10032,10032,0.15,0.9,0.04,random,1.0,0.0,1.025,0.041,1.3766460000397274,80
h0.15_r0.9_s10032,10032,0.15,0.9,0.04,myopic,1.0,0.0,1.0125,0.0405,1.2255789999926492,80
h0.15_r0.9_s10032,10032,0.15,0.9,0.04,recheck,1.0,0.0,1.0125,0.0405,1.6414430000395441,80
h0.15_r0.9_s10032,10032,0.15,0.9,0.04,no_task,0.9625,0.033125,1.4875,0.092625,1.624578000019028,80
h0.15_r0.9_s10033,10033,0.15,0.9,0.04,never,0.5375,0.18750000000000006,0.05,0.18950000000000006,1.075635000006514,80
h0.15_r0.9_s10033,10033,0.15,0.9,0.04,fresh,1.0,0.0,1.2,0.048,1.2037669999926948,80
h0.15_r0.9_s10033,10033,0.15,0.9,0.04,ttl,1.0,0.0,1.2,0.048,1.2660399999049332,80
h0.15_r0.9_s10033,10033,0.15,0.9,0.04,entropy,1.0,0.0,1.2,0.048,1.2835969999969166,80
h0.15_r0.9_s10033,10033,0.15,0.9,0.04,random,1.0,0.0,1.2,0.048,1.3894149999487126,80
h0.15_r0.9_s10033,10033,0.15,0.9,0.04,myopic,0.95,0.0075,0.9875,0.047,1.2662200000477242,80
h0.15_r0.9_s10033,10033,0.15,0.9,0.04,recheck,0.9625,0.005625,1.0125,0.046125000000000006,1.6047290000642533,80
h0.15_r0.9_s10033,10033,0.15,0.9,0.04,no_task,0.7875,0.06625000000000003,1.4875,0.12575000000000003,1.6985790000489942,80
h0.15_r0.9_s10034,10034,0.15,0.9,0.04,never,0.2875,0.33875,0.05,0.34075,1.0852389999627121,80
h0.15_r0.9_s10034,10034,0.15,0.9,0.04,fresh,1.0,0.0,1.15,0.046,1.231518000054166,80
h0.15_r0.9_s10034,10034,0.15,0.9,0.04,ttl,1.0,0.0,1.15,0.046,1.298008000048867,80
h0.15_r0.9_s10034,10034,0.15,0.9,0.04,entropy,1.0,0.0,1.15,0.046,1.3411929999165295,80
h0.15_r0.9_s10034,10034,0.15,0.9,0.04,random,1.0,0.0,1.15,0.046,1.3484539999808476,80
h0.15_r0.9_s10034,10034,0.15,0.9,0.04,myopic,0.975,0.005,0.9125,0.041499999999999995,1.2339720000227317,80
h0.15_r0.9_s10034,10034,0.15,0.9,0.04,recheck,0.975,0.005,0.925,0.041999999999999996,1.6324000000622618,80
h0.15_r0.9_s10034,10034,0.15,0.9,0.04,no_task,0.8625,0.03875,1.4875,0.09824999999999999,1.5992809999261226,80
h0.15_r0.9_s10035,10035,0.15,0.9,0.04,never,0.6125,0.31562499999999993,0.05,0.31762499999999994,1.1101060000555663,80
h0.15_r0.9_s10035,10035,0.15,0.9,0.04,fresh,1.0,0.0,0.825,0.033,1.177417000008063,80
h0.15_r0.9_s10035,10035,0.15,0.9,0.04,ttl,1.0,0.0,0.825,0.033,1.3271819999545187,80
h0.15_r0.9_s10035,10035,0.15,0.9,0.04,entropy,1.0,0.0,0.825,0.033,1.2822639999967578,80
h0.15_r0.9_s10035,10035,0.15,0.9,0.04,random,1.0,0.0,0.825,0.033,1.3190399999984947,80
h0.15_r0.9_s10035,10035,0.15,0.9,0.04,myopic,0.975,0.00375,0.75,0.033749999999999995,1.2233659999765223,80
h0.15_r0.9_s10035,10035,0.15,0.9,0.04,recheck,0.9875,0.001875,0.7625,0.032375,1.5820739999981015,80
h0.15_r0.9_s10035,10035,0.15,0.9,0.04,no_task,0.9,0.05437500000000001,1.4875,0.11387499999999999,1.6282329999057765,80
h0.15_r0.9_s10036,10036,0.15,0.9,0.04,never,0.4625,0.18624999999999997,0.05,0.18824999999999997,1.1074020000023665,80
h0.15_r0.9_s10036,10036,0.15,0.9,0.04,fresh,1.0,0.0,1.25,0.05,1.2585089999674892,80
h0.15_r0.9_s10036,10036,0.15,0.9,0.04,ttl,1.0,0.0,1.25,0.05,1.2892250000504646,80
h0.15_r0.9_s10036,10036,0.15,0.9,0.04,entropy,1.0,0.0,1.25,0.05,1.3328210000054241,80
h0.15_r0.9_s10036,10036,0.15,0.9,0.04,random,1.0,0.0,1.25,0.05,1.3582480000877695,80
h0.15_r0.9_s10036,10036,0.15,0.9,0.04,myopic,0.9875,0.0025,0.9625,0.041,1.2310280000065177,80
h0.15_r0.9_s10036,10036,0.15,0.9,0.04,recheck,0.975,0.0043749999999999995,0.9625,0.042875,1.6124699999409131,80
h0.15_r0.9_s10036,10036,0.15,0.9,0.04,no_task,0.825,0.058750000000000004,1.4875,0.11825000000000001,1.6130910000811127,80
h0.15_r0.9_s10037,10037,0.15,0.9,0.04,never,0.4625,0.24249999999999994,0.05,0.24449999999999994,1.1051489999545083,80
h0.15_r0.9_s10037,10037,0.15,0.9,0.04,fresh,1.0,0.0,1.075,0.043,1.1935109999967608,80
h0.15_r0.9_s10037,10037,0.15,0.9,0.04,ttl,1.0,0.0,1.075,0.043,1.2600509999174392,80
h0.15_r0.9_s10037,10037,0.15,0.9,0.04,entropy,1.0,0.0,1.075,0.043,1.328944000078991,80
h0.15_r0.9_s10037,10037,0.15,0.9,0.04,random,1.0,0.0,1.075,0.043,1.632269999959135,80
h0.15_r0.9_s10037,10037,0.15,0.9,0.04,myopic,1.0,0.0,0.875,0.035,1.29362100005892,80
h0.15_r0.9_s10037,10037,0.15,0.9,0.04,recheck,1.0,0.0,0.8875,0.0355,1.5836570000828942,80
h0.15_r0.9_s10037,10037,0.15,0.9,0.04,no_task,0.9,0.05625,1.4875,0.11574999999999999,1.6120590000809898,80
h0.15_r0.9_s10038,10038,0.15,0.9,0.04,never,0.5875,0.13812499999999997,0.05,0.14012499999999997,1.078449000033288,80
h0.15_r0.9_s10038,10038,0.15,0.9,0.04,fresh,1.0,0.0,1.3375,0.053500000000000006,1.4726199999586242,80
h0.15_r0.9_s10038,10038,0.15,0.9,0.04,ttl,1.0,0.0,1.3375,0.053500000000000006,1.2904960000241772,80
h0.15_r0.9_s10038,10038,0.15,0.9,0.04,entropy,1.0,0.0,1.3375,0.053500000000000006,1.306621000026098,80
h0.15_r0.9_s10038,10038,0.15,0.9,0.04,random,1.0,0.0,1.3375,0.053500000000000006,1.6667419999976119,80
h0.15_r0.9_s10038,10038,0.15,0.9,0.04,myopic,0.975,0.00375,1.0625,0.04625,1.2399510000022929,80
h0.15_r0.9_s10038,10038,0.15,0.9,0.04,recheck,1.0,0.0,1.0875,0.0435,1.6269620000457508,80
h0.15_r0.9_s10038,10038,0.15,0.9,0.04,no_task,0.7625,0.061250000000000006,1.4875,0.12075,1.648594000016601,80
h0.15_r0.9_s10039,10039,0.15,0.9,0.04,never,0.3,0.2862499999999999,0.05,0.2882499999999999,1.1700659999860363,80
h0.15_r0.9_s10039,10039,0.15,0.9,0.04,fresh,1.0,0.0,1.4,0.05600000000000001,1.3641079999615613,80
h0.15_r0.9_s10039,10039,0.15,0.9,0.04,ttl,1.0,0.0,1.4,0.05600000000000001,1.4826660000153424,80
h0.15_r0.9_s10039,10039,0.15,0.9,0.04,entropy,1.0,0.0,1.4,0.05600000000000001,1.316044999953192,80
h0.15_r0.9_s10039,10039,0.15,0.9,0.04,random,1.0,0.0,1.4,0.05600000000000001,1.3354440000057366,80
h0.15_r0.9_s10039,10039,0.15,0.9,0.04,myopic,0.975,0.00375,1.1875,0.051250000000000004,1.2243869999792878,80
h0.15_r0.9_s10039,10039,0.15,0.9,0.04,recheck,1.0,0.0,1.2,0.048,1.6253790000746449,80
h0.15_r0.9_s10039,10039,0.15,0.9,0.04,no_task,0.9375,0.021875,1.4875,0.081375,1.702976000046874,80
h0.15_r0.9_s10040,10040,0.15,0.9,0.04,never,0.3875,0.30937500000000007,0.05,0.31137500000000007,1.126751000015247,80
h0.15_r0.9_s10040,10040,0.15,0.9,0.04,fresh,1.0,0.0,1.425,0.05700000000000001,1.2063000000352986,80
h0.15_r0.9_s10040,10040,0.15,0.9,0.04,ttl,1.0,0.0,1.425,0.05700000000000001,1.3185379999640645,80
h0.15_r0.9_s10040,10040,0.15,0.9,0.04,entropy,1.0,0.0,1.425,0.05700000000000001,1.2834259999863207,80
h0.15_r0.9_s10040,10040,0.15,0.9,0.04,random,1.0,0.0,1.425,0.05700000000000001,1.3837769998872318,80
h0.15_r0.9_s10040,10040,0.15,0.9,0.04,myopic,0.9625,0.0075000000000000015,1.1625,0.054000000000000006,1.2171260000286566,80
h0.15_r0.9_s10040,10040,0.15,0.9,0.04,recheck,0.9625,0.0075000000000000015,1.1875,0.05500000000000001,1.6968270000461416,80
h0.15_r0.9_s10040,10040,0.15,0.9,0.04,no_task,0.8875,0.028749999999999998,1.4875,0.08825,1.5984990000106336,80
h0.15_r0.9_s10041,10041,0.15,0.9,0.04,never,0.5125,0.17937499999999995,0.05,0.18137499999999995,1.085558999989189,80
h0.15_r0.9_s10041,10041,0.15,0.9,0.04,fresh,1.0,0.0,0.975,0.039,1.1966859999574808,80
h0.15_r0.9_s10041,10041,0.15,0.9,0.04,ttl,1.0,0.0,0.975,0.039,1.2662799999816343,80
h0.15_r0.9_s10041,10041,0.15,0.9,0.04,entropy,1.0,0.0,0.975,0.039,1.2935409999954572,80
h0.15_r0.9_s10041,10041,0.15,0.9,0.04,random,1.0,0.0,0.975,0.039,1.3467009999885704,80
h0.15_r0.9_s10041,10041,0.15,0.9,0.04,myopic,0.9375,0.0125,0.7,0.0405,1.2539619999643037,80
h0.15_r0.9_s10041,10041,0.15,0.9,0.04,recheck,0.9375,0.0125,0.7,0.0405,1.5862199999219229,80
h0.15_r0.9_s10041,10041,0.15,0.9,0.04,no_task,0.8625,0.038750000000000014,1.4875,0.09825000000000002,1.632298999993509,80
h0.15_r0.9_s10042,10042,0.15,0.9,0.04,never,0.1625,0.5637500000000004,0.05,0.5657500000000004,1.0859500000606204,80
h0.15_r0.9_s10042,10042,0.15,0.9,0.04,fresh,1.0,0.0,1.125,0.045,1.219710999976087,80
h0.15_r0.9_s10042,10042,0.15,0.9,0.04,ttl,1.0,0.0,1.125,0.045,1.3040180000416512,80
h0.15_r0.9_s10042,10042,0.15,0.9,0.04,entropy,1.0,0.0,1.125,0.045,1.3033159999622512,80
h0.15_r0.9_s10042,10042,0.15,0.9,0.04,random,1.0,0.0,1.125,0.045,1.3726099999757935,80
h0.15_r0.9_s10042,10042,0.15,0.9,0.04,myopic,0.9875,0.0025,0.9125,0.039,1.2316689999352093,80
h0.15_r0.9_s10042,10042,0.15,0.9,0.04,recheck,0.9875,0.0025,0.9125,0.039,1.7163160000563948,80
h0.15_r0.9_s10042,10042,0.15,0.9,0.04,no_task,0.9625,0.018125,1.4875,0.077625,1.6178379999018944,80
h0.15_r0.9_s10043,10043,0.15,0.9,0.04,never,0.5375,0.301875,0.05,0.303875,1.0875729999497707,80
h0.15_r0.9_s10043,10043,0.15,0.9,0.04,fresh,1.0,0.0,1.6625,0.0665,1.2071520000063174,80
h0.15_r0.9_s10043,10043,0.15,0.9,0.04,ttl,1.0,0.0,1.6625,0.0665,1.2993899999855785,80
h0.15_r0.9_s10043,10043,0.15,0.9,0.04,entropy,1.0,0.0,1.6625,0.0665,1.2775980000014897,80
h0.15_r0.9_s10043,10043,0.15,0.9,0.04,random,1.0,0.0,1.6625,0.0665,1.3499460000048202,80
h0.15_r0.9_s10043,10043,0.15,0.9,0.04,myopic,0.95,0.0075,1.3875,0.063,1.5659499999856052,80
h0.15_r0.9_s10043,10043,0.15,0.9,0.04,recheck,0.975,0.00375,1.45,0.06174999999999999,1.6080030000011902,80
h0.15_r0.9_s10043,10043,0.15,0.9,0.04,no_task,0.9,0.036875,1.4875,0.09637499999999999,1.6408919999548743,80
h0.15_r0.9_s10044,10044,0.15,0.9,0.04,never,0.85,0.09562500000000002,0.05,0.09762500000000002,1.0923500000217246,80
h0.15_r0.9_s10044,10044,0.15,0.9,0.04,fresh,1.0,0.0,0.825,0.033,1.2331709999671148,80
h0.15_r0.9_s10044,10044,0.15,0.9,0.04,ttl,1.0,0.0,0.825,0.033,1.2653689999524431,80
h0.15_r0.9_s10044,10044,0.15,0.9,0.04,entropy,1.0,0.0,0.825,0.033,1.5479129999675934,80
h0.15_r0.9_s10044,10044,0.15,0.9,0.04,random,1.0,0.0,0.825,0.033,1.3423649999140252,80
h0.15_r0.9_s10044,10044,0.15,0.9,0.04,myopic,1.0,0.0,0.825,0.033,1.3228150000941241,80
h0.15_r0.9_s10044,10044,0.15,0.9,0.04,recheck,1.0,0.0,0.825,0.033,1.6212429999313827,80
h0.15_r0.9_s10044,10044,0.15,0.9,0.04,no_task,0.975,0.020624999999999998,1.4875,0.080125,1.5948740000339967,80
h0.15_r0.9_s10045,10045,0.15,0.9,0.04,never,0.3375,0.225,0.05,0.227,1.135604999944917,80
h0.15_r0.9_s10045,10045,0.15,0.9,0.04,fresh,1.0,0.0,1.425,0.05700000000000001,1.234341999975186,80
h0.15_r0.9_s10045,10045,0.15,0.9,0.04,ttl,1.0,0.0,1.425,0.05700000000000001,1.281673999983468,80
h0.15_r0.9_s10045,10045,0.15,0.9,0.04,entropy,1.0,0.0,1.425,0.05700000000000001,1.2950240000009217,80
h0.15_r0.9_s10045,10045,0.15,0.9,0.04,random,1.0,0.0,1.425,0.05700000000000001,1.3760350000211474,80
h0.15_r0.9_s10045,10045,0.15,0.9,0.04,myopic,0.975,0.005,1.125,0.05,1.2290449999454722,80
h0.15_r0.9_s10045,10045,0.15,0.9,0.04,recheck,0.975,0.005,1.15,0.051000000000000004,1.6142929999887201,80
h0.15_r0.9_s10045,10045,0.15,0.9,0.04,no_task,0.7875,0.05875000000000001,1.4875,0.11825000000000001,1.626822000048378,80
h0.15_r0.9_s10046,10046,0.15,0.9,0.04,never,0.4125,0.12125,0.05,0.12325,1.0838459999149563,80
h0.15_r0.9_s10046,10046,0.15,0.9,0.04,fresh,1.0,0.0,1.025,0.041,1.231467999900815,80
h0.15_r0.9_s10046,10046,0.15,0.9,0.04,ttl,1.0,0.0,1.025,0.041,1.3106970000080764,80
h0.15_r0.9_s10046,10046,0.15,0.9,0.04,entropy,1.0,0.0,1.025,0.041,1.3115479999896706,80
h0.15_r0.9_s10046,10046,0.15,0.9,0.04,random,1.0,0.0,1.025,0.041,1.3688740000361577,80
h0.15_r0.9_s10046,10046,0.15,0.9,0.04,myopic,0.9375,0.0125,0.5625,0.034999999999999996,1.223997000010968,80
h0.15_r0.9_s10046,10046,0.15,0.9,0.04,recheck,0.9375,0.0125,0.5625,0.034999999999999996,1.5815040000006775,80
h0.15_r0.9_s10046,10046,0.15,0.9,0.04,no_task,0.7625,0.051250000000000004,1.4875,0.11074999999999999,1.6518600000381412,80
h0.15_r0.9_s10047,10047,0.15,0.9,0.04,never,0.65,0.3075,0.05,0.3095,1.1015940000334012,80
h0.15_r0.9_s10047,10047,0.15,0.9,0.04,fresh,1.0,0.0,1.0125,0.0405,1.219761000015751,80
h0.15_r0.9_s10047,10047,0.15,0.9,0.04,ttl,1.0,0.0,1.0125,0.0405,1.3023940000493894,80
h0.15_r0.9_s10047,10047,0.15,0.9,0.04,entropy,1.0,0.0,1.0125,0.0405,1.3077520000024379,80
h0.15_r0.9_s10047,10047,0.15,0.9,0.04,random,1.0,0.0,1.0125,0.0405,1.3730010000472248,80
h0.15_r0.9_s10047,10047,0.15,0.9,0.04,myopic,0.9875,0.001875,0.9875,0.041375,1.2458999999580556,80
h0.15_r0.9_s10047,10047,0.15,0.9,0.04,recheck,1.0,0.0,0.9875,0.0395,1.6276430000061737,80
h0.15_r0.9_s10047,10047,0.15,0.9,0.04,no_task,0.925,0.033125,1.4875,0.092625,1.6027560000111407,80
h0.15_r0.9_s10048,10048,0.15,0.9,0.04,never,0.6625,0.12374999999999987,0.05,0.12574999999999986,1.0804920000282436,80
h0.15_r0.9_s10048,10048,0.15,0.9,0.04,fresh,1.0,0.0,0.8,0.032,1.1989399999947636,80
h0.15_r0.9_s10048,10048,0.15,0.9,0.04,ttl,1.0,0.0,0.8,0.032,1.2816629999861107,80
h0.15_r0.9_s10048,10048,0.15,0.9,0.04,entropy,1.0,0.0,0.8,0.032,1.2979779999113816,80
h0.15_r0.9_s10048,10048,0.15,0.9,0.04,random,1.0,0.0,0.8,0.032,1.3453000000254178,80
h0.15_r0.9_s10048,10048,0.15,0.9,0.04,myopic,0.975,0.005,0.6875,0.0325,1.2056699999902776,80
h0.15_r0.9_s10048,10048,0.15,0.9,0.04,recheck,0.975,0.005,0.6875,0.0325,1.6058200000088618,80
h0.15_r0.9_s10048,10048,0.15,0.9,0.04,no_task,0.875,0.03625000000000001,1.4875,0.09575,1.6171469999335386,80
h0.15_r0.9_s10049,10049,0.15,0.9,0.04,never,0.6375,0.09437500000000007,0.05,0.09637500000000007,1.1022549999779585,80
h0.15_r0.9_s10049,10049,0.15,0.9,0.04,fresh,1.0,0.0,1.0125,0.0405,1.1948530000154278,80
h0.15_r0.9_s10049,10049,0.15,0.9,0.04,ttl,1.0,0.0,1.0125,0.0405,1.3101460000370935,80
h0.15_r0.9_s10049,10049,0.15,0.9,0.04,entropy,1.0,0.0,1.0125,0.0405,1.2740619999931369,80
h0.15_r0.9_s10049,10049,0.15,0.9,0.04,random,1.0,0.0,1.0125,0.0405,1.3690149999092682,80
h0.15_r0.9_s10049,10049,0.15,0.9,0.04,myopic,0.975,0.0043749999999999995,0.8375,0.037875000000000006,1.2027650000163703,80
h0.15_r0.9_s10049,10049,0.15,0.9,0.04,recheck,0.9625,0.00625,0.8625,0.04075,1.58778299999085,80
h0.15_r0.9_s10049,10049,0.15,0.9,0.04,no_task,0.8625,0.0325,1.4875,0.092,1.642655999944509,80
h0.15_r0.9_s10050,10050,0.15,0.9,0.04,never,0.65,0.07000000000000003,0.05,0.07200000000000004,1.0873519998995107,80
h0.15_r0.9_s10050,10050,0.15,0.9,0.04,fresh,1.0,0.0,0.9125,0.0365,1.2306369999350864,80
h0.15_r0.9_s10050,10050,0.15,0.9,0.04,ttl,1.0,0.0,0.9125,0.0365,1.299600000038481,80
h0.15_r0.9_s10050,10050,0.15,0.9,0.04,entropy,1.0,0.0,0.9125,0.0365,1.3063609999335313,80
h0.15_r0.9_s10050,10050,0.15,0.9,0.04,random,1.0,0.0,0.9125,0.0365,1.3499359999968874,80
h0.15_r0.9_s10050,10050,0.15,0.9,0.04,myopic,0.95,0.01,0.525,0.031,1.186931999995977,80
h0.15_r0.9_s10050,10050,0.15,0.9,0.04,recheck,0.95,0.01,0.525,0.031,1.721753999959219,80
h0.15_r0.9_s10050,10050,0.15,0.9,0.04,no_task,0.7375,0.05250000000000001,1.4875,0.11200000000000002,1.6163559999995414,80
h0.15_r0.9_s10051,10051,0.15,0.9,0.04,never,0.5,0.20124999999999998,0.05,0.20325,1.0950930000035441,80
h0.15_r0.9_s10051,10051,0.15,0.9,0.04,fresh,1.0,0.0,1.05,0.041999999999999996,1.2201110000660265,80
h0.15_r0.9_s10051,10051,0.15,0.9,0.04,ttl,1.0,0.0,1.05,0.041999999999999996,1.3245479999568488,80
h0.15_r0.9_s10051,10051,0.15,0.9,0.04,entropy,1.0,0.0,1.05,0.041999999999999996,1.2884940000503775,80
h0.15_r0.9_s10051,10051,0.15,0.9,0.04,random,1.0,0.0,1.05,0.041999999999999996,1.6177580000658054,80
h0.15_r0.9_s10051,10051,0.15,0.9,0.04,myopic,0.9875,0.0025,0.9625,0.041,1.2566149999884146,80
h0.15_r0.9_s10051,10051,0.15,0.9,0.04,recheck,0.9875,0.0025,0.9625,0.041,1.731117999952403,80
h0.15_r0.9_s10051,10051,0.15,0.9,0.04,no_task,0.85,0.05437499999999999,1.4875,0.11387499999999999,1.6126300000678384,80
h0.15_r0.9_s10052,10052,0.15,0.9,0.04,never,0.725,0.16875,0.05,0.17075,1.078648999964571,80
h0.15_r0.9_s10052,10052,0.15,0.9,0.04,fresh,1.0,0.0,0.675,0.027000000000000003,1.1869120000937983,80
h0.15_r0.9_s10052,10052,0.15,0.9,0.04,ttl,1.0,0.0,0.675,0.027000000000000003,1.255344000014702,80
h0.15_r0.9_s10052,10052,0.15,0.9,0.04,entropy,1.0,0.0,0.675,0.027000000000000003,1.2707270000191784,80
h0.15_r0.9_s10052,10052,0.15,0.9,0.04,random,1.0,0.0,0.675,0.027000000000000003,1.3165850000405044,80
h0.15_r0.9_s10052,10052,0.15,0.9,0.04,myopic,0.975,0.00375,0.6375,0.029249999999999998,1.3378080000165937,80
h0.15_r0.9_s10052,10052,0.15,0.9,0.04,recheck,0.9875,0.001875,0.65,0.027875,1.6060809999771664,80
h0.15_r0.9_s10052,10052,0.15,0.9,0.04,no_task,0.925,0.029374999999999995,1.4875,0.088875,1.732930999992277,80
h0.15_r0.9_s10053,10053,0.15,0.9,0.04,never,0.7,0.15812500000000004,0.05,0.16012500000000005,1.0956140000644154,80
h0.15_r0.9_s10053,10053,0.15,0.9,0.04,fresh,1.0,0.0,0.8375,0.0335,1.196865999986585,80
h0.15_r0.9_s10053,10053,0.15,0.9,0.04,ttl,1.0,0.0,0.8375,0.0335,1.326449999965007,80
h0.15_r0.9_s10053,10053,0.15,0.9,0.04,entropy,1.0,0.0,0.8375,0.0335,1.3979779999999664,80
h0.15_r0.9_s10053,10053,0.15,0.9,0.04,random,1.0,0.0,0.8375,0.0335,1.4624249999997119,80
h0.15_r0.9_s10053,10053,0.15,0.9,0.04,myopic,1.0,0.0,0.8375,0.0335,1.2629259999812348,80
h0.15_r0.9_s10053,10053,0.15,0.9,0.04,recheck,1.0,0.0,0.8375,0.0335,1.7923299999438314,80
h0.15_r0.9_s10053,10053,0.15,0.9,0.04,no_task,0.9625,0.02125,1.4875,0.08075,1.7839070000036372,80
h0.15_r0.9_s10054,10054,0.15,0.9,0.04,never,0.525,0.2568749999999998,0.05,0.2588749999999998,1.1573570000109612,80
h0.15_r0.9_s10054,10054,0.15,0.9,0.04,fresh,1.0,0.0,1.2625,0.0505,1.2306170000329075,80
h0.15_r0.9_s10054,10054,0.15,0.9,0.04,ttl,1.0,0.0,1.2625,0.0505,1.2958149999349189,80
h0.15_r0.9_s10054,10054,0.15,0.9,0.04,entropy,1.0,0.0,1.2625,0.0505,1.3528709999945931,80
h0.15_r0.9_s10054,10054,0.15,0.9,0.04,random,1.0,0.0,1.2625,0.0505,1.4248579999502908,80
h0.15_r0.9_s10054,10054,0.15,0.9,0.04,myopic,0.9625,0.0075000000000000015,1.025,0.0485,1.324708000083774,80
h0.15_r0.9_s10054,10054,0.15,0.9,0.04,recheck,0.9625,0.0075000000000000015,1.0625,0.05,1.5836669999771402,80
h0.15_r0.9_s10054,10054,0.15,0.9,0.04,no_task,0.8125,0.05375,1.4875,0.11324999999999999,1.67419299998528,80
h0.15_r0.9_s10055,10055,0.15,0.9,0.04,never,0.9125,0.028749999999999998,0.05,0.03075,1.0839369999757764,80
h0.15_r0.9_s10055,10055,0.15,0.9,0.04,fresh,1.0,0.0,0.675,0.027000000000000003,1.2827159999915239,80
h0.15_r0.9_s10055,10055,0.15,0.9,0.04,ttl,1.0,0.0,0.675,0.027000000000000003,1.2489739999637095,80
h0.15_r0.9_s10055,10055,0.15,0.9,0.04,entropy,1.0,0.0,0.675,0.027000000000000003,1.3680639999620325,80
h0.15_r0.9_s10055,10055,0.15,0.9,0.04,random,1.0,0.0,0.675,0.027000000000000003,1.3061199999810924,80
h0.15_r0.9_s10055,10055,0.15,0.9,0.04,myopic,0.9875,0.0025,0.575,0.025500000000000002,1.5534320000369917,80
h0.15_r0.9_s10055,10055,0.15,0.9,0.04,recheck,0.9875,0.0025,0.575,0.025500000000000002,1.6027259999873422,80
h0.15_r0.9_s10055,10055,0.15,0.9,0.04,no_task,0.9375,0.0125,1.4875,0.072,1.772420000065722,80
h0.15_r0.9_s10056,10056,0.15,0.9,0.04,never,0.5875,0.12125,0.05,0.12325,1.1099759999524395,80
h0.15_r0.9_s10056,10056,0.15,0.9,0.04,fresh,1.0,0.0,1.025,0.041,1.1835870000140858,80
h0.15_r0.9_s10056,10056,0.15,0.9,0.04,ttl,1.0,0.0,1.025,0.041,1.4365360000283545,80
h0.15_r0.9_s10056,10056,0.15,0.9,0.04,entropy,1.0,0.0,1.025,0.041,1.2600009999914619,80
h0.15_r0.9_s10056,10056,0.15,0.9,0.04,random,1.0,0.0,1.025,0.041,1.4520790000460693,80
h0.15_r0.9_s10056,10056,0.15,0.9,0.04,myopic,0.95,0.008749999999999999,0.725,0.03774999999999999,1.1829860000034387,80
h0.15_r0.9_s10056,10056,0.15,0.9,0.04,recheck,0.9375,0.010625,0.7375,0.040125,1.577568000016072,80
h0.15_r0.9_s10056,10056,0.15,0.9,0.04,no_task,0.6375,0.08562500000000003,1.4875,0.14512500000000003,1.6044180000562847,80
h0.15_r0.9_s10057,10057,0.15,0.9,0.04,never,0.4625,0.3712499999999996,0.05,0.3732499999999996,1.0712280000007013,80
h0.15_r0.9_s10057,10057,0.15,0.9,0.04,fresh,1.0,0.0,1.3375,0.053500000000000006,1.2066210000512,80
h0.15_r0.9_s10057,10057,0.15,0.9,0.04,ttl,1.0,0.0,1.3375,0.053500000000000006,1.262264000047253,80
h0.15_r0.9_s10057,10057,0.15,0.9,0.04,entropy,1.0,0.0,1.3375,0.053500000000000006,2.119762000006631,80
h0.15_r0.9_s10057,10057,0.15,0.9,0.04,random,1.0,0.0,1.3375,0.053500000000000006,1.4447190000055343,80
h0.15_r0.9_s10057,10057,0.15,0.9,0.04,myopic,0.975,0.00375,1.1625,0.05025,2.065049999941948,80
h0.15_r0.9_s10057,10057,0.15,0.9,0.04,recheck,0.975,0.00375,1.2,0.05175,1.6903069999898435,80
h0.15_r0.9_s10057,10057,0.15,0.9,0.04,no_task,0.85,0.07,1.4875,0.1295,1.6310779999457736,80
h0.15_r0.9_s10058,10058,0.15,0.9,0.04,never,0.375,0.45375000000000004,0.05,0.45575,1.1553640000556697,80
h0.15_r0.9_s10058,10058,0.15,0.9,0.04,fresh,1.0,0.0,1.8,0.072,1.2053990000140402,80
h0.15_r0.9_s10058,10058,0.15,0.9,0.04,ttl,1.0,0.0,1.8,0.072,1.4024850000851075,80
h0.15_r0.9_s10058,10058,0.15,0.9,0.04,entropy,1.0,0.0,1.8,0.072,1.2983879998955672,80
h0.15_r0.9_s10058,10058,0.15,0.9,0.04,random,1.0,0.0,1.8,0.072,1.5362159999767755,80
h0.15_r0.9_s10058,10058,0.15,0.9,0.04,myopic,0.9875,0.001875,1.5,0.061875,1.245379000010871,80
h0.15_r0.9_s10058,10058,0.15,0.9,0.04,recheck,1.0,0.0,1.5625,0.0625,1.594883000052505,80
h0.15_r0.9_s10058,10058,0.15,0.9,0.04,no_task,0.925,0.034375,1.4875,0.093875,1.6520089999403353,80
h0.15_r0.9_s10059,10059,0.15,0.9,0.04,never,0.4625,0.3256250000000001,0.05,0.3276250000000001,1.086049999912575,80
h0.15_r0.9_s10059,10059,0.15,0.9,0.04,fresh,1.0,0.0,1.425,0.05700000000000001,1.2421549999999115,80
h0.15_r0.9_s10059,10059,0.15,0.9,0.04,ttl,1.0,0.0,1.425,0.05700000000000001,1.2965460000486928,80
h0.15_r0.9_s10059,10059,0.15,0.9,0.04,entropy,1.0,0.0,1.425,0.05700000000000001,1.3082030000077793,80
h0.15_r0.9_s10059,10059,0.15,0.9,0.04,random,1.0,0.0,1.425,0.05700000000000001,1.3540520000105971,80
h0.15_r0.9_s10059,10059,0.15,0.9,0.04,myopic,1.0,0.0,1.1625,0.0465,1.1991900000793976,80
h0.15_r0.9_s10059,10059,0.15,0.9,0.04,recheck,1.0,0.0,1.2125,0.0485,1.6135519999807002,80
h0.15_r0.9_s10059,10059,0.15,0.9,0.04,no_task,0.8,0.06312500000000001,1.4875,0.12262500000000003,1.598719000071469,80
h0.15_r0.9_s10060,10060,0.15,0.9,0.04,never,0.425,0.39374999999999977,0.05,0.39574999999999977,1.0931609999715874,80
h0.15_r0.9_s10060,10060,0.15,0.9,0.04,fresh,1.0,0.0,1.175,0.047,1.194522999981018,80
h0.15_r0.9_s10060,10060,0.15,0.9,0.04,ttl,1.0,0.0,1.175,0.047,1.3110270000424862,80
h0.15_r0.9_s10060,10060,0.15,0.9,0.04,entropy,1.0,0.0,1.175,0.047,1.2765359999775683,80
h0.15_r0.9_s10060,10060,0.15,0.9,0.04,random,1.0,0.0,1.175,0.047,1.388464000001477,80
h0.15_r0.9_s10060,10060,0.15,0.9,0.04,myopic,0.9625,0.00625,1.025,0.04725,1.2175880000313555,80
h0.15_r0.9_s10060,10060,0.15,0.9,0.04,recheck,0.975,0.0043749999999999995,1.025,0.045375000000000006,1.600612000061119,80
h0.15_r0.9_s10060,10060,0.15,0.9,0.04,no_task,0.9625,0.013125000000000001,1.4875,0.072625,1.627692999932151,80
h0.15_r0.9_s10061,10061,0.15,0.9,0.04,never,0.5125,0.4056249999999998,0.05,0.40762499999999974,1.3330699999869466,80
h0.15_r0.9_s10061,10061,0.15,0.9,0.04,fresh,1.0,0.0,1.125,0.045,1.3634069999852727,80
h0.15_r0.9_s10061,10061,0.15,0.9,0.04,ttl,1.0,0.0,1.125,0.045,1.278468000009525,80
h0.15_r0.9_s10061,10061,0.15,0.9,0.04,entropy,1.0,0.0,1.125,0.045,1.3044869999703224,80
h0.15_r0.9_s10061,10061,0.15,0.9,0.04,random,1.0,0.0,1.125,0.045,1.3530200000104742,80
h0.15_r0.9_s10061,10061,0.15,0.9,0.04,myopic,1.0,0.0,1.1,0.044,1.24055200001294,80
h0.15_r0.9_s10061,10061,0.15,0.9,0.04,recheck,1.0,0.0,1.1,0.044,1.597728000092502,80
h0.15_r0.9_s10061,10061,0.15,0.9,0.04,no_task,0.875,0.085625,1.4875,0.145125,1.6100860000278772,80
h0.15_r0.9_s10062,10062,0.15,0.9,0.04,never,0.7375,0.13750000000000004,0.05,0.13950000000000004,1.100842000028024,80
h0.15_r0.9_s10062,10062,0.15,0.9,0.04,fresh,1.0,0.0,0.8375,0.0335,1.1880429999564512,80
h0.15_r0.9_s10062,10062,0.15,0.9,0.04,ttl,1.0,0.0,0.8375,0.0335,1.2968060000275727,80
h0.15_r0.9_s10062,10062,0.15,0.9,0.04,entropy,1.0,0.0,0.8375,0.0335,1.3043280000601953,80
h0.15_r0.9_s10062,10062,0.15,0.9,0.04,random,1.0,0.0,0.8375,0.0335,1.3832460000458013,80
h0.15_r0.9_s10062,10062,0.15,0.9,0.04,myopic,1.0,0.0,0.7625,0.0305,1.2029850000772058,80
h0.15_r0.9_s10062,10062,0.15,0.9,0.04,recheck,1.0,0.0,0.7625,0.0305,1.6046780000351646,80
h0.15_r0.9_s10062,10062,0.15,0.9,0.04,no_task,0.8875,0.03125,1.4875,0.09075,1.6337219999513763,80
h0.15_r0.9_s10063,10063,0.15,0.9,0.04,never,0.0,0.7900000000000007,0.05,0.7920000000000006,1.0766059999696154,80
h0.15_r0.9_s10063,10063,0.15,0.9,0.04,fresh,1.0,0.0,1.525,0.061,1.2258599999768194,80
h0.15_r0.9_s10063,10063,0.15,0.9,0.04,ttl,1.0,0.0,1.525,0.061,1.2948439999718175,80
h0.15_r0.9_s10063,10063,0.15,0.9,0.04,entropy,1.0,0.0,1.525,0.061,1.3124890000426603,80
h0.15_r0.9_s10063,10063,0.15,0.9,0.04,random,1.0,0.0,1.525,0.061,1.3519289999521789,80
h0.15_r0.9_s10063,10063,0.15,0.9,0.04,myopic,0.975,0.00375,1.275,0.05475,1.215003999959663,80
h0.15_r0.9_s10063,10063,0.15,0.9,0.04,recheck,0.9875,0.001875,1.3,0.053875000000000006,1.640623000071173,80
h0.15_r0.9_s10063,10063,0.15,0.9,0.04,no_task,0.9125,0.036875,1.4875,0.09637499999999999,1.6270630000008168,80
h0.15_r0.9_s10000,10000,0.15,0.9,0.12,never,0.375,0.42375000000000007,0.05,0.42975,1.1312069999576124,80
h0.15_r0.9_s10000,10000,0.15,0.9,0.12,fresh,1.0,0.0,0.9125,0.1095,1.206761000048573,80
h0.15_r0.9_s10000,10000,0.15,0.9,0.12,ttl,0.8125,0.11687499999999999,0.35,0.158875,1.2645980000343116,80
h0.15_r0.9_s10000,10000,0.15,0.9,0.12,entropy,0.9375,0.052500000000000005,0.5875,0.123,1.2721389999796884,80
h0.15_r0.9_s10000,10000,0.15,0.9,0.12,random,0.95,0.025625,0.7375,0.11412499999999999,1.3575269999819284,80
h0.15_r0.9_s10000,10000,0.15,0.9,0.12,myopic,0.85,0.03875000000000001,0.5,0.09875,1.2155650000522655,80
h0.15_r0.9_s10000,10000,0.15,0.9,0.12,recheck,0.95,0.019999999999999997,0.5875,0.0905,1.887823000060962,80
h0.15_r0.9_s10000,10000,0.15,0.9,0.12,no_task,0.6625,0.1687499999999999,0.6125,0.2422499999999999,1.6404819999706888,80
h0.15_r0.9_s10001,10001,0.15,0.9,0.12,never,0.5625,0.2881250000000001,0.05,0.2941250000000001,1.1078129999759767,80
h0.15_r0.9_s10001,10001,0.15,0.9,0.12,fresh,1.0,0.0,1.1625,0.1395,1.1960849999468337,80
h0.15_r0.9_s10001,10001,0.15,0.9,0.12,ttl,0.9,0.04250000000000001,0.4625,0.098,1.2352740000096674,80
h0.15_r0.9_s10001,10001,0.15,0.9,0.12,entropy,0.9625,0.009375,0.7125,0.094875,1.2714690000166229,80
h0.15_r0.9_s10001,10001,0.15,0.9,0.12,random,0.925,0.03625,0.8375,0.13674999999999998,1.3267909999967742,80
h0.15_r0.9_s10001,10001,0.15,0.9,0.12,myopic,0.8125,0.045625,0.4,0.093625,1.2024249999740277,80
h0.15_r0.9_s10001,10001,0.15,0.9,0.12,recheck,0.925,0.01625,0.575,0.08524999999999999,1.5703970000231493,80
h0.15_r0.9_s10001,10001,0.15,0.9,0.12,no_task,0.7,0.10312499999999998,0.6125,0.17662499999999998,1.5730510000366849,80
h0.15_r0.9_s10002,10002,0.15,0.9,0.12,never,0.725,0.175,0.05,0.181,1.0803419999092512,80
h0.15_r0.9_s10002,10002,0.15,0.9,0.12,fresh,1.0,0.0,0.775,0.093,1.2070920000724072,80
h0.15_r0.9_s10002,10002,0.15,0.9,0.12,ttl,0.925,0.034999999999999996,0.3,0.071,1.2852390000261948,80
h0.15_r0.9_s10002,10002,0.15,0.9,0.12,entropy,0.95,0.03,0.375,0.075,1.2679030000981584,80
h0.15_r0.9_s10002,10002,0.15,0.9,0.12,random,0.9625,0.0075000000000000015,0.5875,0.078,1.3301569999839558,80
h0.15_r0.9_s10002,10002,0.15,0.9,0.12,myopic,0.8625,0.0375,0.2375,0.06599999999999999,1.2102470000172616,80
h0.15_r0.9_s10002,10002,0.15,0.9,0.12,recheck,0.9375,0.0225,0.35,0.0645,1.550908000012896,80
h0.15_r0.9_s10002,10002,0.15,0.9,0.12,no_task,0.875,0.024999999999999998,0.6125,0.0985,1.5901160001021708,80
h0.15_r0.9_s10003,10003,0.15,0.9,0.12,never,0.55,0.28375,0.05,0.28975,1.0747530000116967,80
h0.15_r0.9_s10003,10003,0.15,0.9,0.12,fresh,1.0,0.0,1.2625,0.1515,1.2556740000491118,80
h0.15_r0.9_s10003,10003,0.15,0.9,0.12,ttl,0.8875,0.03250000000000001,0.5,0.0925,1.2377670000205399,80
h0.15_r0.9_s10003,10003,0.15,0.9,0.12,entropy,0.9625,0.016874999999999998,0.7875,0.111375,1.2969260000090799,80
h0.15_r0.9_s10003,10003,0.15,0.9,0.12,random,0.975,0.014374999999999999,1.025,0.137375,1.3452790000201276,80
h0.15_r0.9_s10003,10003,0.15,0.9,0.12,myopic,0.8625,0.043125000000000004,0.4,0.091125,1.186831000040911,80
h0.15_r0.9_s10003,10003,0.15,0.9,0.12,recheck,0.875,0.03375,0.5625,0.10124999999999999,1.6219939999473354,80
h0.15_r0.9_s10003,10003,0.15,0.9,0.12,no_task,0.8375,0.06625,0.6125,0.13974999999999999,1.5753540000105204,80
h0.15_r0.9_s10004,10004,0.15,0.9,0.12,never,0.475,0.3212500000000001,0.05,0.3272500000000001,1.1188590000301701,80
h0.15_r0.9_s10004,10004,0.15,0.9,0.12,fresh,1.0,0.0,1.05,0.126,1.2283430000934459,80
h0.15_r0.9_s10004,10004,0.15,0.9,0.12,ttl,0.8625,0.07062499999999998,0.4,0.11862499999999998,1.2956939999639872,80
h0.15_r0.9_s10004,10004,0.15,0.9,0.12,entropy,0.9625,0.013124999999999998,0.9125,0.12262499999999998,1.2830460000259336,80
h0.15_r0.9_s10004,10004,0.15,0.9,0.12,random,0.8875,0.06562499999999999,0.8,0.161625,1.352269999983946,80
h0.15_r0.9_s10004,10004,0.15,0.9,0.12,myopic,0.925,0.026250000000000002,0.85,0.12825,1.225259000079859,80
h0.15_r0.9_s10004,10004,0.15,0.9,0.12,recheck,0.95,0.017499999999999998,0.9,0.1255,1.6090650000251117,80
h0.15_r0.9_s10004,10004,0.15,0.9,0.12,no_task,0.65,0.19,0.6125,0.26349999999999996,1.5981390000661122,80
h0.15_r0.9_s10005,10005,0.15,0.9,0.12,never,0.55,0.30000000000000004,0.05,0.30600000000000005,1.1809929999344604,80
h0.15_r0.9_s10005,10005,0.15,0.9,0.12,fresh,1.0,0.0,1.6,0.192,1.2533510000594106,80
h0.15_r0.9_s10005,10005,0.15,0.9,0.12,ttl,0.75,0.206875,0.6,0.27887500000000004,1.250957000024755,80
h0.15_r0.9_s10005,10005,0.15,0.9,0.12,entropy,0.775,0.19312500000000002,0.8375,0.293625,1.2947929999427288,80
h0.15_r0.9_s10005,10005,0.15,0.9,0.12,random,0.9625,0.0375,1.25,0.1875,1.3626560000830068,80
h0.15_r0.9_s10005,10005,0.15,0.9,0.12,myopic,0.7125,0.11875000000000002,0.5375,0.18325000000000002,1.2315789999775006,80
h0.15_r0.9_s10005,10005,0.15,0.9,0.12,recheck,0.825,0.06687499999999999,0.6625,0.14637499999999998,1.5992610000239438,80
h0.15_r0.9_s10005,10005,0.15,0.9,0.12,no_task,0.65,0.20562500000000003,0.6125,0.279125,1.6050990000167076,80
h0.15_r0.9_s10006,10006,0.15,0.9,0.12,never,0.5625,0.14187500000000003,0.05,0.14787500000000003,1.0817439999755152,80
h0.15_r0.9_s10006,10006,0.15,0.9,0.12,fresh,1.0,0.0,1.1125,0.1335,1.2197099999866623,80
h0.15_r0.9_s10006,10006,0.15,0.9,0.12,ttl,0.85,0.08,0.425,0.131,1.2775870000041323,80
h0.15_r0.9_s10006,10006,0.15,0.9,0.12,entropy,0.9625,0.0225,0.775,0.11549999999999998,1.2874620000502546,80
h0.15_r0.9_s10006,10006,0.15,0.9,0.12,random,0.9375,0.038125000000000006,0.85,0.140125,1.368604000049345,80
h0.15_r0.9_s10006,10006,0.15,0.9,0.12,myopic,0.6375,0.08250000000000002,0.5,0.14250000000000002,1.1948929999334723,80
h0.15_r0.9_s10006,10006,0.15,0.9,0.12,recheck,0.9,0.025,0.6375,0.1015,1.6076530000646017,80
h0.15_r0.9_s10006,10006,0.15,0.9,0.12,no_task,0.6,0.10812500000000005,0.6125,0.18162500000000006,1.5781989999368307,80
h0.15_r0.9_s10007,10007,0.15,0.9,0.12,never,0.4625,0.38437499999999986,0.05,0.39037499999999986,1.1034169999675214,80
h0.15_r0.9_s10007,10007,0.15,0.9,0.12,fresh,1.0,0.0,1.0375,0.12449999999999999,1.2131510000017443,80
h0.15_r0.9_s10007,10007,0.15,0.9,0.12,ttl,0.9875,0.0125,0.4125,0.062,1.290315999995073,80
h0.15_r0.9_s10007,10007,0.15,0.9,0.12,entropy,0.9875,0.0125,0.4875,0.071,1.258389000099669,80
h0.15_r0.9_s10007,10007,0.15,0.9,0.12,random,0.9875,0.0125,0.85,0.1145,1.3758649999999761,80
h0.15_r0.9_s10007,10007,0.15,0.9,0.12,myopic,0.7875,0.07250000000000004,0.4625,0.12800000000000003,1.2295660000063435,80
h0.15_r0.9_s10007,10007,0.15,0.9,0.12,recheck,0.9625,0.0375,0.525,0.10049999999999999,1.6775379999671713,80
h0.15_r0.9_s10007,10007,0.15,0.9,0.12,no_task,0.7625,0.09750000000000003,0.6125,0.17100000000000004,1.5488239999967846,80
h0.15_r0.9_s10008,10008,0.15,0.9,0.12,never,0.5875,0.09750000000000006,0.05,0.10350000000000006,1.0848790000181907,80
h0.15_r0.9_s10008,10008,0.15,0.9,0.12,fresh,1.0,0.0,1.05,0.126,1.5750539999999091,80
h0.15_r0.9_s10008,10008,0.15,0.9,0.12,ttl,0.9375,0.016249999999999997,0.4,0.06425,1.3246080000044458,80
h0.15_r0.9_s10008,10008,0.15,0.9,0.12,entropy,0.9125,0.021249999999999998,0.6,0.09324999999999999,1.3741630000367877,80
h0.15_r0.9_s10008,10008,0.15,0.9,0.12,random,0.9875,0.0025,0.825,0.10149999999999999,1.3292849999970713,80
h0.15_r0.9_s10008,10008,0.15,0.9,0.12,myopic,0.6375,0.08000000000000004,0.3125,0.11750000000000002,1.2074530000063532,80
h0.15_r0.9_s10008,10008,0.15,0.9,0.12,recheck,0.8375,0.036250000000000004,0.5,0.09625,1.5894850000677252,80
h0.15_r0.9_s10008,10008,0.15,0.9,0.12,no_task,0.5875,0.09750000000000006,0.6125,0.17100000000000004,1.585469000019657,80
h0.15_r0.9_s10009,10009,0.15,0.9,0.12,never,0.5625,0.16249999999999998,0.05,0.16849999999999998,1.359180000008564,80
h0.15_r0.9_s10009,10009,0.15,0.9,0.12,fresh,1.0,0.0,1.575,0.189,1.2456499999871085,80
h0.15_r0.9_s10009,10009,0.15,0.9,0.12,ttl,0.8875,0.026874999999999993,0.55,0.09287499999999999,1.2419939999972485,80
h0.15_r0.9_s10009,10009,0.15,0.9,0.12,entropy,0.9625,0.010624999999999999,0.9,0.11862500000000001,1.4966859999958615,80
h0.15_r0.9_s10009,10009,0.15,0.9,0.12,random,0.95,0.018125,1.15,0.15612499999999999,1.3560349999579557,80
h0.15_r0.9_s10009,10009,0.15,0.9,0.12,myopic,0.8,0.055000000000000014,0.35,0.09700000000000002,1.236035000033553,80
h0.15_r0.9_s10009,10009,0.15,0.9,0.12,recheck,0.9,0.0225,0.6375,0.099,1.5679729999646952,80
h0.15_r0.9_s10009,10009,0.15,0.9,0.12,no_task,0.7,0.09500000000000003,0.6125,0.16850000000000004,1.6085839999959717,80
h0.15_r0.9_s10010,10010,0.15,0.9,0.12,never,0.2375,0.6475000000000002,0.05,0.6535000000000001,1.07038700002704,80
h0.15_r0.9_s10010,10010,0.15,0.9,0.12,fresh,1.0,0.0,1.3,0.156,1.2059300000828443,80
h0.15_r0.9_s10010,10010,0.15,0.9,0.12,ttl,0.875,0.091875,0.525,0.154875,1.2598810000099547,80
h0.15_r0.9_s10010,10010,0.15,0.9,0.12,entropy,0.9125,0.06749999999999999,0.725,0.1545,1.2673119999817573,80
h0.15_r0.9_s10010,10010,0.15,0.9,0.12,random,0.95,0.035,0.9625,0.15050000000000002,1.346952000062629,80
h0.15_r0.9_s10010,10010,0.15,0.9,0.12,myopic,0.8375,0.075,0.5375,0.1395,1.1952429999837477,80
h0.15_r0.9_s10010,10010,0.15,0.9,0.12,recheck,0.9125,0.057499999999999996,0.65,0.1355,2.3149139999532053,80
h0.15_r0.9_s10010,10010,0.15,0.9,0.12,no_task,0.7125,0.14062499999999997,0.6125,0.21412499999999998,1.7577589999291376,80
h0.15_r0.9_s10011,10011,0.15,0.9,0.12,never,0.2125,0.4856250000000001,0.05,0.4916250000000001,1.5336619999288814,80
h0.15_r0.9_s10011,10011,0.15,0.9,0.12,fresh,1.0,0.0,2.65,0.31799999999999995,1.3892349999196085,80
h0.15_r0.9_s10011,10011,0.15,0.9,0.12,ttl,0.825,0.04875,0.9375,0.16125,1.3604619999796341,80
h0.15_r0.9_s10011,10011,0.15,0.9,0.12,entropy,0.8875,0.028749999999999998,1.65,0.22675,1.3066010000102324,80
h0.15_r0.9_s10011,10011,0.15,0.9,0.12,random,0.9125,0.045,2.0,0.28500000000000003,1.3560950000055527,80
h0.15_r0.9_s10011,10011,0.15,0.9,0.12,myopic,0.4125,0.16187500000000005,0.425,0.212875,1.2691050000057658,80
h0.15_r0.9_s10011,10011,0.15,0.9,0.12,recheck,0.6625,0.07812500000000001,0.8375,0.17862499999999998,1.7146830000456248,80
h0.15_r0.9_s10011,10011,0.15,0.9,0.12,no_task,0.45,0.13687500000000002,0.6125,0.21037500000000003,1.719801000035659,80
h0.15_r0.9_s10012,10012,0.15,0.9,0.12,never,0.625,0.24687499999999996,0.05,0.25287499999999996,1.082194000105119,80
h0.15_r0.9_s10012,10012,0.15,0.9,0.12,fresh,1.0,0.0,0.9875,0.11850000000000001,1.2102660000437027,80
h0.15_r0.9_s10012,10012,0.15,0.9,0.12,ttl,0.95,0.015,0.4125,0.0645,1.2699760000032256,80
h0.15_r0.9_s10012,10012,0.15,0.9,0.12,entropy,0.975,0.008749999999999999,0.6125,0.08225,1.2810829999807538,80
h0.15_r0.9_s10012,10012,0.15,0.9,0.12,random,0.9375,0.01875,0.725,0.10575000000000001,1.4290249999930893,80
h0.15_r0.9_s10012,10012,0.15,0.9,0.12,myopic,0.85,0.04437500000000001,0.35,0.08637500000000001,1.2388590000682598,80
h0.15_r0.9_s10012,10012,0.15,0.9,0.12,recheck,0.95,0.015,0.4875,0.0735,1.56020199995055,80
h0.15_r0.9_s10012,10012,0.15,0.9,0.12,no_task,0.8,0.07875000000000001,0.6125,0.15225000000000002,1.6084040000805544,80
h0.15_r0.9_s10013,10013,0.15,0.9,0.12,never,0.7375,0.13875,0.05,0.14475000000000002,1.0802710000916704,80
h0.15_r0.9_s10013,10013,0.15,0.9,0.12,fresh,1.0,0.0,0.6875,0.08249999999999999,1.182484999958433,80
h0.15_r0.9_s10013,10013,0.15,0.9,0.12,ttl,0.9,0.065,0.2875,0.0995,1.2654800000291289,80
h0.15_r0.9_s10013,10013,0.15,0.9,0.12,entropy,0.9875,0.0025,0.6375,0.079,1.36041199993997,80
h0.15_r0.9_s10013,10013,0.15,0.9,0.12,random,0.95,0.026875000000000003,0.4625,0.082375,1.3772070000186432,80
h0.15_r0.9_s10013,10013,0.15,0.9,0.12,myopic,0.9375,0.0125,0.5875,0.08299999999999999,1.2260499999001695,80
h0.15_r0.9_s10013,10013,0.15,0.9,0.12,recheck,0.9875,0.0025,0.6125,0.076,1.6438570000900654,80
h0.15_r0.9_s10013,10013,0.15,0.9,0.12,no_task,0.7875,0.11000000000000003,0.6125,0.18350000000000005,1.563535999935084,80
h0.15_r0.9_s10014,10014,0.15,0.9,0.12,never,0.5625,0.19499999999999987,0.05,0.20099999999999985,1.1220239999829573,80
h0.15_r0.9_s10014,10014,0.15,0.9,0.12,fresh,1.0,0.0,0.675,0.08099999999999999,1.1774370000239287,80
h0.15_r0.9_s10014,10014,0.15,0.9,0.12,ttl,0.8875,0.055625,0.2625,0.08712500000000001,1.24183399998401,80
h0.15_r0.9_s10014,10014,0.15,0.9,0.12,entropy,0.95,0.03375,0.3375,0.07425,1.3651289999643268,80
h0.15_r0.9_s10014,10014,0.15,0.9,0.12,random,0.9375,0.038125000000000006,0.4625,0.093625,1.3084040000421737,80
h0.15_r0.9_s10014,10014,0.15,0.9,0.12,myopic,0.8,0.055000000000000014,0.225,0.08200000000000002,1.3187089999746604,80
h0.15_r0.9_s10014,10014,0.15,0.9,0.12,recheck,0.975,0.008749999999999999,0.3375,0.049249999999999995,1.6573679999964952,80
h0.15_r0.9_s10014,10014,0.15,0.9,0.12,no_task,0.7625,0.07625000000000001,0.6125,0.14975,1.8359949999648961,80
h0.15_r0.9_s10015,10015,0.15,0.9,0.12,never,0.275,0.41312500000000024,0.05,0.4191250000000002,1.2879430000793946,80
h0.15_r0.9_s10015,10015,0.15,0.9,0.12,fresh,1.0,0.0,1.95,0.23399999999999999,1.2092250000250715,80
h0.15_r0.9_s10015,10015,0.15,0.9,0.12,ttl,0.7375,0.11000000000000001,0.725,0.197,1.343716999940625,80
h0.15_r0.9_s10015,10015,0.15,0.9,0.12,entropy,0.85,0.073125,1.2125,0.21862499999999999,1.3675619999276023,80
h0.15_r0.9_s10015,10015,0.15,0.9,0.12,random,0.9375,0.0325,1.55,0.2185,1.5027160000045114,80
h0.15_r0.9_s10015,10015,0.15,0.9,0.12,myopic,0.3875,0.18437499999999996,0.4125,0.23387499999999997,1.2277529999664694,80
h0.15_r0.9_s10015,10015,0.15,0.9,0.12,recheck,0.7125,0.11062500000000001,0.7,0.194625,1.5727710000419393,80
h0.15_r0.9_s10015,10015,0.15,0.9,0.12,no_task,0.475,0.16374999999999992,0.6125,0.2372499999999999,1.5918290000627167,80
h0.15_r0.9_s10016,10016,0.15,0.9,0.12,never,0.425,0.3993749999999999,0.05,0.40537499999999993,1.0893339999711316,80
h0.15_r0.9_s10016,10016,0.15,0.9,0.12,fresh,1.0,0.0,1.6125,0.19349999999999998,1.2246779999713908,80
h0.15_r0.9_s10016,10016,0.15,0.9,0.12,ttl,0.7875,0.13187500000000002,0.5875,0.20237500000000003,1.2407120000261784,80
h0.15_r0.9_s10016,10016,0.15,0.9,0.12,entropy,0.8375,0.10874999999999999,0.95,0.22275,1.2890650000372261,80
h0.15_r0.9_s10016,10016,0.15,0.9,0.12,random,0.9375,0.021249999999999998,1.325,0.18024999999999997,1.3580680000586653,80
h0.15_r0.9_s10016,10016,0.15,0.9,0.12,myopic,0.6,0.14937500000000004,0.425,0.20037500000000003,1.2320789999193948,80
h0.15_r0.9_s10016,10016,0.15,0.9,0.12,recheck,0.7625,0.10625000000000002,0.625,0.18125000000000002,1.5858900000012,80
h0.15_r0.9_s10016,10016,0.15,0.9,0.12,no_task,0.55,0.20625,0.6125,0.27975,1.6108980000808515,80
h0.15_r0.9_s10017,10017,0.15,0.9,0.12,never,0.925,0.058750000000000004,0.05,0.06475,1.078218000088782,80
h0.15_r0.9_s10017,10017,0.15,0.9,0.12,fresh,1.0,0.0,0.65,0.078,1.2023550000321848,80
h0.15_r0.9_s10017,10017,0.15,0.9,0.12,ttl,0.9625,0.013750000000000002,0.2625,0.04525,1.2446979999367613,80
h0.15_r0.9_s10017,10017,0.15,0.9,0.12,entropy,0.975,0.009375,0.375,0.05437499999999999,1.251989000024878,80
h0.15_r0.9_s10017,10017,0.15,0.9,0.12,random,1.0,0.0,0.6,0.072,1.8073130000857418,80
h0.15_r0.9_s10017,10017,0.15,0.9,0.12,myopic,0.925,0.028750000000000005,0.2625,0.060250000000000005,1.367312000070342,80
h0.15_r0.9_s10017,10017,0.15,0.9,0.12,recheck,0.9375,0.019375,0.325,0.058374999999999996,2.5835169999481877,80
h0.15_r0.9_s10017,10017,0.15,0.9,0.12,no_task,0.9375,0.024375,0.6125,0.097875,1.627141999961168,80
h0.15_r0.9_s10018,10018,0.15,0.9,0.12,never,0.6625,0.15812499999999996,0.05,0.16412499999999997,1.063435999981266,80
h0.15_r0.9_s10018,10018,0.15,0.9,0.12,fresh,1.0,0.0,1.1875,0.14250000000000002,1.446341000018947,80
h0.15_r0.9_s10018,10018,0.15,0.9,0.12,ttl,0.825,0.06687499999999999,0.4625,0.12237499999999998,1.3127009999607253,80
h0.15_r0.9_s10018,10018,0.15,0.9,0.12,entropy,0.975,0.008749999999999999,0.7625,0.10024999999999999,2.2478439999531474,80
h0.15_r0.9_s10018,10018,0.15,0.9,0.12,random,0.9625,0.015625,0.95,0.129625,1.5312179999682485,80
h0.15_r0.9_s10018,10018,0.15,0.9,0.12,myopic,0.8125,0.044375,0.4,0.092375,1.2055299999929048,80
h0.15_r0.9_s10018,10018,0.15,0.9,0.12,recheck,0.9375,0.015624999999999997,0.5875,0.086125,1.6294250000328248,80
h0.15_r0.9_s10018,10018,0.15,0.9,0.12,no_task,0.7,0.09499999999999996,0.6125,0.16849999999999996,1.645770000095581,80
h0.15_r0.9_s10019,10019,0.15,0.9,0.12,never,0.5875,0.144375,0.05,0.150375,1.0991689999855225,80
h0.15_r0.9_s10019,10019,0.15,0.9,0.12,fresh,1.0,0.0,1.0375,0.12449999999999999,1.1943220000603105,80
h0.15_r0.9_s10019,10019,0.15,0.9,0.12,ttl,0.925,0.043125000000000004,0.375,0.088125,1.3416839999536023,80
h0.15_r0.9_s10019,10019,0.15,0.9,0.12,entropy,0.975,0.005,0.65,0.083,1.255344000014702,80
h0.15_r0.9_s10019,10019,0.15,0.9,0.12,random,0.9375,0.034999999999999996,0.75,0.125,1.4266209999505008,80
h0.15_r0.9_s10019,10019,0.15,0.9,0.12,myopic,0.725,0.055000000000000014,0.2625,0.08650000000000002,1.2734709999904226,80
h0.15_r0.9_s10019,10019,0.15,0.9,0.12,recheck,0.875,0.024999999999999998,0.4625,0.08049999999999999,1.7624449999402714,80
h0.15_r0.9_s10019,10019,0.15,0.9,0.12,no_task,0.65,0.10375000000000004,0.6125,0.17725000000000005,1.840812999944319,80
h0.15_r0.9_s10020,10020,0.15,0.9,0.12,never,0.2625,0.4512500000000001,0.05,0.45725000000000005,1.0911579998946763,80
h0.15_r0.9_s10020,10020,0.15,0.9,0.12,fresh,1.0,0.0,2.0625,0.2475,1.1932810000416794,80
h0.15_r0.9_s10020,10020,0.15,0.9,0.12,ttl,0.75,0.07937499999999999,0.725,0.166375,1.2494650000007823,80
h0.15_r0.9_s10020,10020,0.15,0.9,0.12,entropy,0.9375,0.028749999999999998,1.2375,0.17725,1.261662999922919,80
h0.15_r0.9_s10020,10020,0.15,0.9,0.12,random,0.9125,0.031875,1.5375,0.21637499999999998,1.315604999945208,80
h0.15_r0.9_s10020,10020,0.15,0.9,0.12,myopic,0.5375,0.16562499999999997,0.375,0.21062499999999992,1.1972270000342178,80
h0.15_r0.9_s10020,10020,0.15,0.9,0.12,recheck,0.725,0.08312499999999998,0.675,0.164125,1.5760349999709433,80
h0.15_r0.9_s10020,10020,0.15,0.9,0.12,no_task,0.6,0.12999999999999998,0.6125,0.20349999999999996,1.7207419999749618,80
h0.15_r0.9_s10021,10021,0.15,0.9,0.12,never,0.475,0.50875,0.05,0.51475,1.067152000018723,80
h0.15_r0.9_s10021,10021,0.15,0.9,0.12,fresh,1.0,0.0,1.05,0.126,1.2139720000732268,80
h0.15_r0.9_s10021,10021,0.15,0.9,0.12,ttl,0.9,0.08374999999999999,0.4,0.13174999999999998,1.2339620000147988,80
h0.15_r0.9_s10021,10021,0.15,0.9,0.12,entropy,0.9125,0.079375,0.4125,0.128875,1.2822239999650265,80
h0.15_r0.9_s10021,10021,0.15,0.9,0.12,random,0.9875,0.0125,0.8,0.1085,1.4022949999343837,80
h0.15_r0.9_s10021,10021,0.15,0.9,0.12,myopic,0.95,0.03375,0.5125,0.09525,1.1953940000921648,80
h0.15_r0.9_s10021,10021,0.15,0.9,0.12,recheck,0.9625,0.029375000000000002,0.5375,0.093875,1.5871420000621583,80
h0.15_r0.9_s10021,10021,0.15,0.9,0.12,no_task,0.925,0.05874999999999999,0.6125,0.13224999999999998,1.5864209999563172,80
h0.15_r0.9_s10022,10022,0.15,0.9,0.12,never,0.35,0.44437500000000024,0.05,0.4503750000000002,1.0876320000079431,80
h0.15_r0.9_s10022,10022,0.15,0.9,0.12,fresh,1.0,0.0,1.9,0.22799999999999998,1.1963059999970937,80
h0.15_r0.9_s10022,10022,0.15,0.9,0.12,ttl,0.7125,0.11125,0.6625,0.19075,1.26549900005557,80
h0.15_r0.9_s10022,10022,0.15,0.9,0.12,entropy,0.875,0.05937499999999999,1.1125,0.192875,1.2631360000341374,80
h0.15_r0.9_s10022,10022,0.15,0.9,0.12,random,0.925,0.025,1.5,0.205,1.3848879999613928,80
h0.15_r0.9_s10022,10022,0.15,0.9,0.12,myopic,0.5625,0.14000000000000004,0.4125,0.18950000000000006,1.2237859999686407,80
h0.15_r0.9_s10022,10022,0.15,0.9,0.12,recheck,0.7,0.08125000000000002,0.675,0.16225,1.6010629999527737,80
h0.15_r0.9_s10022,10022,0.15,0.9,0.12,no_task,0.4875,0.18124999999999997,0.6125,0.25475,1.5635170000223297,80
h0.15_r0.9_s10023,10023,0.15,0.9,0.12,never,0.375,0.33062499999999984,0.05,0.33662499999999984,1.0768670000516067,80
h0.15_r0.9_s10023,10023,0.15,0.9,0.12,fresh,1.0,0.0,1.6,0.192,1.2111080000067886,80
h0.15_r0.9_s10023,10023,0.15,0.9,0.12,ttl,0.8,0.090625,0.6125,0.164125,1.262976000020899,80
h0.15_r0.9_s10023,10023,0.15,0.9,0.12,entropy,0.9125,0.058750000000000004,0.9125,0.16825,1.2559150000015507,80
h0.15_r0.9_s10023,10023,0.15,0.9,0.12,random,0.9125,0.051875000000000004,1.1375,0.18837500000000001,1.3259709999147162,80
h0.15_r0.9_s10023,10023,0.15,0.9,0.12,myopic,0.5625,0.13312499999999997,0.3625,0.17662499999999998,1.174181999999746,80
h0.15_r0.9_s10023,10023,0.15,0.9,0.12,recheck,0.8125,0.06875,0.6,0.14075,1.5517990000262216,80
h0.15_r0.9_s10023,10023,0.15,0.9,0.12,no_task,0.45,0.1949999999999999,0.6125,0.26849999999999985,1.549025000031179,80
h0.15_r0.9_s10024,10024,0.15,0.9,0.12,never,0.4375,0.30374999999999985,0.05,0.30974999999999986,1.435764999996536,80
h0.15_r0.9_s10024,10024,0.15,0.9,0.12,fresh,1.0,0.0,1.7375,0.2085,1.211458000057064,80
h0.15_r0.9_s10024,10024,0.15,0.9,0.12,ttl,0.75,0.09125000000000001,0.625,0.16625,1.2454989999923782,80
h0.15_r0.9_s10024,10024,0.15,0.9,0.12,entropy,0.875,0.0425,1.075,0.1715,1.290135999965969,80
h0.15_r0.9_s10024,10024,0.15,0.9,0.12,random,0.8125,0.056874999999999995,1.1625,0.19637500000000002,1.3229060000412574,80
h0.15_r0.9_s10024,10024,0.15,0.9,0.12,myopic,0.5875,0.11687500000000002,0.3375,0.15737500000000001,1.2123899999778587,80
h0.15_r0.9_s10024,10024,0.15,0.9,0.12,recheck,0.75,0.074375,0.6125,0.14787499999999998,1.7022449999331002,80
h0.15_r0.9_s10024,10024,0.15,0.9,0.12,no_task,0.6,0.121875,0.6125,0.195375,1.586551000059444,80
h0.15_r0.9_s10025,10025,0.15,0.9,0.12,never,0.525,0.22812499999999997,0.05,0.23412499999999997,1.0715380000192454,80
h0.15_r0.9_s10025,10025,0.15,0.9,0.12,fresh,1.0,0.0,0.9125,0.1095,1.1983580000105576,80
h0.15_r0.9_s10025,10025,0.15,0.9,0.12,ttl,0.8625,0.06312500000000001,0.3625,0.10662500000000001,1.2328899999829446,80
h0.15_r0.9_s10025,10025,0.15,0.9,0.12,entropy,0.9625,0.0075000000000000015,0.7625,0.099,1.2821740000390491,80
h0.15_r0.9_s10025,10025,0.15,0.9,0.12,random,0.8625,0.05937500000000001,0.675,0.140375,1.3167669999347709,80
h0.15_r0.9_s10025,10025,0.15,0.9,0.12,myopic,0.825,0.036875000000000005,0.6,0.10887500000000001,1.2557249999645137,80
h0.15_r0.9_s10025,10025,0.15,0.9,0.12,recheck,0.9,0.019999999999999997,0.6875,0.1025,1.5967460000183564,80
h0.15_r0.9_s10025,10025,0.15,0.9,0.12,no_task,0.7,0.11812499999999997,0.6125,0.191625,1.598440000066148,80
h0.15_r0.9_s10026,10026,0.15,0.9,0.12,never,0.7375,0.05625000000000002,0.05,0.06225000000000003,1.0967160000063814,80
h0.15_r0.9_s10026,10026,0.15,0.9,0.12,fresh,1.0,0.0,0.85,0.10200000000000001,1.2173370000709838,80
h0.15_r0.9_s10026,10026,0.15,0.9,0.12,ttl,0.8875,0.0225,0.325,0.0615,1.2499350000325649,80
h0.15_r0.9_s10026,10026,0.15,0.9,0.12,entropy,0.975,0.005,0.4625,0.0605,1.2927000000217959,80
h0.15_r0.9_s10026,10026,0.15,0.9,0.12,random,0.9375,0.014374999999999999,0.6,0.08637500000000001,1.5350340000850338,80
h0.15_r0.9_s10026,10026,0.15,0.9,0.12,myopic,0.7625,0.047500000000000014,0.075,0.056500000000000015,1.1884829999644353,80
h0.15_r0.9_s10026,10026,0.15,0.9,0.12,recheck,0.8625,0.027499999999999997,0.2625,0.059,1.714964000029795,80
h0.15_r0.9_s10026,10026,0.15,0.9,0.12,no_task,0.7625,0.047500000000000014,0.6125,0.12100000000000002,1.6315189999431823,80
h0.15_r0.9_s10027,10027,0.15,0.9,0.12,never,0.4875,0.3062499999999999,0.05,0.3122499999999999,1.0833459999730621,80
h0.15_r0.9_s10027,10027,0.15,0.9,0.12,fresh,1.0,0.0,1.05,0.126,1.260703000070862,80
h0.15_r0.9_s10027,10027,0.15,0.9,0.12,ttl,0.8875,0.051250000000000004,0.3875,0.09775,1.2354039999991073,80
h0.15_r0.9_s10027,10027,0.15,0.9,0.12,entropy,0.9625,0.01125,0.6375,0.08775000000000001,1.966360999972494,80
h0.15_r0.9_s10027,10027,0.15,0.9,0.12,random,0.975,0.005625,0.8625,0.10912499999999999,1.3617639999665698,80
h0.15_r0.9_s10027,10027,0.15,0.9,0.12,myopic,0.8875,0.027500000000000004,0.575,0.0965,1.234433000036006,80
h0.15_r0.9_s10027,10027,0.15,0.9,0.12,recheck,0.9625,0.01125,0.6625,0.09075,1.5944230000286552,80
h0.15_r0.9_s10027,10027,0.15,0.9,0.12,no_task,0.8375,0.07749999999999999,0.6125,0.15099999999999997,1.6208420000793922,80
h0.15_r0.9_s10028,10028,0.15,0.9,0.12,never,0.4875,0.23875000000000007,0.05,0.24475000000000008,1.0824239999465135,80
h0.15_r0.9_s10028,10028,0.15,0.9,0.12,fresh,1.0,0.0,0.925,0.11099999999999999,1.2264409999716008,80
h0.15_r0.9_s10028,10028,0.15,0.9,0.12,ttl,0.875,0.06312499999999999,0.3625,0.106625,1.237386999946466,80
h0.15_r0.9_s10028,10028,0.15,0.9,0.12,entropy,0.95,0.025625,0.5875,0.09612499999999999,1.2921090000190816,80
h0.15_r0.9_s10028,10028,0.15,0.9,0.12,random,0.9375,0.029375000000000002,0.7125,0.11487499999999999,1.3207020000436387,80
h0.15_r0.9_s10028,10028,0.15,0.9,0.12,myopic,0.8875,0.055625,0.5,0.115625,1.1862099999007114,80
h0.15_r0.9_s10028,10028,0.15,0.9,0.12,recheck,0.9375,0.038125000000000006,0.6125,0.111625,1.6242369999872608,80
h0.15_r0.9_s10028,10028,0.15,0.9,0.12,no_task,0.825,0.06937499999999999,0.6125,0.142875,1.559971000006044,80
h0.15_r0.9_s10029,10029,0.15,0.9,0.12,never,0.3,0.3056249999999999,0.05,0.31162499999999993,1.098017999993317,80
h0.15_r0.9_s10029,10029,0.15,0.9,0.12,fresh,1.0,0.0,1.6125,0.19349999999999998,1.2047889999848849,80
h0.15_r0.9_s10029,10029,0.15,0.9,0.12,ttl,0.8625,0.045625,0.5875,0.11612499999999999,1.2631859999601147,80
h0.15_r0.9_s10029,10029,0.15,0.9,0.12,entropy,0.975,0.00375,1.0,0.12375,1.2710379999134602,80
h0.15_r0.9_s10029,10029,0.15,0.9,0.12,random,0.925,0.02375,1.225,0.17075,1.6825760000074297,80
h0.15_r0.9_s10029,10029,0.15,0.9,0.12,myopic,0.4625,0.15124999999999983,0.375,0.1962499999999998,1.1959240000578575,80
h0.15_r0.9_s10029,10029,0.15,0.9,0.12,recheck,0.85,0.036875,0.6375,0.113375,1.6189389999681225,80
h0.15_r0.9_s10029,10029,0.15,0.9,0.12,no_task,0.5,0.12874999999999992,0.6125,0.2022499999999999,1.580122000063966,80
h0.15_r0.9_s10030,10030,0.15,0.9,0.12,never,0.4875,0.3131249999999998,0.05,0.3191249999999998,1.1018940000440125,80
h0.15_r0.9_s10030,10030,0.15,0.9,0.12,fresh,1.0,0.0,1.1,0.13199999999999998,1.283535999959895,80
h0.15_r0.9_s10030,10030,0.15,0.9,0.12,ttl,0.8375,0.08375000000000002,0.425,0.13475,1.2421839999205986,80
h0.15_r0.9_s10030,10030,0.15,0.9,0.12,entropy,0.925,0.042499999999999996,0.75,0.1325,1.2961349999613958,80
h0.15_r0.9_s10030,10030,0.15,0.9,0.12,random,0.975,0.01625,0.8125,0.11374999999999999,1.3739620000023933,80
h0.15_r0.9_s10030,10030,0.15,0.9,0.12,myopic,0.775,0.06875000000000002,0.525,0.13175000000000003,1.2181990000499354,80
h0.15_r0.9_s10030,10030,0.15,0.9,0.12,recheck,0.8875,0.03937500000000001,0.675,0.12037499999999998,1.5928810000787053,80
h0.15_r0.9_s10030,10030,0.15,0.9,0.12,no_task,0.7375,0.10250000000000004,0.6125,0.17600000000000002,1.5990090000741475,80
h0.15_r0.9_s10031,10031,0.15,0.9,0.12,never,0.475,0.2856250000000001,0.05,0.2916250000000001,1.0737919999428414,80
h0.15_r0.9_s10031,10031,0.15,0.9,0.12,fresh,1.0,0.0,1.125,0.13499999999999998,1.234693000014886,80
h0.15_r0.9_s10031,10031,0.15,0.9,0.12,ttl,0.9,0.035,0.4375,0.0875,1.3282940000181043,80
h0.15_r0.9_s10031,10031,0.15,0.9,0.12,entropy,0.9125,0.026250000000000002,0.75,0.11624999999999999,1.346540999975332,80
h0.15_r0.9_s10031,10031,0.15,0.9,0.12,random,0.8875,0.052500000000000005,0.75,0.1425,1.3416440000355578,80
h0.15_r0.9_s10031,10031,0.15,0.9,0.12,myopic,0.7,0.08874999999999997,0.575,0.15774999999999997,1.2930810000852944,80
h0.15_r0.9_s10031,10031,0.15,0.9,0.12,recheck,0.875,0.04375,0.7125,0.12925,1.6003920000002836,80
h0.15_r0.9_s10031,10031,0.15,0.9,0.12,no_task,0.65,0.130625,0.6125,0.20412499999999997,1.6426259999207105,80
h0.15_r0.9_s10032,10032,0.15,0.9,0.12,never,0.85,0.145625,0.05,0.151625,1.0800610000387678,80
h0.15_r0.9_s10032,10032,0.15,0.9,0.12,fresh,1.0,0.0,1.025,0.123,1.320441999951072,80
h0.15_r0.9_s10032,10032,0.15,0.9,0.12,ttl,0.9625,0.0375,0.375,0.08249999999999999,1.2403919999997015,80
h0.15_r0.9_s10032,10032,0.15,0.9,0.12,entropy,0.9625,0.0375,0.4,0.08549999999999999,1.3561750000690154,80
h0.15_r0.9_s10032,10032,0.15,0.9,0.12,random,0.9625,0.033125,0.75,0.123125,1.3354640000216023,80
h0.15_r0.9_s10032,10032,0.15,0.9,0.12,myopic,0.9875,0.0125,0.5375,0.077,1.2227150000398979,80
h0.15_r0.9_s10032,10032,0.15,0.9,0.12,recheck,0.9875,0.0125,0.5375,0.077,1.5828150000061214,80
h0.15_r0.9_s10032,10032,0.15,0.9,0.12,no_task,0.875,0.12062500000000001,0.6125,0.19412500000000002,1.616085000023304,80
h0.15_r0.9_s10033,10033,0.15,0.9,0.12,never,0.5375,0.18750000000000006,0.05,0.19350000000000006,1.0945730000457843,80
h0.15_r0.9_s10033,10033,0.15,0.9,0.12,fresh,1.0,0.0,1.2,0.144,1.1935410000205593,80
h0.15_r0.9_s10033,10033,0.15,0.9,0.12,ttl,0.8375,0.05687500000000001,0.4375,0.109375,1.2660200000027544,80
h0.15_r0.9_s10033,10033,0.15,0.9,0.12,entropy,0.925,0.01875,0.775,0.11174999999999999,1.2900960000479245,80
h0.15_r0.9_s10033,10033,0.15,0.9,0.12,random,0.95,0.016875,0.9,0.124875,1.6438169999446473,80
h0.15_r0.9_s10033,10033,0.15,0.9,0.12,myopic,0.675,0.08375000000000002,0.4125,0.13325,1.2783890000491738,80
h0.15_r0.9_s10033,10033,0.15,0.9,0.12,recheck,0.8125,0.04125000000000001,0.575,0.11025,1.5929310000046826,80
h0.15_r0.9_s10033,10033,0.15,0.9,0.12,no_task,0.6125,0.10937500000000003,0.6125,0.18287500000000004,1.5738119999468836,80
h0.15_r0.9_s10034,10034,0.15,0.9,0.12,never,0.2875,0.33875,0.05,0.34475,1.0757449999800883,80
h0.15_r0.9_s10034,10034,0.15,0.9,0.12,fresh,1.0,0.0,1.15,0.13799999999999998,1.2040270000852615,80
h0.15_r0.9_s10034,10034,0.15,0.9,0.12,ttl,0.8125,0.06,0.4125,0.1095,1.2766359999432098,80
h0.15_r0.9_s10034,10034,0.15,0.9,0.12,entropy,0.9125,0.030000000000000006,0.625,0.10500000000000001,1.2683740000056787,80
h0.15_r0.9_s10034,10034,0.15,0.9,0.12,random,0.975,0.011875,0.9375,0.12437499999999999,1.3608320000457752,80
h0.15_r0.9_s10034,10034,0.15,0.9,0.12,myopic,0.6125,0.10562500000000001,0.2875,0.140125,1.1736520000340533,80
h0.15_r0.9_s10034,10034,0.15,0.9,0.12,recheck,0.8,0.05312500000000001,0.4875,0.111625,1.598789000013312,80
h0.15_r0.9_s10034,10034,0.15,0.9,0.12,no_task,0.55,0.130625,0.6125,0.20412499999999997,1.567362000059802,80
h0.15_r0.9_s10035,10035,0.15,0.9,0.12,never,0.6125,0.31562499999999993,0.05,0.32162499999999994,1.1009520000015982,80
h0.15_r0.9_s10035,10035,0.15,0.9,0.12,fresh,1.0,0.0,0.825,0.099,1.1762249999947016,80
h0.15_r0.9_s10035,10035,0.15,0.9,0.12,ttl,0.8875,0.078125,0.3125,0.115625,1.2527599999430095,80
h0.15_r0.9_s10035,10035,0.15,0.9,0.12,entropy,0.95,0.034375,0.5,0.094375,1.2479429999530112,80
h0.15_r0.9_s10035,10035,0.15,0.9,0.12,random,0.9,0.06749999999999999,0.6125,0.141,1.3024449999647914,80
h0.15_r0.9_s10035,10035,0.15,0.9,0.12,myopic,0.875,0.05625,0.3875,0.10274999999999998,1.1936010000681563,80
h0.15_r0.9_s10035,10035,0.15,0.9,0.12,recheck,0.9375,0.03125,0.4375,0.08375,1.5609820000008767,80
h0.15_r0.9_s10035,10035,0.15,0.9,0.12,no_task,0.8375,0.11374999999999999,0.6125,0.18725,1.5807820000190986,80
h0.15_r0.9_s10036,10036,0.15,0.9,0.12,never,0.4625,0.18624999999999997,0.05,0.19224999999999998,1.0836260000814946,80
h0.15_r0.9_s10036,10036,0.15,0.9,0.12,fresh,1.0,0.0,1.25,0.15,1.222224000002825,80
h0.15_r0.9_s10036,10036,0.15,0.9,0.12,ttl,0.85,0.052500000000000005,0.4625,0.10800000000000001,1.2459499999977197,80
h0.15_r0.9_s10036,10036,0.15,0.9,0.12,entropy,0.9375,0.029375000000000002,0.675,0.110375,1.2579579999965063,80
h0.15_r0.9_s10036,10036,0.15,0.9,0.12,random,0.9125,0.02,1.05,0.146,1.353941999923336,80
h0.15_r0.9_s10036,10036,0.15,0.9,0.12,myopic,0.525,0.14500000000000002,0.2625,0.17650000000000002,1.1731300000974443,80
h0.15_r0.9_s10036,10036,0.15,0.9,0.12,recheck,0.8875,0.05500000000000001,0.4875,0.1135,1.700583000001643,80
h0.15_r0.9_s10036,10036,0.15,0.9,0.12,no_task,0.525,0.13062500000000002,0.6125,0.20412500000000003,1.5602919999082587,80
h0.15_r0.9_s10037,10037,0.15,0.9,0.12,never,0.4625,0.24249999999999994,0.05,0.24849999999999994,1.0795499999858293,80
h0.15_r0.9_s10037,10037,0.15,0.9,0.12,fresh,1.0,0.0,1.075,0.129,1.1947630000577192,80
h0.15_r0.9_s10037,10037,0.15,0.9,0.12,ttl,0.9,0.06687499999999999,0.45,0.120875,1.2782289999222485,80
h0.15_r0.9_s10037,10037,0.15,0.9,0.12,entropy,0.9375,0.052500000000000005,0.6375,0.129,1.258689999986018,80
h0.15_r0.9_s10037,10037,0.15,0.9,0.12,random,0.9375,0.028125000000000004,0.8375,0.128625,1.368834999993851,80
h0.15_r0.9_s10037,10037,0.15,0.9,0.12,myopic,0.65,0.10000000000000005,0.3375,0.14050000000000004,1.1827749999611115,80
h0.15_r0.9_s10037,10037,0.15,0.9,0.12,recheck,0.925,0.03125000000000001,0.5,0.09125000000000001,1.617787999975917,80
h0.15_r0.9_s10037,10037,0.15,0.9,0.12,no_task,0.55,0.1899999999999999,0.6125,0.2634999999999999,1.578489000053196,80
h0.15_r0.9_s10038,10038,0.15,0.9,0.12,never,0.5875,0.13812499999999997,0.05,0.14412499999999998,1.110487000005378,80
h0.15_r0.9_s10038,10038,0.15,0.9,0.12,fresh,1.0,0.0,1.3375,0.1605,1.2183789999653527,80
h0.15_r0.9_s10038,10038,0.15,0.9,0.12,ttl,0.85,0.065625,0.4875,0.124125,1.2502369999083385,80
h0.15_r0.9_s10038,10038,0.15,0.9,0.12,entropy,0.975,0.016875,0.8,0.11287499999999999,1.266942000029303,80
h0.15_r0.9_s10038,10038,0.15,0.9,0.12,random,0.9625,0.02,1.025,0.143,1.3538419999576945,80
h0.15_r0.9_s10038,10038,0.15,0.9,0.12,myopic,0.6875,0.09562499999999999,0.3125,0.133125,1.1862600000540624,80
h0.15_r0.9_s10038,10038,0.15,0.9,0.12,recheck,0.8875,0.041875,0.5375,0.106375,1.5853690000540155,80
h0.15_r0.9_s10038,10038,0.15,0.9,0.12,no_task,0.7,0.10249999999999997,0.6125,0.176,1.571508999973048,80
h0.15_r0.9_s10039,10039,0.15,0.9,0.12,never,0.3,0.2862499999999999,0.05,0.2922499999999999,1.092839999955686,80
h0.15_r0.9_s10039,10039,0.15,0.9,0.12,fresh,1.0,0.0,1.4,0.16799999999999998,1.2125000000651198,80
h0.15_r0.9_s10039,10039,0.15,0.9,0.12,ttl,0.875,0.039999999999999994,0.55,0.10599999999999998,1.2519089999614152,80
h0.15_r0.9_s10039,10039,0.15,0.9,0.12,entropy,0.95,0.017499999999999998,0.8125,0.11499999999999999,1.2707180000006701,80
h0.15_r0.9_s10039,10039,0.15,0.9,0.12,random,0.9375,0.016875,1.0625,0.14437499999999998,1.3352440000744537,80
h0.15_r0.9_s10039,10039,0.15,0.9,0.12,myopic,0.4875,0.1281250000000001,0.2875,0.16262500000000008,1.1971459999813305,80
h0.15_r0.9_s10039,10039,0.15,0.9,0.12,recheck,0.925,0.0225,0.5875,0.093,1.5909880000890553,80
h0.15_r0.9_s10039,10039,0.15,0.9,0.12,no_task,0.45,0.1425000000000001,0.6125,0.2160000000000001,1.581654000005983,80
h0.15_r0.9_s10040,10040,0.15,0.9,0.12,never,0.3875,0.30937500000000007,0.05,0.31537500000000007,1.1752640000395331,80
h0.15_r0.9_s10040,10040,0.15,0.9,0.12,fresh,1.0,0.0,1.425,0.17099999999999999,1.2336219999724563,80
h0.15_r0.9_s10040,10040,0.15,0.9,0.12,ttl,0.8875,0.035625000000000004,0.5125,0.09712499999999999,1.4634960000421415,80
h0.15_r0.9_s10040,10040,0.15,0.9,0.12,entropy,0.9375,0.022500000000000003,0.7875,0.11699999999999999,1.3121590000082506,80
h0.15_r0.9_s10040,10040,0.15,0.9,0.12,random,0.9625,0.014374999999999999,1.1375,0.150875,1.3347029999977167,80
h0.15_r0.9_s10040,10040,0.15,0.9,0.12,myopic,0.7875,0.058125,0.3125,0.095625,1.2238470000056623,80
h0.15_r0.9_s10040,10040,0.15,0.9,0.12,recheck,0.8875,0.03375,0.55,0.09974999999999999,1.561313000024711,80
h0.15_r0.9_s10040,10040,0.15,0.9,0.12,no_task,0.7875,0.058125,0.6125,0.13162500000000002,1.588153000056991,80
h0.15_r0.9_s10041,10041,0.15,0.9,0.12,never,0.5125,0.17937499999999995,0.05,0.18537499999999996,1.0758049999139985,80
h0.15_r0.9_s10041,10041,0.15,0.9,0.12,fresh,1.0,0.0,0.975,0.11699999999999999,1.2622850000525432,80
h0.15_r0.9_s10041,10041,0.15,0.9,0.12,ttl,0.8625,0.05500000000000001,0.4,0.10300000000000001,2.537028000006103,80
h0.15_r0.9_s10041,10041,0.15,0.9,0.12,entropy,0.925,0.019999999999999997,0.6875,0.1025,1.290166999979192,80
h0.15_r0.9_s10041,10041,0.15,0.9,0.12,random,0.975,0.005,0.75,0.095,1.5043680000417226,80
h0.15_r0.9_s10041,10041,0.15,0.9,0.12,myopic,0.6875,0.06750000000000003,0.375,0.11250000000000002,1.253340999937791,80
h0.15_r0.9_s10041,10041,0.15,0.9,0.12,recheck,0.8625,0.0325,0.525,0.0955,1.8698259999609945,80
h0.15_r0.9_s10041,10041,0.15,0.9,0.12,no_task,0.6125,0.11437499999999998,0.6125,0.18787499999999996,1.6980679999960557,80
h0.15_r0.9_s10042,10042,0.15,0.9,0.12,never,0.1625,0.5637500000000004,0.05,0.5697500000000004,1.1613729999453426,80
h0.15_r0.9_s10042,10042,0.15,0.9,0.12,fresh,1.0,0.0,1.125,0.13499999999999998,1.2697960000878084,80
h0.15_r0.9_s10042,10042,0.15,0.9,0.12,ttl,0.9125,0.04875,0.4375,0.10125000000000002,1.2790490000043064,80
h0.15_r0.9_s10042,10042,0.15,0.9,0.12,entropy,0.95,0.04,0.5375,0.1045,1.3981480000211377,80
h0.15_r0.9_s10042,10042,0.15,0.9,0.12,random,0.975,0.00375,0.875,0.10875000000000001,1.370617000020502,80
h0.15_r0.9_s10042,10042,0.15,0.9,0.12,myopic,0.6875,0.07687500000000005,0.3875,0.12337500000000005,1.1833569999453175,80
h0.15_r0.9_s10042,10042,0.15,0.9,0.12,recheck,0.95,0.021249999999999998,0.5,0.08125,1.5926400000125795,80
h0.15_r0.9_s10042,10042,0.15,0.9,0.12,no_task,0.675,0.09625000000000003,0.6125,0.16975,1.5604720000510497,80
h0.15_r0.9_s10043,10043,0.15,0.9,0.12,never,0.5375,0.301875,0.05,0.307875,1.0937720001038542,80
h0.15_r0.9_s10043,10043,0.15,0.9,0.12,fresh,1.0,0.0,1.6625,0.19949999999999998,1.2077320000116742,80
h0.15_r0.9_s10043,10043,0.15,0.9,0.12,ttl,0.8625,0.041874999999999996,0.6625,0.12137499999999998,1.2836459999334693,80
h0.15_r0.9_s10043,10043,0.15,0.9,0.12,entropy,0.9625,0.015625,1.1125,0.149125,1.274242000022241,80
h0.15_r0.9_s10043,10043,0.15,0.9,0.12,random,0.95,0.014374999999999999,1.3,0.170375,1.351308000039353,80
h0.15_r0.9_s10043,10043,0.15,0.9,0.12,myopic,0.7125,0.09937500000000002,0.475,0.15637500000000001,1.1854089999587814,80
h0.15_r0.9_s10043,10043,0.15,0.9,0.12,recheck,0.8125,0.047499999999999994,0.7375,0.13599999999999998,1.5961349999997765,80
h0.15_r0.9_s10043,10043,0.15,0.9,0.12,no_task,0.725,0.11937500000000001,0.6125,0.192875,1.5815440000324088,80
h0.15_r0.9_s10044,10044,0.15,0.9,0.12,never,0.85,0.09562500000000002,0.05,0.10162500000000001,1.0744520000116609,80
h0.15_r0.9_s10044,10044,0.15,0.9,0.12,fresh,1.0,0.0,0.825,0.099,1.197226999920531,80
h0.15_r0.9_s10044,10044,0.15,0.9,0.12,ttl,0.9375,0.033125,0.3125,0.07062500000000001,1.2508370000432478,80
h0.15_r0.9_s10044,10044,0.15,0.9,0.12,entropy,0.9875,0.0043749999999999995,0.4375,0.056874999999999995,1.2720600000193372,80
h0.15_r0.9_s10044,10044,0.15,0.9,0.12,random,0.975,0.0125,0.6,0.08449999999999999,1.3296650000711452,80
h0.15_r0.9_s10044,10044,0.15,0.9,0.12,myopic,0.9625,0.013124999999999998,0.525,0.076125,1.2389390000180356,80
h0.15_r0.9_s10044,10044,0.15,0.9,0.12,recheck,0.9875,0.0043749999999999995,0.5375,0.06887499999999999,1.5868319999299274,80
h0.15_r0.9_s10044,10044,0.15,0.9,0.12,no_task,0.8875,0.08625000000000002,0.6125,0.15975,1.5867520000938384,80
h0.15_r0.9_s10045,10045,0.15,0.9,0.12,never,0.3375,0.225,0.05,0.231,1.0812229999146439,80
h0.15_r0.9_s10045,10045,0.15,0.9,0.12,fresh,1.0,0.0,1.425,0.17099999999999999,1.2230959999897095,80
h0.15_r0.9_s10045,10045,0.15,0.9,0.12,ttl,0.8875,0.038125000000000006,0.5375,0.10262500000000001,1.26771199995801,80
h0.15_r0.9_s10045,10045,0.15,0.9,0.12,entropy,0.9125,0.030000000000000006,0.8375,0.1305,1.2635570000156804,80
h0.15_r0.9_s10045,10045,0.15,0.9,0.12,random,0.9,0.023125,1.075,0.152125,1.373019999959979,80
h0.15_r0.9_s10045,10045,0.15,0.9,0.12,myopic,0.575,0.10500000000000002,0.325,0.14400000000000004,1.179129999968609,80
h0.15_r0.9_s10045,10045,0.15,0.9,0.12,recheck,0.7875,0.06,0.5625,0.1275,1.6146340000204873,80
h0.15_r0.9_s10045,10045,0.15,0.9,0.12,no_task,0.5125,0.14062500000000003,0.6125,0.21412500000000004,1.8495959999427214,80
h0.15_r0.9_s10046,10046,0.15,0.9,0.12,never,0.4125,0.12125,0.05,0.12725,1.1913979999462754,80
h0.15_r0.9_s10046,10046,0.15,0.9,0.12,fresh,1.0,0.0,1.025,0.123,1.2182979999124655,80
h0.15_r0.9_s10046,10046,0.15,0.9,0.12,ttl,0.875,0.026875,0.375,0.071875,1.281003000030978,80
h0.15_r0.9_s10046,10046,0.15,0.9,0.12,entropy,0.9375,0.0125,0.5375,0.077,1.2509680000221124,80
h0.15_r0.9_s10046,10046,0.15,0.9,0.12,random,0.975,0.006875000000000001,0.7875,0.10137499999999999,1.3623449999613513,80
h0.15_r0.9_s10046,10046,0.15,0.9,0.12,myopic,0.4125,0.12125,0.0625,0.12874999999999998,1.4144729999543415,80
h0.15_r0.9_s10046,10046,0.15,0.9,0.12,recheck,0.8375,0.0325,0.3,0.0685,1.659941999946568,80
h0.15_r0.9_s10046,10046,0.15,0.9,0.12,no_task,0.4125,0.12125,0.6125,0.19474999999999998,1.5515690000711402,80
h0.15_r0.9_s10047,10047,0.15,0.9,0.12,never,0.65,0.3075,0.05,0.3135,1.095944999974563,80
h0.15_r0.9_s10047,10047,0.15,0.9,0.12,fresh,1.0,0.0,1.0125,0.12149999999999998,1.1966360000315035,80
h0.15_r0.9_s10047,10047,0.15,0.9,0.12,ttl,0.8875,0.05125,0.3875,0.09774999999999999,1.2403420000737242,80
h0.15_r0.9_s10047,10047,0.15,0.9,0.12,entropy,0.9375,0.027500000000000004,0.5625,0.095,1.2535719999959838,80
h0.15_r0.9_s10047,10047,0.15,0.9,0.12,random,0.925,0.0625,0.7625,0.154,1.3345520000029865,80
h0.15_r0.9_s10047,10047,0.15,0.9,0.12,myopic,0.9,0.04125,0.575,0.11025,1.2229850000267106,80
h0.15_r0.9_s10047,10047,0.15,0.9,0.12,recheck,0.925,0.030625000000000003,0.6,0.10262500000000001,1.5962160000526637,80
h0.15_r0.9_s10047,10047,0.15,0.9,0.12,no_task,0.875,0.0725,0.6125,0.146,1.593541000033838,80
h0.15_r0.9_s10048,10048,0.15,0.9,0.12,never,0.6625,0.12374999999999987,0.05,0.12974999999999987,1.0783789999777582,80
h0.15_r0.9_s10048,10048,0.15,0.9,0.12,fresh,1.0,0.0,0.8,0.096,1.1979280000105064,80
h0.15_r0.9_s10048,10048,0.15,0.9,0.12,ttl,0.9,0.03125000000000001,0.325,0.07025,1.3036659998988398,80
h0.15_r0.9_s10048,10048,0.15,0.9,0.12,entropy,0.925,0.0225,0.475,0.07949999999999999,1.2668709999843486,80
h0.15_r0.9_s10048,10048,0.15,0.9,0.12,random,0.95,0.017499999999999998,0.6125,0.091,1.343555999937962,80
h0.15_r0.9_s10048,10048,0.15,0.9,0.12,myopic,0.8125,0.04875000000000002,0.25,0.07875000000000001,1.166781000051742,80
h0.15_r0.9_s10048,10048,0.15,0.9,0.12,recheck,0.875,0.0325,0.4125,0.082,1.6253390000429135,80
h0.15_r0.9_s10048,10048,0.15,0.9,0.12,no_task,0.8,0.05687500000000002,0.6125,0.13037500000000002,1.5632560000540252,80
h0.15_r0.9_s10049,10049,0.15,0.9,0.12,never,0.6375,0.09437500000000007,0.05,0.10037500000000006,1.1154840000244803,80
h0.15_r0.9_s10049,10049,0.15,0.9,0.12,fresh,1.0,0.0,1.0125,0.12149999999999998,1.2114880000808625,80
h0.15_r0.9_s10049,10049,0.15,0.9,0.12,ttl,0.8625,0.034999999999999996,0.4125,0.08449999999999999,1.2289039999586748,80
h0.15_r0.9_s10049,10049,0.15,0.9,0.12,entropy,0.9375,0.014999999999999996,0.6125,0.0885,1.2560250000888118,80
h0.15_r0.9_s10049,10049,0.15,0.9,0.12,random,0.9,0.026875,0.7375,0.115375,1.3311679999787884,80
h0.15_r0.9_s10049,10049,0.15,0.9,0.12,myopic,0.6625,0.09812500000000005,0.225,0.12512500000000007,1.1715180000919645,80
h0.15_r0.9_s10049,10049,0.15,0.9,0.12,recheck,0.8875,0.027499999999999997,0.425,0.07849999999999999,1.5700260000812705,80
h0.15_r0.9_s10049,10049,0.15,0.9,0.12,no_task,0.7375,0.07125000000000002,0.6125,0.14475000000000002,1.5766459999895233,80
h0.15_r0.9_s10050,10050,0.15,0.9,0.12,never,0.65,0.07000000000000003,0.05,0.07600000000000003,1.0795910000069853,80
h0.15_r0.9_s10050,10050,0.15,0.9,0.12,fresh,1.0,0.0,0.9125,0.1095,1.23940000003131,80
h0.15_r0.9_s10050,10050,0.15,0.9,0.12,ttl,0.925,0.015,0.35,0.056999999999999995,1.2473330000375427,80
h0.15_r0.9_s10050,10050,0.15,0.9,0.12,entropy,0.95,0.01,0.475,0.06699999999999999,1.3062500000842192,80
h0.15_r0.9_s10050,10050,0.15,0.9,0.12,random,0.9625,0.0075000000000000015,0.6,0.07949999999999999,1.3262899999517686,80
h0.15_r0.9_s10050,10050,0.15,0.9,0.12,myopic,0.65,0.07000000000000003,0.1,0.08200000000000003,1.1616540000431996,80
h0.15_r0.9_s10050,10050,0.15,0.9,0.12,recheck,0.8875,0.0225,0.2875,0.056999999999999995,1.6113489999725061,80
h0.15_r0.9_s10050,10050,0.15,0.9,0.12,no_task,0.65,0.07000000000000003,0.6125,0.14350000000000002,1.6015229999766234,80
h0.15_r0.9_s10051,10051,0.15,0.9,0.12,never,0.5,0.20124999999999998,0.05,0.20725,1.0973970000804911,80
h0.15_r0.9_s10051,10051,0.15,0.9,0.12,fresh,1.0,0.0,1.05,0.126,1.224307000029512,80
h0.15_r0.9_s10051,10051,0.15,0.9,0.12,ttl,0.875,0.043750000000000004,0.375,0.08875,1.266461000000163,80
h0.15_r0.9_s10051,10051,0.15,0.9,0.12,entropy,0.9375,0.02,0.7375,0.1085,1.264448000029006,80
h0.15_r0.9_s10051,10051,0.15,0.9,0.12,random,0.95,0.026875,0.8,0.122875,1.3711069999544634,80
h0.15_r0.9_s10051,10051,0.15,0.9,0.12,myopic,0.725,0.07749999999999997,0.5375,0.14199999999999996,1.1974170000712547,80
h0.15_r0.9_s10051,10051,0.15,0.9,0.12,recheck,0.925,0.022500000000000003,0.6875,0.10500000000000001,1.6082639999694948,80
h0.15_r0.9_s10051,10051,0.15,0.9,0.12,no_task,0.575,0.16749999999999995,0.6125,0.24099999999999996,1.5805220000402187,80
h0.15_r0.9_s10052,10052,0.15,0.9,0.12,never,0.725,0.16875,0.05,0.17475000000000002,1.086831000066013,80
h0.15_r0.9_s10052,10052,0.15,0.9,0.12,fresh,1.0,0.0,0.675,0.08099999999999999,1.1773870000979514,80
h0.15_r0.9_s10052,10052,0.15,0.9,0.12,ttl,0.8875,0.07,0.2625,0.1015,1.2451489999421028,80
h0.15_r0.9_s10052,10052,0.15,0.9,0.12,entropy,0.925,0.05625,0.35,0.09824999999999999,1.243195000029118,80
h0.15_r0.9_s10052,10052,0.15,0.9,0.12,random,0.975,0.016875,0.5,0.076875,1.312189000032049,80
h0.15_r0.9_s10052,10052,0.15,0.9,0.12,myopic,0.925,0.033749999999999995,0.25,0.06375,1.1976079999840294,80
h0.15_r0.9_s10052,10052,0.15,0.9,0.12,recheck,0.925,0.027499999999999997,0.325,0.0665,1.5774480000345648,80
h0.15_r0.9_s10052,10052,0.15,0.9,0.12,no_task,0.8125,0.115625,0.6125,0.189125,1.7176279999375765,80
h0.15_r0.9_s10053,10053,0.15,0.9,0.12,never,0.7,0.15812500000000004,0.05,0.16412500000000005,1.0882929999525004,80
h0.15_r0.9_s10053,10053,0.15,0.9,0.12,fresh,1.0,0.0,0.8375,0.10049999999999999,1.2351339998986077,80
h0.15_r0.9_s10053,10053,0.15,0.9,0.12,ttl,0.925,0.034375,0.3375,0.074875,1.2588890000415631,80
h0.15_r0.9_s10053,10053,0.15,0.9,0.12,entropy,0.975,0.016875,0.4875,0.075375,1.2506870000379422,80
h0.15_r0.9_s10053,10053,0.15,0.9,0.12,random,0.9875,0.0043749999999999995,0.7,0.088375,1.3561260000187758,80
h0.15_r0.9_s10053,10053,0.15,0.9,0.12,myopic,0.975,0.016875,0.475,0.073875,1.471838999918873,80
h0.15_r0.9_s10053,10053,0.15,0.9,0.12,recheck,0.975,0.016875,0.5375,0.081375,1.6186990000051082,80
h0.15_r0.9_s10053,10053,0.15,0.9,0.12,no_task,0.8625,0.06750000000000002,0.6125,0.14100000000000001,1.562243999956081,80
h0.15_r0.9_s10054,10054,0.15,0.9,0.12,never,0.525,0.2568749999999998,0.05,0.2628749999999998,1.136415000019042,80
h0.15_r0.9_s10054,10054,0.15,0.9,0.12,fresh,1.0,0.0,1.2625,0.1515,1.2075719999984358,80
h0.15_r0.9_s10054,10054,0.15,0.9,0.12,ttl,0.9125,0.03875,0.4625,0.09424999999999999,1.2474520000296252,80
h0.15_r0.9_s10054,10054,0.15,0.9,0.12,entropy,0.9375,0.0325,0.7,0.1165,1.3504069999044077,80
h0.15_r0.9_s10054,10054,0.15,0.9,0.12,random,0.975,0.015,1.0,0.13499999999999998,1.3502360000074987,80
h0.15_r0.9_s10054,10054,0.15,0.9,0.12,myopic,0.675,0.09312500000000005,0.3875,0.13962500000000005,1.1921889999939594,80
h0.15_r0.9_s10054,10054,0.15,0.9,0.12,recheck,0.8625,0.04875,0.5375,0.11325,1.5886040000623325,80
h0.15_r0.9_s10054,10054,0.15,0.9,0.12,no_task,0.7625,0.084375,0.6125,0.157875,1.5654400000357782,80
h0.15_r0.9_s10055,10055,0.15,0.9,0.12,never,0.9125,0.028749999999999998,0.05,0.034749999999999996,1.077718000033201,80
h0.15_r0.9_s10055,10055,0.15,0.9,0.12,fresh,1.0,0.0,0.675,0.08099999999999999,1.1787189999949987,80
h0.15_r0.9_s10055,10055,0.15,0.9,0.12,ttl,0.975,0.010625,0.275,0.043625,1.2324699999908262,80
h0.15_r0.9_s10055,10055,0.15,0.9,0.12,entropy,0.9875,0.0025,0.45,0.05650000000000001,1.2839170000233935,80
h0.15_r0.9_s10055,10055,0.15,0.9,0.12,random,0.9875,0.008125,0.55,0.074125,1.3301359999786655,80
h0.15_r0.9_s10055,10055,0.15,0.9,0.12,myopic,0.9375,0.0125,0.325,0.051500000000000004,1.2276229999770294,80
h0.15_r0.9_s10055,10055,0.15,0.9,0.12,recheck,0.9625,0.0075000000000000015,0.4,0.055499999999999994,1.5853189999006645,80
h0.15_r0.9_s10055,10055,0.15,0.9,0.12,no_task,0.8875,0.045,0.6125,0.11850000000000001,1.577687999997579,80
h0.15_r0.9_s10056,10056,0.15,0.9,0.12,never,0.5875,0.12125,0.05,0.12725,1.1047779998989427,80
h0.15_r0.9_s10056,10056,0.15,0.9,0.12,fresh,1.0,0.0,1.025,0.123,1.1985390000290863,80
h0.15_r0.9_s10056,10056,0.15,0.9,0.12,ttl,0.8125,0.05437500000000001,0.4375,0.10687500000000001,1.3840879998952005,80
h0.15_r0.9_s10056,10056,0.15,0.9,0.12,entropy,0.9375,0.010625,0.6625,0.09012499999999998,1.2602619999597664,80
h0.15_r0.9_s10056,10056,0.15,0.9,0.12,random,0.8875,0.024999999999999998,0.775,0.118,1.3682630000175777,80
h0.15_r0.9_s10056,10056,0.15,0.9,0.12,myopic,0.65,0.07812500000000003,0.2125,0.10362500000000004,1.2039260000165086,80
h0.15_r0.9_s10056,10056,0.15,0.9,0.12,recheck,0.825,0.03937500000000001,0.425,0.09037500000000001,1.6026460000375664,80
h0.15_r0.9_s10056,10056,0.15,0.9,0.12,no_task,0.625,0.09625000000000004,0.6125,0.16975000000000004,1.5664609999248569,80
h0.15_r0.9_s10057,10057,0.15,0.9,0.12,never,0.4625,0.3712499999999996,0.05,0.3772499999999996,1.108843999986675,80
h0.15_r0.9_s10057,10057,0.15,0.9,0.12,fresh,1.0,0.0,1.3375,0.1605,1.1919889999489897,80
h0.15_r0.9_s10057,10057,0.15,0.9,0.12,ttl,0.7625,0.12312500000000004,0.5,0.18312500000000004,1.242635000039627,80
h0.15_r0.9_s10057,10057,0.15,0.9,0.12,entropy,0.9375,0.026250000000000002,1.025,0.14925,1.3673319999725209,80
h0.15_r0.9_s10057,10057,0.15,0.9,0.12,random,0.925,0.024374999999999997,1.025,0.14737499999999998,1.4502269999638884,80
h0.15_r0.9_s10057,10057,0.15,0.9,0.12,myopic,0.8125,0.062499999999999986,0.6375,0.13899999999999998,1.489296000045215,80
h0.15_r0.9_s10057,10057,0.15,0.9,0.12,recheck,0.8625,0.0475,0.775,0.1405,1.699450000046454,80
h0.15_r0.9_s10057,10057,0.15,0.9,0.12,no_task,0.625,0.16312500000000005,0.6125,0.23662500000000003,1.5733910000790274,80
h0.15_r0.9_s10058,10058,0.15,0.9,0.12,never,0.375,0.45375000000000004,0.05,0.45975,1.0788089999778094,80
h0.15_r0.9_s10058,10058,0.15,0.9,0.12,fresh,1.0,0.0,1.8,0.21600000000000003,1.2391789999810499,80
h0.15_r0.9_s10058,10058,0.15,0.9,0.12,ttl,0.8875,0.05500000000000001,0.65,0.133,1.2543330000198694,80
h0.15_r0.9_s10058,10058,0.15,0.9,0.12,entropy,0.9625,0.0375,1.1,0.16949999999999998,1.2864210000316234,80
h0.15_r0.9_s10058,10058,0.15,0.9,0.12,random,0.975,0.005,1.3875,0.1715,1.329364999946847,80
h0.15_r0.9_s10058,10058,0.15,0.9,0.12,myopic,0.5375,0.11125,0.5375,0.17575000000000002,1.2420040000051813,80
h0.15_r0.9_s10058,10058,0.15,0.9,0.12,recheck,0.9,0.034375,0.75,0.12437499999999999,1.5723499999467094,80
h0.15_r0.9_s10058,10058,0.15,0.9,0.12,no_task,0.75,0.09187500000000001,0.6125,0.165375,1.5900659999488198,80
h0.15_r0.9_s10059,10059,0.15,0.9,0.12,never,0.4625,0.3256250000000001,0.05,0.3316250000000001,1.0709370000085983,80
h0.15_r0.9_s10059,10059,0.15,0.9,0.12,fresh,1.0,0.0,1.425,0.17099999999999999,1.2300359999244392,80
h0.15_r0.9_s10059,10059,0.15,0.9,0.12,ttl,0.85,0.051250000000000004,0.5125,0.11274999999999999,1.271899000016674,80
h0.15_r0.9_s10059,10059,0.15,0.9,0.12,entropy,0.9625,0.016249999999999997,0.8125,0.11374999999999999,1.2633860000050845,80
h0.15_r0.9_s10059,10059,0.15,0.9,0.12,random,1.0,0.0,1.1,0.13199999999999998,1.3606119999849398,80
h0.15_r0.9_s10059,10059,0.15,0.9,0.12,myopic,0.725,0.0875,0.35,0.1295,1.1808820000851483,80
h0.15_r0.9_s10059,10059,0.15,0.9,0.12,recheck,0.9,0.03375000000000001,0.55,0.09975,1.7126110000162953,80
h0.15_r0.9_s10059,10059,0.15,0.9,0.12,no_task,0.775,0.08125,0.6125,0.15475,1.579891000005773,80
h0.15_r0.9_s10060,10060,0.15,0.9,0.12,never,0.425,0.39374999999999977,0.05,0.39974999999999977,2.015954999933456,80
h0.15_r0.9_s10060,10060,0.15,0.9,0.12,fresh,1.0,0.0,1.175,0.141,1.3407120000010764,80
h0.15_r0.9_s10060,10060,0.15,0.9,0.12,ttl,0.8625,0.09375000000000003,0.45,0.14775000000000002,1.2530000000197106,80
h0.15_r0.9_s10060,10060,0.15,0.9,0.12,entropy,0.925,0.065,0.7125,0.1505,1.6546139999036313,80
h0.15_r0.9_s10060,10060,0.15,0.9,0.12,random,0.9375,0.039999999999999994,0.9875,0.1585,1.3486240000020189,80
h0.15_r0.9_s10060,10060,0.15,0.9,0.12,myopic,0.775,0.058125000000000024,0.55,0.12412500000000001,1.2835469999572524,80
h0.15_r0.9_s10060,10060,0.15,0.9,0.12,recheck,0.9,0.033124999999999995,0.6375,0.109625,1.5882440000041242,80
h0.15_r0.9_s10060,10060,0.15,0.9,0.12,no_task,0.7,0.10437500000000002,0.6125,0.177875,1.6518090000090524,80
h0.15_r0.9_s10061,10061,0.15,0.9,0.12,never,0.5125,0.4056249999999998,0.05,0.41162499999999974,1.0967160000063814,80
h0.15_r0.9_s10061,10061,0.15,0.9,0.12,fresh,1.0,0.0,1.125,0.13499999999999998,1.192259999925227,80
h0.15_r0.9_s10061,10061,0.15,0.9,0.12,ttl,0.825,0.12437500000000001,0.425,0.175375,1.3588789998948414,80
h0.15_r0.9_s10061,10061,0.15,0.9,0.12,entropy,0.925,0.056874999999999995,0.6625,0.136375,1.3104969999631066,80
h0.15_r0.9_s10061,10061,0.15,0.9,0.12,random,0.975,0.016875,0.85,0.118875,1.4697959999239174,80
h0.15_r0.9_s10061,10061,0.15,0.9,0.12,myopic,0.9625,0.025625,0.675,0.106625,1.2061699999321718,80
h0.15_r0.9_s10061,10061,0.15,0.9,0.12,recheck,0.9625,0.025625,0.7,0.109625,1.694724000003589,80
h0.15_r0.9_s10061,10061,0.15,0.9,0.12,no_task,0.7625,0.17125,0.6125,0.24475000000000002,1.5527500000871441,80
h0.15_r0.9_s10062,10062,0.15,0.9,0.12,never,0.7375,0.13750000000000004,0.05,0.14350000000000004,1.0771170000225538,80
h0.15_r0.9_s10062,10062,0.15,0.9,0.12,fresh,1.0,0.0,0.8375,0.10049999999999999,1.2028449999661461,80
h0.15_r0.9_s10062,10062,0.15,0.9,0.12,ttl,0.9,0.052500000000000005,0.35,0.0945,1.2578370000255745,80
h0.15_r0.9_s10062,10062,0.15,0.9,0.12,entropy,1.0,0.0,0.625,0.075,1.274732999945627,80
h0.15_r0.9_s10062,10062,0.15,0.9,0.12,random,0.925,0.035625,0.6375,0.11212499999999999,1.3036059999649297,80
h0.15_r0.9_s10062,10062,0.15,0.9,0.12,myopic,0.8375,0.041874999999999996,0.475,0.09887499999999999,1.2149430000363282,80
h0.15_r0.9_s10062,10062,0.15,0.9,0.12,recheck,0.9875,0.003125,0.575,0.072125,1.5957550000393894,80
h0.15_r0.9_s10062,10062,0.15,0.9,0.12,no_task,0.775,0.07500000000000004,0.6125,0.14850000000000002,1.5990699999974822,80
h0.15_r0.9_s10063,10063,0.15,0.9,0.12,never,0.0,0.7900000000000007,0.05,0.7960000000000006,1.4153150000311143,80
h0.15_r0.9_s10063,10063,0.15,0.9,0.12,fresh,1.0,0.0,1.525,0.183,1.2093860000277346,80
h0.15_r0.9_s10063,10063,0.15,0.9,0.12,ttl,0.925,0.038125,0.5625,0.105625,1.2650689999418319,80
h0.15_r0.9_s10063,10063,0.15,0.9,0.12,entropy,0.9625,0.026875,0.7875,0.12137499999999998,1.2660200000027544,80
h0.15_r0.9_s10063,10063,0.15,0.9,0.12,random,0.975,0.015625,1.2625,0.167125,1.359490999902846,80
h0.15_r0.9_s10063,10063,0.15,0.9,0.12,myopic,0.575,0.10062500000000008,0.4375,0.1531250000000001,1.188895000041157,80
h0.15_r0.9_s10063,10063,0.15,0.9,0.12,recheck,0.9,0.031249999999999993,0.6125,0.10474999999999998,1.606190000075003,80
h0.15_r0.9_s10063,10063,0.15,0.9,0.12,no_task,0.6375,0.11812500000000006,0.6125,0.19162500000000007,1.5546729999869058,80
h0.15_r0.9_s10000,10000,0.15,0.9,0.35,never,0.375,0.42375000000000007,0.05,0.44125000000000003,1.1219539999274275,80
h0.15_r0.9_s10000,10000,0.15,0.9,0.35,fresh,1.0,0.0,0.9125,0.31937499999999996,1.213290999999117,80
h0.15_r0.9_s10000,10000,0.15,0.9,0.35,ttl,0.7625,0.18562499999999998,0.25,0.273125,1.286460999949668,80
h0.15_r0.9_s10000,10000,0.15,0.9,0.35,entropy,0.65,0.2781249999999999,0.2125,0.3524999999999999,1.2431850000211853,80
h0.15_r0.9_s10000,10000,0.15,0.9,0.35,random,0.7,0.17312499999999995,0.125,0.21687499999999993,1.3316590000158612,80
h0.15_r0.9_s10000,10000,0.15,0.9,0.35,myopic,0.45,0.3337499999999998,0.075,0.35999999999999976,1.1824650000562542,80
h0.15_r0.9_s10000,10000,0.15,0.9,0.35,recheck,0.775,0.10687500000000001,0.275,0.203125,1.5896760000941867,80
h0.15_r0.9_s10000,10000,0.15,0.9,0.35,no_task,0.4375,0.3462499999999998,0.1625,0.40312499999999973,1.5796399999317146,80
h0.15_r0.9_s10001,10001,0.15,0.9,0.35,never,0.5625,0.2881250000000001,0.05,0.30562500000000004,1.0858800000050906,80
h0.15_r0.9_s10001,10001,0.15,0.9,0.35,fresh,1.0,0.0,1.1625,0.406875,1.2662599999657687,80
h0.15_r0.9_s10001,10001,0.15,0.9,0.35,ttl,0.7125,0.09749999999999996,0.3375,0.21562499999999996,1.239620999967883,80
h0.15_r0.9_s10001,10001,0.15,0.9,0.35,entropy,0.7,0.12562499999999996,0.25,0.21312499999999995,1.2585590000071534,80
h0.15_r0.9_s10001,10001,0.15,0.9,0.35,random,0.7125,0.15187499999999998,0.1625,0.20875,1.3068009999415153,80
h0.15_r0.9_s10001,10001,0.15,0.9,0.35,myopic,0.7125,0.16062499999999996,0.075,0.18687499999999996,1.1904070000809952,80
h0.15_r0.9_s10001,10001,0.15,0.9,0.35,recheck,0.7125,0.09937499999999999,0.25,0.18687499999999999,1.5712980000444077,80
h0.15_r0.9_s10001,10001,0.15,0.9,0.35,no_task,0.7125,0.14562499999999998,0.1625,0.20249999999999999,1.5868419999378602,80
h0.15_r0.9_s10002,10002,0.15,0.9,0.35,never,0.725,0.175,0.05,0.1925,1.0795310000730751,80
h0.15_r0.9_s10002,10002,0.15,0.9,0.35,fresh,1.0,0.0,0.775,0.27125,1.2029660000507647,80
h0.15_r0.9_s10002,10002,0.15,0.9,0.35,ttl,0.85,0.06,0.2125,0.134375,1.2700769999582917,80
h0.15_r0.9_s10002,10002,0.15,0.9,0.35,entropy,0.8125,0.11750000000000001,0.125,0.16125,1.2497259999690868,80
h0.15_r0.9_s10002,10002,0.15,0.9,0.35,random,0.7625,0.1275,0.1,0.1625,1.3115780000134691,80
h0.15_r0.9_s10002,10002,0.15,0.9,0.35,myopic,0.8625,0.0375,0.1,0.0725,1.4132709999330473,80
h0.15_r0.9_s10002,10002,0.15,0.9,0.35,recheck,0.85,0.05,0.175,0.11124999999999999,1.582145000043056,80
h0.15_r0.9_s10002,10002,0.15,0.9,0.35,no_task,0.875,0.024999999999999998,0.1625,0.081875,1.6873729999815623,80
h0.15_r0.9_s10003,10003,0.15,0.9,0.35,never,0.55,0.28375,0.05,0.30124999999999996,1.1308769999232027,80
h0.15_r0.9_s10003,10003,0.15,0.9,0.35,fresh,1.0,0.0,1.2625,0.4418749999999999,1.2016839999660078,80
h0.15_r0.9_s10003,10003,0.15,0.9,0.35,ttl,0.8375,0.06375,0.35,0.18624999999999997,1.23676600003364,80
h0.15_r0.9_s10003,10003,0.15,0.9,0.35,entropy,0.725,0.168125,0.3,0.27312499999999995,1.2488240000720907,80
h0.15_r0.9_s10003,10003,0.15,0.9,0.35,random,0.575,0.2675,0.1375,0.315625,1.2905070000215346,80
h0.15_r0.9_s10003,10003,0.15,0.9,0.35,myopic,0.6875,0.15125,0.0875,0.18187499999999998,1.1919089999992138,80
h0.15_r0.9_s10003,10003,0.15,0.9,0.35,recheck,0.8,0.05750000000000001,0.2375,0.140625,1.5477739999596452,80
h0.15_r0.9_s10003,10003,0.15,0.9,0.35,no_task,0.6625,0.16875,0.1625,0.22562500000000002,1.5894460000254185,80
h0.15_r0.9_s10004,10004,0.15,0.9,0.35,never,0.475,0.3212500000000001,0.05,0.33875000000000005,1.0835159999942334,80
h0.15_r0.9_s10004,10004,0.15,0.9,0.35,fresh,1.0,0.0,1.05,0.3675,1.2532110000620378,80
h0.15_r0.9_s10004,10004,0.15,0.9,0.35,ttl,0.6375,0.190625,0.25,0.278125,1.2435459999551313,80
h0.15_r0.9_s10004,10004,0.15,0.9,0.35,entropy,0.5875,0.2193750000000001,0.275,0.3156250000000001,1.2393199999678473,80
h0.15_r0.9_s10004,10004,0.15,0.9,0.35,random,0.525,0.2887500000000002,0.1375,0.33687500000000015,1.312268999981825,80
h0.15_r0.9_s10004,10004,0.15,0.9,0.35,myopic,0.525,0.27125000000000016,0.0625,0.2931250000000002,1.1644779999642196,80
h0.15_r0.9_s10004,10004,0.15,0.9,0.35,recheck,0.8,0.09249999999999996,0.35,0.21499999999999994,1.6078529999958846,80
h0.15_r0.9_s10004,10004,0.15,0.9,0.35,no_task,0.525,0.27125000000000016,0.1625,0.32812500000000017,1.5606430000616456,80
h0.15_r0.9_s10005,10005,0.15,0.9,0.35,never,0.55,0.30000000000000004,0.05,0.3175,1.115634000029786,80
h0.15_r0.9_s10005,10005,0.15,0.9,0.35,fresh,1.0,0.0,1.6,0.5599999999999999,1.232670000035796,80
h0.15_r0.9_s10005,10005,0.15,0.9,0.35,ttl,0.65,0.210625,0.375,0.34187500000000004,1.2466510000876951,80
h0.15_r0.9_s10005,10005,0.15,0.9,0.35,entropy,0.4875,0.3912499999999999,0.2375,0.4743749999999999,1.2454689999685797,80
h0.15_r0.9_s10005,10005,0.15,0.9,0.35,random,0.55,0.29687500000000006,0.1375,0.34500000000000003,1.308263999931114,80
h0.15_r0.9_s10005,10005,0.15,0.9,0.35,myopic,0.575,0.275,0.15,0.3275,1.236515999949006,80
h0.15_r0.9_s10005,10005,0.15,0.9,0.35,recheck,0.65,0.2,0.325,0.31375000000000003,1.5569270000241886,80
h0.15_r0.9_s10005,10005,0.15,0.9,0.35,no_task,0.55,0.30000000000000004,0.1625,0.35687500000000005,1.5643080000700138,80
h0.15_r0.9_s10006,10006,0.15,0.9,0.35,never,0.5625,0.14187500000000003,0.05,0.15937500000000004,1.0916290000295703,80
h0.15_r0.9_s10006,10006,0.15,0.9,0.35,fresh,1.0,0.0,1.1125,0.38937499999999997,1.236044999927799,80
h0.15_r0.9_s10006,10006,0.15,0.9,0.35,ttl,0.8375,0.07187500000000002,0.3125,0.18125000000000002,1.2416039999152417,80
h0.15_r0.9_s10006,10006,0.15,0.9,0.35,entropy,0.7625,0.11187500000000002,0.275,0.20812499999999998,1.2600119999888193,80
h0.15_r0.9_s10006,10006,0.15,0.9,0.35,random,0.75,0.1325,0.15,0.185,1.3173569999480605,80
h0.15_r0.9_s10006,10006,0.15,0.9,0.35,myopic,0.5625,0.14187500000000003,0.075,0.16812500000000002,1.1649079999642709,80
h0.15_r0.9_s10006,10006,0.15,0.9,0.35,recheck,0.55,0.1575,0.2375,0.240625,1.5970970000580564,80
h0.15_r0.9_s10006,10006,0.15,0.9,0.35,no_task,0.55,0.14437500000000006,0.1625,0.20125000000000007,1.5687640000123793,80
h0.15_r0.9_s10007,10007,0.15,0.9,0.35,never,0.4625,0.38437499999999986,0.05,0.40187499999999987,1.1095749999867621,80
h0.15_r0.9_s10007,10007,0.15,0.9,0.35,fresh,1.0,0.0,1.0375,0.363125,1.2144130000706355,80
h0.15_r0.9_s10007,10007,0.15,0.9,0.35,ttl,0.8875,0.10375000000000001,0.25,0.19125,1.2773770000649165,80
h0.15_r0.9_s10007,10007,0.15,0.9,0.35,entropy,0.875,0.12062500000000001,0.175,0.181875,1.254723000101876,80
h0.15_r0.9_s10007,10007,0.15,0.9,0.35,random,0.55,0.2968749999999999,0.1,0.33187499999999986,1.38211399996635,80
h0.15_r0.9_s10007,10007,0.15,0.9,0.35,myopic,0.6625,0.18437499999999987,0.1375,0.23249999999999985,1.1915679999674467,80
h0.15_r0.9_s10007,10007,0.15,0.9,0.35,recheck,0.8125,0.047500000000000014,0.325,0.16125,1.5766859999075677,80
h0.15_r0.9_s10007,10007,0.15,0.9,0.35,no_task,0.6625,0.18437499999999987,0.1625,0.24124999999999988,1.554403000000093,80
h0.15_r0.9_s10008,10008,0.15,0.9,0.35,never,0.5875,0.09750000000000006,0.05,0.11500000000000006,1.0888040000054389,80
h0.15_r0.9_s10008,10008,0.15,0.9,0.35,fresh,1.0,0.0,1.05,0.3675,1.2527900000804948,80
h0.15_r0.9_s10008,10008,0.15,0.9,0.35,ttl,0.85,0.041250000000000016,0.2625,0.133125,1.2615229999255462,80
h0.15_r0.9_s10008,10008,0.15,0.9,0.35,entropy,0.75,0.06500000000000003,0.2,0.135,1.2702669999953287,80
h0.15_r0.9_s10008,10008,0.15,0.9,0.35,random,0.65,0.08500000000000005,0.1125,0.12437500000000004,1.2800209999568324,80
h0.15_r0.9_s10008,10008,0.15,0.9,0.35,myopic,0.5875,0.09750000000000006,0.075,0.12375000000000005,1.265489000047637,80
h0.15_r0.9_s10008,10008,0.15,0.9,0.35,recheck,0.6125,0.08875000000000005,0.175,0.15000000000000005,1.610425999956533,80
h0.15_r0.9_s10008,10008,0.15,0.9,0.35,no_task,0.5875,0.09750000000000006,0.1625,0.15437500000000007,1.5541320000238557,80
h0.15_r0.9_s10009,10009,0.15,0.9,0.35,never,0.5625,0.16249999999999998,0.05,0.18,1.0953239999480502,80
h0.15_r0.9_s10009,10009,0.15,0.9,0.35,fresh,1.0,0.0,1.575,0.5512499999999999,1.2165460000232997,80
h0.15_r0.9_s10009,10009,0.15,0.9,0.35,ttl,0.7625,0.081875,0.35,0.20437500000000003,1.2817330000416405,80
h0.15_r0.9_s10009,10009,0.15,0.9,0.35,entropy,0.8625,0.049375,0.2625,0.14125000000000001,1.2567059999355479,80
h0.15_r0.9_s10009,10009,0.15,0.9,0.35,random,0.4375,0.20687499999999998,0.1875,0.27249999999999996,1.291578999939702,80
h0.15_r0.9_s10009,10009,0.15,0.9,0.35,myopic,0.5625,0.16249999999999998,0.05,0.18,1.1622339999348696,80
h0.15_r0.9_s10009,10009,0.15,0.9,0.35,recheck,0.75,0.09562499999999999,0.225,0.174375,1.8177480000076685,80
h0.15_r0.9_s10009,10009,0.15,0.9,0.35,no_task,0.5625,0.16249999999999998,0.1625,0.21937499999999996,1.5596810000033656,80
h0.15_r0.9_s10010,10010,0.15,0.9,0.35,never,0.2375,0.6475000000000002,0.05,0.6650000000000001,1.1696450000044933,80
h0.15_r0.9_s10010,10010,0.15,0.9,0.35,fresh,1.0,0.0,1.3,0.45499999999999996,1.215914999988854,80
h0.15_r0.9_s10010,10010,0.15,0.9,0.35,ttl,0.7875,0.16562499999999997,0.3375,0.28374999999999995,1.2536909999880663,80
h0.15_r0.9_s10010,10010,0.15,0.9,0.35,entropy,0.75,0.18875,0.2375,0.271875,1.2780779999275182,80
h0.15_r0.9_s10010,10010,0.15,0.9,0.35,random,0.675,0.234375,0.1375,0.28250000000000003,1.272579999977097,80
h0.15_r0.9_s10010,10010,0.15,0.9,0.35,myopic,0.6375,0.25500000000000006,0.125,0.29875000000000007,1.206150000029993,80
h0.15_r0.9_s10010,10010,0.15,0.9,0.35,recheck,0.75,0.146875,0.3375,0.265,1.5786799999659706,80
h0.15_r0.9_s10010,10010,0.15,0.9,0.35,no_task,0.775,0.12249999999999998,0.1625,0.17937499999999998,1.6116389999751846,80
h0.15_r0.9_s10011,10011,0.15,0.9,0.35,never,0.2125,0.4856250000000001,0.05,0.503125,1.0824139999385807,80
h0.15_r0.9_s10011,10011,0.15,0.9,0.35,fresh,1.0,0.0,2.65,0.9274999999999999,1.49456300005113,80
h0.15_r0.9_s10011,10011,0.15,0.9,0.35,ttl,0.6625,0.10750000000000001,0.5625,0.304375,1.2655799999947703,80
h0.15_r0.9_s10011,10011,0.15,0.9,0.35,entropy,0.55,0.16812499999999997,0.4625,0.32999999999999996,1.336746999982097,80
h0.15_r0.9_s10011,10011,0.15,0.9,0.35,random,0.3,0.2668749999999999,0.4,0.406875,1.3270310000734753,80
h0.15_r0.9_s10011,10011,0.15,0.9,0.35,myopic,0.2125,0.4856250000000001,0.05,0.503125,1.4483339999742384,80
h0.15_r0.9_s10011,10011,0.15,0.9,0.35,recheck,0.2375,0.2531249999999999,0.225,0.33187499999999986,1.718639000046096,80
h0.15_r0.9_s10011,10011,0.15,0.9,0.35,no_task,0.2375,0.2906249999999998,0.1625,0.3474999999999998,1.5726699999731863,80
h0.15_r0.9_s10012,10012,0.15,0.9,0.35,never,0.625,0.24687499999999996,0.05,0.2643749999999999,1.1719290000655747,80
h0.15_r0.9_s10012,10012,0.15,0.9,0.35,fresh,1.0,0.0,0.9875,0.34562499999999996,1.1907169999858525,80
h0.15_r0.9_s10012,10012,0.15,0.9,0.35,ttl,0.9,0.052500000000000005,0.3125,0.161875,1.2492449999399469,80
h0.15_r0.9_s10012,10012,0.15,0.9,0.35,entropy,0.8875,0.055625,0.2875,0.15625,1.2266410000165706,80
h0.15_r0.9_s10012,10012,0.15,0.9,0.35,random,0.725,0.12999999999999995,0.125,0.17374999999999996,1.3112880000107907,80
h0.15_r0.9_s10012,10012,0.15,0.9,0.35,myopic,0.7125,0.13687499999999994,0.075,0.16312499999999994,1.1817240000482343,80
h0.15_r0.9_s10012,10012,0.15,0.9,0.35,recheck,0.775,0.08062500000000002,0.225,0.159375,1.5730210000128864,80
h0.15_r0.9_s10012,10012,0.15,0.9,0.35,no_task,0.7125,0.121875,0.1625,0.17875000000000002,1.5489249999518506,80
h0.15_r0.9_s10013,10013,0.15,0.9,0.35,never,0.7375,0.13875,0.05,0.15625000000000003,1.077968000004148,80
h0.15_r0.9_s10013,10013,0.15,0.9,0.35,fresh,1.0,0.0,0.6875,0.240625,1.187673000003997,80
h0.15_r0.9_s10013,10013,0.15,0.9,0.35,ttl,0.8375,0.09437500000000001,0.2,0.16437500000000002,1.2954840000247714,80
h0.15_r0.9_s10013,10013,0.15,0.9,0.35,entropy,0.775,0.11812500000000004,0.2125,0.19250000000000003,1.2756739999986166,80
h0.15_r0.9_s10013,10013,0.15,0.9,0.35,random,0.7375,0.13875,0.1125,0.17812500000000003,1.3188700000910103,80
h0.15_r0.9_s10013,10013,0.15,0.9,0.35,myopic,0.7375,0.13875,0.05,0.15625000000000003,1.1932710000337465,80
h0.15_r0.9_s10013,10013,0.15,0.9,0.35,recheck,0.8375,0.07750000000000003,0.25,0.16500000000000004,1.5545530000053986,80
h0.15_r0.9_s10013,10013,0.15,0.9,0.35,no_task,0.7375,0.13875,0.1625,0.19562500000000002,1.5777780000689745,80
h0.15_r0.9_s10014,10014,0.15,0.9,0.35,never,0.5625,0.19499999999999987,0.05,0.21249999999999986,1.0893249999526233,80
h0.15_r0.9_s10014,10014,0.15,0.9,0.35,fresh,1.0,0.0,0.675,0.23625,1.1822750000192173,80
h0.15_r0.9_s10014,10014,0.15,0.9,0.35,ttl,0.8375,0.06499999999999999,0.1875,0.130625,1.267331999997623,80
h0.15_r0.9_s10014,10014,0.15,0.9,0.35,entropy,0.8,0.11874999999999998,0.1375,0.16687499999999997,1.2394499999572872,80
h0.15_r0.9_s10014,10014,0.15,0.9,0.35,random,0.675,0.1637499999999999,0.1375,0.2118749999999999,1.3023449999991499,80
h0.15_r0.9_s10014,10014,0.15,0.9,0.35,myopic,0.6,0.15749999999999986,0.0875,0.18812499999999985,1.167581999993672,80
h0.15_r0.9_s10014,10014,0.15,0.9,0.35,recheck,0.75,0.08875,0.1625,0.14562499999999998,1.5367160000323565,80
h0.15_r0.9_s10014,10014,0.15,0.9,0.35,no_task,0.6375,0.11999999999999988,0.1625,0.1768749999999999,1.5870920000224942,80
h0.15_r0.9_s10015,10015,0.15,0.9,0.35,never,0.275,0.41312500000000024,0.05,0.4306250000000002,1.0782389999803854,80
h0.15_r0.9_s10015,10015,0.15,0.9,0.35,fresh,1.0,0.0,1.95,0.6824999999999999,1.256205000004229,80
h0.15_r0.9_s10015,10015,0.15,0.9,0.35,ttl,0.7375,0.11250000000000002,0.475,0.27875,1.2275720000616275,80
h0.15_r0.9_s10015,10015,0.15,0.9,0.35,entropy,0.625,0.130625,0.375,0.26187499999999997,1.3683329999594207,80
h0.15_r0.9_s10015,10015,0.15,0.9,0.35,random,0.3625,0.2737499999999999,0.2875,0.37437499999999985,1.3084030000527491,80
h0.15_r0.9_s10015,10015,0.15,0.9,0.35,myopic,0.275,0.41312500000000024,0.0625,0.4350000000000002,1.1559650000663169,80
h0.15_r0.9_s10015,10015,0.15,0.9,0.35,recheck,0.3125,0.23187499999999997,0.2375,0.31499999999999995,1.5983590000132608,80
h0.15_r0.9_s10015,10015,0.15,0.9,0.35,no_task,0.3125,0.2781249999999999,0.1625,0.3349999999999999,1.8379379999942103,80
h0.15_r0.9_s10016,10016,0.15,0.9,0.35,never,0.425,0.3993749999999999,0.05,0.41687499999999994,1.1682529999461622,80
h0.15_r0.9_s10016,10016,0.15,0.9,0.35,fresh,1.0,0.0,1.6125,0.564375,1.2085039999192304,80
h0.15_r0.9_s10016,10016,0.15,0.9,0.35,ttl,0.6625,0.181875,0.3875,0.3175,1.2519080000856775,80
h0.15_r0.9_s10016,10016,0.15,0.9,0.35,entropy,0.6375,0.23562500000000003,0.325,0.34937500000000005,1.2379579999333146,80
h0.15_r0.9_s10016,10016,0.15,0.9,0.35,random,0.625,0.23812500000000006,0.25,0.32562500000000005,1.3445480000200405,80
h0.15_r0.9_s10016,10016,0.15,0.9,0.35,myopic,0.425,0.3993749999999999,0.0875,0.4299999999999999,1.177296999912869,80
h0.15_r0.9_s10016,10016,0.15,0.9,0.35,recheck,0.55,0.19,0.2625,0.281875,1.836004999972829,80
h0.15_r0.9_s10016,10016,0.15,0.9,0.35,no_task,0.3875,0.3993749999999998,0.1625,0.4562499999999998,1.6277030000537707,80
h0.15_r0.9_s10017,10017,0.15,0.9,0.35,never,0.925,0.058750000000000004,0.05,0.07625,1.124548000007053,80
h0.15_r0.9_s10017,10017,0.15,0.9,0.35,fresh,1.0,0.0,0.65,0.22749999999999998,1.1574069999369385,80
h0.15_r0.9_s10017,10017,0.15,0.9,0.35,ttl,0.95,0.01625,0.225,0.095,1.2350739999646976,80
h0.15_r0.9_s10017,10017,0.15,0.9,0.35,entropy,0.9375,0.0225,0.175,0.08374999999999999,1.23878900001273,80
h0.15_r0.9_s10017,10017,0.15,0.9,0.35,random,0.925,0.058750000000000004,0.1,0.09375,1.3320089999524498,80
h0.15_r0.9_s10017,10017,0.15,0.9,0.35,myopic,0.925,0.058750000000000004,0.0875,0.08937500000000001,1.188062999972317,80
h0.15_r0.9_s10017,10017,0.15,0.9,0.35,recheck,0.925,0.028750000000000005,0.1625,0.08562499999999999,1.547932999983459,80
h0.15_r0.9_s10017,10017,0.15,0.9,0.35,no_task,0.875,0.07875000000000001,0.1625,0.13562500000000002,1.5792799999871932,80
h0.15_r0.9_s10018,10018,0.15,0.9,0.35,never,0.6625,0.15812499999999996,0.05,0.17562499999999998,1.0792399999672853,80
h0.15_r0.9_s10018,10018,0.15,0.9,0.35,fresh,1.0,0.0,1.1875,0.415625,1.2061099999982616,80
h0.15_r0.9_s10018,10018,0.15,0.9,0.35,ttl,0.7625,0.08937499999999998,0.275,0.18562499999999998,1.2694360000296,80
h0.15_r0.9_s10018,10018,0.15,0.9,0.35,entropy,0.7625,0.07874999999999999,0.25,0.16624999999999998,1.2343430000782973,80
h0.15_r0.9_s10018,10018,0.15,0.9,0.35,random,0.65,0.11687499999999995,0.175,0.17812499999999995,1.3331310000239682,80
h0.15_r0.9_s10018,10018,0.15,0.9,0.35,myopic,0.7375,0.07812499999999999,0.0625,0.09999999999999999,1.163967000024968,80
h0.15_r0.9_s10018,10018,0.15,0.9,0.35,recheck,0.7125,0.09062499999999997,0.225,0.16937499999999997,1.5740229999892108,80
h0.15_r0.9_s10018,10018,0.15,0.9,0.35,no_task,0.7375,0.07812499999999999,0.1625,0.13499999999999998,1.5622949999851699,80
h0.15_r0.9_s10019,10019,0.15,0.9,0.35,never,0.5875,0.144375,0.05,0.16187500000000002,1.0772169999881953,80
h0.15_r0.9_s10019,10019,0.15,0.9,0.35,fresh,1.0,0.0,1.0375,0.363125,1.2275220000219633,80
h0.15_r0.9_s10019,10019,0.15,0.9,0.35,ttl,0.8125,0.07687500000000001,0.2625,0.16875,1.2223339999763994,80
h0.15_r0.9_s10019,10019,0.15,0.9,0.35,entropy,0.7625,0.08125000000000002,0.2,0.15125000000000002,1.3836570000194115,80
h0.15_r0.9_s10019,10019,0.15,0.9,0.35,random,0.6875,0.11875,0.1125,0.15812500000000002,1.35512299993934,80
h0.15_r0.9_s10019,10019,0.15,0.9,0.35,myopic,0.5875,0.144375,0.05,0.16187500000000002,1.1842679999745087,80
h0.15_r0.9_s10019,10019,0.15,0.9,0.35,recheck,0.6625,0.09562500000000004,0.125,0.13937500000000003,1.5341929999976855,80
h0.15_r0.9_s10019,10019,0.15,0.9,0.35,no_task,0.5875,0.144375,0.1625,0.20125,1.584227999956056,80
h0.15_r0.9_s10020,10020,0.15,0.9,0.35,never,0.2625,0.4512500000000001,0.05,0.4687500000000001,1.0863009999866335,80
h0.15_r0.9_s10020,10020,0.15,0.9,0.35,fresh,1.0,0.0,2.0625,0.7218749999999999,1.2141319999727784,80
h0.15_r0.9_s10020,10020,0.15,0.9,0.35,ttl,0.675,0.10250000000000001,0.4625,0.26437499999999997,1.2221339999314296,80
h0.15_r0.9_s10020,10020,0.15,0.9,0.35,entropy,0.575,0.19562499999999994,0.375,0.3268749999999999,1.2426550000554926,80
h0.15_r0.9_s10020,10020,0.15,0.9,0.35,random,0.4875,0.24437500000000006,0.275,0.34062500000000007,1.317076999953315,80
h0.15_r0.9_s10020,10020,0.15,0.9,0.35,myopic,0.2625,0.4512500000000001,0.0625,0.47312500000000013,1.161894000006214,80
h0.15_r0.9_s10020,10020,0.15,0.9,0.35,recheck,0.575,0.136875,0.225,0.215625,1.594062999970447,80
h0.15_r0.9_s10020,10020,0.15,0.9,0.35,no_task,0.3125,0.2787500000000002,0.1625,0.33562500000000023,1.5565569999580475,80
h0.15_r0.9_s10021,10021,0.15,0.9,0.35,never,0.475,0.50875,0.05,0.52625,1.1014330000307382,80
h0.15_r0.9_s10021,10021,0.15,0.9,0.35,fresh,1.0,0.0,1.05,0.3675,1.216846000033911,80
h0.15_r0.9_s10021,10021,0.15,0.9,0.35,ttl,0.9,0.08374999999999999,0.2625,0.17562499999999998,1.2441370000715324,80
h0.15_r0.9_s10021,10021,0.15,0.9,0.35,entropy,0.375,0.60875,0.1375,0.6568750000000001,1.2117189999116817,80
h0.15_r0.9_s10021,10021,0.15,0.9,0.35,random,0.7375,0.2625,0.15,0.315,1.289134999979069,80
h0.15_r0.9_s10021,10021,0.15,0.9,0.35,myopic,0.825,0.15875,0.1625,0.215625,1.1698849999675076,80
h0.15_r0.9_s10021,10021,0.15,0.9,0.35,recheck,0.9,0.08374999999999999,0.3625,0.21062499999999998,1.5535109999973429,80
h0.15_r0.9_s10021,10021,0.15,0.9,0.35,no_task,0.775,0.20875,0.1625,0.265625,1.555254000095374,80
h0.15_r0.9_s10022,10022,0.15,0.9,0.35,never,0.35,0.44437500000000024,0.05,0.4618750000000002,1.0846579999679307,80
h0.15_r0.9_s10022,10022,0.15,0.9,0.35,fresh,1.0,0.0,1.9,0.6649999999999999,1.2148240000442456,80
h0.15_r0.9_s10022,10022,0.15,0.9,0.35,ttl,0.675,0.121875,0.425,0.270625,1.2350839999726304,80
h0.15_r0.9_s10022,10022,0.15,0.9,0.35,entropy,0.525,0.23437500000000014,0.325,0.34812500000000013,1.2332510000305774,80
h0.15_r0.9_s10022,10022,0.15,0.9,0.35,random,0.375,0.24562500000000026,0.25,0.3331250000000002,1.3112279999631937,80
h0.15_r0.9_s10022,10022,0.15,0.9,0.35,myopic,0.35,0.44437500000000024,0.075,0.47062500000000024,1.1873019999484313,80
h0.15_r0.9_s10022,10022,0.15,0.9,0.35,recheck,0.575,0.15687500000000004,0.2375,0.24000000000000005,1.5674429999990025,80
h0.15_r0.9_s10022,10022,0.15,0.9,0.35,no_task,0.45,0.20187500000000008,0.1625,0.2587500000000001,1.5600010000298425,80
h0.15_r0.9_s10023,10023,0.15,0.9,0.35,never,0.375,0.33062499999999984,0.05,0.3481249999999998,1.207932000056644,80
h0.15_r0.9_s10023,10023,0.15,0.9,0.35,fresh,1.0,0.0,1.6,0.5599999999999999,1.2079120000407784,80
h0.15_r0.9_s10023,10023,0.15,0.9,0.35,ttl,0.6375,0.17375000000000002,0.4,0.31375000000000003,1.2952040000300258,80
h0.15_r0.9_s10023,10023,0.15,0.9,0.35,entropy,0.6125,0.275,0.275,0.37124999999999997,1.232679999930042,80
h0.15_r0.9_s10023,10023,0.15,0.9,0.35,random,0.5375,0.23062500000000008,0.15,0.28312500000000007,1.3058199999704811,80
h0.15_r0.9_s10023,10023,0.15,0.9,0.35,myopic,0.425,0.2806249999999998,0.0875,0.3112499999999998,1.1722689999942304,80
h0.15_r0.9_s10023,10023,0.15,0.9,0.35,recheck,0.475,0.18187499999999984,0.2375,0.26499999999999985,1.8688949999159377,80
h0.15_r0.9_s10023,10023,0.15,0.9,0.35,no_task,0.425,0.2581249999999999,0.1625,0.3149999999999999,1.6420940000898554,80
h0.15_r0.9_s10024,10024,0.15,0.9,0.35,never,0.4375,0.30374999999999985,0.05,0.3212499999999998,1.1727600000313032,80
h0.15_r0.9_s10024,10024,0.15,0.9,0.35,fresh,1.0,0.0,1.7375,0.608125,1.1976170000025377,80
h0.15_r0.9_s10024,10024,0.15,0.9,0.35,ttl,0.6875,0.11187499999999999,0.4125,0.25625,1.2737710000010338,80
h0.15_r0.9_s10024,10024,0.15,0.9,0.35,entropy,0.5875,0.16374999999999998,0.3,0.26874999999999993,1.258199000062632,80
h0.15_r0.9_s10024,10024,0.15,0.9,0.35,random,0.525,0.16812500000000005,0.275,0.2643750000000001,1.3138220000428191,80
h0.15_r0.9_s10024,10024,0.15,0.9,0.35,myopic,0.4375,0.30374999999999985,0.05,0.3212499999999998,1.191668000046775,80
h0.15_r0.9_s10024,10024,0.15,0.9,0.35,recheck,0.4875,0.18375000000000002,0.175,0.24500000000000002,1.5851289999773144,80
h0.15_r0.9_s10024,10024,0.15,0.9,0.35,no_task,0.4625,0.19125,0.1625,0.248125,1.5852399999403133,80
h0.15_r0.9_s10025,10025,0.15,0.9,0.35,never,0.525,0.22812499999999997,0.05,0.24562499999999993,1.091579000103593,80
h0.15_r0.9_s10025,10025,0.15,0.9,0.35,fresh,1.0,0.0,0.9125,0.31937499999999996,1.2162959999386658,80
h0.15_r0.9_s10025,10025,0.15,0.9,0.35,ttl,0.7625,0.08312500000000003,0.275,0.179375,1.2934609999319946,80
h0.15_r0.9_s10025,10025,0.15,0.9,0.35,entropy,0.625,0.16687499999999994,0.2625,0.2587499999999999,1.3988189999736278,80
h0.15_r0.9_s10025,10025,0.15,0.9,0.35,random,0.5625,0.20374999999999996,0.125,0.24749999999999997,1.3260910000099102,80
h0.15_r0.9_s10025,10025,0.15,0.9,0.35,myopic,0.525,0.22812499999999997,0.05,0.24562499999999993,1.3206019999643104,80
h0.15_r0.9_s10025,10025,0.15,0.9,0.35,recheck,0.75,0.08562500000000003,0.2625,0.17750000000000005,1.5806520000296587,80
h0.15_r0.9_s10025,10025,0.15,0.9,0.35,no_task,0.525,0.22812499999999997,0.1625,0.285,1.7768669999895792,80
h0.15_r0.9_s10026,10026,0.15,0.9,0.35,never,0.7375,0.05625000000000002,0.05,0.07375000000000002,1.128644000004897,80
h0.15_r0.9_s10026,10026,0.15,0.9,0.35,fresh,1.0,0.0,0.85,0.2975,1.3166759999876376,80
h0.15_r0.9_s10026,10026,0.15,0.9,0.35,ttl,0.85,0.03,0.225,0.10874999999999999,1.2641179999945962,80
h0.15_r0.9_s10026,10026,0.15,0.9,0.35,entropy,0.7125,0.057500000000000016,0.15,0.11000000000000001,1.2285940000538176,80
h0.15_r0.9_s10026,10026,0.15,0.9,0.35,random,0.6875,0.06625000000000003,0.1125,0.10562500000000004,1.3208020000092802,80
h0.15_r0.9_s10026,10026,0.15,0.9,0.35,myopic,0.7375,0.05625000000000002,0.05,0.07375000000000002,1.1525299998993432,80
h0.15_r0.9_s10026,10026,0.15,0.9,0.35,recheck,0.7625,0.047500000000000014,0.075,0.07375000000000001,1.5584590000798926,80
h0.15_r0.9_s10026,10026,0.15,0.9,0.35,no_task,0.7375,0.05625000000000002,0.1625,0.113125,1.5694150000626905,80
h0.15_r0.9_s10027,10027,0.15,0.9,0.35,never,0.4875,0.3062499999999999,0.05,0.32374999999999987,1.1036060000151338,80
h0.15_r0.9_s10027,10027,0.15,0.9,0.35,fresh,1.0,0.0,1.05,0.3675,1.2150940000310584,80
h0.15_r0.9_s10027,10027,0.15,0.9,0.35,ttl,0.8,0.11437499999999998,0.2625,0.20625,1.223926999955438,80
h0.15_r0.9_s10027,10027,0.15,0.9,0.35,entropy,0.7875,0.14937499999999998,0.2125,0.22374999999999998,1.2244880000480407,80
h0.15_r0.9_s10027,10027,0.15,0.9,0.35,random,0.4375,0.33874999999999983,0.1125,0.3781249999999998,1.274472999966747,80
h0.15_r0.9_s10027,10027,0.15,0.9,0.35,myopic,0.575,0.21874999999999994,0.0875,0.24937499999999996,1.1571369999501258,80
h0.15_r0.9_s10027,10027,0.15,0.9,0.35,recheck,0.8125,0.071875,0.3,0.17687499999999998,1.9634870000118099,80
h0.15_r0.9_s10027,10027,0.15,0.9,0.35,no_task,0.5625,0.22374999999999995,0.1625,0.28062499999999996,1.567631999932928,80
h0.15_r0.9_s10028,10028,0.15,0.9,0.35,never,0.4875,0.23875000000000007,0.05,0.25625000000000003,1.0837060000312704,80
h0.15_r0.9_s10028,10028,0.15,0.9,0.35,fresh,1.0,0.0,0.925,0.32375,1.2348740000334146,80
h0.15_r0.9_s10028,10028,0.15,0.9,0.35,ttl,0.7625,0.13437499999999997,0.25,0.221875,1.2511979999771938,80
h0.15_r0.9_s10028,10028,0.15,0.9,0.35,entropy,0.6375,0.20124999999999998,0.2,0.27124999999999994,1.2669919999552803,80
h0.15_r0.9_s10028,10028,0.15,0.9,0.35,random,0.5125,0.24625000000000014,0.1,0.2812500000000001,1.285779999989245,80
h0.15_r0.9_s10028,10028,0.15,0.9,0.35,myopic,0.4875,0.23875000000000007,0.075,0.265,1.2493650000351408,80
h0.15_r0.9_s10028,10028,0.15,0.9,0.35,recheck,0.775,0.09812499999999995,0.275,0.19437499999999994,1.600972999995065,80
h0.15_r0.9_s10028,10028,0.15,0.9,0.35,no_task,0.4875,0.23875000000000007,0.1625,0.2956250000000001,1.5446290000227236,80
h0.15_r0.9_s10029,10029,0.15,0.9,0.35,never,0.3,0.3056249999999999,0.05,0.3231249999999999,1.0864500000025146,80
h0.15_r0.9_s10029,10029,0.15,0.9,0.35,fresh,1.0,0.0,1.6125,0.564375,1.23724700006278,80
h0.15_r0.9_s10029,10029,0.15,0.9,0.35,ttl,0.7,0.11687499999999998,0.375,0.24812499999999998,1.2562360000174522,80
h0.15_r0.9_s10029,10029,0.15,0.9,0.35,entropy,0.7125,0.13124999999999995,0.325,0.24499999999999994,1.2401610000551955,80
h0.15_r0.9_s10029,10029,0.15,0.9,0.35,random,0.275,0.30374999999999996,0.1625,0.360625,1.3401009999824964,80
h0.15_r0.9_s10029,10029,0.15,0.9,0.35,myopic,0.3,0.3056249999999999,0.05,0.3231249999999999,1.163726999948267,80
h0.15_r0.9_s10029,10029,0.15,0.9,0.35,recheck,0.4,0.18374999999999977,0.2,0.2537499999999998,1.6780490000201098,80
h0.15_r0.9_s10029,10029,0.15,0.9,0.35,no_task,0.3125,0.22312499999999985,0.1625,0.27999999999999986,1.5462199999092263,80
h0.15_r0.9_s10030,10030,0.15,0.9,0.35,never,0.4875,0.3131249999999998,0.05,0.33062499999999984,1.1182179999877917,80
h0.15_r0.9_s10030,10030,0.15,0.9,0.35,fresh,1.0,0.0,1.1,0.38499999999999995,1.2153540000099383,80
h0.15_r0.9_s10030,10030,0.15,0.9,0.35,ttl,0.775,0.11937500000000004,0.3125,0.22875000000000006,1.2627860000975488,80
h0.15_r0.9_s10030,10030,0.15,0.9,0.35,entropy,0.6125,0.1649999999999999,0.25,0.2524999999999999,1.2416239999311074,80
h0.15_r0.9_s10030,10030,0.15,0.9,0.35,random,0.7375,0.10750000000000004,0.1625,0.16437500000000002,1.3776580000239846,80
h0.15_r0.9_s10030,10030,0.15,0.9,0.35,myopic,0.5625,0.21562500000000004,0.0875,0.24625000000000002,1.4457800000400312,80
h0.15_r0.9_s10030,10030,0.15,0.9,0.35,recheck,0.7375,0.10500000000000002,0.275,0.20125,1.637286999994103,80
h0.15_r0.9_s10030,10030,0.15,0.9,0.35,no_task,0.525,0.25312499999999993,0.1625,0.30999999999999994,1.5571769999951357,80
h0.15_r0.9_s10031,10031,0.15,0.9,0.35,never,0.475,0.2856250000000001,0.05,0.30312500000000003,1.0625849999996717,80
h0.15_r0.9_s10031,10031,0.15,0.9,0.35,fresh,1.0,0.0,1.125,0.39374999999999993,1.2254490000032092,80
h0.15_r0.9_s10031,10031,0.15,0.9,0.35,ttl,0.775,0.09624999999999997,0.3,0.20124999999999998,1.214332999893486,80
h0.15_r0.9_s10031,10031,0.15,0.9,0.35,entropy,0.6,0.20312499999999992,0.2625,0.29499999999999993,1.2482930000032866,80
h0.15_r0.9_s10031,10031,0.15,0.9,0.35,random,0.475,0.265625,0.1125,0.305,1.2846579999177266,80
h0.15_r0.9_s10031,10031,0.15,0.9,0.35,myopic,0.525,0.205625,0.075,0.23187499999999997,1.159069999971507,80
h0.15_r0.9_s10031,10031,0.15,0.9,0.35,recheck,0.7125,0.08812499999999998,0.2875,0.18874999999999997,1.5773070000477674,80
h0.15_r0.9_s10031,10031,0.15,0.9,0.35,no_task,0.4875,0.2431250000000001,0.1625,0.3000000000000001,1.5627049999693554,80
h0.15_r0.9_s10032,10032,0.15,0.9,0.35,never,0.85,0.145625,0.05,0.16312500000000002,1.0978080000541013,80
h0.15_r0.9_s10032,10032,0.15,0.9,0.35,fresh,1.0,0.0,1.025,0.35875,1.2072920000036902,80
h0.15_r0.9_s10032,10032,0.15,0.9,0.35,ttl,0.8875,0.108125,0.2375,0.19125,1.2591000000838903,80
h0.15_r0.9_s10032,10032,0.15,0.9,0.35,entropy,0.85,0.145625,0.1125,0.185,1.2559250000094835,80
h0.15_r0.9_s10032,10032,0.15,0.9,0.35,random,0.85,0.145625,0.1125,0.185,1.3691250001102162,80
h0.15_r0.9_s10032,10032,0.15,0.9,0.35,myopic,0.875,0.12062500000000001,0.175,0.181875,1.2470120000216411,80
h0.15_r0.9_s10032,10032,0.15,0.9,0.35,recheck,0.9625,0.0375,0.3625,0.164375,1.5612930000088454,80
h0.15_r0.9_s10032,10032,0.15,0.9,0.35,no_task,0.825,0.170625,0.1625,0.22749999999999998,1.7793499999925189,80
h0.15_r0.9_s10033,10033,0.15,0.9,0.35,never,0.5375,0.18750000000000006,0.05,0.20500000000000002,1.076885999964361,80
h0.15_r0.9_s10033,10033,0.15,0.9,0.35,fresh,1.0,0.0,1.2,0.41999999999999993,1.3219339999750446,80
h0.15_r0.9_s10033,10033,0.15,0.9,0.35,ttl,0.7625,0.06562500000000002,0.2875,0.16625,1.5045779999809383,80
h0.15_r0.9_s10033,10033,0.15,0.9,0.35,entropy,0.675,0.09187500000000003,0.2375,0.17500000000000002,1.260151999986192,80
h0.15_r0.9_s10033,10033,0.15,0.9,0.35,random,0.725,0.08812500000000004,0.1125,0.12750000000000003,1.3735210000049847,80
h0.15_r0.9_s10033,10033,0.15,0.9,0.35,myopic,0.6125,0.11250000000000002,0.0625,0.13437500000000002,1.1564359999738372,80
h0.15_r0.9_s10033,10033,0.15,0.9,0.35,recheck,0.65,0.09562500000000003,0.2125,0.17,1.5591900000799797,80
h0.15_r0.9_s10033,10033,0.15,0.9,0.35,no_task,0.6125,0.11250000000000002,0.1625,0.169375,1.5504769999097334,80
h0.15_r0.9_s10034,10034,0.15,0.9,0.35,never,0.2875,0.33875,0.05,0.35625,1.0732810000035897,80
h0.15_r0.9_s10034,10034,0.15,0.9,0.35,fresh,1.0,0.0,1.15,0.40249999999999997,1.1957650000340436,80
h0.15_r0.9_s10034,10034,0.15,0.9,0.35,ttl,0.8,0.07499999999999998,0.2625,0.16687499999999997,1.3561260000187758,80
h0.15_r0.9_s10034,10034,0.15,0.9,0.35,entropy,0.55,0.226875,0.2,0.296875,1.2301559999059464,80
h0.15_r0.9_s10034,10034,0.15,0.9,0.35,random,0.6875,0.08687499999999998,0.175,0.14812499999999998,1.3037760000997878,80
h0.15_r0.9_s10034,10034,0.15,0.9,0.35,myopic,0.4,0.22625000000000006,0.075,0.25250000000000006,2.0675529999607534,80
h0.15_r0.9_s10034,10034,0.15,0.9,0.35,recheck,0.525,0.13937499999999997,0.175,0.20062499999999997,1.6550029999962135,80
h0.15_r0.9_s10034,10034,0.15,0.9,0.35,no_task,0.3875,0.23875000000000007,0.1625,0.2956250000000001,1.5686439999171853,80
h0.15_r0.9_s10035,10035,0.15,0.9,0.35,never,0.6125,0.31562499999999993,0.05,0.3331249999999999,1.1669510000729133,80
h0.15_r0.9_s10035,10035,0.15,0.9,0.35,fresh,1.0,0.0,0.825,0.28874999999999995,1.1653390000674335,80
h0.15_r0.9_s10035,10035,0.15,0.9,0.35,ttl,0.85,0.10625,0.2125,0.18062499999999998,1.2113079999380716,80
h0.15_r0.9_s10035,10035,0.15,0.9,0.35,entropy,0.8,0.175,0.175,0.23625,1.2421139999787556,80
h0.15_r0.9_s10035,10035,0.15,0.9,0.35,random,0.6125,0.308125,0.0875,0.33875,1.2817140000151994,80
h0.15_r0.9_s10035,10035,0.15,0.9,0.35,myopic,0.7125,0.23562500000000003,0.1,0.270625,1.2423139999100385,80
h0.15_r0.9_s10035,10035,0.15,0.9,0.35,recheck,0.8125,0.07875000000000003,0.2125,0.153125,1.5402609999455308,80
h0.15_r0.9_s10035,10035,0.15,0.9,0.35,no_task,0.675,0.28062499999999996,0.1625,0.33749999999999997,1.6947639999216335,80
h0.15_r0.9_s10036,10036,0.15,0.9,0.35,never,0.4625,0.18624999999999997,0.05,0.20374999999999996,1.0879029999841805,80
h0.15_r0.9_s10036,10036,0.15,0.9,0.35,fresh,1.0,0.0,1.25,0.4375,1.2462609998920016,80
h0.15_r0.9_s10036,10036,0.15,0.9,0.35,ttl,0.7625,0.10062499999999999,0.3375,0.21875,1.3450489999513593,80
h0.15_r0.9_s10036,10036,0.15,0.9,0.35,entropy,0.525,0.21187499999999995,0.2375,0.29499999999999993,1.2539819999801693,80
h0.15_r0.9_s10036,10036,0.15,0.9,0.35,random,0.375,0.19937499999999994,0.1625,0.25625,1.3757650000343347,80
h0.15_r0.9_s10036,10036,0.15,0.9,0.35,myopic,0.3875,0.26125000000000004,0.075,0.2875,1.1630059999561126,80
h0.15_r0.9_s10036,10036,0.15,0.9,0.35,recheck,0.5625,0.12062500000000001,0.175,0.181875,1.6088339999669188,80
h0.15_r0.9_s10036,10036,0.15,0.9,0.35,no_task,0.45,0.15625,0.1625,0.213125,1.600912999947468,80
h0.15_r0.9_s10037,10037,0.15,0.9,0.35,never,0.4625,0.24249999999999994,0.05,0.2599999999999999,1.0743019998926684,80
h0.15_r0.9_s10037,10037,0.15,0.9,0.35,fresh,1.0,0.0,1.075,0.37625,1.2102059999961057,80
h0.15_r0.9_s10037,10037,0.15,0.9,0.35,ttl,0.85,0.135,0.35,0.2575,1.2710280000192142,80
h0.15_r0.9_s10037,10037,0.15,0.9,0.35,entropy,0.7625,0.181875,0.25,0.26937500000000003,1.240010999936203,80
h0.15_r0.9_s10037,10037,0.15,0.9,0.35,random,0.65,0.18812500000000004,0.15,0.240625,1.5469919999304693,80
h0.15_r0.9_s10037,10037,0.15,0.9,0.35,myopic,0.475,0.22999999999999993,0.0875,0.26062499999999994,1.2629049999759445,80
h0.15_r0.9_s10037,10037,0.15,0.9,0.35,recheck,0.6,0.14812499999999992,0.2125,0.22249999999999992,1.600371999984418,80
h0.15_r0.9_s10037,10037,0.15,0.9,0.35,no_task,0.525,0.1799999999999999,0.1625,0.2368749999999999,1.5445379999619036,80
h0.15_r0.9_s10038,10038,0.15,0.9,0.35,never,0.5875,0.13812499999999997,0.05,0.15562499999999996,1.1283439999942857,80
h0.15_r0.9_s10038,10038,0.15,0.9,0.35,fresh,1.0,0.0,1.3375,0.46812499999999996,1.1876629999960642,80
h0.15_r0.9_s10038,10038,0.15,0.9,0.35,ttl,0.75,0.09562499999999997,0.325,0.20937499999999995,1.227833000029932,80
h0.15_r0.9_s10038,10038,0.15,0.9,0.35,entropy,0.6125,0.14437499999999995,0.2625,0.23624999999999993,1.2378979999994044,80
h0.15_r0.9_s10038,10038,0.15,0.9,0.35,random,0.7,0.10374999999999998,0.15,0.15624999999999997,1.2827460000153224,80
h0.15_r0.9_s10038,10038,0.15,0.9,0.35,myopic,0.5875,0.13812499999999997,0.05,0.15562499999999996,1.164578000043548,80
h0.15_r0.9_s10038,10038,0.15,0.9,0.35,recheck,0.7,0.09749999999999999,0.2,0.16749999999999998,1.5360160000454925,80
h0.15_r0.9_s10038,10038,0.15,0.9,0.35,no_task,0.5875,0.13812499999999997,0.1625,0.19499999999999998,1.5767759999789632,80
h0.15_r0.9_s10039,10039,0.15,0.9,0.35,never,0.3,0.2862499999999999,0.05,0.30374999999999985,1.0704059999397941,80
h0.15_r0.9_s10039,10039,0.15,0.9,0.35,fresh,1.0,0.0,1.4,0.48999999999999994,1.2117779999698541,80
h0.15_r0.9_s10039,10039,0.15,0.9,0.35,ttl,0.9125,0.025625,0.3375,0.14375,1.2260710000191466,80
h0.15_r0.9_s10039,10039,0.15,0.9,0.35,entropy,0.725,0.09000000000000002,0.275,0.18625000000000003,1.2759649999907197,80
h0.15_r0.9_s10039,10039,0.15,0.9,0.35,random,0.7125,0.11000000000000006,0.1875,0.17562500000000006,1.3080229999786752,80
h0.15_r0.9_s10039,10039,0.15,0.9,0.35,myopic,0.3,0.2862499999999999,0.05,0.30374999999999985,1.1637669999799982,80
h0.15_r0.9_s10039,10039,0.15,0.9,0.35,recheck,0.4625,0.15000000000000008,0.1875,0.2156250000000001,1.7535120000502502,80
h0.15_r0.9_s10039,10039,0.15,0.9,0.35,no_task,0.3375,0.18124999999999983,0.1625,0.23812499999999984,1.6177079999124544,80
h0.15_r0.9_s10040,10040,0.15,0.9,0.35,never,0.3875,0.30937500000000007,0.05,0.326875,1.1285639999414343,80
h0.15_r0.9_s10040,10040,0.15,0.9,0.35,fresh,1.0,0.0,1.425,0.49874999999999997,1.2100760000066657,80
h0.15_r0.9_s10040,10040,0.15,0.9,0.35,ttl,0.85,0.05437500000000001,0.3375,0.17250000000000001,1.2513479999824995,80
h0.15_r0.9_s10040,10040,0.15,0.9,0.35,entropy,0.825,0.05500000000000001,0.2375,0.138125,1.219279999986611,80
h0.15_r0.9_s10040,10040,0.15,0.9,0.35,random,0.7,0.18749999999999994,0.2125,0.26187499999999997,1.2923089999503645,80
h0.15_r0.9_s10040,10040,0.15,0.9,0.35,myopic,0.525,0.21687499999999998,0.075,0.24312499999999995,1.1628649999693152,80
h0.15_r0.9_s10040,10040,0.15,0.9,0.35,recheck,0.675,0.095,0.2125,0.169375,1.559240000005957,80
h0.15_r0.9_s10040,10040,0.15,0.9,0.35,no_task,0.5625,0.134375,0.1625,0.19125,1.5589600000112114,80
h0.15_r0.9_s10041,10041,0.15,0.9,0.35,never,0.5125,0.17937499999999995,0.05,0.19687499999999997,1.0755139999218954,80
h0.15_r0.9_s10041,10041,0.15,0.9,0.35,fresh,1.0,0.0,0.975,0.34124999999999994,1.232800000025236,80
h0.15_r0.9_s10041,10041,0.15,0.9,0.35,ttl,0.8,0.0675,0.3,0.1725,1.2336720000121204,80
h0.15_r0.9_s10041,10041,0.15,0.9,0.35,entropy,0.675,0.09812500000000005,0.2375,0.18125000000000005,1.2530000000197106,80
h0.15_r0.9_s10041,10041,0.15,0.9,0.35,random,0.6375,0.16562499999999997,0.1375,0.21374999999999994,1.2960060000750673,80
h0.15_r0.9_s10041,10041,0.15,0.9,0.35,myopic,0.5125,0.17937499999999995,0.05,0.19687499999999997,1.2008530000002793,80
h0.15_r0.9_s10041,10041,0.15,0.9,0.35,recheck,0.625,0.10625,0.1875,0.171875,1.5594809999583958,80
h0.15_r0.9_s10041,10041,0.15,0.9,0.35,no_task,0.5125,0.17937499999999995,0.1625,0.23624999999999993,1.5754139999444305,80
h0.15_r0.9_s10042,10042,0.15,0.9,0.35,never,0.1625,0.5637500000000004,0.05,0.5812500000000005,1.0791799999196883,80
h0.15_r0.9_s10042,10042,0.15,0.9,0.35,fresh,1.0,0.0,1.125,0.39374999999999993,1.2043469999980516,80
h0.15_r0.9_s10042,10042,0.15,0.9,0.35,ttl,0.85,0.10125000000000002,0.3,0.20625,1.2641879999364392,80
h0.15_r0.9_s10042,10042,0.15,0.9,0.35,entropy,0.9,0.061250000000000006,0.1875,0.12687500000000002,1.2521989999640937,80
h0.15_r0.9_s10042,10042,0.15,0.9,0.35,random,0.2875,0.44812500000000044,0.1,0.4831250000000004,1.312199000039982,80
h0.15_r0.9_s10042,10042,0.15,0.9,0.35,myopic,0.575,0.16124999999999987,0.125,0.2049999999999999,1.1653389999537467,80
h0.15_r0.9_s10042,10042,0.15,0.9,0.35,recheck,0.6625,0.09875000000000005,0.275,0.19500000000000003,1.5895559999989928,80
h0.15_r0.9_s10042,10042,0.15,0.9,0.35,no_task,0.5875,0.13874999999999987,0.1625,0.19562499999999988,1.5724099999943064,80
h0.15_r0.9_s10043,10043,0.15,0.9,0.35,never,0.5375,0.301875,0.05,0.31937499999999996,1.1180879999983517,80
h0.15_r0.9_s10043,10043,0.15,0.9,0.35,fresh,1.0,0.0,1.6625,0.5818749999999999,1.2075920000143014,80
h0.15_r0.9_s10043,10043,0.15,0.9,0.35,ttl,0.7875,0.09687500000000002,0.45,0.254375,1.232350000009319,80
h0.15_r0.9_s10043,10043,0.15,0.9,0.35,entropy,0.7,0.10812500000000003,0.3875,0.24375,1.2550239999882251,80
h0.15_r0.9_s10043,10043,0.15,0.9,0.35,random,0.7,0.11812500000000004,0.3,0.22312500000000002,1.3044380000337696,80
h0.15_r0.9_s10043,10043,0.15,0.9,0.35,myopic,0.5375,0.301875,0.05,0.31937499999999996,1.1701160000257005,80
h0.15_r0.9_s10043,10043,0.15,0.9,0.35,recheck,0.65,0.10625000000000002,0.25,0.19375000000000003,1.5661900000623064,80
h0.15_r0.9_s10043,10043,0.15,0.9,0.35,no_task,0.5375,0.21937499999999988,0.1625,0.2762499999999999,1.5513680000367458,80
h0.15_r0.9_s10044,10044,0.15,0.9,0.35,never,0.85,0.09562500000000002,0.05,0.113125,1.0819340000125521,80
h0.15_r0.9_s10044,10044,0.15,0.9,0.35,fresh,1.0,0.0,0.825,0.28874999999999995,1.2105270000120072,80
h0.15_r0.9_s10044,10044,0.15,0.9,0.35,ttl,0.85,0.09562500000000002,0.2,0.165625,1.2550140000939791,80
h0.15_r0.9_s10044,10044,0.15,0.9,0.35,entropy,0.85,0.09562500000000002,0.15,0.148125,1.245569000047908,80
h0.15_r0.9_s10044,10044,0.15,0.9,0.35,random,0.8625,0.09500000000000003,0.1125,0.13437500000000002,1.5821849999611004,80
h0.15_r0.9_s10044,10044,0.15,0.9,0.35,myopic,0.8625,0.08312500000000003,0.125,0.12687500000000002,1.277056000049015,80
h0.15_r0.9_s10044,10044,0.15,0.9,0.35,recheck,0.9125,0.041874999999999996,0.3,0.14687499999999998,1.6034269999636308,80
h0.15_r0.9_s10044,10044,0.15,0.9,0.35,no_task,0.85,0.09562500000000002,0.1625,0.15250000000000002,1.5536220000740286,80
h0.15_r0.9_s10045,10045,0.15,0.9,0.35,never,0.3375,0.225,0.05,0.2425,1.3532310000528014,80
h0.15_r0.9_s10045,10045,0.15,0.9,0.35,fresh,1.0,0.0,1.425,0.49874999999999997,1.2162860000444198,80
h0.15_r0.9_s10045,10045,0.15,0.9,0.35,ttl,0.7875,0.08249999999999999,0.3625,0.209375,1.2848679999706292,80
h0.15_r0.9_s10045,10045,0.15,0.9,0.35,entropy,0.6125,0.12562500000000001,0.275,0.221875,1.574842999957582,80
h0.15_r0.9_s10045,10045,0.15,0.9,0.35,random,0.5125,0.17499999999999996,0.15,0.22749999999999995,1.3235260000783455,80
h0.15_r0.9_s10045,10045,0.15,0.9,0.35,myopic,0.375,0.25250000000000006,0.0625,0.27437500000000004,1.1907069999779196,80
h0.15_r0.9_s10045,10045,0.15,0.9,0.35,recheck,0.4625,0.16999999999999998,0.2,0.24,1.562734999993154,80
h0.15_r0.9_s10045,10045,0.15,0.9,0.35,no_task,0.3375,0.24000000000000005,0.1625,0.29687500000000006,1.551328999994439,80
h0.15_r0.9_s10046,10046,0.15,0.9,0.35,never,0.4125,0.12125,0.05,0.13874999999999998,1.0765859999537497,80
h0.15_r0.9_s10046,10046,0.15,0.9,0.35,fresh,1.0,0.0,1.025,0.35875,1.20608000008815,80
h0.15_r0.9_s10046,10046,0.15,0.9,0.35,ttl,0.725,0.058750000000000004,0.25,0.14625,1.2215330000344693,80
h0.15_r0.9_s10046,10046,0.15,0.9,0.35,entropy,0.575,0.08875000000000002,0.1625,0.14562500000000003,1.239880999946763,80
h0.15_r0.9_s10046,10046,0.15,0.9,0.35,random,0.6875,0.06437500000000002,0.1375,0.1125,1.3600309999901583,80
h0.15_r0.9_s10046,10046,0.15,0.9,0.35,myopic,0.4125,0.12125,0.05,0.13874999999999998,1.3740719999759676,80
h0.15_r0.9_s10046,10046,0.15,0.9,0.35,recheck,0.4125,0.12125,0.0625,0.143125,1.533752000000277,80
h0.15_r0.9_s10046,10046,0.15,0.9,0.35,no_task,0.4125,0.12125,0.1625,0.178125,1.5743129999918892,80
h0.15_r0.9_s10047,10047,0.15,0.9,0.35,never,0.65,0.3075,0.05,0.325,1.0788399999910325,80
h0.15_r0.9_s10047,10047,0.15,0.9,0.35,fresh,1.0,0.0,1.0125,0.354375,1.2289149999560323,80
h0.15_r0.9_s10047,10047,0.15,0.9,0.35,ttl,0.7375,0.175625,0.2625,0.26749999999999996,1.3598709999769198,80
h0.15_r0.9_s10047,10047,0.15,0.9,0.35,entropy,0.825,0.11125,0.1875,0.176875,1.2542629999643395,80
h0.15_r0.9_s10047,10047,0.15,0.9,0.35,random,0.6625,0.25562500000000005,0.1125,0.29500000000000004,1.3878830000066955,80
h0.15_r0.9_s10047,10047,0.15,0.9,0.35,myopic,0.8,0.135,0.1125,0.174375,1.1765959999365805,80
h0.15_r0.9_s10047,10047,0.15,0.9,0.35,recheck,0.875,0.055625,0.35,0.178125,1.5800510000190116,80
h0.15_r0.9_s10047,10047,0.15,0.9,0.35,no_task,0.7875,0.14750000000000002,0.1625,0.20437500000000003,1.5648180000198408,80
h0.15_r0.9_s10048,10048,0.15,0.9,0.35,never,0.6625,0.12374999999999987,0.05,0.14124999999999988,1.1416230000804717,80
h0.15_r0.9_s10048,10048,0.15,0.9,0.35,fresh,1.0,0.0,0.8,0.27999999999999997,1.2165460000232997,80
h0.15_r0.9_s10048,10048,0.15,0.9,0.35,ttl,0.85,0.048750000000000016,0.225,0.1275,1.2251890000243293,80
h0.15_r0.9_s10048,10048,0.15,0.9,0.35,entropy,0.7375,0.07875000000000001,0.1875,0.144375,1.232410000056916,80
h0.15_r0.9_s10048,10048,0.15,0.9,0.35,random,0.7,0.11062499999999993,0.125,0.15437499999999993,1.2824350000073537,80
h0.15_r0.9_s10048,10048,0.15,0.9,0.35,myopic,0.6625,0.12374999999999987,0.0625,0.14562499999999987,1.1621239999612953,80
h0.15_r0.9_s10048,10048,0.15,0.9,0.35,recheck,0.7875,0.057500000000000016,0.1625,0.11437500000000003,1.541744000064682,80
h0.15_r0.9_s10048,10048,0.15,0.9,0.35,no_task,0.6625,0.12374999999999987,0.1625,0.18062499999999987,1.5853890000698811,80
h0.15_r0.9_s10049,10049,0.15,0.9,0.35,never,0.6375,0.09437500000000007,0.05,0.11187500000000006,1.0899659999950018,80
h0.15_r0.9_s10049,10049,0.15,0.9,0.35,fresh,1.0,0.0,1.0125,0.354375,1.218267999888667,80
h0.15_r0.9_s10049,10049,0.15,0.9,0.35,ttl,0.8125,0.058750000000000004,0.275,0.15499999999999997,1.2242569999898478,80
h0.15_r0.9_s10049,10049,0.15,0.9,0.35,entropy,0.7375,0.07875000000000001,0.2,0.14875000000000002,1.2388090000285956,80
h0.15_r0.9_s10049,10049,0.15,0.9,0.35,random,0.7,0.07937500000000003,0.175,0.14062500000000003,1.3171770000326433,80
h0.15_r0.9_s10049,10049,0.15,0.9,0.35,myopic,0.6375,0.09437500000000007,0.05,0.11187500000000006,1.1724800000365576,80
h0.15_r0.9_s10049,10049,0.15,0.9,0.35,recheck,0.6125,0.10312500000000005,0.1375,0.15125000000000005,1.6916690000243761,80
h0.15_r0.9_s10049,10049,0.15,0.9,0.35,no_task,0.6375,0.09437500000000007,0.1625,0.15125000000000005,1.8054290000009132,80
h0.15_r0.9_s10050,10050,0.15,0.9,0.35,never,0.65,0.07000000000000003,0.05,0.08750000000000002,1.1089839999840478,80
h0.15_r0.9_s10050,10050,0.15,0.9,0.35,fresh,1.0,0.0,0.9125,0.31937499999999996,1.2011320000056003,80
h0.15_r0.9_s10050,10050,0.15,0.9,0.35,ttl,0.9125,0.017499999999999998,0.2375,0.10062499999999999,1.2367859999358188,80
h0.15_r0.9_s10050,10050,0.15,0.9,0.35,entropy,0.85,0.03,0.15,0.08249999999999999,1.2402010000869268,80
h0.15_r0.9_s10050,10050,0.15,0.9,0.35,random,0.625,0.07500000000000004,0.075,0.10125000000000002,1.2862600000289603,80
h0.15_r0.9_s10050,10050,0.15,0.9,0.35,myopic,0.65,0.07000000000000003,0.0625,0.09187500000000003,1.264739000021109,80
h0.15_r0.9_s10050,10050,0.15,0.9,0.35,recheck,0.65,0.07000000000000003,0.0875,0.10062500000000003,1.6337720001047273,80
h0.15_r0.9_s10050,10050,0.15,0.9,0.35,no_task,0.65,0.07000000000000003,0.1625,0.12687500000000002,1.5372670000033395,80
h0.15_r0.9_s10051,10051,0.15,0.9,0.35,never,0.5,0.20124999999999998,0.05,0.21874999999999994,1.0791400000016438,80
h0.15_r0.9_s10051,10051,0.15,0.9,0.35,fresh,1.0,0.0,1.05,0.3675,1.2237070000082895,80
h0.15_r0.9_s10051,10051,0.15,0.9,0.35,ttl,0.65,0.17124999999999996,0.25,0.2587499999999999,1.239039000097364,80
h0.15_r0.9_s10051,10051,0.15,0.9,0.35,entropy,0.625,0.14999999999999997,0.2375,0.23312499999999994,1.2676620000320327,80
h0.15_r0.9_s10051,10051,0.15,0.9,0.35,random,0.525,0.19812499999999994,0.175,0.25937499999999997,1.4753750000409127,80
h0.15_r0.9_s10051,10051,0.15,0.9,0.35,myopic,0.5,0.20124999999999998,0.05,0.21874999999999994,1.1942529999942053,80
h0.15_r0.9_s10051,10051,0.15,0.9,0.35,recheck,0.675,0.10249999999999995,0.25,0.18999999999999995,1.5753049999602808,80
h0.15_r0.9_s10051,10051,0.15,0.9,0.35,no_task,0.5,0.20124999999999998,0.1625,0.258125,1.5678830000069865,80
h0.15_r0.9_s10052,10052,0.15,0.9,0.35,never,0.725,0.16875,0.05,0.18625000000000003,1.0750029999826438,80
h0.15_r0.9_s10052,10052,0.15,0.9,0.35,fresh,1.0,0.0,0.675,0.23625,1.1794000000691085,80
h0.15_r0.9_s10052,10052,0.15,0.9,0.35,ttl,0.8375,0.09187500000000001,0.175,0.153125,1.2494049999531853,80
h0.15_r0.9_s10052,10052,0.15,0.9,0.35,entropy,0.8125,0.168125,0.1375,0.21624999999999997,1.2199010000131238,80
h0.15_r0.9_s10052,10052,0.15,0.9,0.35,random,0.8375,0.12625,0.1125,0.165625,1.2968260000434384,80
h0.15_r0.9_s10052,10052,0.15,0.9,0.35,myopic,0.7,0.21875,0.0875,0.24937499999999999,1.1617840000326396,80
h0.15_r0.9_s10052,10052,0.15,0.9,0.35,recheck,0.825,0.0875,0.175,0.14875,1.549094999973022,80
h0.15_r0.9_s10052,10052,0.15,0.9,0.35,no_task,0.7,0.21875,0.1625,0.275625,1.5387600000167367,80
h0.15_r0.9_s10053,10053,0.15,0.9,0.35,never,0.7,0.15812500000000004,0.05,0.17562500000000006,1.0812929999701737,80
h0.15_r0.9_s10053,10053,0.15,0.9,0.35,fresh,1.0,0.0,0.8375,0.29312499999999997,1.2040770000112389,80
h0.15_r0.9_s10053,10053,0.15,0.9,0.35,ttl,0.9,0.05437499999999999,0.2125,0.12874999999999998,1.2169359999916196,80
h0.15_r0.9_s10053,10053,0.15,0.9,0.35,entropy,0.9125,0.03875,0.175,0.1,1.2514080000300964,80
h0.15_r0.9_s10053,10053,0.15,0.9,0.35,random,0.7125,0.14250000000000002,0.1125,0.18187500000000004,1.2947830000484828,80
h0.15_r0.9_s10053,10053,0.15,0.9,0.35,myopic,0.7,0.15812500000000004,0.1,0.19312500000000005,1.1511270000710283,80
h0.15_r0.9_s10053,10053,0.15,0.9,0.35,recheck,0.925,0.034375,0.2875,0.13499999999999998,1.5797009999687361,80
h0.15_r0.9_s10053,10053,0.15,0.9,0.35,no_task,0.7,0.15812500000000004,0.1625,0.21500000000000002,1.552861000050143,80
h0.15_r0.9_s10054,10054,0.15,0.9,0.35,never,0.525,0.2568749999999998,0.05,0.27437499999999976,1.2130100000149469,80
h0.15_r0.9_s10054,10054,0.15,0.9,0.35,fresh,1.0,0.0,1.2625,0.4418749999999999,1.1998909999419993,80
h0.15_r0.9_s10054,10054,0.15,0.9,0.35,ttl,0.875,0.036875000000000005,0.3125,0.14625,1.2214440000661853,80
h0.15_r0.9_s10054,10054,0.15,0.9,0.35,entropy,0.775,0.095625,0.2125,0.16999999999999998,1.221233000023858,80
h0.15_r0.9_s10054,10054,0.15,0.9,0.35,random,0.45,0.4268750000000002,0.2125,0.5012500000000003,1.2904670001034901,80
h0.15_r0.9_s10054,10054,0.15,0.9,0.35,myopic,0.675,0.10687500000000005,0.1125,0.14625000000000005,1.1904069999673084,80
h0.15_r0.9_s10054,10054,0.15,0.9,0.35,recheck,0.675,0.10687500000000005,0.25,0.19437500000000005,1.544517999946038,80
h0.15_r0.9_s10054,10054,0.15,0.9,0.35,no_task,0.5875,0.20937500000000003,0.1625,0.26625000000000004,1.5655500000093525,80
h0.15_r0.9_s10055,10055,0.15,0.9,0.35,never,0.9125,0.028749999999999998,0.05,0.04625,1.0728800000379124,80
h0.15_r0.9_s10055,10055,0.15,0.9,0.35,fresh,1.0,0.0,0.675,0.23625,1.2134610000202883,80
h0.15_r0.9_s10055,10055,0.15,0.9,0.35,ttl,0.975,0.01625,0.175,0.07749999999999999,1.2178069999890795,80
h0.15_r0.9_s10055,10055,0.15,0.9,0.35,entropy,0.8875,0.045,0.125,0.08875,1.232790000017303,80
h0.15_r0.9_s10055,10055,0.15,0.9,0.35,random,0.9125,0.028749999999999998,0.0625,0.050624999999999996,1.3058800000180781,80
h0.15_r0.9_s10055,10055,0.15,0.9,0.35,myopic,0.9125,0.028749999999999998,0.075,0.05499999999999999,1.184428000101434,80
h0.15_r0.9_s10055,10055,0.15,0.9,0.35,recheck,0.925,0.020624999999999998,0.1625,0.07749999999999999,1.5721290000101362,80
h0.15_r0.9_s10055,10055,0.15,0.9,0.35,no_task,0.9125,0.028749999999999998,0.1625,0.08562499999999999,1.520250999988093,80
h0.15_r0.9_s10056,10056,0.15,0.9,0.35,never,0.5875,0.12125,0.05,0.13874999999999998,1.09552399999302,80
h0.15_r0.9_s10056,10056,0.15,0.9,0.35,fresh,1.0,0.0,1.025,0.35875,1.18065200001638,80
h0.15_r0.9_s10056,10056,0.15,0.9,0.35,ttl,0.7375,0.08062500000000002,0.275,0.176875,1.2346429999752218,80
h0.15_r0.9_s10056,10056,0.15,0.9,0.35,entropy,0.6375,0.08500000000000005,0.225,0.16375000000000006,1.2279229999876407,80
h0.15_r0.9_s10056,10056,0.15,0.9,0.35,random,0.6125,0.12125,0.1,0.15625,1.26832299997659,80
h0.15_r0.9_s10056,10056,0.15,0.9,0.35,myopic,0.5875,0.12125,0.05,0.13874999999999998,1.1718590000100448,80
h0.15_r0.9_s10056,10056,0.15,0.9,0.35,recheck,0.6125,0.09750000000000004,0.125,0.14125000000000004,1.539610999998331,80
h0.15_r0.9_s10056,10056,0.15,0.9,0.35,no_task,0.5875,0.12125,0.1625,0.178125,1.560892000043168,80
h0.15_r0.9_s10057,10057,0.15,0.9,0.35,never,0.4625,0.3712499999999996,0.05,0.3887499999999996,1.0820039999543951,80
h0.15_r0.9_s10057,10057,0.15,0.9,0.35,fresh,1.0,0.0,1.3375,0.46812499999999996,1.2121590000333526,80
h0.15_r0.9_s10057,10057,0.15,0.9,0.35,ttl,0.7,0.15000000000000005,0.325,0.26375000000000004,1.2378279999438746,80
h0.15_r0.9_s10057,10057,0.15,0.9,0.35,entropy,0.6875,0.15562500000000007,0.3125,0.265,1.248744000008628,80
h0.15_r0.9_s10057,10057,0.15,0.9,0.35,random,0.5,0.2718749999999999,0.125,0.31562499999999993,1.3025649999462985,80
h0.15_r0.9_s10057,10057,0.15,0.9,0.35,myopic,0.4625,0.3712499999999996,0.05,0.3887499999999996,1.1564659999976357,80
h0.15_r0.9_s10057,10057,0.15,0.9,0.35,recheck,0.6875,0.12125000000000001,0.2625,0.213125,1.5923199999861026,80
h0.15_r0.9_s10057,10057,0.15,0.9,0.35,no_task,0.5,0.26624999999999993,0.1625,0.32312499999999994,1.5450690000307077,80
h0.15_r0.9_s10058,10058,0.15,0.9,0.35,never,0.375,0.45375000000000004,0.05,0.47125000000000006,1.0793999999805237,80
h0.15_r0.9_s10058,10058,0.15,0.9,0.35,fresh,1.0,0.0,1.8,0.63,1.2216139999736697,80
h0.15_r0.9_s10058,10058,0.15,0.9,0.35,ttl,0.7625,0.0975,0.4375,0.250625,1.262004000068373,80
h0.15_r0.9_s10058,10058,0.15,0.9,0.35,entropy,0.75,0.170625,0.3375,0.28875,1.2584280000282888,80
h0.15_r0.9_s10058,10058,0.15,0.9,0.35,random,0.6125,0.18000000000000002,0.2,0.25,1.2993699999697128,80
h0.15_r0.9_s10058,10058,0.15,0.9,0.35,myopic,0.4,0.4287500000000001,0.1,0.46375,1.163356000006388,80
h0.15_r0.9_s10058,10058,0.15,0.9,0.35,recheck,0.5375,0.13625000000000004,0.3,0.24125000000000002,2.0966770000541146,80
h0.15_r0.9_s10058,10058,0.15,0.9,0.35,no_task,0.3875,0.28625,0.1625,0.343125,1.5515189999177892,80
h0.15_r0.9_s10059,10059,0.15,0.9,0.35,never,0.4625,0.3256250000000001,0.05,0.34312500000000007,1.0754539999879853,80
h0.15_r0.9_s10059,10059,0.15,0.9,0.35,fresh,1.0,0.0,1.425,0.49874999999999997,1.24446799998168,80
h0.15_r0.9_s10059,10059,0.15,0.9,0.35,ttl,0.8125,0.055625000000000015,0.35,0.178125,1.2244480000163094,80
h0.15_r0.9_s10059,10059,0.15,0.9,0.35,entropy,0.875,0.04062500000000001,0.25,0.128125,1.2603609999359833,80
h0.15_r0.9_s10059,10059,0.15,0.9,0.35,random,0.6125,0.1606249999999999,0.1625,0.2174999999999999,1.2915680000560315,80
h0.15_r0.9_s10059,10059,0.15,0.9,0.35,myopic,0.6125,0.1756249999999999,0.075,0.2018749999999999,1.1897059999910198,80
h0.15_r0.9_s10059,10059,0.15,0.9,0.35,recheck,0.6625,0.09812499999999999,0.225,0.17687499999999998,1.551098000049933,80
h0.15_r0.9_s10059,10059,0.15,0.9,0.35,no_task,0.6125,0.14562499999999995,0.1625,0.20249999999999996,1.5987390000873347,80
h0.15_r0.9_s10060,10060,0.15,0.9,0.35,never,0.425,0.39374999999999977,0.05,0.4112499999999998,2.0806229999834613,80
h0.15_r0.9_s10060,10060,0.15,0.9,0.35,fresh,1.0,0.0,1.175,0.41125,1.277125999990858,80
h0.15_r0.9_s10060,10060,0.15,0.9,0.35,ttl,0.7,0.18625000000000008,0.2875,0.28687500000000005,1.2318990000039776,80
h0.15_r0.9_s10060,10060,0.15,0.9,0.35,entropy,0.7125,0.15750000000000003,0.225,0.23625000000000002,1.2457299999368843,80
h0.15_r0.9_s10060,10060,0.15,0.9,0.35,random,0.7,0.20375000000000004,0.2125,0.27812500000000007,1.2877030000026934,80
h0.15_r0.9_s10060,10060,0.15,0.9,0.35,myopic,0.5875,0.20625000000000004,0.1125,0.24562500000000004,1.1626049999904353,80
h0.15_r0.9_s10060,10060,0.15,0.9,0.35,recheck,0.7,0.12437500000000004,0.3,0.22937500000000002,1.7025349999357786,80
h0.15_r0.9_s10060,10060,0.15,0.9,0.35,no_task,0.6,0.19375000000000006,0.1625,0.25062500000000004,1.5413730000091164,80
h0.15_r0.9_s10061,10061,0.15,0.9,0.35,never,0.5125,0.4056249999999998,0.05,0.42312499999999975,1.0906070000373802,80
h0.15_r0.9_s10061,10061,0.15,0.9,0.35,fresh,1.0,0.0,1.125,0.39374999999999993,1.1986290001004818,80
h0.15_r0.9_s10061,10061,0.15,0.9,0.35,ttl,0.75,0.19437500000000002,0.2875,0.29500000000000004,1.2544129999696452,80
h0.15_r0.9_s10061,10061,0.15,0.9,0.35,entropy,0.75,0.20750000000000002,0.2125,0.281875,1.2251480000031734,80
h0.15_r0.9_s10061,10061,0.15,0.9,0.35,random,0.7,0.24625000000000002,0.2125,0.32062500000000005,1.2975979999509946,80
h0.15_r0.9_s10061,10061,0.15,0.9,0.35,myopic,0.6625,0.25562500000000005,0.1125,0.29500000000000004,1.1573470000030284,80
h0.15_r0.9_s10061,10061,0.15,0.9,0.35,recheck,0.825,0.11687500000000002,0.3875,0.25250000000000006,1.5953450000552039,80
h0.15_r0.9_s10061,10061,0.15,0.9,0.35,no_task,0.625,0.29312499999999997,0.1625,0.35,1.552811000010479,80
h0.15_r0.9_s10062,10062,0.15,0.9,0.35,never,0.7375,0.13750000000000004,0.05,0.15500000000000005,1.0838470000180678,80
h0.15_r0.9_s10062,10062,0.15,0.9,0.35,fresh,1.0,0.0,0.8375,0.29312499999999997,1.2227649999658752,80
h0.15_r0.9_s10062,10062,0.15,0.9,0.35,ttl,0.85,0.07250000000000001,0.2625,0.164375,1.2278630000537305,80
h0.15_r0.9_s10062,10062,0.15,0.9,0.35,entropy,0.875,0.05625,0.225,0.135,1.2339119999751347,80
h0.15_r0.9_s10062,10062,0.15,0.9,0.35,random,0.725,0.13437500000000002,0.1375,0.18250000000000002,1.315114000021822,80
h0.15_r0.9_s10062,10062,0.15,0.9,0.35,myopic,0.75,0.09500000000000006,0.0875,0.12562500000000004,1.5409430000090651,80
h0.15_r0.9_s10062,10062,0.15,0.9,0.35,recheck,0.8125,0.05437499999999999,0.2375,0.1375,1.566631000059715,80
h0.15_r0.9_s10062,10062,0.15,0.9,0.35,no_task,0.75,0.09500000000000006,0.1625,0.15187500000000004,1.5543929999921602,80
h0.15_r0.9_s10063,10063,0.15,0.9,0.35,never,0.0,0.7900000000000007,0.05,0.8075000000000007,1.1001409999380485,80
h0.15_r0.9_s10063,10063,0.15,0.9,0.35,fresh,1.0,0.0,1.525,0.53375,1.2329910000516975,80
h0.15_r0.9_s10063,10063,0.15,0.9,0.35,ttl,0.8875,0.06187500000000001,0.3875,0.1975,1.3576580000744798,80
h0.15_r0.9_s10063,10063,0.15,0.9,0.35,entropy,0.6875,0.20562500000000003,0.2625,0.29750000000000004,1.2251879999212179,80
h0.15_r0.9_s10063,10063,0.15,0.9,0.35,random,0.4875,0.37062499999999987,0.1875,0.4362499999999999,1.2790490000043064,80
h0.15_r0.9_s10063,10063,0.15,0.9,0.35,myopic,0.475,0.18499999999999997,0.1125,0.22437499999999994,1.1966959999654136,80
h0.15_r0.9_s10063,10063,0.15,0.9,0.35,recheck,0.5375,0.1225000000000001,0.275,0.21875000000000008,1.5614139999797771,80
h0.15_r0.9_s10063,10063,0.15,0.9,0.35,no_task,0.4625,0.20499999999999985,0.1625,0.26187499999999986,1.552028999981303,80
