seed,family,method,cost,normalized_cost,planning_ms,execution_ms,probes,recomputed_blocks,retained_hypotheses,fallback,states_evaluated,initial_digest,final_digest,current_ok,state_ok,followup_ok,complete
10000,sparse,restart,18.45,1.0,0.0,0.5017729999963194,0,3,12,False,0,1a96de7c4450430561461d214a304b852c740ce9bdc0afa5b60dfa03dc3f596f,c5ba9bd23b4fa43916e267866cb06d0897520b41cbf8487c9925ccfd15e6bbef,True,True,True,True
10000,sparse,conservative,18.45,1.0,0.0,0.6085030000804181,0,3,12,False,0,1a96de7c4450430561461d214a304b852c740ce9bdc0afa5b60dfa03dc3f596f,c5ba9bd23b4fa43916e267866cb06d0897520b41cbf8487c9925ccfd15e6bbef,True,True,True,True
10000,sparse,point_estimate,6.45,0.34959349593495936,0.0,0.621773000034409,0,1,12,False,0,1a96de7c4450430561461d214a304b852c740ce9bdc0afa5b60dfa03dc3f596f,2d4b11537a9da7ae0857cb4eaeb9c8b539d19084247ec7cb39178fe46d9d2308,False,False,False,False
10000,sparse,random,15.5259,0.8415121951219513,0.09232799993696972,0.707971999986512,2,2,4,False,0,1a96de7c4450430561461d214a304b852c740ce9bdc0afa5b60dfa03dc3f596f,c5ba9bd23b4fa43916e267866cb06d0897520b41cbf8487c9925ccfd15e6bbef,True,True,True,True
10000,sparse,graph_entropy,6.817200000000001,0.3694959349593496,0.2560230000199226,0.6763559999853896,4,1,1,False,0,1a96de7c4450430561461d214a304b852c740ce9bdc0afa5b60dfa03dc3f596f,c5ba9bd23b4fa43916e267866cb06d0897520b41cbf8487c9925ccfd15e6bbef,True,True,True,True
10000,sparse,class_entropy,6.5259,0.35370731707317077,0.13305999993917794,0.5943310000020574,2,1,4,False,0,1a96de7c4450430561461d214a304b852c740ce9bdc0afa5b60dfa03dc3f596f,c5ba9bd23b4fa43916e267866cb06d0897520b41cbf8487c9925ccfd15e6bbef,True,True,True,True
10000,sparse,ec2,6.817200000000001,0.3694959349593496,0.19907000000785047,0.7681110000703484,4,1,1,False,0,1a96de7c4450430561461d214a304b852c740ce9bdc0afa5b60dfa03dc3f596f,c5ba9bd23b4fa43916e267866cb06d0897520b41cbf8487c9925ccfd15e6bbef,True,True,True,True
10000,sparse,myopic,6.5259,0.35370731707317077,0.19417200007865176,0.5794189999051014,2,1,4,False,36,1a96de7c4450430561461d214a304b852c740ce9bdc0afa5b60dfa03dc3f596f,c5ba9bd23b4fa43916e267866cb06d0897520b41cbf8487c9925ccfd15e6bbef,True,True,True,True
10000,sparse,lookahead2,4.45,0.24119241192411925,0.5896349999829908,0.6057890000192856,1,1,4,False,136,1a96de7c4450430561461d214a304b852c740ce9bdc0afa5b60dfa03dc3f596f,c5ba9bd23b4fa43916e267866cb06d0897520b41cbf8487c9925ccfd15e6bbef,True,True,True,True
10000,sparse,exact,4.45,0.24119241192411925,11.32504399993195,0.6323790000806184,1,1,4,False,2043,1a96de7c4450430561461d214a304b852c740ce9bdc0afa5b60dfa03dc3f596f,c5ba9bd23b4fa43916e267866cb06d0897520b41cbf8487c9925ccfd15e6bbef,True,True,True,True
10000,sparse,discard_replay,9.5259,0.5163089430894309,7.864109999900393,0.6219540000529378,2,2,4,False,567,1a96de7c4450430561461d214a304b852c740ce9bdc0afa5b60dfa03dc3f596f,c5ba9bd23b4fa43916e267866cb06d0897520b41cbf8487c9925ccfd15e6bbef,True,True,True,True
10001,sparse,restart,21.45,1.0,0.0,0.532067999984065,0,3,12,False,0,4ab77ab8120cc1c4e33b0a1c40af38520f82e0b57739644dc9eea1368ad7c5f4,c68122cb4d6947251c967233a40e2cdbe710baad8ebc1ee7764353eebfd8cb72,True,True,True,True
10001,sparse,conservative,21.45,1.0,0.0,1.2220130000741847,0,3,12,False,0,4ab77ab8120cc1c4e33b0a1c40af38520f82e0b57739644dc9eea1368ad7c5f4,c68122cb4d6947251c967233a40e2cdbe710baad8ebc1ee7764353eebfd8cb72,True,True,True,True
10001,sparse,point_estimate,9.45,0.4405594405594405,0.0,0.5623539999533023,0,1,12,False,0,4ab77ab8120cc1c4e33b0a1c40af38520f82e0b57739644dc9eea1368ad7c5f4,c68122cb4d6947251c967233a40e2cdbe710baad8ebc1ee7764353eebfd8cb72,True,True,True,True
10001,sparse,random,21.7271,1.012918414918415,0.052689999961330614,0.9275910000496879,2,2,4,False,0,4ab77ab8120cc1c4e33b0a1c40af38520f82e0b57739644dc9eea1368ad7c5f4,c68122cb4d6947251c967233a40e2cdbe710baad8ebc1ee7764353eebfd8cb72,True,True,True,True
10001,sparse,graph_entropy,15.2526,0.711076923076923,0.20788199981325306,0.8525190000909788,4,2,1,False,0,4ab77ab8120cc1c4e33b0a1c40af38520f82e0b57739644dc9eea1368ad7c5f4,c68122cb4d6947251c967233a40e2cdbe710baad8ebc1ee7764353eebfd8cb72,True,True,True,True
10001,sparse,class_entropy,14.662899999999999,0.6835850815850816,0.12819200003377773,0.7882229999722767,2,2,4,False,0,4ab77ab8120cc1c4e33b0a1c40af38520f82e0b57739644dc9eea1368ad7c5f4,c68122cb4d6947251c967233a40e2cdbe710baad8ebc1ee7764353eebfd8cb72,True,True,True,True
10001,sparse,ec2,15.2526,0.711076923076923,0.2003700001296238,0.6722889999082327,4,2,1,False,0,4ab77ab8120cc1c4e33b0a1c40af38520f82e0b57739644dc9eea1368ad7c5f4,c68122cb4d6947251c967233a40e2cdbe710baad8ebc1ee7764353eebfd8cb72,True,True,True,True
10001,sparse,myopic,9.45,0.4405594405594405,0.08241399996222754,0.6161750000046595,1,1,4,False,20,4ab77ab8120cc1c4e33b0a1c40af38520f82e0b57739644dc9eea1368ad7c5f4,c68122cb4d6947251c967233a40e2cdbe710baad8ebc1ee7764353eebfd8cb72,True,True,True,True
10001,sparse,lookahead2,9.45,0.4405594405594405,0.5993490000264501,0.6797900000492518,1,1,4,False,136,4ab77ab8120cc1c4e33b0a1c40af38520f82e0b57739644dc9eea1368ad7c5f4,c68122cb4d6947251c967233a40e2cdbe710baad8ebc1ee7764353eebfd8cb72,True,True,True,True
10001,sparse,exact,9.45,0.4405594405594405,11.538513999880706,0.7943330001580762,1,1,4,False,2043,4ab77ab8120cc1c4e33b0a1c40af38520f82e0b57739644dc9eea1368ad7c5f4,c68122cb4d6947251c967233a40e2cdbe710baad8ebc1ee7764353eebfd8cb72,True,True,True,True
10001,sparse,discard_replay,14.662899999999999,0.6835850815850816,5.896287000041411,0.6022239999765588,2,2,4,False,567,4ab77ab8120cc1c4e33b0a1c40af38520f82e0b57739644dc9eea1368ad7c5f4,c68122cb4d6947251c967233a40e2cdbe710baad8ebc1ee7764353eebfd8cb72,True,True,True,True
10002,sparse,restart,20.45,1.0,0.0,0.5419039999878805,0,3,12,False,0,ee4613e2d992a9cc6a13418e5da67520f85deab74e649d126aff24449aecd2aa,fe9e66eb51ea5db31bef80582f7ebfbd3339dc627e6a3104e86a19c692d018df,True,True,True,True
10002,sparse,conservative,20.45,1.0,0.0,0.5454789999248533,0,3,12,False,0,ee4613e2d992a9cc6a13418e5da67520f85deab74e649d126aff24449aecd2aa,fe9e66eb51ea5db31bef80582f7ebfbd3339dc627e6a3104e86a19c692d018df,True,True,True,True
10002,sparse,point_estimate,9.45,0.46210268948655253,0.0,0.49417099990023416,0,1,12,False,0,ee4613e2d992a9cc6a13418e5da67520f85deab74e649d126aff24449aecd2aa,fc1dc27ddd4d12c1c746e8154520b998449b9c4451c55941b6d2f8bf7903b20d,False,False,False,False
10002,sparse,random,19.7427,0.9654132029339854,0.054512000019713014,0.7043769999199867,2,2,4,False,0,ee4613e2d992a9cc6a13418e5da67520f85deab74e649d126aff24449aecd2aa,fe9e66eb51ea5db31bef80582f7ebfbd3339dc627e6a3104e86a19c692d018df,True,True,True,True
10002,sparse,graph_entropy,5.8223,0.28470904645476774,0.2008019999948374,0.6086019999429482,3,1,1,False,0,ee4613e2d992a9cc6a13418e5da67520f85deab74e649d126aff24449aecd2aa,fe9e66eb51ea5db31bef80582f7ebfbd3339dc627e6a3104e86a19c692d018df,True,True,True,True
10002,sparse,class_entropy,5.45,0.2665036674816626,0.0842270000021017,0.5541110000422123,1,1,4,False,0,ee4613e2d992a9cc6a13418e5da67520f85deab74e649d126aff24449aecd2aa,fe9e66eb51ea5db31bef80582f7ebfbd3339dc627e6a3104e86a19c692d018df,True,True,True,True
10002,sparse,ec2,5.8223,0.28470904645476774,0.1998399998228706,0.693410000167205,3,1,1,False,0,ee4613e2d992a9cc6a13418e5da67520f85deab74e649d126aff24449aecd2aa,fe9e66eb51ea5db31bef80582f7ebfbd3339dc627e6a3104e86a19c692d018df,True,True,True,True
10002,sparse,myopic,5.45,0.2665036674816626,0.10397500000181026,0.8702970000058485,1,1,4,False,20,ee4613e2d992a9cc6a13418e5da67520f85deab74e649d126aff24449aecd2aa,fe9e66eb51ea5db31bef80582f7ebfbd3339dc627e6a3104e86a19c692d018df,True,True,True,True
10002,sparse,lookahead2,5.45,0.2665036674816626,0.664247000031537,0.5527089998622614,1,1,4,False,136,ee4613e2d992a9cc6a13418e5da67520f85deab74e649d126aff24449aecd2aa,fe9e66eb51ea5db31bef80582f7ebfbd3339dc627e6a3104e86a19c692d018df,True,True,True,True
10002,sparse,exact,5.45,0.2665036674816626,11.810963000016272,0.7866909999165728,1,1,4,False,2043,ee4613e2d992a9cc6a13418e5da67520f85deab74e649d126aff24449aecd2aa,fe9e66eb51ea5db31bef80582f7ebfbd3339dc627e6a3104e86a19c692d018df,True,True,True,True
10002,sparse,discard_replay,9.45,0.46210268948655253,6.094665999967219,0.5631340000036289,1,2,4,False,567,ee4613e2d992a9cc6a13418e5da67520f85deab74e649d126aff24449aecd2aa,fe9e66eb51ea5db31bef80582f7ebfbd3339dc627e6a3104e86a19c692d018df,True,True,True,True
10003,sparse,restart,18.45,1.0,0.0,0.5198200000222641,0,3,12,False,0,411db5e5340ddd8a27511f9e5b8efaf3df2d9aacb409f17ce1dc54371255865c,75218840114252e65d049c31aa70c558a3b6f4ad04adcc89ccc13f84fa493d6f,True,True,True,True
10003,sparse,conservative,18.45,1.0,0.0,0.6728500000008353,0,3,12,False,0,411db5e5340ddd8a27511f9e5b8efaf3df2d9aacb409f17ce1dc54371255865c,75218840114252e65d049c31aa70c558a3b6f4ad04adcc89ccc13f84fa493d6f,True,True,True,True
10003,sparse,point_estimate,6.45,0.34959349593495936,0.0,0.5033049999383366,0,1,12,False,0,411db5e5340ddd8a27511f9e5b8efaf3df2d9aacb409f17ce1dc54371255865c,64305a8df74d74d8fadfadcd146f89899ad6c903ac6e9f65b1b5abec3dcbd0e9,True,False,False,False
10003,sparse,random,15.2342,0.8257018970189702,0.07295899990822363,0.5904170001258535,2,1,2,False,0,411db5e5340ddd8a27511f9e5b8efaf3df2d9aacb409f17ce1dc54371255865c,75218840114252e65d049c31aa70c558a3b6f4ad04adcc89ccc13f84fa493d6f,True,True,True,True
10003,sparse,graph_entropy,14.480599999999999,0.7848563685636856,0.21816699995724775,0.7411819999560976,4,1,1,False,0,411db5e5340ddd8a27511f9e5b8efaf3df2d9aacb409f17ce1dc54371255865c,75218840114252e65d049c31aa70c558a3b6f4ad04adcc89ccc13f84fa493d6f,True,True,True,True
10003,sparse,class_entropy,14.1794,0.7685311653116531,0.12655099999392405,0.6448870000212992,2,1,4,False,0,411db5e5340ddd8a27511f9e5b8efaf3df2d9aacb409f17ce1dc54371255865c,75218840114252e65d049c31aa70c558a3b6f4ad04adcc89ccc13f84fa493d6f,True,True,True,True
10003,sparse,ec2,14.480599999999999,0.7848563685636856,0.19445199995971052,0.8553430000119988,4,1,1,False,0,411db5e5340ddd8a27511f9e5b8efaf3df2d9aacb409f17ce1dc54371255865c,75218840114252e65d049c31aa70c558a3b6f4ad04adcc89ccc13f84fa493d6f,True,True,True,True
10003,sparse,myopic,18.45,1.0,0.1637869999058239,0.755102000084662,2,3,4,False,40,411db5e5340ddd8a27511f9e5b8efaf3df2d9aacb409f17ce1dc54371255865c,75218840114252e65d049c31aa70c558a3b6f4ad04adcc89ccc13f84fa493d6f,True,True,True,True
10003,sparse,lookahead2,15.937299999999999,0.863810298102981,1.2319600000409991,0.7252469999912137,2,2,4,False,243,411db5e5340ddd8a27511f9e5b8efaf3df2d9aacb409f17ce1dc54371255865c,75218840114252e65d049c31aa70c558a3b6f4ad04adcc89ccc13f84fa493d6f,True,True,True,True
10003,sparse,exact,15.937299999999999,0.863810298102981,11.340966999910052,0.7130220001272392,2,2,4,False,2043,411db5e5340ddd8a27511f9e5b8efaf3df2d9aacb409f17ce1dc54371255865c,75218840114252e65d049c31aa70c558a3b6f4ad04adcc89ccc13f84fa493d6f,True,True,True,True
10003,sparse,discard_replay,14.1794,0.7685311653116531,5.682397000100536,0.6076419998635174,2,1,4,False,567,411db5e5340ddd8a27511f9e5b8efaf3df2d9aacb409f17ce1dc54371255865c,75218840114252e65d049c31aa70c558a3b6f4ad04adcc89ccc13f84fa493d6f,True,True,True,True
10004,sparse,restart,17.45,1.0,0.0,0.5473610000308327,0,3,12,False,0,66bb49bf27e7775b8faabf9450366aa905c4e8decf4d139c5a1eb7f956bc29c4,2110f2a46818bd5cef7d0228f2f2c9a3b919f7769b8094e1fb9b214a81e774df,True,True,True,True
10004,sparse,conservative,17.45,1.0,0.0,0.49046599997382145,0,3,12,False,0,66bb49bf27e7775b8faabf9450366aa905c4e8decf4d139c5a1eb7f956bc29c4,2110f2a46818bd5cef7d0228f2f2c9a3b919f7769b8094e1fb9b214a81e774df,True,True,True,True
10004,sparse,point_estimate,4.45,0.2550143266475645,0.0,0.5675410000094416,0,1,12,False,0,66bb49bf27e7775b8faabf9450366aa905c4e8decf4d139c5a1eb7f956bc29c4,2110f2a46818bd5cef7d0228f2f2c9a3b919f7769b8094e1fb9b214a81e774df,True,True,True,True
10004,sparse,random,12.441699999999999,0.7129914040114613,0.05861800002548989,0.635112999930243,3,1,2,False,0,66bb49bf27e7775b8faabf9450366aa905c4e8decf4d139c5a1eb7f956bc29c4,2110f2a46818bd5cef7d0228f2f2c9a3b919f7769b8094e1fb9b214a81e774df,True,True,True,True
10004,sparse,graph_entropy,7.191,0.41209169054441264,0.22202200000265293,0.5343729999367497,3,1,1,False,0,66bb49bf27e7775b8faabf9450366aa905c4e8decf4d139c5a1eb7f956bc29c4,2110f2a46818bd5cef7d0228f2f2c9a3b919f7769b8094e1fb9b214a81e774df,True,True,True,True
10004,sparse,class_entropy,6.6279,0.3798223495702006,0.0817729999198491,0.568002000022716,1,1,4,False,0,66bb49bf27e7775b8faabf9450366aa905c4e8decf4d139c5a1eb7f956bc29c4,2110f2a46818bd5cef7d0228f2f2c9a3b919f7769b8094e1fb9b214a81e774df,True,True,True,True
10004,sparse,ec2,7.191,0.41209169054441264,0.18704000001434906,0.4547429999774977,3,1,1,False,0,66bb49bf27e7775b8faabf9450366aa905c4e8decf4d139c5a1eb7f956bc29c4,2110f2a46818bd5cef7d0228f2f2c9a3b919f7769b8094e1fb9b214a81e774df,True,True,True,True
10004,sparse,myopic,4.45,0.2550143266475645,0.08042100012062292,0.5490639999834457,1,1,4,False,20,66bb49bf27e7775b8faabf9450366aa905c4e8decf4d139c5a1eb7f956bc29c4,2110f2a46818bd5cef7d0228f2f2c9a3b919f7769b8094e1fb9b214a81e774df,True,True,True,True
10004,sparse,lookahead2,4.45,0.2550143266475645,0.5411730001014803,0.54631899990909,1,1,4,False,136,66bb49bf27e7775b8faabf9450366aa905c4e8decf4d139c5a1eb7f956bc29c4,2110f2a46818bd5cef7d0228f2f2c9a3b919f7769b8094e1fb9b214a81e774df,True,True,True,True
10004,sparse,exact,4.45,0.2550143266475645,12.388310000005731,0.709414999960245,1,1,4,False,2043,66bb49bf27e7775b8faabf9450366aa905c4e8decf4d139c5a1eb7f956bc29c4,2110f2a46818bd5cef7d0228f2f2c9a3b919f7769b8094e1fb9b214a81e774df,True,True,True,True
10004,sparse,discard_replay,6.6279,0.3798223495702006,5.400613999995585,0.5334110001058434,1,1,4,False,567,66bb49bf27e7775b8faabf9450366aa905c4e8decf4d139c5a1eb7f956bc29c4,2110f2a46818bd5cef7d0228f2f2c9a3b919f7769b8094e1fb9b214a81e774df,True,True,True,True
10005,sparse,restart,19.45,1.0,0.0,0.4967049999322626,0,3,12,False,0,5310533aeccf632354d5058364f54fee997f430a2b996c9dab120cf956385eb0,0f95b3dd4a3240748c12625f309426c948993227038d66e428a7f42129a092ed,True,True,True,True
10005,sparse,conservative,19.45,1.0,0.0,0.5557540000609151,0,3,12,False,0,5310533aeccf632354d5058364f54fee997f430a2b996c9dab120cf956385eb0,0f95b3dd4a3240748c12625f309426c948993227038d66e428a7f42129a092ed,True,True,True,True
10005,sparse,point_estimate,8.45,0.4344473007712082,0.0,0.6026739999924757,0,1,12,False,0,5310533aeccf632354d5058364f54fee997f430a2b996c9dab120cf956385eb0,0f95b3dd4a3240748c12625f309426c948993227038d66e428a7f42129a092ed,True,True,True,True
10005,sparse,random,10.822099999999999,0.5564061696658097,0.048082000034810335,0.712779999958002,2,1,4,False,0,5310533aeccf632354d5058364f54fee997f430a2b996c9dab120cf956385eb0,0f95b3dd4a3240748c12625f309426c948993227038d66e428a7f42129a092ed,True,True,True,True
10005,sparse,graph_entropy,10.1335,0.5210025706940874,0.1954850000629449,0.5616709999003433,3,1,1,False,0,5310533aeccf632354d5058364f54fee997f430a2b996c9dab120cf956385eb0,0f95b3dd4a3240748c12625f309426c948993227038d66e428a7f42129a092ed,True,True,True,True
10005,sparse,class_entropy,9.621599999999999,0.4946838046272493,0.08150199994361174,0.7426150000355847,1,1,4,False,0,5310533aeccf632354d5058364f54fee997f430a2b996c9dab120cf956385eb0,0f95b3dd4a3240748c12625f309426c948993227038d66e428a7f42129a092ed,True,True,True,True
10005,sparse,ec2,10.1335,0.5210025706940874,0.16866299995399459,0.6374770000547869,3,1,1,False,0,5310533aeccf632354d5058364f54fee997f430a2b996c9dab120cf956385eb0,0f95b3dd4a3240748c12625f309426c948993227038d66e428a7f42129a092ed,True,True,True,True
10005,sparse,myopic,8.45,0.4344473007712082,0.0796090000676486,0.6087139998953717,1,1,4,False,20,5310533aeccf632354d5058364f54fee997f430a2b996c9dab120cf956385eb0,0f95b3dd4a3240748c12625f309426c948993227038d66e428a7f42129a092ed,True,True,True,True
10005,sparse,lookahead2,8.45,0.4344473007712082,0.5423640000117302,0.7126389999712046,1,1,4,False,136,5310533aeccf632354d5058364f54fee997f430a2b996c9dab120cf956385eb0,0f95b3dd4a3240748c12625f309426c948993227038d66e428a7f42129a092ed,True,True,True,True
10005,sparse,exact,8.45,0.4344473007712082,47.812026999963564,0.9473020000996257,1,1,4,False,2043,5310533aeccf632354d5058364f54fee997f430a2b996c9dab120cf956385eb0,0f95b3dd4a3240748c12625f309426c948993227038d66e428a7f42129a092ed,True,True,True,True
10005,sparse,discard_replay,9.621599999999999,0.4946838046272493,5.75279200006662,0.6791899999143425,1,1,4,False,567,5310533aeccf632354d5058364f54fee997f430a2b996c9dab120cf956385eb0,0f95b3dd4a3240748c12625f309426c948993227038d66e428a7f42129a092ed,True,True,True,True
10006,sparse,restart,18.45,1.0,0.0,0.6152030000521336,0,3,12,False,0,f6c2e0d78b2aad52a75d83a81e1ccca5583f97cce61c6ee0689450059f28bfcf,516e1926f9808c4748163c5b0ffb7ff7d8acfce3cea2eb4ac81ea5207feac936,True,True,True,True
10006,sparse,conservative,18.45,1.0,0.0,0.592208000057326,0,3,12,False,0,f6c2e0d78b2aad52a75d83a81e1ccca5583f97cce61c6ee0689450059f28bfcf,516e1926f9808c4748163c5b0ffb7ff7d8acfce3cea2eb4ac81ea5207feac936,True,True,True,True
10006,sparse,point_estimate,4.45,0.24119241192411925,0.0,0.5795600000055856,0,1,12,False,0,f6c2e0d78b2aad52a75d83a81e1ccca5583f97cce61c6ee0689450059f28bfcf,516e1926f9808c4748163c5b0ffb7ff7d8acfce3cea2eb4ac81ea5207feac936,True,True,True,True
10006,sparse,random,5.2237,0.28312737127371274,0.04893300001640455,0.7537420000289785,2,1,2,False,0,f6c2e0d78b2aad52a75d83a81e1ccca5583f97cce61c6ee0689450059f28bfcf,516e1926f9808c4748163c5b0ffb7ff7d8acfce3cea2eb4ac81ea5207feac936,True,True,True,True
10006,sparse,graph_entropy,5.4992,0.298059620596206,0.19943800009514234,0.6752549999191615,3,1,1,False,0,f6c2e0d78b2aad52a75d83a81e1ccca5583f97cce61c6ee0689450059f28bfcf,516e1926f9808c4748163c5b0ffb7ff7d8acfce3cea2eb4ac81ea5207feac936,True,True,True,True
10006,sparse,class_entropy,5.100700000000001,0.27646070460704614,0.10235399997782224,0.5824840000059339,1,1,4,False,0,f6c2e0d78b2aad52a75d83a81e1ccca5583f97cce61c6ee0689450059f28bfcf,516e1926f9808c4748163c5b0ffb7ff7d8acfce3cea2eb4ac81ea5207feac936,True,True,True,True
10006,sparse,ec2,5.4992,0.298059620596206,0.17272899992804014,0.6586290000996087,3,1,1,False,0,f6c2e0d78b2aad52a75d83a81e1ccca5583f97cce61c6ee0689450059f28bfcf,516e1926f9808c4748163c5b0ffb7ff7d8acfce3cea2eb4ac81ea5207feac936,True,True,True,True
10006,sparse,myopic,5.100700000000001,0.27646070460704614,0.13525299993943918,0.6605010000839684,1,1,4,False,27,f6c2e0d78b2aad52a75d83a81e1ccca5583f97cce61c6ee0689450059f28bfcf,516e1926f9808c4748163c5b0ffb7ff7d8acfce3cea2eb4ac81ea5207feac936,True,True,True,True
10006,sparse,lookahead2,5.100700000000001,0.27646070460704614,0.6987389999721927,0.5849469999930079,1,1,4,False,162,f6c2e0d78b2aad52a75d83a81e1ccca5583f97cce61c6ee0689450059f28bfcf,516e1926f9808c4748163c5b0ffb7ff7d8acfce3cea2eb4ac81ea5207feac936,True,True,True,True
10006,sparse,exact,5.100700000000001,0.27646070460704614,11.41750299996147,0.8030350001035913,1,1,4,False,2043,f6c2e0d78b2aad52a75d83a81e1ccca5583f97cce61c6ee0689450059f28bfcf,516e1926f9808c4748163c5b0ffb7ff7d8acfce3cea2eb4ac81ea5207feac936,True,True,True,True
10006,sparse,discard_replay,5.100700000000001,0.27646070460704614,5.852101000073162,0.6440569999313084,1,1,4,False,567,f6c2e0d78b2aad52a75d83a81e1ccca5583f97cce61c6ee0689450059f28bfcf,516e1926f9808c4748163c5b0ffb7ff7d8acfce3cea2eb4ac81ea5207feac936,True,True,True,True
10007,sparse,restart,21.45,1.0,0.0,0.5173960000774969,0,3,12,False,0,b1141fc7a171b5c2d4b833d861525d5be3790981f1661ae15185e7fb8a0d4049,6f111577de27ca254808dc2b4b601ebdfbbcf62ab0c1cb1fd51f42537e1ffdf9,True,True,True,True
10007,sparse,conservative,21.45,1.0,0.0,0.4498960000773877,0,3,12,False,0,b1141fc7a171b5c2d4b833d861525d5be3790981f1661ae15185e7fb8a0d4049,6f111577de27ca254808dc2b4b601ebdfbbcf62ab0c1cb1fd51f42537e1ffdf9,True,True,True,True
10007,sparse,point_estimate,8.45,0.3939393939393939,0.0,0.4724290000694964,0,1,12,False,0,b1141fc7a171b5c2d4b833d861525d5be3790981f1661ae15185e7fb8a0d4049,6f111577de27ca254808dc2b4b601ebdfbbcf62ab0c1cb1fd51f42537e1ffdf9,True,True,True,True
10007,sparse,random,14.2074,0.6623496503496503,0.07222800002182339,0.5977179999945292,4,1,1,False,0,b1141fc7a171b5c2d4b833d861525d5be3790981f1661ae15185e7fb8a0d4049,6f111577de27ca254808dc2b4b601ebdfbbcf62ab0c1cb1fd51f42537e1ffdf9,True,True,True,True
10007,sparse,graph_entropy,13.753499999999999,0.6411888111888112,0.20062999988113006,0.6354640000836298,4,2,1,False,0,b1141fc7a171b5c2d4b833d861525d5be3790981f1661ae15185e7fb8a0d4049,6f111577de27ca254808dc2b4b601ebdfbbcf62ab0c1cb1fd51f42537e1ffdf9,True,True,True,True
10007,sparse,class_entropy,13.153599999999999,0.6132214452214452,0.23464200000944402,0.7766559999708988,2,2,4,False,0,b1141fc7a171b5c2d4b833d861525d5be3790981f1661ae15185e7fb8a0d4049,6f111577de27ca254808dc2b4b601ebdfbbcf62ab0c1cb1fd51f42537e1ffdf9,True,True,True,True
10007,sparse,ec2,13.753499999999999,0.6411888111888112,0.241232000121272,0.6450979998362527,4,2,1,False,0,b1141fc7a171b5c2d4b833d861525d5be3790981f1661ae15185e7fb8a0d4049,6f111577de27ca254808dc2b4b601ebdfbbcf62ab0c1cb1fd51f42537e1ffdf9,True,True,True,True
10007,sparse,myopic,8.45,0.3939393939393939,0.07790699999077333,0.5728090000047814,1,1,4,False,20,b1141fc7a171b5c2d4b833d861525d5be3790981f1661ae15185e7fb8a0d4049,6f111577de27ca254808dc2b4b601ebdfbbcf62ab0c1cb1fd51f42537e1ffdf9,True,True,True,True
10007,sparse,lookahead2,9.153599999999999,0.42674125874125873,0.927011000044331,0.6433449999576624,2,1,4,False,208,b1141fc7a171b5c2d4b833d861525d5be3790981f1661ae15185e7fb8a0d4049,6f111577de27ca254808dc2b4b601ebdfbbcf62ab0c1cb1fd51f42537e1ffdf9,True,True,True,True
10007,sparse,exact,9.153599999999999,0.42674125874125873,12.72056799996335,0.7275730000628755,2,1,4,False,2043,b1141fc7a171b5c2d4b833d861525d5be3790981f1661ae15185e7fb8a0d4049,6f111577de27ca254808dc2b4b601ebdfbbcf62ab0c1cb1fd51f42537e1ffdf9,True,True,True,True
10007,sparse,discard_replay,13.153599999999999,0.6132214452214452,5.826673999990817,0.5708060000415571,2,2,4,False,567,b1141fc7a171b5c2d4b833d861525d5be3790981f1661ae15185e7fb8a0d4049,6f111577de27ca254808dc2b4b601ebdfbbcf62ab0c1cb1fd51f42537e1ffdf9,True,True,True,True
10008,sparse,restart,12.45,1.0,0.0,0.550025000052301,0,3,12,False,0,5530a8913b353692eebdcec2381b10dc2a440580b6d8c18a2c6524e4e8624296,edf857a1a02a1c06984cfbe3fa38e080adeca67138438710814b06c4cbd38e07,True,True,True,True
10008,sparse,conservative,12.45,1.0,0.0,0.5636150000327689,0,3,12,False,0,5530a8913b353692eebdcec2381b10dc2a440580b6d8c18a2c6524e4e8624296,edf857a1a02a1c06984cfbe3fa38e080adeca67138438710814b06c4cbd38e07,True,True,True,True
10008,sparse,point_estimate,4.45,0.35742971887550207,0.0,0.5185680000749926,0,1,12,False,0,5530a8913b353692eebdcec2381b10dc2a440580b6d8c18a2c6524e4e8624296,edf857a1a02a1c06984cfbe3fa38e080adeca67138438710814b06c4cbd38e07,True,True,True,True
10008,sparse,random,4.45,0.35742971887550207,0.03315899994049687,0.818670000057864,1,1,4,False,0,5530a8913b353692eebdcec2381b10dc2a440580b6d8c18a2c6524e4e8624296,edf857a1a02a1c06984cfbe3fa38e080adeca67138438710814b06c4cbd38e07,True,True,True,True
10008,sparse,graph_entropy,5.4921,0.4411325301204819,0.21573300011823449,0.5669219998480912,3,1,1,False,0,5530a8913b353692eebdcec2381b10dc2a440580b6d8c18a2c6524e4e8624296,edf857a1a02a1c06984cfbe3fa38e080adeca67138438710814b06c4cbd38e07,True,True,True,True
10008,sparse,class_entropy,4.9787,0.39989558232931727,0.16958499998054322,0.51694600006158,1,1,4,False,0,5530a8913b353692eebdcec2381b10dc2a440580b6d8c18a2c6524e4e8624296,edf857a1a02a1c06984cfbe3fa38e080adeca67138438710814b06c4cbd38e07,True,True,True,True
10008,sparse,ec2,5.4921,0.4411325301204819,0.17334100004973152,0.9665689999565075,3,1,1,False,0,5530a8913b353692eebdcec2381b10dc2a440580b6d8c18a2c6524e4e8624296,edf857a1a02a1c06984cfbe3fa38e080adeca67138438710814b06c4cbd38e07,True,True,True,True
10008,sparse,myopic,4.9787,0.39989558232931727,0.11226800006625126,0.5599299998948482,1,1,4,False,27,5530a8913b353692eebdcec2381b10dc2a440580b6d8c18a2c6524e4e8624296,edf857a1a02a1c06984cfbe3fa38e080adeca67138438710814b06c4cbd38e07,True,True,True,True
10008,sparse,lookahead2,4.9787,0.39989558232931727,0.9719989999439349,0.6403000001000692,1,1,4,False,162,5530a8913b353692eebdcec2381b10dc2a440580b6d8c18a2c6524e4e8624296,edf857a1a02a1c06984cfbe3fa38e080adeca67138438710814b06c4cbd38e07,True,True,True,True
10008,sparse,exact,4.9787,0.39989558232931727,11.638675000085641,0.713270999881388,1,1,4,False,2043,5530a8913b353692eebdcec2381b10dc2a440580b6d8c18a2c6524e4e8624296,edf857a1a02a1c06984cfbe3fa38e080adeca67138438710814b06c4cbd38e07,True,True,True,True
10008,sparse,discard_replay,4.9787,0.39989558232931727,5.620683000074678,0.5890949998956785,1,1,4,False,567,5530a8913b353692eebdcec2381b10dc2a440580b6d8c18a2c6524e4e8624296,edf857a1a02a1c06984cfbe3fa38e080adeca67138438710814b06c4cbd38e07,True,True,True,True
10009,sparse,restart,20.45,1.0,0.0,0.5475920000890255,0,3,12,False,0,6fa47ad713d95e65bf39badc215a73774b9aba6c7ebfeb4aeacdc6563634e892,8d9e3afce49310b2e24856ab988e8aa0f7c4e2017727d9df6d62f69689783455,True,True,True,True
10009,sparse,conservative,20.45,1.0,0.0,0.5038059999833422,0,3,12,False,0,6fa47ad713d95e65bf39badc215a73774b9aba6c7ebfeb4aeacdc6563634e892,8d9e3afce49310b2e24856ab988e8aa0f7c4e2017727d9df6d62f69689783455,True,True,True,True
10009,sparse,point_estimate,6.45,0.3154034229828851,0.0,0.6648480000421841,0,1,12,False,0,6fa47ad713d95e65bf39badc215a73774b9aba6c7ebfeb4aeacdc6563634e892,20f1c77a67f19c72e615d6d5250e74caeca899fd3143975f532980dd25b51b99,False,False,False,False
10009,sparse,random,8.7068,0.425760391198044,0.04570999988118274,0.573079000105281,2,1,2,False,0,6fa47ad713d95e65bf39badc215a73774b9aba6c7ebfeb4aeacdc6563634e892,8d9e3afce49310b2e24856ab988e8aa0f7c4e2017727d9df6d62f69689783455,True,True,True,True
10009,sparse,graph_entropy,13.8973,0.6795745721271393,0.2240959998971448,0.5389390000800631,4,1,1,False,0,6fa47ad713d95e65bf39badc215a73774b9aba6c7ebfeb4aeacdc6563634e892,8d9e3afce49310b2e24856ab988e8aa0f7c4e2017727d9df6d62f69689783455,True,True,True,True
10009,sparse,class_entropy,13.5383,0.6620195599022005,0.12081099998795253,0.6328199999643402,2,1,4,False,0,6fa47ad713d95e65bf39badc215a73774b9aba6c7ebfeb4aeacdc6563634e892,8d9e3afce49310b2e24856ab988e8aa0f7c4e2017727d9df6d62f69689783455,True,True,True,True
10009,sparse,ec2,13.8973,0.6795745721271393,0.26267500004450994,0.6671300000107294,4,1,1,False,0,6fa47ad713d95e65bf39badc215a73774b9aba6c7ebfeb4aeacdc6563634e892,8d9e3afce49310b2e24856ab988e8aa0f7c4e2017727d9df6d62f69689783455,True,True,True,True
10009,sparse,myopic,13.5383,0.6620195599022005,0.1490139999305029,0.6504059999770107,2,1,4,False,41,6fa47ad713d95e65bf39badc215a73774b9aba6c7ebfeb4aeacdc6563634e892,8d9e3afce49310b2e24856ab988e8aa0f7c4e2017727d9df6d62f69689783455,True,True,True,True
10009,sparse,lookahead2,13.5383,0.6620195599022005,1.311787999838998,0.6860700001425357,2,1,4,False,234,6fa47ad713d95e65bf39badc215a73774b9aba6c7ebfeb4aeacdc6563634e892,8d9e3afce49310b2e24856ab988e8aa0f7c4e2017727d9df6d62f69689783455,True,True,True,True
10009,sparse,exact,13.5383,0.6620195599022005,11.243892000038613,0.6335309999485617,2,1,4,False,2043,6fa47ad713d95e65bf39badc215a73774b9aba6c7ebfeb4aeacdc6563634e892,8d9e3afce49310b2e24856ab988e8aa0f7c4e2017727d9df6d62f69689783455,True,True,True,True
10009,sparse,discard_replay,13.5383,0.6620195599022005,5.64528099994277,0.5749230001583783,2,1,4,False,567,6fa47ad713d95e65bf39badc215a73774b9aba6c7ebfeb4aeacdc6563634e892,8d9e3afce49310b2e24856ab988e8aa0f7c4e2017727d9df6d62f69689783455,True,True,True,True
10010,sparse,restart,18.45,1.0,0.0,2.062705000071219,0,3,12,False,0,925f46beffcb1fb9e397b9efc98e65415e775f22b761f07ff6fdc74f3920f645,85bfd1ac295f31d97e4f3f05b8be77f747eecb05891e0d45c3049b5907c5f45e,True,True,True,True
10010,sparse,conservative,18.45,1.0,0.0,1.4109170000438098,0,3,12,False,0,925f46beffcb1fb9e397b9efc98e65415e775f22b761f07ff6fdc74f3920f645,85bfd1ac295f31d97e4f3f05b8be77f747eecb05891e0d45c3049b5907c5f45e,True,True,True,True
10010,sparse,point_estimate,8.45,0.45799457994579945,0.0,0.49458199998753116,0,1,12,False,0,925f46beffcb1fb9e397b9efc98e65415e775f22b761f07ff6fdc74f3920f645,85bfd1ac295f31d97e4f3f05b8be77f747eecb05891e0d45c3049b5907c5f45e,True,True,True,True
10010,sparse,random,15.45,0.8373983739837398,0.06081200001517573,0.7281519999651209,2,2,4,False,0,925f46beffcb1fb9e397b9efc98e65415e775f22b761f07ff6fdc74f3920f645,85bfd1ac295f31d97e4f3f05b8be77f747eecb05891e0d45c3049b5907c5f45e,True,True,True,True
10010,sparse,graph_entropy,12.200299999999999,0.6612628726287262,0.224727999921015,0.6151220001129332,4,1,1,False,0,925f46beffcb1fb9e397b9efc98e65415e775f22b761f07ff6fdc74f3920f645,85bfd1ac295f31d97e4f3f05b8be77f747eecb05891e0d45c3049b5907c5f45e,True,True,True,True
10010,sparse,class_entropy,11.7144,0.6349268292682927,0.14202299996668444,0.603195000053347,2,1,4,False,0,925f46beffcb1fb9e397b9efc98e65415e775f22b761f07ff6fdc74f3920f645,85bfd1ac295f31d97e4f3f05b8be77f747eecb05891e0d45c3049b5907c5f45e,True,True,True,True
10010,sparse,ec2,12.200299999999999,0.6612628726287262,0.19354000005478156,0.6244769999739219,4,1,1,False,0,925f46beffcb1fb9e397b9efc98e65415e775f22b761f07ff6fdc74f3920f645,85bfd1ac295f31d97e4f3f05b8be77f747eecb05891e0d45c3049b5907c5f45e,True,True,True,True
10010,sparse,myopic,10.908299999999999,0.5912357723577235,0.10964399996282737,0.6418130000156452,1,1,4,False,27,925f46beffcb1fb9e397b9efc98e65415e775f22b761f07ff6fdc74f3920f645,85bfd1ac295f31d97e4f3f05b8be77f747eecb05891e0d45c3049b5907c5f45e,True,True,True,True
10010,sparse,lookahead2,10.274,0.5568563685636856,0.982223000050908,0.6334919999062549,2,1,4,False,208,925f46beffcb1fb9e397b9efc98e65415e775f22b761f07ff6fdc74f3920f645,85bfd1ac295f31d97e4f3f05b8be77f747eecb05891e0d45c3049b5907c5f45e,True,True,True,True
10010,sparse,exact,10.274,0.5568563685636856,12.051244000076622,0.7409819999111278,2,1,4,False,2043,925f46beffcb1fb9e397b9efc98e65415e775f22b761f07ff6fdc74f3920f645,85bfd1ac295f31d97e4f3f05b8be77f747eecb05891e0d45c3049b5907c5f45e,True,True,True,True
10010,sparse,discard_replay,11.7144,0.6349268292682927,5.851391000078365,0.5863589999535179,2,1,4,False,567,925f46beffcb1fb9e397b9efc98e65415e775f22b761f07ff6fdc74f3920f645,85bfd1ac295f31d97e4f3f05b8be77f747eecb05891e0d45c3049b5907c5f45e,True,True,True,True
10011,sparse,restart,22.45,1.0,0.0,0.5202910000434713,0,3,12,False,0,350a65446fc52bcf193824d4686111b840ef04262319700145f62350b831edf3,77e60b59626bf6542e4be308bf28ad71d917d2a77304e1d1d037b6a72fb585fe,True,True,True,True
10011,sparse,conservative,22.45,1.0,0.0,0.5192690000512812,0,3,12,False,0,350a65446fc52bcf193824d4686111b840ef04262319700145f62350b831edf3,77e60b59626bf6542e4be308bf28ad71d917d2a77304e1d1d037b6a72fb585fe,True,True,True,True
10011,sparse,point_estimate,9.45,0.420935412026726,0.0,0.5327699999497781,0,1,12,False,0,350a65446fc52bcf193824d4686111b840ef04262319700145f62350b831edf3,2eda70bf648057e51bd56cf971344d3ef293025ee7a8a32262542ecc13299dc6,False,False,False,False
10011,sparse,random,15.188799999999999,0.6765612472160356,0.08766199994170165,0.6833349999624261,3,1,2,False,0,350a65446fc52bcf193824d4686111b840ef04262319700145f62350b831edf3,77e60b59626bf6542e4be308bf28ad71d917d2a77304e1d1d037b6a72fb585fe,True,True,True,True
10011,sparse,graph_entropy,7.228800000000001,0.3219955456570156,0.22438700000293466,0.5260589999807053,3,1,1,False,0,350a65446fc52bcf193824d4686111b840ef04262319700145f62350b831edf3,77e60b59626bf6542e4be308bf28ad71d917d2a77304e1d1d037b6a72fb585fe,True,True,True,True
10011,sparse,class_entropy,6.9769,0.3107750556792873,0.10380499998063897,0.5485440000256858,1,1,4,False,0,350a65446fc52bcf193824d4686111b840ef04262319700145f62350b831edf3,77e60b59626bf6542e4be308bf28ad71d917d2a77304e1d1d037b6a72fb585fe,True,True,True,True
10011,sparse,ec2,7.228800000000001,0.3219955456570156,0.1508769998963544,0.5537900001399976,3,1,1,False,0,350a65446fc52bcf193824d4686111b840ef04262319700145f62350b831edf3,77e60b59626bf6542e4be308bf28ad71d917d2a77304e1d1d037b6a72fb585fe,True,True,True,True
10011,sparse,myopic,8.2875,0.36915367483296213,0.1316369999813105,0.6444480000027397,2,1,4,False,34,350a65446fc52bcf193824d4686111b840ef04262319700145f62350b831edf3,77e60b59626bf6542e4be308bf28ad71d917d2a77304e1d1d037b6a72fb585fe,True,True,True,True
10011,sparse,lookahead2,6.9769,0.3107750556792873,0.6729399998448571,0.5427950001148929,1,1,4,False,162,350a65446fc52bcf193824d4686111b840ef04262319700145f62350b831edf3,77e60b59626bf6542e4be308bf28ad71d917d2a77304e1d1d037b6a72fb585fe,True,True,True,True
10011,sparse,exact,6.9769,0.3107750556792873,12.169182000093315,0.7389889999558363,1,1,4,False,2043,350a65446fc52bcf193824d4686111b840ef04262319700145f62350b831edf3,77e60b59626bf6542e4be308bf28ad71d917d2a77304e1d1d037b6a72fb585fe,True,True,True,True
10011,sparse,discard_replay,6.9769,0.3107750556792873,5.699953999965146,0.5285429999730695,1,1,4,False,567,350a65446fc52bcf193824d4686111b840ef04262319700145f62350b831edf3,77e60b59626bf6542e4be308bf28ad71d917d2a77304e1d1d037b6a72fb585fe,True,True,True,True
10012,sparse,restart,17.45,1.0,0.0,0.5148120000058043,0,3,12,False,0,247e7c5c5c78eb46b492abcda21c2c46daa0ef59ee08afe92f4124ca4cc44c7e,6a9a63f2f39e65f6a6613249f35ce028d551bb663a16a43aa18f77cab8a57725,True,True,True,True
10012,sparse,conservative,17.45,1.0,0.0,0.6067400000802081,0,3,12,False,0,247e7c5c5c78eb46b492abcda21c2c46daa0ef59ee08afe92f4124ca4cc44c7e,6a9a63f2f39e65f6a6613249f35ce028d551bb663a16a43aa18f77cab8a57725,True,True,True,True
10012,sparse,point_estimate,6.45,0.3696275071633238,0.0,0.5572369999526927,0,1,12,False,0,247e7c5c5c78eb46b492abcda21c2c46daa0ef59ee08afe92f4124ca4cc44c7e,6a9a63f2f39e65f6a6613249f35ce028d551bb663a16a43aa18f77cab8a57725,True,True,True,True
10012,sparse,random,9.3243,0.5343438395415473,0.04997500013814715,0.6987889997844832,2,1,4,False,0,247e7c5c5c78eb46b492abcda21c2c46daa0ef59ee08afe92f4124ca4cc44c7e,6a9a63f2f39e65f6a6613249f35ce028d551bb663a16a43aa18f77cab8a57725,True,True,True,True
10012,sparse,graph_entropy,7.7095,0.4418051575931232,0.19799800008968305,0.5691029999752573,3,1,1,False,0,247e7c5c5c78eb46b492abcda21c2c46daa0ef59ee08afe92f4124ca4cc44c7e,6a9a63f2f39e65f6a6613249f35ce028d551bb663a16a43aa18f77cab8a57725,True,True,True,True
10012,sparse,class_entropy,7.3799,0.4229169054441261,0.08168199997271586,0.5736710000974199,1,1,4,False,0,247e7c5c5c78eb46b492abcda21c2c46daa0ef59ee08afe92f4124ca4cc44c7e,6a9a63f2f39e65f6a6613249f35ce028d551bb663a16a43aa18f77cab8a57725,True,True,True,True
10012,sparse,ec2,7.7095,0.4418051575931232,0.16962400002284994,0.5799499999739055,3,1,1,False,0,247e7c5c5c78eb46b492abcda21c2c46daa0ef59ee08afe92f4124ca4cc44c7e,6a9a63f2f39e65f6a6613249f35ce028d551bb663a16a43aa18f77cab8a57725,True,True,True,True
10012,sparse,myopic,6.45,0.3696275071633238,0.08270499995433056,0.6143610000890476,1,1,4,False,20,247e7c5c5c78eb46b492abcda21c2c46daa0ef59ee08afe92f4124ca4cc44c7e,6a9a63f2f39e65f6a6613249f35ce028d551bb663a16a43aa18f77cab8a57725,True,True,True,True
10012,sparse,lookahead2,6.45,0.3696275071633238,0.5466110000043045,0.6977660000302421,1,1,4,False,136,247e7c5c5c78eb46b492abcda21c2c46daa0ef59ee08afe92f4124ca4cc44c7e,6a9a63f2f39e65f6a6613249f35ce028d551bb663a16a43aa18f77cab8a57725,True,True,True,True
10012,sparse,exact,6.45,0.3696275071633238,11.665395000022727,0.6807019999541808,1,1,4,False,2043,247e7c5c5c78eb46b492abcda21c2c46daa0ef59ee08afe92f4124ca4cc44c7e,6a9a63f2f39e65f6a6613249f35ce028d551bb663a16a43aa18f77cab8a57725,True,True,True,True
10012,sparse,discard_replay,7.3799,0.4229169054441261,5.746272999999746,0.5982369999628645,1,1,4,False,567,247e7c5c5c78eb46b492abcda21c2c46daa0ef59ee08afe92f4124ca4cc44c7e,6a9a63f2f39e65f6a6613249f35ce028d551bb663a16a43aa18f77cab8a57725,True,True,True,True
10013,sparse,restart,14.45,1.0,0.0,0.5080820000102904,0,3,12,False,0,9e297133998dfa4c300b4c7fb9463597d1975cc9e00b477239822ca126b2e121,f15bb73c49158b19562a4eb4b6d91398e9f9fa04cfca442ace590415a59c03d2,True,True,True,True
10013,sparse,conservative,14.45,1.0,0.0,0.518067000029987,0,3,12,False,0,9e297133998dfa4c300b4c7fb9463597d1975cc9e00b477239822ca126b2e121,f15bb73c49158b19562a4eb4b6d91398e9f9fa04cfca442ace590415a59c03d2,True,True,True,True
10013,sparse,point_estimate,4.45,0.3079584775086505,0.0,0.5232549999618641,0,1,12,False,0,9e297133998dfa4c300b4c7fb9463597d1975cc9e00b477239822ca126b2e121,f15bb73c49158b19562a4eb4b6d91398e9f9fa04cfca442ace590415a59c03d2,True,True,True,True
10013,sparse,random,7.6269,0.5278131487889274,0.07446200004324055,0.774952999904599,2,1,4,False,0,9e297133998dfa4c300b4c7fb9463597d1975cc9e00b477239822ca126b2e121,f15bb73c49158b19562a4eb4b6d91398e9f9fa04cfca442ace590415a59c03d2,True,True,True,True
10013,sparse,graph_entropy,5.819500000000001,0.4027335640138409,0.19495199990160472,0.4765450000832061,3,1,1,False,0,9e297133998dfa4c300b4c7fb9463597d1975cc9e00b477239822ca126b2e121,f15bb73c49158b19562a4eb4b6d91398e9f9fa04cfca442ace590415a59c03d2,True,True,True,True
10013,sparse,class_entropy,5.2491,0.3632595155709343,0.08012099999632483,0.565567999956329,1,1,4,False,0,9e297133998dfa4c300b4c7fb9463597d1975cc9e00b477239822ca126b2e121,f15bb73c49158b19562a4eb4b6d91398e9f9fa04cfca442ace590415a59c03d2,True,True,True,True
10013,sparse,ec2,5.819500000000001,0.4027335640138409,0.17115699984060484,0.5955930001846355,3,1,1,False,0,9e297133998dfa4c300b4c7fb9463597d1975cc9e00b477239822ca126b2e121,f15bb73c49158b19562a4eb4b6d91398e9f9fa04cfca442ace590415a59c03d2,True,True,True,True
10013,sparse,myopic,5.2491,0.3632595155709343,0.48247400002310314,0.5663800000093033,1,1,4,False,27,9e297133998dfa4c300b4c7fb9463597d1975cc9e00b477239822ca126b2e121,f15bb73c49158b19562a4eb4b6d91398e9f9fa04cfca442ace590415a59c03d2,True,True,True,True
10013,sparse,lookahead2,5.2491,0.3632595155709343,0.6601509999200061,0.7507060000762067,1,1,4,False,162,9e297133998dfa4c300b4c7fb9463597d1975cc9e00b477239822ca126b2e121,f15bb73c49158b19562a4eb4b6d91398e9f9fa04cfca442ace590415a59c03d2,True,True,True,True
10013,sparse,exact,5.2491,0.3632595155709343,10.613456999976734,0.6255890000375075,1,1,4,False,2043,9e297133998dfa4c300b4c7fb9463597d1975cc9e00b477239822ca126b2e121,f15bb73c49158b19562a4eb4b6d91398e9f9fa04cfca442ace590415a59c03d2,True,True,True,True
10013,sparse,discard_replay,5.2491,0.3632595155709343,5.692702000033023,0.5567260000134411,1,1,4,False,567,9e297133998dfa4c300b4c7fb9463597d1975cc9e00b477239822ca126b2e121,f15bb73c49158b19562a4eb4b6d91398e9f9fa04cfca442ace590415a59c03d2,True,True,True,True
10014,sparse,restart,23.45,1.0,0.0,0.4983579999588983,0,3,12,False,0,06fc1f5df04d35e4add2693eb3bcaeb90f4dd82d396604cf11f3a833ad9dc265,abea0ee3d0688ad9d5b1ad478578af09c04873e8b7f32d089588de128976b969,True,True,True,True
10014,sparse,conservative,23.45,1.0,0.0,0.6211419999999634,0,3,12,False,0,06fc1f5df04d35e4add2693eb3bcaeb90f4dd82d396604cf11f3a833ad9dc265,abea0ee3d0688ad9d5b1ad478578af09c04873e8b7f32d089588de128976b969,True,True,True,True
10014,sparse,point_estimate,7.45,0.31769722814498935,0.0,0.5088430000341759,0,1,12,False,0,06fc1f5df04d35e4add2693eb3bcaeb90f4dd82d396604cf11f3a833ad9dc265,89d03cd3372813dd2884860c712b94f241f6c865d79a1aa8331ba1250a997fa5,True,False,False,False
10014,sparse,random,21.8816,0.9331172707889126,0.16792199994597468,0.6492740001249331,4,2,1,False,0,06fc1f5df04d35e4add2693eb3bcaeb90f4dd82d396604cf11f3a833ad9dc265,abea0ee3d0688ad9d5b1ad478578af09c04873e8b7f32d089588de128976b969,True,True,True,True
10014,sparse,graph_entropy,11.2823,0.4811215351812367,0.19282900007056014,0.5714779999834718,3,1,1,False,0,06fc1f5df04d35e4add2693eb3bcaeb90f4dd82d396604cf11f3a833ad9dc265,abea0ee3d0688ad9d5b1ad478578af09c04873e8b7f32d089588de128976b969,True,True,True,True
10014,sparse,class_entropy,10.977599999999999,0.4681279317697228,0.08001100002275052,0.7086420000632643,1,1,4,False,0,06fc1f5df04d35e4add2693eb3bcaeb90f4dd82d396604cf11f3a833ad9dc265,abea0ee3d0688ad9d5b1ad478578af09c04873e8b7f32d089588de128976b969,True,True,True,True
10014,sparse,ec2,11.2823,0.4811215351812367,0.1937509998697351,0.57164800011833,3,1,1,False,0,06fc1f5df04d35e4add2693eb3bcaeb90f4dd82d396604cf11f3a833ad9dc265,abea0ee3d0688ad9d5b1ad478578af09c04873e8b7f32d089588de128976b969,True,True,True,True
10014,sparse,myopic,14.45,0.6162046908315565,0.1332189999629918,0.8725700000695724,2,2,4,False,35,06fc1f5df04d35e4add2693eb3bcaeb90f4dd82d396604cf11f3a833ad9dc265,abea0ee3d0688ad9d5b1ad478578af09c04873e8b7f32d089588de128976b969,True,True,True,True
10014,sparse,lookahead2,10.977599999999999,0.4681279317697228,0.7819419998895683,0.6809630000361722,1,1,4,False,162,06fc1f5df04d35e4add2693eb3bcaeb90f4dd82d396604cf11f3a833ad9dc265,abea0ee3d0688ad9d5b1ad478578af09c04873e8b7f32d089588de128976b969,True,True,True,True
10014,sparse,exact,10.977599999999999,0.4681279317697228,11.034238999968693,0.6024340000294615,1,1,4,False,2043,06fc1f5df04d35e4add2693eb3bcaeb90f4dd82d396604cf11f3a833ad9dc265,abea0ee3d0688ad9d5b1ad478578af09c04873e8b7f32d089588de128976b969,True,True,True,True
10014,sparse,discard_replay,14.3677,0.6126950959488273,5.7184610000149405,0.6562149999354006,2,1,4,False,567,06fc1f5df04d35e4add2693eb3bcaeb90f4dd82d396604cf11f3a833ad9dc265,abea0ee3d0688ad9d5b1ad478578af09c04873e8b7f32d089588de128976b969,True,True,True,True
10015,sparse,restart,17.45,1.0,0.0,0.5181880000009187,0,3,12,False,0,ac7cb08b39789462d2476ebab096e1dbabeb75b290a416411788ffa231849256,79ca2b9061fae18058ef8ad9d893446b8ddea7d0f8620d597207da201ea29337,True,True,True,True
10015,sparse,conservative,17.45,1.0,0.0,0.5202800000461139,0,3,12,False,0,ac7cb08b39789462d2476ebab096e1dbabeb75b290a416411788ffa231849256,79ca2b9061fae18058ef8ad9d893446b8ddea7d0f8620d597207da201ea29337,True,True,True,True
10015,sparse,point_estimate,6.45,0.3696275071633238,0.0,0.5199700000275698,0,1,12,False,0,ac7cb08b39789462d2476ebab096e1dbabeb75b290a416411788ffa231849256,79ca2b9061fae18058ef8ad9d893446b8ddea7d0f8620d597207da201ea29337,True,True,True,True
10015,sparse,random,14.5862,0.8358853868194842,0.07005399993431638,0.7051090000231852,4,2,1,False,0,ac7cb08b39789462d2476ebab096e1dbabeb75b290a416411788ffa231849256,79ca2b9061fae18058ef8ad9d893446b8ddea7d0f8620d597207da201ea29337,True,True,True,True
10015,sparse,graph_entropy,10.2609,0.5880171919770774,0.21483099999386468,0.6101269999589931,4,1,1,False,0,ac7cb08b39789462d2476ebab096e1dbabeb75b290a416411788ffa231849256,79ca2b9061fae18058ef8ad9d893446b8ddea7d0f8620d597207da201ea29337,True,True,True,True
10015,sparse,class_entropy,9.729299999999999,0.5575530085959884,0.12499799993292982,0.5734700000630255,2,1,4,False,0,ac7cb08b39789462d2476ebab096e1dbabeb75b290a416411788ffa231849256,79ca2b9061fae18058ef8ad9d893446b8ddea7d0f8620d597207da201ea29337,True,True,True,True
10015,sparse,ec2,10.2609,0.5880171919770774,0.20849199995609524,0.8399310000868354,4,1,1,False,0,ac7cb08b39789462d2476ebab096e1dbabeb75b290a416411788ffa231849256,79ca2b9061fae18058ef8ad9d893446b8ddea7d0f8620d597207da201ea29337,True,True,True,True
10015,sparse,myopic,6.45,0.3696275071633238,0.08333599998877617,0.5593280000084633,1,1,4,False,20,ac7cb08b39789462d2476ebab096e1dbabeb75b290a416411788ffa231849256,79ca2b9061fae18058ef8ad9d893446b8ddea7d0f8620d597207da201ea29337,True,True,True,True
10015,sparse,lookahead2,6.45,0.3696275071633238,0.7354140000188636,0.552117999973234,1,1,4,False,136,ac7cb08b39789462d2476ebab096e1dbabeb75b290a416411788ffa231849256,79ca2b9061fae18058ef8ad9d893446b8ddea7d0f8620d597207da201ea29337,True,True,True,True
10015,sparse,exact,6.45,0.3696275071633238,12.257113000032405,0.8222339998837924,1,1,4,False,2043,ac7cb08b39789462d2476ebab096e1dbabeb75b290a416411788ffa231849256,79ca2b9061fae18058ef8ad9d893446b8ddea7d0f8620d597207da201ea29337,True,True,True,True
10015,sparse,discard_replay,9.729299999999999,0.5575530085959884,5.787855000107811,0.5711179998115767,2,1,4,False,567,ac7cb08b39789462d2476ebab096e1dbabeb75b290a416411788ffa231849256,79ca2b9061fae18058ef8ad9d893446b8ddea7d0f8620d597207da201ea29337,True,True,True,True
10016,sparse,restart,19.45,1.0,0.0,0.5001100000754377,0,3,12,False,0,ab473ef586b1f9fc6379ff071b908427da241faad157c00661b66567f2ba5b56,70db2ab5a5cef6c388c3daec93376aeb7bb761dcb0d629621b8111265f74ad09,True,True,True,True
10016,sparse,conservative,19.45,1.0,0.0,0.5458189999671959,0,3,12,False,0,ab473ef586b1f9fc6379ff071b908427da241faad157c00661b66567f2ba5b56,70db2ab5a5cef6c388c3daec93376aeb7bb761dcb0d629621b8111265f74ad09,True,True,True,True
10016,sparse,point_estimate,6.45,0.33161953727506427,0.0,0.5052380000734047,0,1,12,False,0,ab473ef586b1f9fc6379ff071b908427da241faad157c00661b66567f2ba5b56,70db2ab5a5cef6c388c3daec93376aeb7bb761dcb0d629621b8111265f74ad09,True,True,True,True
10016,sparse,random,16.703599999999998,0.858796915167095,0.057556000001568464,0.6763349999800994,2,2,4,False,0,ab473ef586b1f9fc6379ff071b908427da241faad157c00661b66567f2ba5b56,70db2ab5a5cef6c388c3daec93376aeb7bb761dcb0d629621b8111265f74ad09,True,True,True,True
10016,sparse,graph_entropy,8.0722,0.41502313624678666,0.19088499993813457,0.644899000121768,3,1,1,False,0,ab473ef586b1f9fc6379ff071b908427da241faad157c00661b66567f2ba5b56,70db2ab5a5cef6c388c3daec93376aeb7bb761dcb0d629621b8111265f74ad09,True,True,True,True
10016,sparse,class_entropy,7.703600000000001,0.39607197943444733,0.0806109999302862,0.7006520000913952,1,1,4,False,0,ab473ef586b1f9fc6379ff071b908427da241faad157c00661b66567f2ba5b56,70db2ab5a5cef6c388c3daec93376aeb7bb761dcb0d629621b8111265f74ad09,True,True,True,True
10016,sparse,ec2,8.0722,0.41502313624678666,0.17238000020824984,0.6736889998819606,3,1,1,False,0,ab473ef586b1f9fc6379ff071b908427da241faad157c00661b66567f2ba5b56,70db2ab5a5cef6c388c3daec93376aeb7bb761dcb0d629621b8111265f74ad09,True,True,True,True
10016,sparse,myopic,7.703600000000001,0.39607197943444733,0.11048500016386242,0.8409719997644061,1,1,4,False,27,ab473ef586b1f9fc6379ff071b908427da241faad157c00661b66567f2ba5b56,70db2ab5a5cef6c388c3daec93376aeb7bb761dcb0d629621b8111265f74ad09,True,True,True,True
10016,sparse,lookahead2,7.703600000000001,0.39607197943444733,0.9839959998316772,0.6635360001610024,1,1,4,False,162,ab473ef586b1f9fc6379ff071b908427da241faad157c00661b66567f2ba5b56,70db2ab5a5cef6c388c3daec93376aeb7bb761dcb0d629621b8111265f74ad09,True,True,True,True
10016,sparse,exact,7.703600000000001,0.39607197943444733,10.319024999944304,0.6152430000838649,1,1,4,False,2043,ab473ef586b1f9fc6379ff071b908427da241faad157c00661b66567f2ba5b56,70db2ab5a5cef6c388c3daec93376aeb7bb761dcb0d629621b8111265f74ad09,True,True,True,True
10016,sparse,discard_replay,7.703600000000001,0.39607197943444733,5.988305999949262,0.5725990000655656,1,1,4,False,567,ab473ef586b1f9fc6379ff071b908427da241faad157c00661b66567f2ba5b56,70db2ab5a5cef6c388c3daec93376aeb7bb761dcb0d629621b8111265f74ad09,True,True,True,True
10017,sparse,restart,22.45,1.0,0.0,0.7134109999924476,0,3,12,False,0,62083ef09473a993005fcbf466884d529eb85fbce4e9a10c065e2c2cc99844dd,c0a80b5e5a4bbbe8a946f5cac1c9dc6b7927d77e41cb3fb9a6e575cfeda51bf9,True,True,True,True
10017,sparse,conservative,22.45,1.0,0.0,0.6319980000171199,0,3,12,False,0,62083ef09473a993005fcbf466884d529eb85fbce4e9a10c065e2c2cc99844dd,c0a80b5e5a4bbbe8a946f5cac1c9dc6b7927d77e41cb3fb9a6e575cfeda51bf9,True,True,True,True
10017,sparse,point_estimate,6.45,0.2873051224944321,0.0,0.6134410000413482,0,1,12,False,0,62083ef09473a993005fcbf466884d529eb85fbce4e9a10c065e2c2cc99844dd,b105404eaf39ee6a26c63c665e581b24c5748222566a1847e0694c9fbcd00858,False,False,False,False
10017,sparse,random,22.45,1.0,0.0586989999646903,0.7945410001184428,2,3,4,False,0,62083ef09473a993005fcbf466884d529eb85fbce4e9a10c065e2c2cc99844dd,c0a80b5e5a4bbbe8a946f5cac1c9dc6b7927d77e41cb3fb9a6e575cfeda51bf9,True,True,True,True
10017,sparse,graph_entropy,13.024099999999999,0.5801380846325167,0.21583399984592688,0.5183580001357768,4,1,1,False,0,62083ef09473a993005fcbf466884d529eb85fbce4e9a10c065e2c2cc99844dd,c0a80b5e5a4bbbe8a946f5cac1c9dc6b7927d77e41cb3fb9a6e575cfeda51bf9,True,True,True,True
10017,sparse,class_entropy,12.606499999999999,0.5615367483296213,0.12620999996215687,1.097806000075252,2,1,4,False,0,62083ef09473a993005fcbf466884d529eb85fbce4e9a10c065e2c2cc99844dd,c0a80b5e5a4bbbe8a946f5cac1c9dc6b7927d77e41cb3fb9a6e575cfeda51bf9,True,True,True,True
10017,sparse,ec2,13.024099999999999,0.5801380846325167,0.19291799992515735,0.5640780001385792,4,1,1,False,0,62083ef09473a993005fcbf466884d529eb85fbce4e9a10c065e2c2cc99844dd,c0a80b5e5a4bbbe8a946f5cac1c9dc6b7927d77e41cb3fb9a6e575cfeda51bf9,True,True,True,True
10017,sparse,myopic,10.660799999999998,0.47486859688195987,0.22512800001095457,0.5760049999707917,2,1,4,False,36,62083ef09473a993005fcbf466884d529eb85fbce4e9a10c065e2c2cc99844dd,c0a80b5e5a4bbbe8a946f5cac1c9dc6b7927d77e41cb3fb9a6e575cfeda51bf9,True,True,True,True
10017,sparse,lookahead2,10.660799999999998,0.47486859688195987,1.6719780001039908,0.8436069999788742,2,1,4,False,224,62083ef09473a993005fcbf466884d529eb85fbce4e9a10c065e2c2cc99844dd,c0a80b5e5a4bbbe8a946f5cac1c9dc6b7927d77e41cb3fb9a6e575cfeda51bf9,True,True,True,True
10017,sparse,exact,10.660799999999998,0.47486859688195987,11.617995000051451,0.8892439999499402,2,1,4,False,2043,62083ef09473a993005fcbf466884d529eb85fbce4e9a10c065e2c2cc99844dd,c0a80b5e5a4bbbe8a946f5cac1c9dc6b7927d77e41cb3fb9a6e575cfeda51bf9,True,True,True,True
10017,sparse,discard_replay,12.606499999999999,0.5615367483296213,6.0422770000059245,0.605097999937243,2,1,4,False,567,62083ef09473a993005fcbf466884d529eb85fbce4e9a10c065e2c2cc99844dd,c0a80b5e5a4bbbe8a946f5cac1c9dc6b7927d77e41cb3fb9a6e575cfeda51bf9,True,True,True,True
10018,sparse,restart,16.45,1.0,0.0,0.6414619999759452,0,3,12,False,0,d37b658b13fcef9893801a891a734178df03868ee27da42e6fc94c6c9e2f6f42,adaf6839131a077deeef9675689a6e8e9e59fbab2b5692bd8532cc35c386b519,True,True,True,True
10018,sparse,conservative,16.45,1.0,0.0,0.6079830000089714,0,3,12,False,0,d37b658b13fcef9893801a891a734178df03868ee27da42e6fc94c6c9e2f6f42,adaf6839131a077deeef9675689a6e8e9e59fbab2b5692bd8532cc35c386b519,True,True,True,True
10018,sparse,point_estimate,5.45,0.331306990881459,0.0,0.5600300000878633,0,1,12,False,0,d37b658b13fcef9893801a891a734178df03868ee27da42e6fc94c6c9e2f6f42,adaf6839131a077deeef9675689a6e8e9e59fbab2b5692bd8532cc35c386b519,True,True,True,True
10018,sparse,random,7.2575,0.44118541033434655,0.03500200011785637,0.7071119998727227,1,1,4,False,0,d37b658b13fcef9893801a891a734178df03868ee27da42e6fc94c6c9e2f6f42,adaf6839131a077deeef9675689a6e8e9e59fbab2b5692bd8532cc35c386b519,True,True,True,True
10018,sparse,graph_entropy,7.599200000000001,0.4619574468085107,0.19002500005171896,0.7130809999580379,3,1,1,False,0,d37b658b13fcef9893801a891a734178df03868ee27da42e6fc94c6c9e2f6f42,adaf6839131a077deeef9675689a6e8e9e59fbab2b5692bd8532cc35c386b519,True,True,True,True
10018,sparse,class_entropy,7.2575,0.44118541033434655,0.08138200007579144,0.6964449999031785,1,1,4,False,0,d37b658b13fcef9893801a891a734178df03868ee27da42e6fc94c6c9e2f6f42,adaf6839131a077deeef9675689a6e8e9e59fbab2b5692bd8532cc35c386b519,True,True,True,True
10018,sparse,ec2,7.599200000000001,0.4619574468085107,0.1742619999731687,0.7153330000164715,3,1,1,False,0,d37b658b13fcef9893801a891a734178df03868ee27da42e6fc94c6c9e2f6f42,adaf6839131a077deeef9675689a6e8e9e59fbab2b5692bd8532cc35c386b519,True,True,True,True
10018,sparse,myopic,5.45,0.331306990881459,0.08152300006258884,0.5934699998988435,1,1,4,False,20,d37b658b13fcef9893801a891a734178df03868ee27da42e6fc94c6c9e2f6f42,adaf6839131a077deeef9675689a6e8e9e59fbab2b5692bd8532cc35c386b519,True,True,True,True
10018,sparse,lookahead2,5.45,0.331306990881459,0.7263100000045597,0.630136000040693,1,1,4,False,136,d37b658b13fcef9893801a891a734178df03868ee27da42e6fc94c6c9e2f6f42,adaf6839131a077deeef9675689a6e8e9e59fbab2b5692bd8532cc35c386b519,True,True,True,True
10018,sparse,exact,5.45,0.331306990881459,12.57273599992459,0.8115990000305828,1,1,4,False,2043,d37b658b13fcef9893801a891a734178df03868ee27da42e6fc94c6c9e2f6f42,adaf6839131a077deeef9675689a6e8e9e59fbab2b5692bd8532cc35c386b519,True,True,True,True
10018,sparse,discard_replay,7.2575,0.44118541033434655,5.7285260000981,0.587231999929827,1,1,4,False,567,d37b658b13fcef9893801a891a734178df03868ee27da42e6fc94c6c9e2f6f42,adaf6839131a077deeef9675689a6e8e9e59fbab2b5692bd8532cc35c386b519,True,True,True,True
10019,sparse,restart,21.45,1.0,0.0,0.502885000059905,0,3,12,False,0,07f06c02ad23153b9719f2f4a2299a73c39e10f55750cd04d64853cab4620e9d,4b45d68ae3e563a64fb6351554e71261f7ed9534b8a5749207c219ac299f5144,True,True,True,True
10019,sparse,conservative,21.45,1.0,0.0,0.5984480000051917,0,3,12,False,0,07f06c02ad23153b9719f2f4a2299a73c39e10f55750cd04d64853cab4620e9d,4b45d68ae3e563a64fb6351554e71261f7ed9534b8a5749207c219ac299f5144,True,True,True,True
10019,sparse,point_estimate,8.45,0.3939393939393939,0.0,0.5132100000082573,0,1,12,False,0,07f06c02ad23153b9719f2f4a2299a73c39e10f55750cd04d64853cab4620e9d,4b45d68ae3e563a64fb6351554e71261f7ed9534b8a5749207c219ac299f5144,True,True,True,True
10019,sparse,random,8.45,0.3939393939393939,0.054601999977421656,0.5730500000709071,1,1,4,False,0,07f06c02ad23153b9719f2f4a2299a73c39e10f55750cd04d64853cab4620e9d,4b45d68ae3e563a64fb6351554e71261f7ed9534b8a5749207c219ac299f5144,True,True,True,True
10019,sparse,graph_entropy,10.557199999999998,0.4921771561771561,0.19278899992514198,0.6097450001334437,3,1,1,False,0,07f06c02ad23153b9719f2f4a2299a73c39e10f55750cd04d64853cab4620e9d,4b45d68ae3e563a64fb6351554e71261f7ed9534b8a5749207c219ac299f5144,True,True,True,True
10019,sparse,class_entropy,10.1747,0.47434498834498834,0.08164199994098453,0.5932810000786048,1,1,4,False,0,07f06c02ad23153b9719f2f4a2299a73c39e10f55750cd04d64853cab4620e9d,4b45d68ae3e563a64fb6351554e71261f7ed9534b8a5749207c219ac299f5144,True,True,True,True
10019,sparse,ec2,10.557199999999998,0.4921771561771561,0.15037599985134875,0.5345420000821832,3,1,1,False,0,07f06c02ad23153b9719f2f4a2299a73c39e10f55750cd04d64853cab4620e9d,4b45d68ae3e563a64fb6351554e71261f7ed9534b8a5749207c219ac299f5144,True,True,True,True
10019,sparse,myopic,10.1747,0.47434498834498834,0.10977500005537877,0.7900959999460611,1,1,4,False,27,07f06c02ad23153b9719f2f4a2299a73c39e10f55750cd04d64853cab4620e9d,4b45d68ae3e563a64fb6351554e71261f7ed9534b8a5749207c219ac299f5144,True,True,True,True
10019,sparse,lookahead2,10.1747,0.47434498834498834,0.8199800000738833,0.7107369998493596,1,1,4,False,162,07f06c02ad23153b9719f2f4a2299a73c39e10f55750cd04d64853cab4620e9d,4b45d68ae3e563a64fb6351554e71261f7ed9534b8a5749207c219ac299f5144,True,True,True,True
10019,sparse,exact,10.1747,0.47434498834498834,11.521167999944737,0.6238170000187893,1,1,4,False,2043,07f06c02ad23153b9719f2f4a2299a73c39e10f55750cd04d64853cab4620e9d,4b45d68ae3e563a64fb6351554e71261f7ed9534b8a5749207c219ac299f5144,True,True,True,True
10019,sparse,discard_replay,10.1747,0.47434498834498834,6.396258999984639,0.6465500000558677,1,1,4,False,567,07f06c02ad23153b9719f2f4a2299a73c39e10f55750cd04d64853cab4620e9d,4b45d68ae3e563a64fb6351554e71261f7ed9534b8a5749207c219ac299f5144,True,True,True,True
10100,overlap,restart,24.45,1.0,0.0,0.5238859999963097,0,3,12,False,0,631613ff0851cd95885fc8a135b77882149e715781e7e9e1f523b40e78e2b992,e6fc6471747f9bccd6ae6fae2ebfb921ef1c5ca74741152ea98eaae2e1490a6b,True,True,True,True
10100,overlap,conservative,24.45,1.0,0.0,0.5148120000058043,0,3,12,False,0,631613ff0851cd95885fc8a135b77882149e715781e7e9e1f523b40e78e2b992,e6fc6471747f9bccd6ae6fae2ebfb921ef1c5ca74741152ea98eaae2e1490a6b,True,True,True,True
10100,overlap,point_estimate,15.45,0.6319018404907976,0.0,0.5859890000010637,0,2,12,False,0,631613ff0851cd95885fc8a135b77882149e715781e7e9e1f523b40e78e2b992,e6fc6471747f9bccd6ae6fae2ebfb921ef1c5ca74741152ea98eaae2e1490a6b,True,True,True,True
10100,overlap,random,23.0551,0.9429488752556238,0.06707099998948252,0.7546730000740354,3,2,2,False,0,631613ff0851cd95885fc8a135b77882149e715781e7e9e1f523b40e78e2b992,e6fc6471747f9bccd6ae6fae2ebfb921ef1c5ca74741152ea98eaae2e1490a6b,True,True,True,True
10100,overlap,graph_entropy,19.744899999999998,0.807562372188139,0.21434900020267378,0.5937929997799074,4,2,1,False,0,631613ff0851cd95885fc8a135b77882149e715781e7e9e1f523b40e78e2b992,e6fc6471747f9bccd6ae6fae2ebfb921ef1c5ca74741152ea98eaae2e1490a6b,True,True,True,True
10100,overlap,class_entropy,19.248,0.787239263803681,0.1278720000073008,0.6559040000411187,2,2,4,False,0,631613ff0851cd95885fc8a135b77882149e715781e7e9e1f523b40e78e2b992,e6fc6471747f9bccd6ae6fae2ebfb921ef1c5ca74741152ea98eaae2e1490a6b,True,True,True,True
10100,overlap,ec2,19.744899999999998,0.807562372188139,0.18962399985866796,0.6419540001161295,4,2,1,False,0,631613ff0851cd95885fc8a135b77882149e715781e7e9e1f523b40e78e2b992,e6fc6471747f9bccd6ae6fae2ebfb921ef1c5ca74741152ea98eaae2e1490a6b,True,True,True,True
10100,overlap,myopic,18.0909,0.7399141104294479,0.1139610001246183,0.5618629998025426,1,2,4,False,27,631613ff0851cd95885fc8a135b77882149e715781e7e9e1f523b40e78e2b992,e6fc6471747f9bccd6ae6fae2ebfb921ef1c5ca74741152ea98eaae2e1490a6b,True,True,True,True
10100,overlap,lookahead2,15.45,0.6319018404907976,0.9218930000542969,0.7003719999829627,2,2,4,False,209,631613ff0851cd95885fc8a135b77882149e715781e7e9e1f523b40e78e2b992,e6fc6471747f9bccd6ae6fae2ebfb921ef1c5ca74741152ea98eaae2e1490a6b,True,True,True,True
10100,overlap,exact,15.45,0.6319018404907976,17.55988099989736,0.8041770000772885,2,2,4,False,2043,631613ff0851cd95885fc8a135b77882149e715781e7e9e1f523b40e78e2b992,e6fc6471747f9bccd6ae6fae2ebfb921ef1c5ca74741152ea98eaae2e1490a6b,True,True,True,True
10100,overlap,discard_replay,18.0909,0.7399141104294479,5.740653999964707,0.5645370000593175,1,2,4,False,567,631613ff0851cd95885fc8a135b77882149e715781e7e9e1f523b40e78e2b992,e6fc6471747f9bccd6ae6fae2ebfb921ef1c5ca74741152ea98eaae2e1490a6b,True,True,True,True
10101,overlap,restart,13.45,1.0,0.0,0.54965499998616,0,3,12,False,0,5dd9f46614f4b7248097c493015fc21a8921e4792bcc002ba054c00e3539926b,0d2299f4415d6dd50dd8ba3086d5f9d8dc418d98fbb3565f5c6b6d1c5e317681,True,True,True,True
10101,overlap,conservative,13.45,1.0,0.0,0.5042259999754606,0,3,12,False,0,5dd9f46614f4b7248097c493015fc21a8921e4792bcc002ba054c00e3539926b,0d2299f4415d6dd50dd8ba3086d5f9d8dc418d98fbb3565f5c6b6d1c5e317681,True,True,True,True
10101,overlap,point_estimate,8.45,0.6282527881040892,0.0,0.9357540000110021,0,2,12,False,0,5dd9f46614f4b7248097c493015fc21a8921e4792bcc002ba054c00e3539926b,0d2299f4415d6dd50dd8ba3086d5f9d8dc418d98fbb3565f5c6b6d1c5e317681,True,True,True,True
10101,overlap,random,8.45,0.6282527881040892,0.05791600005977671,0.6978079999271358,2,2,4,False,0,5dd9f46614f4b7248097c493015fc21a8921e4792bcc002ba054c00e3539926b,0d2299f4415d6dd50dd8ba3086d5f9d8dc418d98fbb3565f5c6b6d1c5e317681,True,True,True,True
10101,overlap,graph_entropy,12.448599999999999,0.9255464684014869,0.21586500008652365,0.7529089998570271,4,2,1,False,0,5dd9f46614f4b7248097c493015fc21a8921e4792bcc002ba054c00e3539926b,0d2299f4415d6dd50dd8ba3086d5f9d8dc418d98fbb3565f5c6b6d1c5e317681,True,True,True,True
10101,overlap,class_entropy,11.8615,0.8818959107806692,0.1249470000175279,0.6667909999578114,2,2,4,False,0,5dd9f46614f4b7248097c493015fc21a8921e4792bcc002ba054c00e3539926b,0d2299f4415d6dd50dd8ba3086d5f9d8dc418d98fbb3565f5c6b6d1c5e317681,True,True,True,True
10101,overlap,ec2,12.448599999999999,0.9255464684014869,0.21248900009140925,0.6634559998701661,4,2,1,False,0,5dd9f46614f4b7248097c493015fc21a8921e4792bcc002ba054c00e3539926b,0d2299f4415d6dd50dd8ba3086d5f9d8dc418d98fbb3565f5c6b6d1c5e317681,True,True,True,True
10101,overlap,myopic,12.031799999999999,0.8945576208178438,0.15941900005600473,0.605939999900329,1,2,4,False,27,5dd9f46614f4b7248097c493015fc21a8921e4792bcc002ba054c00e3539926b,0d2299f4415d6dd50dd8ba3086d5f9d8dc418d98fbb3565f5c6b6d1c5e317681,True,True,True,True
10101,overlap,lookahead2,8.45,0.6282527881040892,1.4150450000443016,0.6872699999576071,2,2,4,False,209,5dd9f46614f4b7248097c493015fc21a8921e4792bcc002ba054c00e3539926b,0d2299f4415d6dd50dd8ba3086d5f9d8dc418d98fbb3565f5c6b6d1c5e317681,True,True,True,True
10101,overlap,exact,8.45,0.6282527881040892,15.514499999994769,1.2726310000061858,2,2,4,False,2043,5dd9f46614f4b7248097c493015fc21a8921e4792bcc002ba054c00e3539926b,0d2299f4415d6dd50dd8ba3086d5f9d8dc418d98fbb3565f5c6b6d1c5e317681,True,True,True,True
10101,overlap,discard_replay,11.8615,0.8818959107806692,6.057929999997214,0.5952939999360751,2,2,4,False,567,5dd9f46614f4b7248097c493015fc21a8921e4792bcc002ba054c00e3539926b,0d2299f4415d6dd50dd8ba3086d5f9d8dc418d98fbb3565f5c6b6d1c5e317681,True,True,True,True
10102,overlap,restart,19.45,1.0,0.0,0.5086429999892061,0,3,12,False,0,76160daa804b783d26e3c1f857531c4ef41dce7502ec7c7008173ed31a043e9e,c7d1df98ca8e3bff7acf84c5766ede7b5d650519c4e4bbfd52ebd7bbee903246,True,True,True,True
10102,overlap,conservative,19.45,1.0,0.0,0.5979069999284548,0,3,12,False,0,76160daa804b783d26e3c1f857531c4ef41dce7502ec7c7008173ed31a043e9e,c7d1df98ca8e3bff7acf84c5766ede7b5d650519c4e4bbfd52ebd7bbee903246,True,True,True,True
10102,overlap,point_estimate,14.45,0.7429305912596401,0.0,0.5224539999062472,0,2,12,False,0,76160daa804b783d26e3c1f857531c4ef41dce7502ec7c7008173ed31a043e9e,c7d1df98ca8e3bff7acf84c5766ede7b5d650519c4e4bbfd52ebd7bbee903246,True,True,True,True
10102,overlap,random,25.723899999999997,1.3225655526992286,0.1764550000871168,0.5882829998427042,2,2,4,False,0,76160daa804b783d26e3c1f857531c4ef41dce7502ec7c7008173ed31a043e9e,c7d1df98ca8e3bff7acf84c5766ede7b5d650519c4e4bbfd52ebd7bbee903246,True,True,True,True
10102,overlap,graph_entropy,16.4519,0.8458560411311054,0.170374999811429,0.6025650001220129,3,2,1,False,0,76160daa804b783d26e3c1f857531c4ef41dce7502ec7c7008173ed31a043e9e,c7d1df98ca8e3bff7acf84c5766ede7b5d650519c4e4bbfd52ebd7bbee903246,True,True,True,True
10102,overlap,class_entropy,16.0602,0.8257172236503856,0.11756600008538953,0.5822439999292328,1,2,4,False,0,76160daa804b783d26e3c1f857531c4ef41dce7502ec7c7008173ed31a043e9e,c7d1df98ca8e3bff7acf84c5766ede7b5d650519c4e4bbfd52ebd7bbee903246,True,True,True,True
10102,overlap,ec2,16.4519,0.8458560411311054,0.17121799999131326,0.5495629999359153,3,2,1,False,0,76160daa804b783d26e3c1f857531c4ef41dce7502ec7c7008173ed31a043e9e,c7d1df98ca8e3bff7acf84c5766ede7b5d650519c4e4bbfd52ebd7bbee903246,True,True,True,True
10102,overlap,myopic,16.0602,0.8257172236503856,0.10946500003683468,0.7104649999973844,1,2,4,False,27,76160daa804b783d26e3c1f857531c4ef41dce7502ec7c7008173ed31a043e9e,c7d1df98ca8e3bff7acf84c5766ede7b5d650519c4e4bbfd52ebd7bbee903246,True,True,True,True
10102,overlap,lookahead2,16.0602,0.8257172236503856,1.18286499991882,0.7697250000546774,2,2,4,False,228,76160daa804b783d26e3c1f857531c4ef41dce7502ec7c7008173ed31a043e9e,c7d1df98ca8e3bff7acf84c5766ede7b5d650519c4e4bbfd52ebd7bbee903246,True,True,True,True
10102,overlap,exact,16.0602,0.8257172236503856,15.883745000110139,0.8074729998952535,2,2,4,False,2043,76160daa804b783d26e3c1f857531c4ef41dce7502ec7c7008173ed31a043e9e,c7d1df98ca8e3bff7acf84c5766ede7b5d650519c4e4bbfd52ebd7bbee903246,True,True,True,True
10102,overlap,discard_replay,16.0602,0.8257172236503856,5.826523999985511,0.6403700000419121,1,2,4,False,567,76160daa804b783d26e3c1f857531c4ef41dce7502ec7c7008173ed31a043e9e,c7d1df98ca8e3bff7acf84c5766ede7b5d650519c4e4bbfd52ebd7bbee903246,True,True,True,True
10103,overlap,restart,21.45,1.0,0.0,0.7665399999723377,0,3,12,False,0,71764489478320431733f8ae1de04a3ff81dc5c16498bd324a03f70e71a8fce7,cbee744227974e7494253ab92c827cb9200af4aa5004125799822b3495bef37f,True,True,True,True
10103,overlap,conservative,21.45,1.0,0.0,0.5504159998963587,0,3,12,False,0,71764489478320431733f8ae1de04a3ff81dc5c16498bd324a03f70e71a8fce7,cbee744227974e7494253ab92c827cb9200af4aa5004125799822b3495bef37f,True,True,True,True
10103,overlap,point_estimate,13.45,0.627039627039627,0.0,0.6038359999820386,0,2,12,False,0,71764489478320431733f8ae1de04a3ff81dc5c16498bd324a03f70e71a8fce7,cbee744227974e7494253ab92c827cb9200af4aa5004125799822b3495bef37f,True,True,True,True
10103,overlap,random,21.45,1.0,0.05607400009921548,0.7959849999679136,2,3,4,False,0,71764489478320431733f8ae1de04a3ff81dc5c16498bd324a03f70e71a8fce7,cbee744227974e7494253ab92c827cb9200af4aa5004125799822b3495bef37f,True,True,True,True
10103,overlap,graph_entropy,15.61,0.7277389277389278,0.2530779999005972,0.6557960001600804,4,2,1,False,0,71764489478320431733f8ae1de04a3ff81dc5c16498bd324a03f70e71a8fce7,cbee744227974e7494253ab92c827cb9200af4aa5004125799822b3495bef37f,True,True,True,True
10103,overlap,class_entropy,15.171499999999998,0.7072960372960372,0.1269199999569537,0.7761260000052062,2,2,4,False,0,71764489478320431733f8ae1de04a3ff81dc5c16498bd324a03f70e71a8fce7,cbee744227974e7494253ab92c827cb9200af4aa5004125799822b3495bef37f,True,True,True,True
10103,overlap,ec2,15.61,0.7277389277389278,0.2548610002577334,0.6265309997388613,4,2,1,False,0,71764489478320431733f8ae1de04a3ff81dc5c16498bd324a03f70e71a8fce7,cbee744227974e7494253ab92c827cb9200af4aa5004125799822b3495bef37f,True,True,True,True
10103,overlap,myopic,17.1149,0.7978974358974359,0.11020499994174315,0.672800000074858,1,2,4,False,27,71764489478320431733f8ae1de04a3ff81dc5c16498bd324a03f70e71a8fce7,cbee744227974e7494253ab92c827cb9200af4aa5004125799822b3495bef37f,True,True,True,True
10103,overlap,lookahead2,13.45,0.627039627039627,0.9777670001085426,0.7525999998279076,2,2,4,False,209,71764489478320431733f8ae1de04a3ff81dc5c16498bd324a03f70e71a8fce7,cbee744227974e7494253ab92c827cb9200af4aa5004125799822b3495bef37f,True,True,True,True
10103,overlap,exact,13.45,0.627039627039627,15.473270000029515,1.136304999931781,2,2,4,False,2043,71764489478320431733f8ae1de04a3ff81dc5c16498bd324a03f70e71a8fce7,cbee744227974e7494253ab92c827cb9200af4aa5004125799822b3495bef37f,True,True,True,True
10103,overlap,discard_replay,15.171499999999998,0.7072960372960372,6.211200000052486,0.6589089999806674,2,2,4,False,567,71764489478320431733f8ae1de04a3ff81dc5c16498bd324a03f70e71a8fce7,cbee744227974e7494253ab92c827cb9200af4aa5004125799822b3495bef37f,True,True,True,True
10104,overlap,restart,14.45,1.0,0.0,0.5028040000070177,0,3,12,False,0,80bdd349796b7c05fb0de08d22b04e150ea67a894b515aecb4818a92d67e66e4,8d2a99088e9df445e18f0983bb09108b95d4373deea8db7225f5a00e78a8c57f,True,True,True,True
10104,overlap,conservative,14.45,1.0,0.0,0.5103260000396403,0,3,12,False,0,80bdd349796b7c05fb0de08d22b04e150ea67a894b515aecb4818a92d67e66e4,8d2a99088e9df445e18f0983bb09108b95d4373deea8db7225f5a00e78a8c57f,True,True,True,True
10104,overlap,point_estimate,11.45,0.7923875432525952,0.0,0.5705859999807217,0,2,12,False,0,80bdd349796b7c05fb0de08d22b04e150ea67a894b515aecb4818a92d67e66e4,8d2a99088e9df445e18f0983bb09108b95d4373deea8db7225f5a00e78a8c57f,True,True,True,True
10104,overlap,random,19.4594,1.3466712802768166,0.05745699991166475,0.7310860000870889,2,2,4,False,0,80bdd349796b7c05fb0de08d22b04e150ea67a894b515aecb4818a92d67e66e4,8d2a99088e9df445e18f0983bb09108b95d4373deea8db7225f5a00e78a8c57f,True,True,True,True
10104,overlap,graph_entropy,13.735999999999999,0.9505882352941176,0.16997600005197455,0.8888529998785089,3,2,1,False,0,80bdd349796b7c05fb0de08d22b04e150ea67a894b515aecb4818a92d67e66e4,8d2a99088e9df445e18f0983bb09108b95d4373deea8db7225f5a00e78a8c57f,True,True,True,True
10104,overlap,class_entropy,13.3333,0.922719723183391,0.07957999991958786,0.6080210000618536,1,2,4,False,0,80bdd349796b7c05fb0de08d22b04e150ea67a894b515aecb4818a92d67e66e4,8d2a99088e9df445e18f0983bb09108b95d4373deea8db7225f5a00e78a8c57f,True,True,True,True
10104,overlap,ec2,13.735999999999999,0.9505882352941176,0.1703860000361601,0.5880820000356834,3,2,1,False,0,80bdd349796b7c05fb0de08d22b04e150ea67a894b515aecb4818a92d67e66e4,8d2a99088e9df445e18f0983bb09108b95d4373deea8db7225f5a00e78a8c57f,True,True,True,True
10104,overlap,myopic,13.3333,0.922719723183391,0.15890800000306626,0.5682529999830876,1,2,4,False,27,80bdd349796b7c05fb0de08d22b04e150ea67a894b515aecb4818a92d67e66e4,8d2a99088e9df445e18f0983bb09108b95d4373deea8db7225f5a00e78a8c57f,True,True,True,True
10104,overlap,lookahead2,13.3333,0.922719723183391,1.307482000015625,0.7479420000890968,2,2,4,False,228,80bdd349796b7c05fb0de08d22b04e150ea67a894b515aecb4818a92d67e66e4,8d2a99088e9df445e18f0983bb09108b95d4373deea8db7225f5a00e78a8c57f,True,True,True,True
10104,overlap,exact,13.3333,0.922719723183391,17.427169999905345,0.9761060001665101,2,2,4,False,2043,80bdd349796b7c05fb0de08d22b04e150ea67a894b515aecb4818a92d67e66e4,8d2a99088e9df445e18f0983bb09108b95d4373deea8db7225f5a00e78a8c57f,True,True,True,True
10104,overlap,discard_replay,13.3333,0.922719723183391,5.941775999986021,0.5661100000224906,1,2,4,False,567,80bdd349796b7c05fb0de08d22b04e150ea67a894b515aecb4818a92d67e66e4,8d2a99088e9df445e18f0983bb09108b95d4373deea8db7225f5a00e78a8c57f,True,True,True,True
10105,overlap,restart,19.45,1.0,0.0,0.5645470000672503,0,3,12,False,0,4519d93a96269aa23860a337874cf3cd6d81d5896c0b6e95463b83da2aca821c,649e94f3179da862b08364dfb4511cd5c3719bafb8c121af9f1d7101fa7aeb21,True,True,True,True
10105,overlap,conservative,19.45,1.0,0.0,0.5531699999892226,0,3,12,False,0,4519d93a96269aa23860a337874cf3cd6d81d5896c0b6e95463b83da2aca821c,649e94f3179da862b08364dfb4511cd5c3719bafb8c121af9f1d7101fa7aeb21,True,True,True,True
10105,overlap,point_estimate,16.45,0.8457583547557841,0.0,0.5471309999620644,0,2,12,False,0,4519d93a96269aa23860a337874cf3cd6d81d5896c0b6e95463b83da2aca821c,649e94f3179da862b08364dfb4511cd5c3719bafb8c121af9f1d7101fa7aeb21,True,True,True,True
10105,overlap,random,19.45,1.0,0.038428000038948085,0.6335399999670699,1,3,4,False,0,4519d93a96269aa23860a337874cf3cd6d81d5896c0b6e95463b83da2aca821c,649e94f3179da862b08364dfb4511cd5c3719bafb8c121af9f1d7101fa7aeb21,True,True,True,True
10105,overlap,graph_entropy,18.6012,0.9563598971722365,0.21864799998638773,0.6144820000599793,4,2,1,False,0,4519d93a96269aa23860a337874cf3cd6d81d5896c0b6e95463b83da2aca821c,649e94f3179da862b08364dfb4511cd5c3719bafb8c121af9f1d7101fa7aeb21,True,True,True,True
10105,overlap,class_entropy,18.244899999999998,0.9380411311053983,0.1260499999489184,0.6608600000390652,2,2,4,False,0,4519d93a96269aa23860a337874cf3cd6d81d5896c0b6e95463b83da2aca821c,649e94f3179da862b08364dfb4511cd5c3719bafb8c121af9f1d7101fa7aeb21,True,True,True,True
10105,overlap,ec2,18.6012,0.9563598971722365,0.21419099994091084,0.5707870000151161,4,2,1,False,0,4519d93a96269aa23860a337874cf3cd6d81d5896c0b6e95463b83da2aca821c,649e94f3179da862b08364dfb4511cd5c3719bafb8c121af9f1d7101fa7aeb21,True,True,True,True
10105,overlap,myopic,17.6671,0.9083341902313625,0.15970999982073408,0.6442560001005404,2,2,4,False,42,4519d93a96269aa23860a337874cf3cd6d81d5896c0b6e95463b83da2aca821c,649e94f3179da862b08364dfb4511cd5c3719bafb8c121af9f1d7101fa7aeb21,True,True,True,True
10105,overlap,lookahead2,17.6671,0.9083341902313625,0.9242170000334227,0.6824939999887647,2,2,4,False,214,4519d93a96269aa23860a337874cf3cd6d81d5896c0b6e95463b83da2aca821c,649e94f3179da862b08364dfb4511cd5c3719bafb8c121af9f1d7101fa7aeb21,True,True,True,True
10105,overlap,exact,17.6671,0.9083341902313625,15.615113000080783,0.753218999989258,2,2,4,False,2043,4519d93a96269aa23860a337874cf3cd6d81d5896c0b6e95463b83da2aca821c,649e94f3179da862b08364dfb4511cd5c3719bafb8c121af9f1d7101fa7aeb21,True,True,True,True
10105,overlap,discard_replay,18.244899999999998,0.9380411311053983,6.766192999862142,0.6292250001251887,2,2,4,False,567,4519d93a96269aa23860a337874cf3cd6d81d5896c0b6e95463b83da2aca821c,649e94f3179da862b08364dfb4511cd5c3719bafb8c121af9f1d7101fa7aeb21,True,True,True,True
10106,overlap,restart,24.45,1.0,0.0,0.6128500000386339,0,3,12,False,0,c79ea92540c4cdd9f2db251fee63feb5a44db2f06d9de7a021655f1d3b3cdf52,d462efcc7a9dfed9eeb1f55ceb4b8e98012b48992266b0a632b2df54ab4c859e,True,True,True,True
10106,overlap,conservative,24.45,1.0,0.0,0.5709270000124889,0,3,12,False,0,c79ea92540c4cdd9f2db251fee63feb5a44db2f06d9de7a021655f1d3b3cdf52,d462efcc7a9dfed9eeb1f55ceb4b8e98012b48992266b0a632b2df54ab4c859e,True,True,True,True
10106,overlap,point_estimate,17.45,0.7137014314928425,0.0,0.49426199996105424,0,2,12,False,0,c79ea92540c4cdd9f2db251fee63feb5a44db2f06d9de7a021655f1d3b3cdf52,d462efcc7a9dfed9eeb1f55ceb4b8e98012b48992266b0a632b2df54ab4c859e,True,True,True,True
10106,overlap,random,20.9376,0.8563435582822087,0.05333100000370905,1.3627940001015304,2,2,4,False,0,c79ea92540c4cdd9f2db251fee63feb5a44db2f06d9de7a021655f1d3b3cdf52,d462efcc7a9dfed9eeb1f55ceb4b8e98012b48992266b0a632b2df54ab4c859e,True,True,True,True
10106,overlap,graph_entropy,28.235699999999998,1.1548343558282208,0.22066300016376772,0.6862179998279316,4,3,1,False,0,c79ea92540c4cdd9f2db251fee63feb5a44db2f06d9de7a021655f1d3b3cdf52,d462efcc7a9dfed9eeb1f55ceb4b8e98012b48992266b0a632b2df54ab4c859e,True,True,True,True
10106,overlap,class_entropy,27.9376,1.142642126789366,0.12749100005748915,0.8588299998564253,2,3,4,False,0,c79ea92540c4cdd9f2db251fee63feb5a44db2f06d9de7a021655f1d3b3cdf52,d462efcc7a9dfed9eeb1f55ceb4b8e98012b48992266b0a632b2df54ab4c859e,True,True,True,True
10106,overlap,ec2,28.235699999999998,1.1548343558282208,0.19641500000489032,0.695062999966467,4,3,1,False,0,c79ea92540c4cdd9f2db251fee63feb5a44db2f06d9de7a021655f1d3b3cdf52,d462efcc7a9dfed9eeb1f55ceb4b8e98012b48992266b0a632b2df54ab4c859e,True,True,True,True
10106,overlap,myopic,24.45,1.0,0.07475200004591898,0.5638359999693421,0,3,12,False,19,c79ea92540c4cdd9f2db251fee63feb5a44db2f06d9de7a021655f1d3b3cdf52,d462efcc7a9dfed9eeb1f55ceb4b8e98012b48992266b0a632b2df54ab4c859e,True,True,True,True
10106,overlap,lookahead2,17.45,0.7137014314928425,1.0256000000481436,0.7293940000181465,2,2,4,False,209,c79ea92540c4cdd9f2db251fee63feb5a44db2f06d9de7a021655f1d3b3cdf52,d462efcc7a9dfed9eeb1f55ceb4b8e98012b48992266b0a632b2df54ab4c859e,True,True,True,True
10106,overlap,exact,17.45,0.7137014314928425,18.81639499981702,0.83133800012547,2,2,4,False,2043,c79ea92540c4cdd9f2db251fee63feb5a44db2f06d9de7a021655f1d3b3cdf52,d462efcc7a9dfed9eeb1f55ceb4b8e98012b48992266b0a632b2df54ab4c859e,True,True,True,True
10106,overlap,discard_replay,24.45,1.0,5.7761169999821504,0.561762999950588,0,3,12,False,567,c79ea92540c4cdd9f2db251fee63feb5a44db2f06d9de7a021655f1d3b3cdf52,d462efcc7a9dfed9eeb1f55ceb4b8e98012b48992266b0a632b2df54ab4c859e,True,True,True,True
10107,overlap,restart,20.45,1.0,0.0,0.406199999929413,0,3,12,False,0,6070ff68c4ca7324c6aabd1c98ba1d2239c5f553c21636b1c0d833eae2675165,fd8a9fd4c1686be30233d7be72cf1224dccb7ecbe90b5d8d7d47760d348e8b3e,True,True,True,True
10107,overlap,conservative,20.45,1.0,0.0,0.5301649999864821,0,3,12,False,0,6070ff68c4ca7324c6aabd1c98ba1d2239c5f553c21636b1c0d833eae2675165,fd8a9fd4c1686be30233d7be72cf1224dccb7ecbe90b5d8d7d47760d348e8b3e,True,True,True,True
10107,overlap,point_estimate,11.45,0.5599022004889975,0.0,0.6342919999724472,0,2,12,False,0,6070ff68c4ca7324c6aabd1c98ba1d2239c5f553c21636b1c0d833eae2675165,82151af5c53b4d581ab5384dd2e2ed53675ac64860bb560c63c1fa75cb5d0e74,False,False,False,False
10107,overlap,random,17.7065,0.865843520782396,0.04746100000829756,0.5854789999375498,2,2,2,False,0,6070ff68c4ca7324c6aabd1c98ba1d2239c5f553c21636b1c0d833eae2675165,fd8a9fd4c1686be30233d7be72cf1224dccb7ecbe90b5d8d7d47760d348e8b3e,True,True,True,True
10107,overlap,graph_entropy,18.023999999999997,0.8813691931540342,0.1866109998900356,0.6421530001716746,3,2,1,False,0,6070ff68c4ca7324c6aabd1c98ba1d2239c5f553c21636b1c0d833eae2675165,fd8a9fd4c1686be30233d7be72cf1224dccb7ecbe90b5d8d7d47760d348e8b3e,True,True,True,True
10107,overlap,class_entropy,17.5004,0.8557652811735941,0.09970000007797353,0.6817829998908564,1,2,4,False,0,6070ff68c4ca7324c6aabd1c98ba1d2239c5f553c21636b1c0d833eae2675165,fd8a9fd4c1686be30233d7be72cf1224dccb7ecbe90b5d8d7d47760d348e8b3e,True,True,True,True
10107,overlap,ec2,18.023999999999997,0.8813691931540342,0.16801199990368332,0.576865000084581,3,2,1,False,0,6070ff68c4ca7324c6aabd1c98ba1d2239c5f553c21636b1c0d833eae2675165,fd8a9fd4c1686be30233d7be72cf1224dccb7ecbe90b5d8d7d47760d348e8b3e,True,True,True,True
10107,overlap,myopic,18.2625,0.8930317848410758,0.16161200005626597,0.6928309999238991,2,2,4,False,42,6070ff68c4ca7324c6aabd1c98ba1d2239c5f553c21636b1c0d833eae2675165,fd8a9fd4c1686be30233d7be72cf1224dccb7ecbe90b5d8d7d47760d348e8b3e,True,True,True,True
10107,overlap,lookahead2,17.5004,0.8557652811735941,1.0208229999761897,0.711517000013373,2,2,4,False,228,6070ff68c4ca7324c6aabd1c98ba1d2239c5f553c21636b1c0d833eae2675165,fd8a9fd4c1686be30233d7be72cf1224dccb7ecbe90b5d8d7d47760d348e8b3e,True,True,True,True
10107,overlap,exact,17.5004,0.8557652811735941,15.408021999974153,0.7711160000098971,2,2,4,False,2043,6070ff68c4ca7324c6aabd1c98ba1d2239c5f553c21636b1c0d833eae2675165,fd8a9fd4c1686be30233d7be72cf1224dccb7ecbe90b5d8d7d47760d348e8b3e,True,True,True,True
10107,overlap,discard_replay,19.3129,0.9443960880195599,7.391381000161346,0.7103559998995479,2,2,4,False,567,6070ff68c4ca7324c6aabd1c98ba1d2239c5f553c21636b1c0d833eae2675165,fd8a9fd4c1686be30233d7be72cf1224dccb7ecbe90b5d8d7d47760d348e8b3e,True,True,True,True
10108,overlap,restart,21.45,1.0,0.0,0.5140019999316792,0,3,12,False,0,48cab39a61545fb07223ad73947f4e996693ecb29078c2f68d132c6972002304,654141098104c8f940c7c44d16f7ebbc93684b4ab911ae8a5a5dd4d8778a180c,True,True,True,True
10108,overlap,conservative,21.45,1.0,0.0,0.511318000008032,0,3,12,False,0,48cab39a61545fb07223ad73947f4e996693ecb29078c2f68d132c6972002304,654141098104c8f940c7c44d16f7ebbc93684b4ab911ae8a5a5dd4d8778a180c,True,True,True,True
10108,overlap,point_estimate,13.45,0.627039627039627,0.0,0.5336010000291935,0,2,12,False,0,48cab39a61545fb07223ad73947f4e996693ecb29078c2f68d132c6972002304,654141098104c8f940c7c44d16f7ebbc93684b4ab911ae8a5a5dd4d8778a180c,True,True,True,True
10108,overlap,random,26.481599999999997,1.2345734265734265,0.09799800000109826,0.6702250000216736,3,3,2,False,0,48cab39a61545fb07223ad73947f4e996693ecb29078c2f68d132c6972002304,654141098104c8f940c7c44d16f7ebbc93684b4ab911ae8a5a5dd4d8778a180c,True,True,True,True
10108,overlap,graph_entropy,19.9892,0.9318974358974359,0.21793700000216631,0.7677520000015647,4,2,1,False,0,48cab39a61545fb07223ad73947f4e996693ecb29078c2f68d132c6972002304,654141098104c8f940c7c44d16f7ebbc93684b4ab911ae8a5a5dd4d8778a180c,True,True,True,True
10108,overlap,class_entropy,19.6372,0.9154871794871795,0.14461700004630984,0.6944419999399543,2,2,4,False,0,48cab39a61545fb07223ad73947f4e996693ecb29078c2f68d132c6972002304,654141098104c8f940c7c44d16f7ebbc93684b4ab911ae8a5a5dd4d8778a180c,True,True,True,True
10108,overlap,ec2,19.9892,0.9318974358974359,0.19593399997575034,0.6220029999894905,4,2,1,False,0,48cab39a61545fb07223ad73947f4e996693ecb29078c2f68d132c6972002304,654141098104c8f940c7c44d16f7ebbc93684b4ab911ae8a5a5dd4d8778a180c,True,True,True,True
10108,overlap,myopic,14.102,0.6574358974358975,0.1587179999660293,0.849435000077392,2,2,4,False,40,48cab39a61545fb07223ad73947f4e996693ecb29078c2f68d132c6972002304,654141098104c8f940c7c44d16f7ebbc93684b4ab911ae8a5a5dd4d8778a180c,True,True,True,True
10108,overlap,lookahead2,14.101999999999999,0.6574358974358974,1.0611810000682453,0.7041689999596201,2,2,4,False,228,48cab39a61545fb07223ad73947f4e996693ecb29078c2f68d132c6972002304,654141098104c8f940c7c44d16f7ebbc93684b4ab911ae8a5a5dd4d8778a180c,True,True,True,True
10108,overlap,exact,14.101999999999999,0.6574358974358974,15.753679000113152,0.9457309998879282,2,2,4,False,2043,48cab39a61545fb07223ad73947f4e996693ecb29078c2f68d132c6972002304,654141098104c8f940c7c44d16f7ebbc93684b4ab911ae8a5a5dd4d8778a180c,True,True,True,True
10108,overlap,discard_replay,19.6372,0.9154871794871795,5.926714999986871,0.7110560000000987,2,2,4,False,567,48cab39a61545fb07223ad73947f4e996693ecb29078c2f68d132c6972002304,654141098104c8f940c7c44d16f7ebbc93684b4ab911ae8a5a5dd4d8778a180c,True,True,True,True
10109,overlap,restart,14.45,1.0,0.0,0.520130999916546,0,3,12,False,0,8acb6316b07ecb1154a0f9f1d3faee6b75dfd64acb349e47d5cbac9d901e17f2,85ec12517820adabb87d699ecd1dd64bf344fec3bda6a93030659623ba9a58e5,True,True,True,True
10109,overlap,conservative,14.45,1.0,0.0,0.507341999991695,0,3,12,False,0,8acb6316b07ecb1154a0f9f1d3faee6b75dfd64acb349e47d5cbac9d901e17f2,85ec12517820adabb87d699ecd1dd64bf344fec3bda6a93030659623ba9a58e5,True,True,True,True
10109,overlap,point_estimate,10.45,0.7231833910034602,0.0,0.5526189999045528,0,2,12,False,0,8acb6316b07ecb1154a0f9f1d3faee6b75dfd64acb349e47d5cbac9d901e17f2,85ec12517820adabb87d699ecd1dd64bf344fec3bda6a93030659623ba9a58e5,True,True,True,True
10109,overlap,random,15.2609,1.0561176470588236,0.09111599990774266,0.6515680000802604,1,2,4,False,0,8acb6316b07ecb1154a0f9f1d3faee6b75dfd64acb349e47d5cbac9d901e17f2,85ec12517820adabb87d699ecd1dd64bf344fec3bda6a93030659623ba9a58e5,True,True,True,True
10109,overlap,graph_entropy,14.8897,1.0304290657439445,0.17631399975925888,0.6510870002784941,3,3,1,False,0,8acb6316b07ecb1154a0f9f1d3faee6b75dfd64acb349e47d5cbac9d901e17f2,85ec12517820adabb87d699ecd1dd64bf344fec3bda6a93030659623ba9a58e5,True,True,True,True
10109,overlap,class_entropy,14.45,1.0,0.11799699996117852,0.6388080000760965,1,3,4,False,0,8acb6316b07ecb1154a0f9f1d3faee6b75dfd64acb349e47d5cbac9d901e17f2,85ec12517820adabb87d699ecd1dd64bf344fec3bda6a93030659623ba9a58e5,True,True,True,True
10109,overlap,ec2,14.8897,1.0304290657439445,0.17468999999437074,0.6201420000024882,3,3,1,False,0,8acb6316b07ecb1154a0f9f1d3faee6b75dfd64acb349e47d5cbac9d901e17f2,85ec12517820adabb87d699ecd1dd64bf344fec3bda6a93030659623ba9a58e5,True,True,True,True
10109,overlap,myopic,14.45,1.0,0.07763600001453597,0.559100000032231,0,3,12,False,19,8acb6316b07ecb1154a0f9f1d3faee6b75dfd64acb349e47d5cbac9d901e17f2,85ec12517820adabb87d699ecd1dd64bf344fec3bda6a93030659623ba9a58e5,True,True,True,True
10109,overlap,lookahead2,10.45,0.7231833910034602,1.1582670000507278,0.7930309999437668,2,2,4,False,209,8acb6316b07ecb1154a0f9f1d3faee6b75dfd64acb349e47d5cbac9d901e17f2,85ec12517820adabb87d699ecd1dd64bf344fec3bda6a93030659623ba9a58e5,True,True,True,True
10109,overlap,exact,10.45,0.7231833910034602,15.45717599992713,0.7916980000572948,2,2,4,False,2043,8acb6316b07ecb1154a0f9f1d3faee6b75dfd64acb349e47d5cbac9d901e17f2,85ec12517820adabb87d699ecd1dd64bf344fec3bda6a93030659623ba9a58e5,True,True,True,True
10109,overlap,discard_replay,14.45,1.0,5.990548999989187,0.5366049999793177,0,3,12,False,567,8acb6316b07ecb1154a0f9f1d3faee6b75dfd64acb349e47d5cbac9d901e17f2,85ec12517820adabb87d699ecd1dd64bf344fec3bda6a93030659623ba9a58e5,True,True,True,True
10110,overlap,restart,19.45,1.0,0.0,0.5785480000213283,0,3,12,False,0,a17a19424d8cdb58f9283aafea2f92dfa3fc5690f83f8b26d5673ad7cb26c9c3,3312803dcbcef0f0b649d7c9dfd94c8cfff5c2bb7f23b580449e0f8d011daab4,True,True,True,True
10110,overlap,conservative,19.45,1.0,0.0,0.4710069999873667,0,3,12,False,0,a17a19424d8cdb58f9283aafea2f92dfa3fc5690f83f8b26d5673ad7cb26c9c3,3312803dcbcef0f0b649d7c9dfd94c8cfff5c2bb7f23b580449e0f8d011daab4,True,True,True,True
10110,overlap,point_estimate,14.45,0.7429305912596401,0.0,0.5054480000126205,0,2,12,False,0,a17a19424d8cdb58f9283aafea2f92dfa3fc5690f83f8b26d5673ad7cb26c9c3,3312803dcbcef0f0b649d7c9dfd94c8cfff5c2bb7f23b580449e0f8d011daab4,True,True,True,True
10110,overlap,random,15.665399999999998,0.8054190231362467,0.06746099984411558,0.7249280000678482,3,2,2,False,0,a17a19424d8cdb58f9283aafea2f92dfa3fc5690f83f8b26d5673ad7cb26c9c3,3312803dcbcef0f0b649d7c9dfd94c8cfff5c2bb7f23b580449e0f8d011daab4,True,True,True,True
10110,overlap,graph_entropy,20.816799999999997,1.0702724935732646,0.4599609999331733,0.7781670000213126,4,2,1,False,0,a17a19424d8cdb58f9283aafea2f92dfa3fc5690f83f8b26d5673ad7cb26c9c3,3312803dcbcef0f0b649d7c9dfd94c8cfff5c2bb7f23b580449e0f8d011daab4,True,True,True,True
10110,overlap,class_entropy,20.1979,1.038452442159383,0.13239900010830752,0.7192089998397933,2,2,4,False,0,a17a19424d8cdb58f9283aafea2f92dfa3fc5690f83f8b26d5673ad7cb26c9c3,3312803dcbcef0f0b649d7c9dfd94c8cfff5c2bb7f23b580449e0f8d011daab4,True,True,True,True
10110,overlap,ec2,20.816799999999997,1.0702724935732646,0.19382100003895175,0.7353129999501107,4,2,1,False,0,a17a19424d8cdb58f9283aafea2f92dfa3fc5690f83f8b26d5673ad7cb26c9c3,3312803dcbcef0f0b649d7c9dfd94c8cfff5c2bb7f23b580449e0f8d011daab4,True,True,True,True
10110,overlap,myopic,19.45,1.0,0.07765600003040163,0.6022149999580506,0,3,12,False,19,a17a19424d8cdb58f9283aafea2f92dfa3fc5690f83f8b26d5673ad7cb26c9c3,3312803dcbcef0f0b649d7c9dfd94c8cfff5c2bb7f23b580449e0f8d011daab4,True,True,True,True
10110,overlap,lookahead2,14.45,0.7429305912596401,0.9454769999592827,0.8296360000485947,2,2,4,False,209,a17a19424d8cdb58f9283aafea2f92dfa3fc5690f83f8b26d5673ad7cb26c9c3,3312803dcbcef0f0b649d7c9dfd94c8cfff5c2bb7f23b580449e0f8d011daab4,True,True,True,True
10110,overlap,exact,14.45,0.7429305912596401,15.815498000051775,1.0415329999204914,2,2,4,False,2043,a17a19424d8cdb58f9283aafea2f92dfa3fc5690f83f8b26d5673ad7cb26c9c3,3312803dcbcef0f0b649d7c9dfd94c8cfff5c2bb7f23b580449e0f8d011daab4,True,True,True,True
10110,overlap,discard_replay,19.3006,0.992318766066838,6.473674999938339,0.8660000000872969,1,2,4,False,567,a17a19424d8cdb58f9283aafea2f92dfa3fc5690f83f8b26d5673ad7cb26c9c3,3312803dcbcef0f0b649d7c9dfd94c8cfff5c2bb7f23b580449e0f8d011daab4,True,True,True,True
10111,overlap,restart,21.45,1.0,0.0,0.80806300002223,0,3,12,False,0,1c9f81ec76e367273e405f1541aed9e5fd653ae0c5d81c08df5391da5d6921ed,9da9a4bd1bee63fade13992d8c2685fc6e20b08a0e1c052cb5131da1a814ea88,True,True,True,True
10111,overlap,conservative,21.45,1.0,0.0,0.8550329999934547,0,3,12,False,0,1c9f81ec76e367273e405f1541aed9e5fd653ae0c5d81c08df5391da5d6921ed,9da9a4bd1bee63fade13992d8c2685fc6e20b08a0e1c052cb5131da1a814ea88,True,True,True,True
10111,overlap,point_estimate,17.45,0.8135198135198135,0.0,0.816445000054955,0,2,12,False,0,1c9f81ec76e367273e405f1541aed9e5fd653ae0c5d81c08df5391da5d6921ed,9da9a4bd1bee63fade13992d8c2685fc6e20b08a0e1c052cb5131da1a814ea88,True,True,True,True
10111,overlap,random,20.5093,0.9561445221445222,0.06140200002846541,0.9139109998841377,2,2,2,False,0,1c9f81ec76e367273e405f1541aed9e5fd653ae0c5d81c08df5391da5d6921ed,9da9a4bd1bee63fade13992d8c2685fc6e20b08a0e1c052cb5131da1a814ea88,True,True,True,True
10111,overlap,graph_entropy,21.7345,1.0132634032634034,0.3006419999564969,0.8641550000447751,4,2,1,False,0,1c9f81ec76e367273e405f1541aed9e5fd653ae0c5d81c08df5391da5d6921ed,9da9a4bd1bee63fade13992d8c2685fc6e20b08a0e1c052cb5131da1a814ea88,True,True,True,True
10111,overlap,class_entropy,21.4353,0.9993146853146854,0.23383200004900573,0.877975999969749,2,2,4,False,0,1c9f81ec76e367273e405f1541aed9e5fd653ae0c5d81c08df5391da5d6921ed,9da9a4bd1bee63fade13992d8c2685fc6e20b08a0e1c052cb5131da1a814ea88,True,True,True,True
10111,overlap,ec2,21.7345,1.0132634032634034,0.27990099977159844,1.0271610002519083,4,2,1,False,0,1c9f81ec76e367273e405f1541aed9e5fd653ae0c5d81c08df5391da5d6921ed,9da9a4bd1bee63fade13992d8c2685fc6e20b08a0e1c052cb5131da1a814ea88,True,True,True,True
10111,overlap,myopic,18.4903,0.8620186480186481,0.268053000013424,0.8707760000561393,2,2,4,False,40,1c9f81ec76e367273e405f1541aed9e5fd653ae0c5d81c08df5391da5d6921ed,9da9a4bd1bee63fade13992d8c2685fc6e20b08a0e1c052cb5131da1a814ea88,True,True,True,True
10111,overlap,lookahead2,18.4903,0.8620186480186481,1.2401419999150676,0.9182070000406384,2,2,4,False,228,1c9f81ec76e367273e405f1541aed9e5fd653ae0c5d81c08df5391da5d6921ed,9da9a4bd1bee63fade13992d8c2685fc6e20b08a0e1c052cb5131da1a814ea88,True,True,True,True
10111,overlap,exact,18.4903,0.8620186480186481,15.945619000035549,0.9791889999632986,2,2,4,False,2043,1c9f81ec76e367273e405f1541aed9e5fd653ae0c5d81c08df5391da5d6921ed,9da9a4bd1bee63fade13992d8c2685fc6e20b08a0e1c052cb5131da1a814ea88,True,True,True,True
10111,overlap,discard_replay,20.395,0.9508158508158508,8.183389999999235,1.121562999969683,1,2,4,False,567,1c9f81ec76e367273e405f1541aed9e5fd653ae0c5d81c08df5391da5d6921ed,9da9a4bd1bee63fade13992d8c2685fc6e20b08a0e1c052cb5131da1a814ea88,True,True,True,True
10112,overlap,restart,20.45,1.0,0.0,0.7676819999460349,0,3,12,False,0,7347f08ce1663c0f098d04858a567341421370c684596c893313123ac2491508,47ca67585dfed39dfe2179a413e4de3cb6dac1202b13bbd68f52ed805ff5ae13,True,True,True,True
10112,overlap,conservative,20.45,1.0,0.0,0.4663500000106069,0,3,12,False,0,7347f08ce1663c0f098d04858a567341421370c684596c893313123ac2491508,47ca67585dfed39dfe2179a413e4de3cb6dac1202b13bbd68f52ed805ff5ae13,True,True,True,True
10112,overlap,point_estimate,14.45,0.706601466992665,0.0,0.8526389999587991,0,2,12,False,0,7347f08ce1663c0f098d04858a567341421370c684596c893313123ac2491508,47ca67585dfed39dfe2179a413e4de3cb6dac1202b13bbd68f52ed805ff5ae13,True,True,True,True
10112,overlap,random,22.4903,1.0997701711491443,0.03591399990909849,0.8633749999944484,1,2,4,False,0,7347f08ce1663c0f098d04858a567341421370c684596c893313123ac2491508,47ca67585dfed39dfe2179a413e4de3cb6dac1202b13bbd68f52ed805ff5ae13,True,True,True,True
10112,overlap,graph_entropy,20.663999999999998,1.0104645476772616,0.3350429999500193,0.8548930001097688,4,2,1,False,0,7347f08ce1663c0f098d04858a567341421370c684596c893313123ac2491508,47ca67585dfed39dfe2179a413e4de3cb6dac1202b13bbd68f52ed805ff5ae13,True,True,True,True
10112,overlap,class_entropy,20.3147,0.9933838630806846,0.22456699991835194,0.8775870001045405,2,2,4,False,0,7347f08ce1663c0f098d04858a567341421370c684596c893313123ac2491508,47ca67585dfed39dfe2179a413e4de3cb6dac1202b13bbd68f52ed805ff5ae13,True,True,True,True
10112,overlap,ec2,20.663999999999998,1.0104645476772616,0.2891750000344473,0.8548309999696357,4,2,1,False,0,7347f08ce1663c0f098d04858a567341421370c684596c893313123ac2491508,47ca67585dfed39dfe2179a413e4de3cb6dac1202b13bbd68f52ed805ff5ae13,True,True,True,True
10112,overlap,myopic,20.45,1.0,0.1191189999190101,0.7105560000582045,0,3,12,False,19,7347f08ce1663c0f098d04858a567341421370c684596c893313123ac2491508,47ca67585dfed39dfe2179a413e4de3cb6dac1202b13bbd68f52ed805ff5ae13,True,True,True,True
10112,overlap,lookahead2,14.45,0.706601466992665,1.0601199998063748,0.8670120002989279,2,2,4,False,209,7347f08ce1663c0f098d04858a567341421370c684596c893313123ac2491508,47ca67585dfed39dfe2179a413e4de3cb6dac1202b13bbd68f52ed805ff5ae13,True,True,True,True
10112,overlap,exact,14.45,0.706601466992665,15.484335999985888,1.0770270000648452,2,2,4,False,2043,7347f08ce1663c0f098d04858a567341421370c684596c893313123ac2491508,47ca67585dfed39dfe2179a413e4de3cb6dac1202b13bbd68f52ed805ff5ae13,True,True,True,True
10112,overlap,discard_replay,20.3147,0.9933838630806846,5.715175999966959,0.8778580000807779,2,2,4,False,567,7347f08ce1663c0f098d04858a567341421370c684596c893313123ac2491508,47ca67585dfed39dfe2179a413e4de3cb6dac1202b13bbd68f52ed805ff5ae13,True,True,True,True
10113,overlap,restart,19.45,1.0,0.0,0.770786999964912,0,3,12,False,0,9f27da693ee16dfb7b6db763fdf915f2768d8d42736387c4a60a842c4a440631,9fa7b51a46ecd8373ff1d3c65d48243d1bd2b028d5d5da67aed40e05a89b7c9c,True,True,True,True
10113,overlap,conservative,19.45,1.0,0.0,0.7980279999628692,0,3,12,False,0,9f27da693ee16dfb7b6db763fdf915f2768d8d42736387c4a60a842c4a440631,9fa7b51a46ecd8373ff1d3c65d48243d1bd2b028d5d5da67aed40e05a89b7c9c,True,True,True,True
10113,overlap,point_estimate,15.45,0.794344473007712,0.0,1.0673020000240285,0,2,12,False,0,9f27da693ee16dfb7b6db763fdf915f2768d8d42736387c4a60a842c4a440631,740d49c987321b47233ad6e92925aeea629def8bcde5355f49b53c2d0ea7e9e8,False,False,False,False
10113,overlap,random,23.9138,1.2295012853470437,0.07801700007803447,0.9346129999130426,4,3,1,False,0,9f27da693ee16dfb7b6db763fdf915f2768d8d42736387c4a60a842c4a440631,9fa7b51a46ecd8373ff1d3c65d48243d1bd2b028d5d5da67aed40e05a89b7c9c,True,True,True,True
10113,overlap,graph_entropy,18.6756,0.9601850899742931,0.3022930000042834,0.9425050000118063,4,2,1,False,0,9f27da693ee16dfb7b6db763fdf915f2768d8d42736387c4a60a842c4a440631,9fa7b51a46ecd8373ff1d3c65d48243d1bd2b028d5d5da67aed40e05a89b7c9c,True,True,True,True
10113,overlap,class_entropy,18.1613,0.9337429305912597,0.23272900000392838,0.751107000041884,2,2,4,False,0,9f27da693ee16dfb7b6db763fdf915f2768d8d42736387c4a60a842c4a440631,9fa7b51a46ecd8373ff1d3c65d48243d1bd2b028d5d5da67aed40e05a89b7c9c,True,True,True,True
10113,overlap,ec2,18.6756,0.9601850899742931,0.25972900004944677,0.7888039999670582,4,2,1,False,0,9f27da693ee16dfb7b6db763fdf915f2768d8d42736387c4a60a842c4a440631,9fa7b51a46ecd8373ff1d3c65d48243d1bd2b028d5d5da67aed40e05a89b7c9c,True,True,True,True
10113,overlap,myopic,20.9287,1.076025706940874,0.3525490000129139,0.7593399999450412,2,3,4,False,42,9f27da693ee16dfb7b6db763fdf915f2768d8d42736387c4a60a842c4a440631,9fa7b51a46ecd8373ff1d3c65d48243d1bd2b028d5d5da67aed40e05a89b7c9c,True,True,True,True
10113,overlap,lookahead2,19.45,1.0,0.8444669999789767,0.7177570000749256,1,3,4,False,155,9f27da693ee16dfb7b6db763fdf915f2768d8d42736387c4a60a842c4a440631,9fa7b51a46ecd8373ff1d3c65d48243d1bd2b028d5d5da67aed40e05a89b7c9c,True,True,True,True
10113,overlap,exact,19.45,1.0,15.53945799992107,0.8799110000836663,1,3,4,False,2043,9f27da693ee16dfb7b6db763fdf915f2768d8d42736387c4a60a842c4a440631,9fa7b51a46ecd8373ff1d3c65d48243d1bd2b028d5d5da67aed40e05a89b7c9c,True,True,True,True
10113,overlap,discard_replay,18.1613,0.9337429305912597,5.868797000061932,0.8735899999692265,2,2,4,False,567,9f27da693ee16dfb7b6db763fdf915f2768d8d42736387c4a60a842c4a440631,9fa7b51a46ecd8373ff1d3c65d48243d1bd2b028d5d5da67aed40e05a89b7c9c,True,True,True,True
10114,overlap,restart,11.45,1.0,0.0,0.7249249999858876,0,3,12,False,0,b4b54aa90e1fb00030165b30fdf266cbd6d8e861e1299aca6b34b2d268d98734,acad697986099825156243573e0fb0202c209ba5ffaf0f89e125fcef42d17bf7,True,True,True,True
10114,overlap,conservative,11.45,1.0,0.0,0.746477000006962,0,3,12,False,0,b4b54aa90e1fb00030165b30fdf266cbd6d8e861e1299aca6b34b2d268d98734,acad697986099825156243573e0fb0202c209ba5ffaf0f89e125fcef42d17bf7,True,True,True,True
10114,overlap,point_estimate,8.45,0.7379912663755458,0.0,0.7628619999877628,0,2,12,False,0,b4b54aa90e1fb00030165b30fdf266cbd6d8e861e1299aca6b34b2d268d98734,acad697986099825156243573e0fb0202c209ba5ffaf0f89e125fcef42d17bf7,True,True,True,True
10114,overlap,random,11.7556,1.0266899563318777,0.08368499993594014,0.6053060001249833,2,2,2,False,0,b4b54aa90e1fb00030165b30fdf266cbd6d8e861e1299aca6b34b2d268d98734,acad697986099825156243573e0fb0202c209ba5ffaf0f89e125fcef42d17bf7,True,True,True,True
10114,overlap,graph_entropy,12.6032,1.1007161572052402,0.245179000103235,0.6832619999386225,4,3,1,False,0,b4b54aa90e1fb00030165b30fdf266cbd6d8e861e1299aca6b34b2d268d98734,acad697986099825156243573e0fb0202c209ba5ffaf0f89e125fcef42d17bf7,True,True,True,True
10114,overlap,class_entropy,12.130899999999999,1.0594672489082968,0.13142700004209473,0.652485999921737,2,3,4,False,0,b4b54aa90e1fb00030165b30fdf266cbd6d8e861e1299aca6b34b2d268d98734,acad697986099825156243573e0fb0202c209ba5ffaf0f89e125fcef42d17bf7,True,True,True,True
10114,overlap,ec2,12.6032,1.1007161572052402,0.19426100016062264,0.7065779998356447,4,3,1,False,0,b4b54aa90e1fb00030165b30fdf266cbd6d8e861e1299aca6b34b2d268d98734,acad697986099825156243573e0fb0202c209ba5ffaf0f89e125fcef42d17bf7,True,True,True,True
10114,overlap,myopic,11.45,1.0,0.07705499990606768,0.6556820000014341,0,3,12,False,19,b4b54aa90e1fb00030165b30fdf266cbd6d8e861e1299aca6b34b2d268d98734,acad697986099825156243573e0fb0202c209ba5ffaf0f89e125fcef42d17bf7,True,True,True,True
10114,overlap,lookahead2,9.1309,0.7974585152838429,1.0537989999193087,0.8156400000416397,2,2,4,False,214,b4b54aa90e1fb00030165b30fdf266cbd6d8e861e1299aca6b34b2d268d98734,acad697986099825156243573e0fb0202c209ba5ffaf0f89e125fcef42d17bf7,True,True,True,True
10114,overlap,exact,9.1309,0.7974585152838429,15.653969999902984,0.8358910000652031,2,2,4,False,2043,b4b54aa90e1fb00030165b30fdf266cbd6d8e861e1299aca6b34b2d268d98734,acad697986099825156243573e0fb0202c209ba5ffaf0f89e125fcef42d17bf7,True,True,True,True
10114,overlap,discard_replay,12.130899999999999,1.0594672489082968,5.6095909999385185,0.6231720000187124,2,3,4,False,567,b4b54aa90e1fb00030165b30fdf266cbd6d8e861e1299aca6b34b2d268d98734,acad697986099825156243573e0fb0202c209ba5ffaf0f89e125fcef42d17bf7,True,True,True,True
10115,overlap,restart,16.45,1.0,0.0,0.5067790000339301,0,3,12,False,0,fa47050183a68950128330b98cd17ebf42c5adc132ec8130818a380f4e5339ce,bda3b0d93bf4aa5ebee45f48f6452217f27da895262a2c8ae7e5f3b4ba9ec05f,True,True,True,True
10115,overlap,conservative,16.45,1.0,0.0,0.6943089999822405,0,3,12,False,0,fa47050183a68950128330b98cd17ebf42c5adc132ec8130818a380f4e5339ce,bda3b0d93bf4aa5ebee45f48f6452217f27da895262a2c8ae7e5f3b4ba9ec05f,True,True,True,True
10115,overlap,point_estimate,10.45,0.6352583586626139,0.0,0.5744499999309483,0,2,12,False,0,fa47050183a68950128330b98cd17ebf42c5adc132ec8130818a380f4e5339ce,bda3b0d93bf4aa5ebee45f48f6452217f27da895262a2c8ae7e5f3b4ba9ec05f,True,True,True,True
10115,overlap,random,17.4676,1.0618601823708207,0.10048099989035109,0.736021000193432,3,3,2,False,0,fa47050183a68950128330b98cd17ebf42c5adc132ec8130818a380f4e5339ce,bda3b0d93bf4aa5ebee45f48f6452217f27da895262a2c8ae7e5f3b4ba9ec05f,True,True,True,True
10115,overlap,graph_entropy,13.2555,0.8058054711246201,0.23201700003028236,0.6846359999599372,4,2,1,False,0,fa47050183a68950128330b98cd17ebf42c5adc132ec8130818a380f4e5339ce,bda3b0d93bf4aa5ebee45f48f6452217f27da895262a2c8ae7e5f3b4ba9ec05f,True,True,True,True
10115,overlap,class_entropy,12.975999999999999,0.7888145896656534,0.23043500004860107,0.6275800000139498,2,2,4,False,0,fa47050183a68950128330b98cd17ebf42c5adc132ec8130818a380f4e5339ce,bda3b0d93bf4aa5ebee45f48f6452217f27da895262a2c8ae7e5f3b4ba9ec05f,True,True,True,True
10115,overlap,ec2,13.2555,0.8058054711246201,0.20783099989785114,0.7696830001577837,4,2,1,False,0,fa47050183a68950128330b98cd17ebf42c5adc132ec8130818a380f4e5339ce,bda3b0d93bf4aa5ebee45f48f6452217f27da895262a2c8ae7e5f3b4ba9ec05f,True,True,True,True
10115,overlap,myopic,12.075099999999999,0.734048632218845,0.11796600006164226,0.6188869998595692,1,2,4,False,27,fa47050183a68950128330b98cd17ebf42c5adc132ec8130818a380f4e5339ce,bda3b0d93bf4aa5ebee45f48f6452217f27da895262a2c8ae7e5f3b4ba9ec05f,True,True,True,True
10115,overlap,lookahead2,11.3509,0.6900243161094225,1.0563819998878898,0.7653960001334781,2,2,4,False,228,fa47050183a68950128330b98cd17ebf42c5adc132ec8130818a380f4e5339ce,bda3b0d93bf4aa5ebee45f48f6452217f27da895262a2c8ae7e5f3b4ba9ec05f,True,True,True,True
10115,overlap,exact,11.3509,0.6900243161094225,15.475852999998096,0.854960000083338,2,2,4,False,2043,fa47050183a68950128330b98cd17ebf42c5adc132ec8130818a380f4e5339ce,bda3b0d93bf4aa5ebee45f48f6452217f27da895262a2c8ae7e5f3b4ba9ec05f,True,True,True,True
10115,overlap,discard_replay,12.975999999999999,0.7888145896656534,7.938255999988542,0.7161930000165739,2,2,4,False,567,fa47050183a68950128330b98cd17ebf42c5adc132ec8130818a380f4e5339ce,bda3b0d93bf4aa5ebee45f48f6452217f27da895262a2c8ae7e5f3b4ba9ec05f,True,True,True,True
10116,overlap,restart,23.45,1.0,0.0,0.5510650000815076,0,3,12,False,0,8f07423cc054bf72e6b472f213e6041749f5611f80d7a4e07287e325fd93d979,a27cf809033b21dc62532cc34155dcf9b48b29b69736307ad0642ec62d940948,True,True,True,True
10116,overlap,conservative,23.45,1.0,0.0,0.6859869999971124,0,3,12,False,0,8f07423cc054bf72e6b472f213e6041749f5611f80d7a4e07287e325fd93d979,a27cf809033b21dc62532cc34155dcf9b48b29b69736307ad0642ec62d940948,True,True,True,True
10116,overlap,point_estimate,16.45,0.7014925373134329,0.0,0.8083299999270821,0,2,12,False,0,8f07423cc054bf72e6b472f213e6041749f5611f80d7a4e07287e325fd93d979,a27cf809033b21dc62532cc34155dcf9b48b29b69736307ad0642ec62d940948,True,True,True,True
10116,overlap,random,23.6399,1.0080980810234543,0.04936399989219353,0.7754910000130621,2,3,2,False,0,8f07423cc054bf72e6b472f213e6041749f5611f80d7a4e07287e325fd93d979,a27cf809033b21dc62532cc34155dcf9b48b29b69736307ad0642ec62d940948,True,True,True,True
10116,overlap,graph_entropy,18.1692,0.7748059701492538,0.21870700004456012,0.6820920000336628,3,2,1,False,0,8f07423cc054bf72e6b472f213e6041749f5611f80d7a4e07287e325fd93d979,a27cf809033b21dc62532cc34155dcf9b48b29b69736307ad0642ec62d940948,True,True,True,True
10116,overlap,class_entropy,17.6634,0.7532366737739872,0.08137199995417177,0.6564029999935883,1,2,4,False,0,8f07423cc054bf72e6b472f213e6041749f5611f80d7a4e07287e325fd93d979,a27cf809033b21dc62532cc34155dcf9b48b29b69736307ad0642ec62d940948,True,True,True,True
10116,overlap,ec2,18.1692,0.7748059701492538,0.19225799997002468,0.6872089999205855,3,2,1,False,0,8f07423cc054bf72e6b472f213e6041749f5611f80d7a4e07287e325fd93d979,a27cf809033b21dc62532cc34155dcf9b48b29b69736307ad0642ec62d940948,True,True,True,True
10116,overlap,myopic,17.6634,0.7532366737739872,0.12681999987762538,0.5995970001322348,1,2,4,False,27,8f07423cc054bf72e6b472f213e6041749f5611f80d7a4e07287e325fd93d979,a27cf809033b21dc62532cc34155dcf9b48b29b69736307ad0642ec62d940948,True,True,True,True
10116,overlap,lookahead2,17.6634,0.7532366737739872,1.0019000000056622,0.7320270000263918,2,2,4,False,228,8f07423cc054bf72e6b472f213e6041749f5611f80d7a4e07287e325fd93d979,a27cf809033b21dc62532cc34155dcf9b48b29b69736307ad0642ec62d940948,True,True,True,True
10116,overlap,exact,17.6634,0.7532366737739872,15.893108000113898,0.933567999936713,2,2,4,False,2043,8f07423cc054bf72e6b472f213e6041749f5611f80d7a4e07287e325fd93d979,a27cf809033b21dc62532cc34155dcf9b48b29b69736307ad0642ec62d940948,True,True,True,True
10116,overlap,discard_replay,17.6634,0.7532366737739872,6.012272000020857,0.6401089999599208,1,2,4,False,567,8f07423cc054bf72e6b472f213e6041749f5611f80d7a4e07287e325fd93d979,a27cf809033b21dc62532cc34155dcf9b48b29b69736307ad0642ec62d940948,True,True,True,True
10117,overlap,restart,19.45,1.0,0.0,0.6187359999785258,0,3,12,False,0,49ea460cd08b3854bb5258963cedb9c7e9f564a584a31a9314427ce27b734478,04b7008ab5922020cae3dae59e2e0221e2f1c04e408fc20f4b267c990a503ea1,True,True,True,True
10117,overlap,conservative,19.45,1.0,0.0,0.5392679998976746,0,3,12,False,0,49ea460cd08b3854bb5258963cedb9c7e9f564a584a31a9314427ce27b734478,04b7008ab5922020cae3dae59e2e0221e2f1c04e408fc20f4b267c990a503ea1,True,True,True,True
10117,overlap,point_estimate,15.45,0.794344473007712,0.0,0.6120670000200334,0,2,12,False,0,49ea460cd08b3854bb5258963cedb9c7e9f564a584a31a9314427ce27b734478,04b7008ab5922020cae3dae59e2e0221e2f1c04e408fc20f4b267c990a503ea1,True,True,True,True
10117,overlap,random,18.0829,0.9297120822622108,0.0317569999879197,0.7589870000401788,1,2,4,False,0,49ea460cd08b3854bb5258963cedb9c7e9f564a584a31a9314427ce27b734478,04b7008ab5922020cae3dae59e2e0221e2f1c04e408fc20f4b267c990a503ea1,True,True,True,True
10117,overlap,graph_entropy,18.293499999999998,0.9405398457583547,0.27108500000849745,0.648962000013853,3,2,1,False,0,49ea460cd08b3854bb5258963cedb9c7e9f564a584a31a9314427ce27b734478,04b7008ab5922020cae3dae59e2e0221e2f1c04e408fc20f4b267c990a503ea1,True,True,True,True
10117,overlap,class_entropy,18.0829,0.9297120822622108,0.078145999964363,1.0323170000674509,1,2,4,False,0,49ea460cd08b3854bb5258963cedb9c7e9f564a584a31a9314427ce27b734478,04b7008ab5922020cae3dae59e2e0221e2f1c04e408fc20f4b267c990a503ea1,True,True,True,True
10117,overlap,ec2,18.293499999999998,0.9405398457583547,0.2513360000193643,0.7915249999541629,3,2,1,False,0,49ea460cd08b3854bb5258963cedb9c7e9f564a584a31a9314427ce27b734478,04b7008ab5922020cae3dae59e2e0221e2f1c04e408fc20f4b267c990a503ea1,True,True,True,True
10117,overlap,myopic,18.0829,0.9297120822622108,0.21034500002770073,0.8733580000352958,1,2,4,False,27,49ea460cd08b3854bb5258963cedb9c7e9f564a584a31a9314427ce27b734478,04b7008ab5922020cae3dae59e2e0221e2f1c04e408fc20f4b267c990a503ea1,True,True,True,True
10117,overlap,lookahead2,15.45,0.794344473007712,1.3175020000062432,0.8524070000248685,2,2,4,False,209,49ea460cd08b3854bb5258963cedb9c7e9f564a584a31a9314427ce27b734478,04b7008ab5922020cae3dae59e2e0221e2f1c04e408fc20f4b267c990a503ea1,True,True,True,True
10117,overlap,exact,15.45,0.794344473007712,15.542111999934605,1.192926000044281,2,2,4,False,2043,49ea460cd08b3854bb5258963cedb9c7e9f564a584a31a9314427ce27b734478,04b7008ab5922020cae3dae59e2e0221e2f1c04e408fc20f4b267c990a503ea1,True,True,True,True
10117,overlap,discard_replay,18.0829,0.9297120822622108,5.8193940000137445,0.7932879999543729,1,2,4,False,567,49ea460cd08b3854bb5258963cedb9c7e9f564a584a31a9314427ce27b734478,04b7008ab5922020cae3dae59e2e0221e2f1c04e408fc20f4b267c990a503ea1,True,True,True,True
10118,overlap,restart,24.45,1.0,0.0,0.7517559999996593,0,3,12,False,0,789d6ec8da69f3595baca2711c556f744fd410945079804cb5b19532f1a6ffc9,f6a6e39e1c36f46273c9cf86550f24727b73e1148593a74c40b66b1ea845cb1f,True,True,True,True
10118,overlap,conservative,24.45,1.0,0.0,0.7794169999897349,0,3,12,False,0,789d6ec8da69f3595baca2711c556f744fd410945079804cb5b19532f1a6ffc9,f6a6e39e1c36f46273c9cf86550f24727b73e1148593a74c40b66b1ea845cb1f,True,True,True,True
10118,overlap,point_estimate,15.45,0.6319018404907976,0.0,1.2307930001043133,0,2,12,False,0,789d6ec8da69f3595baca2711c556f744fd410945079804cb5b19532f1a6ffc9,f6a6e39e1c36f46273c9cf86550f24727b73e1148593a74c40b66b1ea845cb1f,True,True,True,True
10118,overlap,random,24.45,1.0,0.03633400001490372,1.0160419999465375,1,3,4,False,0,789d6ec8da69f3595baca2711c556f744fd410945079804cb5b19532f1a6ffc9,f6a6e39e1c36f46273c9cf86550f24727b73e1148593a74c40b66b1ea845cb1f,True,True,True,True
10118,overlap,graph_entropy,22.6525,0.9264826175869121,0.32131099999332946,0.7919060000176614,4,2,1,False,0,789d6ec8da69f3595baca2711c556f744fd410945079804cb5b19532f1a6ffc9,f6a6e39e1c36f46273c9cf86550f24727b73e1148593a74c40b66b1ea845cb1f,True,True,True,True
10118,overlap,class_entropy,22.1313,0.9051656441717791,0.2806690000625167,0.8816119999437433,2,2,4,False,0,789d6ec8da69f3595baca2711c556f744fd410945079804cb5b19532f1a6ffc9,f6a6e39e1c36f46273c9cf86550f24727b73e1148593a74c40b66b1ea845cb1f,True,True,True,True
10118,overlap,ec2,22.6525,0.9264826175869121,0.2727779998394908,0.8460580002065399,4,2,1,False,0,789d6ec8da69f3595baca2711c556f744fd410945079804cb5b19532f1a6ffc9,f6a6e39e1c36f46273c9cf86550f24727b73e1148593a74c40b66b1ea845cb1f,True,True,True,True
10118,overlap,myopic,24.45,1.0,0.17303999993600883,0.6928370000878203,0,3,12,False,19,789d6ec8da69f3595baca2711c556f744fd410945079804cb5b19532f1a6ffc9,f6a6e39e1c36f46273c9cf86550f24727b73e1148593a74c40b66b1ea845cb1f,True,True,True,True
10118,overlap,lookahead2,15.45,0.6319018404907976,1.4269679999188156,0.855821000072865,2,2,4,False,209,789d6ec8da69f3595baca2711c556f744fd410945079804cb5b19532f1a6ffc9,f6a6e39e1c36f46273c9cf86550f24727b73e1148593a74c40b66b1ea845cb1f,True,True,True,True
10118,overlap,exact,15.45,0.6319018404907976,15.53258800004187,1.0060059998977522,2,2,4,False,2043,789d6ec8da69f3595baca2711c556f744fd410945079804cb5b19532f1a6ffc9,f6a6e39e1c36f46273c9cf86550f24727b73e1148593a74c40b66b1ea845cb1f,True,True,True,True
10118,overlap,discard_replay,22.1313,0.9051656441717791,5.980033000014373,0.8236739998892517,2,2,4,False,567,789d6ec8da69f3595baca2711c556f744fd410945079804cb5b19532f1a6ffc9,f6a6e39e1c36f46273c9cf86550f24727b73e1148593a74c40b66b1ea845cb1f,True,True,True,True
10119,overlap,restart,24.45,1.0,0.0,0.5976250000685468,0,3,12,False,0,886ea812eab44dfbc37248f9d17774248bc7b5f228d315d192acade806cd2d24,6488e0a561570878642e80737ed267fe88ba5c0048866bc9b86f4fed4b44e8b1,True,True,True,True
10119,overlap,conservative,24.45,1.0,0.0,0.7632419999481499,0,3,12,False,0,886ea812eab44dfbc37248f9d17774248bc7b5f228d315d192acade806cd2d24,6488e0a561570878642e80737ed267fe88ba5c0048866bc9b86f4fed4b44e8b1,True,True,True,True
10119,overlap,point_estimate,17.45,0.7137014314928425,0.0,0.7785949999288277,0,2,12,False,0,886ea812eab44dfbc37248f9d17774248bc7b5f228d315d192acade806cd2d24,6488e0a561570878642e80737ed267fe88ba5c0048866bc9b86f4fed4b44e8b1,True,True,True,True
10119,overlap,random,23.595499999999998,0.9650511247443763,0.11916899995867425,0.8317550000356277,2,2,4,False,0,886ea812eab44dfbc37248f9d17774248bc7b5f228d315d192acade806cd2d24,6488e0a561570878642e80737ed267fe88ba5c0048866bc9b86f4fed4b44e8b1,True,True,True,True
10119,overlap,graph_entropy,24.1594,0.9881145194274029,0.2797080001073482,0.817594999944049,4,2,1,False,0,886ea812eab44dfbc37248f9d17774248bc7b5f228d315d192acade806cd2d24,6488e0a561570878642e80737ed267fe88ba5c0048866bc9b86f4fed4b44e8b1,True,True,True,True
10119,overlap,class_entropy,23.657,0.9675664621676892,0.1294949998964512,0.9223200000860743,2,2,4,False,0,886ea812eab44dfbc37248f9d17774248bc7b5f228d315d192acade806cd2d24,6488e0a561570878642e80737ed267fe88ba5c0048866bc9b86f4fed4b44e8b1,True,True,True,True
10119,overlap,ec2,24.1594,0.9881145194274029,0.24086899998110312,0.6597789999887027,4,2,1,False,0,886ea812eab44dfbc37248f9d17774248bc7b5f228d315d192acade806cd2d24,6488e0a561570878642e80737ed267fe88ba5c0048866bc9b86f4fed4b44e8b1,True,True,True,True
10119,overlap,myopic,21.2985,0.8711042944785277,0.11040599997613754,0.800628000092729,1,2,4,False,27,886ea812eab44dfbc37248f9d17774248bc7b5f228d315d192acade806cd2d24,6488e0a561570878642e80737ed267fe88ba5c0048866bc9b86f4fed4b44e8b1,True,True,True,True
10119,overlap,lookahead2,17.45,0.7137014314928425,0.9520060000340891,0.7913139999118357,2,2,4,False,209,886ea812eab44dfbc37248f9d17774248bc7b5f228d315d192acade806cd2d24,6488e0a561570878642e80737ed267fe88ba5c0048866bc9b86f4fed4b44e8b1,True,True,True,True
10119,overlap,exact,17.45,0.7137014314928425,19.867519000058564,0.8822409998856529,2,2,4,False,2043,886ea812eab44dfbc37248f9d17774248bc7b5f228d315d192acade806cd2d24,6488e0a561570878642e80737ed267fe88ba5c0048866bc9b86f4fed4b44e8b1,True,True,True,True
10119,overlap,discard_replay,21.2985,0.8711042944785277,7.514380999964487,1.7979330000343907,1,2,4,False,567,886ea812eab44dfbc37248f9d17774248bc7b5f228d315d192acade806cd2d24,6488e0a561570878642e80737ed267fe88ba5c0048866bc9b86f4fed4b44e8b1,True,True,True,True
10200,general,restart,19.45,1.0,0.0,0.6592769999542725,0,3,28,False,0,a2e7a118e3b356d615e4ec07d82a562c05b0a0ca77155ab29a323675b89ba3dc,d8809ff8c19853fd36c92c3c55c07fd8d63d1f9016bef88786a0a59df8fc941a,True,True,True,True
10200,general,conservative,19.45,1.0,0.0,0.8174639999651845,0,3,28,False,0,a2e7a118e3b356d615e4ec07d82a562c05b0a0ca77155ab29a323675b89ba3dc,d8809ff8c19853fd36c92c3c55c07fd8d63d1f9016bef88786a0a59df8fc941a,True,True,True,True
10200,general,point_estimate,8.45,0.4344473007712082,0.0,0.8192270000790813,0,1,28,False,0,a2e7a118e3b356d615e4ec07d82a562c05b0a0ca77155ab29a323675b89ba3dc,1352205404d375b5f45838b3c499e2f19687bfe6ec9765a91fc0b8b97da9372c,False,False,False,False
10200,general,random,19.45,1.0,0.1855869999189963,1.1605280000139828,3,3,4,False,0,a2e7a118e3b356d615e4ec07d82a562c05b0a0ca77155ab29a323675b89ba3dc,d8809ff8c19853fd36c92c3c55c07fd8d63d1f9016bef88786a0a59df8fc941a,True,True,True,True
10200,general,graph_entropy,16.7858,0.8630231362467866,0.39776599999186146,0.8446150000054331,5,1,1,False,0,a2e7a118e3b356d615e4ec07d82a562c05b0a0ca77155ab29a323675b89ba3dc,d8809ff8c19853fd36c92c3c55c07fd8d63d1f9016bef88786a0a59df8fc941a,True,True,True,True
10200,general,class_entropy,16.373,0.8417994858611826,0.3163039999662942,0.841769999965436,3,1,4,False,0,a2e7a118e3b356d615e4ec07d82a562c05b0a0ca77155ab29a323675b89ba3dc,d8809ff8c19853fd36c92c3c55c07fd8d63d1f9016bef88786a0a59df8fc941a,True,True,True,True
10200,general,ec2,16.7858,0.8630231362467866,0.4574140000386251,0.8244159998866962,5,1,1,False,0,a2e7a118e3b356d615e4ec07d82a562c05b0a0ca77155ab29a323675b89ba3dc,d8809ff8c19853fd36c92c3c55c07fd8d63d1f9016bef88786a0a59df8fc941a,True,True,True,True
10200,general,myopic,22.3296,1.1480514138817481,0.30369399996743596,0.8223419999922044,1,3,16,False,35,a2e7a118e3b356d615e4ec07d82a562c05b0a0ca77155ab29a323675b89ba3dc,d8809ff8c19853fd36c92c3c55c07fd8d63d1f9016bef88786a0a59df8fc941a,True,True,True,True
10200,general,lookahead2,19.45,1.0,1.6060139997762235,0.8294020001358149,2,3,4,False,254,a2e7a118e3b356d615e4ec07d82a562c05b0a0ca77155ab29a323675b89ba3dc,d8809ff8c19853fd36c92c3c55c07fd8d63d1f9016bef88786a0a59df8fc941a,True,True,True,True
10200,general,exact,19.45,1.0,40.96502000015789,2.0526839998638025,2,3,4,False,5445,a2e7a118e3b356d615e4ec07d82a562c05b0a0ca77155ab29a323675b89ba3dc,d8809ff8c19853fd36c92c3c55c07fd8d63d1f9016bef88786a0a59df8fc941a,True,True,True,True
10200,general,discard_replay,22.3296,1.1480514138817481,19.08855300007417,0.5892919999723745,1,3,16,False,1791,a2e7a118e3b356d615e4ec07d82a562c05b0a0ca77155ab29a323675b89ba3dc,d8809ff8c19853fd36c92c3c55c07fd8d63d1f9016bef88786a0a59df8fc941a,True,True,True,True
10201,general,restart,20.45,1.0,0.0,0.7723969999915425,0,3,28,False,0,285b1e39a809eb416d7a0493dee82ec99dddca1e1d9a543828279ee7f5ff4177,9cc05b1bb175100bd6b102e964b5d3fe04e1e5ddffbb8375c38cec778c666449,True,True,True,True
10201,general,conservative,20.45,1.0,0.0,0.5339089999552016,0,3,28,False,0,285b1e39a809eb416d7a0493dee82ec99dddca1e1d9a543828279ee7f5ff4177,9cc05b1bb175100bd6b102e964b5d3fe04e1e5ddffbb8375c38cec778c666449,True,True,True,True
10201,general,point_estimate,15.45,0.7555012224938875,0.0,0.5664079999405658,0,2,28,False,0,285b1e39a809eb416d7a0493dee82ec99dddca1e1d9a543828279ee7f5ff4177,38ef2fd56e628bc355fbd5b7965e432f0c9f6515a5d4371458f921a3b2120a27,False,False,False,False
10201,general,random,30.1641,1.4750171149144256,0.07469099989521055,1.1349000001246168,3,3,4,False,0,285b1e39a809eb416d7a0493dee82ec99dddca1e1d9a543828279ee7f5ff4177,9cc05b1bb175100bd6b102e964b5d3fe04e1e5ddffbb8375c38cec778c666449,True,True,True,True
10201,general,graph_entropy,29.2968,1.4326063569682153,0.30742000001282577,0.8051160000377422,5,3,1,False,0,285b1e39a809eb416d7a0493dee82ec99dddca1e1d9a543828279ee7f5ff4177,9cc05b1bb175100bd6b102e964b5d3fe04e1e5ddffbb8375c38cec778c666449,True,True,True,True
10201,general,class_entropy,28.9023,1.413315403422983,0.24977399982617499,0.6792270002051737,3,3,4,False,0,285b1e39a809eb416d7a0493dee82ec99dddca1e1d9a543828279ee7f5ff4177,9cc05b1bb175100bd6b102e964b5d3fe04e1e5ddffbb8375c38cec778c666449,True,True,True,True
10201,general,ec2,29.2968,1.4326063569682153,0.4211209998175036,0.7521660002112185,5,3,1,False,0,285b1e39a809eb416d7a0493dee82ec99dddca1e1d9a543828279ee7f5ff4177,9cc05b1bb175100bd6b102e964b5d3fe04e1e5ddffbb8375c38cec778c666449,True,True,True,True
10201,general,myopic,20.45,1.0,0.13743500005602982,0.4712859998790009,0,3,28,False,19,285b1e39a809eb416d7a0493dee82ec99dddca1e1d9a543828279ee7f5ff4177,9cc05b1bb175100bd6b102e964b5d3fe04e1e5ddffbb8375c38cec778c666449,True,True,True,True
10201,general,lookahead2,21.432599999999997,1.048048899755501,1.4496819998157662,0.6719150002254537,2,3,8,False,302,285b1e39a809eb416d7a0493dee82ec99dddca1e1d9a543828279ee7f5ff4177,9cc05b1bb175100bd6b102e964b5d3fe04e1e5ddffbb8375c38cec778c666449,True,True,True,True
10201,general,exact,21.432599999999997,1.048048899755501,40.648564999969494,1.0009789999685381,3,3,4,False,5445,285b1e39a809eb416d7a0493dee82ec99dddca1e1d9a543828279ee7f5ff4177,9cc05b1bb175100bd6b102e964b5d3fe04e1e5ddffbb8375c38cec778c666449,True,True,True,True
10201,general,discard_replay,21.432599999999997,1.048048899755501,18.867892999992364,0.6150310000521131,1,3,12,False,1791,285b1e39a809eb416d7a0493dee82ec99dddca1e1d9a543828279ee7f5ff4177,9cc05b1bb175100bd6b102e964b5d3fe04e1e5ddffbb8375c38cec778c666449,True,True,True,True
10202,general,restart,18.45,1.0,0.0,0.6469789999528075,0,3,28,False,0,454b98bade7e9760b5e751a5bcae63e8092aa38368a9d118f0ab685dda011148,ab5197ccf39f0bbb236321c01a48070ea86d2cfc298555805023dce87e359a3d,True,True,True,True
10202,general,conservative,18.45,1.0,0.0,0.6999380000252131,0,3,28,False,0,454b98bade7e9760b5e751a5bcae63e8092aa38368a9d118f0ab685dda011148,ab5197ccf39f0bbb236321c01a48070ea86d2cfc298555805023dce87e359a3d,True,True,True,True
10202,general,point_estimate,18.45,1.0,0.0,0.613379000014902,0,3,28,False,0,454b98bade7e9760b5e751a5bcae63e8092aa38368a9d118f0ab685dda011148,ab5197ccf39f0bbb236321c01a48070ea86d2cfc298555805023dce87e359a3d,True,True,True,True
10202,general,random,18.5822,1.0071653116531165,0.07544100014911237,0.7764049997831535,3,3,2,False,0,454b98bade7e9760b5e751a5bcae63e8092aa38368a9d118f0ab685dda011148,ab5197ccf39f0bbb236321c01a48070ea86d2cfc298555805023dce87e359a3d,True,True,True,True
10202,general,graph_entropy,15.905199999999999,0.862070460704607,0.3028329999779089,0.6907250000267595,4,1,1,False,0,454b98bade7e9760b5e751a5bcae63e8092aa38368a9d118f0ab685dda011148,ab5197ccf39f0bbb236321c01a48070ea86d2cfc298555805023dce87e359a3d,True,True,True,True
10202,general,class_entropy,15.572199999999999,0.8440216802168021,0.1890940000066621,0.8961009999666203,2,1,4,False,0,454b98bade7e9760b5e751a5bcae63e8092aa38368a9d118f0ab685dda011148,ab5197ccf39f0bbb236321c01a48070ea86d2cfc298555805023dce87e359a3d,True,True,True,True
10202,general,ec2,15.905199999999999,0.862070460704607,0.3757530000711995,0.6534279999641512,4,1,1,False,0,454b98bade7e9760b5e751a5bcae63e8092aa38368a9d118f0ab685dda011148,ab5197ccf39f0bbb236321c01a48070ea86d2cfc298555805023dce87e359a3d,True,True,True,True
10202,general,myopic,18.45,1.0,0.09675500007233495,0.5423019999852841,0,3,28,False,19,454b98bade7e9760b5e751a5bcae63e8092aa38368a9d118f0ab685dda011148,ab5197ccf39f0bbb236321c01a48070ea86d2cfc298555805023dce87e359a3d,True,True,True,True
10202,general,lookahead2,16.6072,0.9001192411924119,1.422998999828451,0.8833040001263726,3,2,4,False,282,454b98bade7e9760b5e751a5bcae63e8092aa38368a9d118f0ab685dda011148,ab5197ccf39f0bbb236321c01a48070ea86d2cfc298555805023dce87e359a3d,True,True,True,True
10202,general,exact,16.6072,0.9001192411924119,42.221091000101296,1.0100319998400664,3,2,4,False,5445,454b98bade7e9760b5e751a5bcae63e8092aa38368a9d118f0ab685dda011148,ab5197ccf39f0bbb236321c01a48070ea86d2cfc298555805023dce87e359a3d,True,True,True,True
10202,general,discard_replay,18.45,1.0,17.47499600003266,0.5573760000743277,0,3,28,False,1791,454b98bade7e9760b5e751a5bcae63e8092aa38368a9d118f0ab685dda011148,ab5197ccf39f0bbb236321c01a48070ea86d2cfc298555805023dce87e359a3d,True,True,True,True
10203,general,restart,21.45,1.0,0.0,0.5258879999701094,0,3,28,False,0,04f5d4aa70cb57853d7df262a6ce74e9489b7044603007bfd71adf9866714ebe,3f02ee31f2db5deefab5d96d889e1a58600a7451105e5ce05c65ec0ca48bb5d5,True,True,True,True
10203,general,conservative,21.45,1.0,0.0,0.5179160000352567,0,3,28,False,0,04f5d4aa70cb57853d7df262a6ce74e9489b7044603007bfd71adf9866714ebe,3f02ee31f2db5deefab5d96d889e1a58600a7451105e5ce05c65ec0ca48bb5d5,True,True,True,True
10203,general,point_estimate,21.45,1.0,0.0,0.5782959999578452,0,3,28,False,0,04f5d4aa70cb57853d7df262a6ce74e9489b7044603007bfd71adf9866714ebe,3f02ee31f2db5deefab5d96d889e1a58600a7451105e5ce05c65ec0ca48bb5d5,True,True,True,True
10203,general,random,23.5023,1.0956783216783217,0.12393699978474615,0.7952900002692331,5,2,1,False,0,04f5d4aa70cb57853d7df262a6ce74e9489b7044603007bfd71adf9866714ebe,3f02ee31f2db5deefab5d96d889e1a58600a7451105e5ce05c65ec0ca48bb5d5,True,True,True,True
10203,general,graph_entropy,24.9985,1.1654312354312355,0.3310140001531181,0.6332499998507046,5,2,1,False,0,04f5d4aa70cb57853d7df262a6ce74e9489b7044603007bfd71adf9866714ebe,3f02ee31f2db5deefab5d96d889e1a58600a7451105e5ce05c65ec0ca48bb5d5,True,True,True,True
10203,general,class_entropy,24.7033,1.1516689976689976,0.25651400005699543,0.9223009999459464,3,2,4,False,0,04f5d4aa70cb57853d7df262a6ce74e9489b7044603007bfd71adf9866714ebe,3f02ee31f2db5deefab5d96d889e1a58600a7451105e5ce05c65ec0ca48bb5d5,True,True,True,True
10203,general,ec2,24.9985,1.1654312354312355,0.41536199989877787,0.6699830000798102,5,2,1,False,0,04f5d4aa70cb57853d7df262a6ce74e9489b7044603007bfd71adf9866714ebe,3f02ee31f2db5deefab5d96d889e1a58600a7451105e5ce05c65ec0ca48bb5d5,True,True,True,True
10203,general,myopic,23.5453,1.0976829836829838,0.41834699993614777,0.6961920000776445,1,3,16,False,35,04f5d4aa70cb57853d7df262a6ce74e9489b7044603007bfd71adf9866714ebe,3f02ee31f2db5deefab5d96d889e1a58600a7451105e5ce05c65ec0ca48bb5d5,True,True,True,True
10203,general,lookahead2,21.45,1.0,2.0275660000379503,0.6884109999418797,1,3,12,False,240,04f5d4aa70cb57853d7df262a6ce74e9489b7044603007bfd71adf9866714ebe,3f02ee31f2db5deefab5d96d889e1a58600a7451105e5ce05c65ec0ca48bb5d5,True,True,True,True
10203,general,exact,21.45,1.0,39.04211999997642,0.8548600000040096,1,3,12,False,5445,04f5d4aa70cb57853d7df262a6ce74e9489b7044603007bfd71adf9866714ebe,3f02ee31f2db5deefab5d96d889e1a58600a7451105e5ce05c65ec0ca48bb5d5,True,True,True,True
10203,general,discard_replay,23.5453,1.0976829836829838,19.130545999928472,0.7539280001083171,1,3,16,False,1791,04f5d4aa70cb57853d7df262a6ce74e9489b7044603007bfd71adf9866714ebe,3f02ee31f2db5deefab5d96d889e1a58600a7451105e5ce05c65ec0ca48bb5d5,True,True,True,True
10204,general,restart,13.45,1.0,0.0,0.5264579999675334,0,3,28,False,0,6d3dd702de1a8d07ba2be33e269dc27391f95ae3e6e1dc11b024d03749bc9823,4d8529374dc6fd437a0ec636cf56f72ba29456e261e2629573400e0afe56c9fd,True,True,True,True
10204,general,conservative,13.45,1.0,0.0,0.5091020000236313,0,3,28,False,0,6d3dd702de1a8d07ba2be33e269dc27391f95ae3e6e1dc11b024d03749bc9823,4d8529374dc6fd437a0ec636cf56f72ba29456e261e2629573400e0afe56c9fd,True,True,True,True
10204,general,point_estimate,4.45,0.3308550185873606,0.0,0.4989169999589649,0,1,28,False,0,6d3dd702de1a8d07ba2be33e269dc27391f95ae3e6e1dc11b024d03749bc9823,ffc383159898c97fe1f3b8144de25032a55ec38923709c72d879020b4a674bb0,True,False,False,False
10204,general,random,14.1648,1.0531449814126395,0.09120600009282498,0.6793279999328661,5,2,1,False,0,6d3dd702de1a8d07ba2be33e269dc27391f95ae3e6e1dc11b024d03749bc9823,4d8529374dc6fd437a0ec636cf56f72ba29456e261e2629573400e0afe56c9fd,True,True,True,True
10204,general,graph_entropy,13.7377,1.0213903345724908,0.3416600000036851,0.6590490000917271,5,2,1,False,0,6d3dd702de1a8d07ba2be33e269dc27391f95ae3e6e1dc11b024d03749bc9823,4d8529374dc6fd437a0ec636cf56f72ba29456e261e2629573400e0afe56c9fd,True,True,True,True
10204,general,class_entropy,13.3003,0.9888698884758365,0.2324179999959597,0.6487509999715257,3,2,4,False,0,6d3dd702de1a8d07ba2be33e269dc27391f95ae3e6e1dc11b024d03749bc9823,4d8529374dc6fd437a0ec636cf56f72ba29456e261e2629573400e0afe56c9fd,True,True,True,True
10204,general,ec2,13.7377,1.0213903345724908,0.4046950000429206,0.6918870000163224,5,2,1,False,0,6d3dd702de1a8d07ba2be33e269dc27391f95ae3e6e1dc11b024d03749bc9823,4d8529374dc6fd437a0ec636cf56f72ba29456e261e2629573400e0afe56c9fd,True,True,True,True
10204,general,myopic,12.109399999999999,0.9003271375464684,0.22136199993383343,0.5893620000279043,2,2,8,False,48,6d3dd702de1a8d07ba2be33e269dc27391f95ae3e6e1dc11b024d03749bc9823,4d8529374dc6fd437a0ec636cf56f72ba29456e261e2629573400e0afe56c9fd,True,True,True,True
10204,general,lookahead2,12.109399999999999,0.9003271375464684,1.6466760000639624,0.7641739998689445,3,2,4,False,314,6d3dd702de1a8d07ba2be33e269dc27391f95ae3e6e1dc11b024d03749bc9823,4d8529374dc6fd437a0ec636cf56f72ba29456e261e2629573400e0afe56c9fd,True,True,True,True
10204,general,exact,11.682299999999998,0.8685724907063196,43.06702700000642,1.162220999958663,4,2,4,False,5445,6d3dd702de1a8d07ba2be33e269dc27391f95ae3e6e1dc11b024d03749bc9823,4d8529374dc6fd437a0ec636cf56f72ba29456e261e2629573400e0afe56c9fd,True,True,True,True
10204,general,discard_replay,13.3003,0.9888698884758365,18.957044999865502,0.874329000112084,3,2,4,False,1791,6d3dd702de1a8d07ba2be33e269dc27391f95ae3e6e1dc11b024d03749bc9823,4d8529374dc6fd437a0ec636cf56f72ba29456e261e2629573400e0afe56c9fd,True,True,True,True
10205,general,restart,19.45,1.0,0.0,0.5852659999163734,0,3,28,False,0,bf8a405ce2c7e9eac0062369571f81a84aa146301860ae0d9c8d8926eb34d4ec,b2bb0ae4cffabc868cfdcda1041af749d31d9e84991b3bbc7999cf276cda1281,True,True,True,True
10205,general,conservative,19.45,1.0,0.0,0.592236999978013,0,3,28,False,0,bf8a405ce2c7e9eac0062369571f81a84aa146301860ae0d9c8d8926eb34d4ec,b2bb0ae4cffabc868cfdcda1041af749d31d9e84991b3bbc7999cf276cda1281,True,True,True,True
10205,general,point_estimate,10.45,0.5372750642673522,0.0,0.608671999998478,0,2,28,False,0,bf8a405ce2c7e9eac0062369571f81a84aa146301860ae0d9c8d8926eb34d4ec,f262f749d19acc8b96eb996fa69788fd7f764c127dd29ca1c503a3bdfa7bcd42,True,False,False,False
10205,general,random,23.9693,1.2323547557840617,0.07390000007490016,0.7540299999391209,3,3,4,False,0,bf8a405ce2c7e9eac0062369571f81a84aa146301860ae0d9c8d8926eb34d4ec,b2bb0ae4cffabc868cfdcda1041af749d31d9e84991b3bbc7999cf276cda1281,True,True,True,True
10205,general,graph_entropy,26.1943,1.3467506426735218,0.39856800003690296,0.6671279999181934,5,3,1,False,0,bf8a405ce2c7e9eac0062369571f81a84aa146301860ae0d9c8d8926eb34d4ec,b2bb0ae4cffabc868cfdcda1041af749d31d9e84991b3bbc7999cf276cda1281,True,True,True,True
10205,general,class_entropy,25.7777,1.325331619537275,0.2081810000618134,0.712577999934183,3,3,4,False,0,bf8a405ce2c7e9eac0062369571f81a84aa146301860ae0d9c8d8926eb34d4ec,b2bb0ae4cffabc868cfdcda1041af749d31d9e84991b3bbc7999cf276cda1281,True,True,True,True
10205,general,ec2,26.1943,1.3467506426735218,0.49033299990242085,0.7089330001690541,5,3,1,False,0,bf8a405ce2c7e9eac0062369571f81a84aa146301860ae0d9c8d8926eb34d4ec,b2bb0ae4cffabc868cfdcda1041af749d31d9e84991b3bbc7999cf276cda1281,True,True,True,True
10205,general,myopic,24.011599999999998,1.234529562982005,0.22210300005554018,0.6056159999161537,2,3,8,False,48,bf8a405ce2c7e9eac0062369571f81a84aa146301860ae0d9c8d8926eb34d4ec,b2bb0ae4cffabc868cfdcda1041af749d31d9e84991b3bbc7999cf276cda1281,True,True,True,True
10205,general,lookahead2,23.0245,1.1837789203084834,1.811464000070373,0.831162999929802,4,3,4,False,355,bf8a405ce2c7e9eac0062369571f81a84aa146301860ae0d9c8d8926eb34d4ec,b2bb0ae4cffabc868cfdcda1041af749d31d9e84991b3bbc7999cf276cda1281,True,True,True,True
10205,general,exact,23.0245,1.1837789203084834,41.91619300013372,1.062040999840974,4,3,4,False,5445,bf8a405ce2c7e9eac0062369571f81a84aa146301860ae0d9c8d8926eb34d4ec,b2bb0ae4cffabc868cfdcda1041af749d31d9e84991b3bbc7999cf276cda1281,True,True,True,True
10205,general,discard_replay,24.011599999999998,1.234529562982005,18.76628000002256,0.7330680000450229,2,3,8,False,1791,bf8a405ce2c7e9eac0062369571f81a84aa146301860ae0d9c8d8926eb34d4ec,b2bb0ae4cffabc868cfdcda1041af749d31d9e84991b3bbc7999cf276cda1281,True,True,True,True
10206,general,restart,13.45,1.0,0.0,0.5886010000040187,0,3,28,False,0,4b0db04957f32e675762a449475ab71c43d0bd7e4d6b19b439020d576f32b64c,acbcc215c10534517779f5d6fd600c4542eb1d79ec2fd916b5fd2e764dddfb69,True,True,True,True
10206,general,conservative,13.45,1.0,0.0,0.5420910000566437,0,3,28,False,0,4b0db04957f32e675762a449475ab71c43d0bd7e4d6b19b439020d576f32b64c,acbcc215c10534517779f5d6fd600c4542eb1d79ec2fd916b5fd2e764dddfb69,True,True,True,True
10206,general,point_estimate,4.45,0.3308550185873606,0.0,0.5446149999670524,0,1,28,False,0,4b0db04957f32e675762a449475ab71c43d0bd7e4d6b19b439020d576f32b64c,85581706894ac992c76c0854235e36295220eb167bad47ae49e9630df9d36274,True,False,False,False
10206,general,random,13.45,1.0,0.0865599998860489,0.971084000184419,3,3,4,False,0,4b0db04957f32e675762a449475ab71c43d0bd7e4d6b19b439020d576f32b64c,acbcc215c10534517779f5d6fd600c4542eb1d79ec2fd916b5fd2e764dddfb69,True,True,True,True
10206,general,graph_entropy,11.2865,0.8391449814126395,0.3235549999089926,0.8503720000589965,5,2,1,False,0,4b0db04957f32e675762a449475ab71c43d0bd7e4d6b19b439020d576f32b64c,acbcc215c10534517779f5d6fd600c4542eb1d79ec2fd916b5fd2e764dddfb69,True,True,True,True
10206,general,class_entropy,10.879199999999999,0.8088624535315985,0.2769149998584908,0.8471990001908125,3,2,4,False,0,4b0db04957f32e675762a449475ab71c43d0bd7e4d6b19b439020d576f32b64c,acbcc215c10534517779f5d6fd600c4542eb1d79ec2fd916b5fd2e764dddfb69,True,True,True,True
10206,general,ec2,11.2865,0.8391449814126395,0.39527199999156437,0.8097620000171446,5,2,1,False,0,4b0db04957f32e675762a449475ab71c43d0bd7e4d6b19b439020d576f32b64c,acbcc215c10534517779f5d6fd600c4542eb1d79ec2fd916b5fd2e764dddfb69,True,True,True,True
10206,general,myopic,13.9267,1.0354423791821563,0.18510699999296776,0.6012410000266755,1,3,16,False,35,4b0db04957f32e675762a449475ab71c43d0bd7e4d6b19b439020d576f32b64c,acbcc215c10534517779f5d6fd600c4542eb1d79ec2fd916b5fd2e764dddfb69,True,True,True,True
10206,general,lookahead2,13.9267,1.0354423791821563,1.595970000039415,0.7195570000249063,2,3,8,False,300,4b0db04957f32e675762a449475ab71c43d0bd7e4d6b19b439020d576f32b64c,acbcc215c10534517779f5d6fd600c4542eb1d79ec2fd916b5fd2e764dddfb69,True,True,True,True
10206,general,exact,13.9267,1.0354423791821563,40.50102500002595,0.8863570000130494,2,3,8,False,5445,4b0db04957f32e675762a449475ab71c43d0bd7e4d6b19b439020d576f32b64c,acbcc215c10534517779f5d6fd600c4542eb1d79ec2fd916b5fd2e764dddfb69,True,True,True,True
10206,general,discard_replay,13.9267,1.0354423791821563,19.27193700009866,0.7424919998584301,1,3,16,False,1791,4b0db04957f32e675762a449475ab71c43d0bd7e4d6b19b439020d576f32b64c,acbcc215c10534517779f5d6fd600c4542eb1d79ec2fd916b5fd2e764dddfb69,True,True,True,True
10207,general,restart,23.45,1.0,0.0,0.5392070000880267,0,3,28,False,0,c0376f483a2d33507835dc8c870e2194bb28c104b87402e3db99b143f07dc71a,4d01be1146dfde1d577251a45fa02a136f77c0359464cffe462a67af00c66fac,True,True,True,True
10207,general,conservative,23.45,1.0,0.0,0.5354319999923973,0,3,28,False,0,c0376f483a2d33507835dc8c870e2194bb28c104b87402e3db99b143f07dc71a,4d01be1146dfde1d577251a45fa02a136f77c0359464cffe462a67af00c66fac,True,True,True,True
10207,general,point_estimate,14.45,0.6162046908315565,0.0,0.6153909999966345,0,2,28,False,0,c0376f483a2d33507835dc8c870e2194bb28c104b87402e3db99b143f07dc71a,4d01be1146dfde1d577251a45fa02a136f77c0359464cffe462a67af00c66fac,True,True,True,True
10207,general,random,20.9723,0.8943411513859275,0.07971999991696066,0.6543000000647226,3,2,4,False,0,c0376f483a2d33507835dc8c870e2194bb28c104b87402e3db99b143f07dc71a,4d01be1146dfde1d577251a45fa02a136f77c0359464cffe462a67af00c66fac,True,True,True,True
10207,general,graph_entropy,27.0094,1.1517867803837953,0.3276500000310989,0.866247999965708,5,2,1,False,0,c0376f483a2d33507835dc8c870e2194bb28c104b87402e3db99b143f07dc71a,4d01be1146dfde1d577251a45fa02a136f77c0359464cffe462a67af00c66fac,True,True,True,True
10207,general,class_entropy,26.5058,1.130311300639659,0.4156720000310088,0.7512649999625864,3,2,4,False,0,c0376f483a2d33507835dc8c870e2194bb28c104b87402e3db99b143f07dc71a,4d01be1146dfde1d577251a45fa02a136f77c0359464cffe462a67af00c66fac,True,True,True,True
10207,general,ec2,27.0094,1.1517867803837953,0.41096399991147337,0.5947220000734887,5,2,1,False,0,c0376f483a2d33507835dc8c870e2194bb28c104b87402e3db99b143f07dc71a,4d01be1146dfde1d577251a45fa02a136f77c0359464cffe462a67af00c66fac,True,True,True,True
10207,general,myopic,23.45,1.0,0.17724600002111401,0.5065880000074685,0,3,28,False,19,c0376f483a2d33507835dc8c870e2194bb28c104b87402e3db99b143f07dc71a,4d01be1146dfde1d577251a45fa02a136f77c0359464cffe462a67af00c66fac,True,True,True,True
10207,general,lookahead2,15.1244,0.6449637526652452,1.409680000051594,0.9991869999339542,3,2,4,False,288,c0376f483a2d33507835dc8c870e2194bb28c104b87402e3db99b143f07dc71a,4d01be1146dfde1d577251a45fa02a136f77c0359464cffe462a67af00c66fac,True,True,True,True
10207,general,exact,15.1244,0.6449637526652452,39.38260999996146,1.0872389999576626,3,2,4,False,5445,c0376f483a2d33507835dc8c870e2194bb28c104b87402e3db99b143f07dc71a,4d01be1146dfde1d577251a45fa02a136f77c0359464cffe462a67af00c66fac,True,True,True,True
10207,general,discard_replay,18.9331,0.8073816631130064,18.035716000099455,0.6833429998778229,2,2,8,False,1791,c0376f483a2d33507835dc8c870e2194bb28c104b87402e3db99b143f07dc71a,4d01be1146dfde1d577251a45fa02a136f77c0359464cffe462a67af00c66fac,True,True,True,True
10208,general,restart,17.45,1.0,0.0,0.5331490000344274,0,3,28,False,0,7aa174823f1c46d8dfb80cfd2fb875b7dfabacc269d05bfded721de857d440c9,ded325929249005a721ae332315d7058f2b1fdcd6b07071d983a8fa259b7372e,True,True,True,True
10208,general,conservative,17.45,1.0,0.0,0.527570000031119,0,3,28,False,0,7aa174823f1c46d8dfb80cfd2fb875b7dfabacc269d05bfded721de857d440c9,ded325929249005a721ae332315d7058f2b1fdcd6b07071d983a8fa259b7372e,True,True,True,True
10208,general,point_estimate,5.45,0.31232091690544417,0.0,0.5938589999914257,0,1,28,False,0,7aa174823f1c46d8dfb80cfd2fb875b7dfabacc269d05bfded721de857d440c9,614a63c9bdda6192d449ba35ea3ada7af3bda294aa7d982fef01269aef9c7488,False,False,False,False
10208,general,random,20.9785,1.2022063037249284,0.07925800002794858,0.7567639999024323,3,3,4,False,0,7aa174823f1c46d8dfb80cfd2fb875b7dfabacc269d05bfded721de857d440c9,ded325929249005a721ae332315d7058f2b1fdcd6b07071d983a8fa259b7372e,True,True,True,True
10208,general,graph_entropy,18.0475,1.034240687679083,0.317194000103882,0.7678909998958261,5,2,1,False,0,7aa174823f1c46d8dfb80cfd2fb875b7dfabacc269d05bfded721de857d440c9,ded325929249005a721ae332315d7058f2b1fdcd6b07071d983a8fa259b7372e,True,True,True,True
10208,general,class_entropy,17.6726,1.012756446991404,0.23348900003838935,0.6816210000124556,3,2,4,False,0,7aa174823f1c46d8dfb80cfd2fb875b7dfabacc269d05bfded721de857d440c9,ded325929249005a721ae332315d7058f2b1fdcd6b07071d983a8fa259b7372e,True,True,True,True
10208,general,ec2,18.0475,1.034240687679083,0.3821329999027512,0.9253450000414887,5,2,1,False,0,7aa174823f1c46d8dfb80cfd2fb875b7dfabacc269d05bfded721de857d440c9,ded325929249005a721ae332315d7058f2b1fdcd6b07071d983a8fa259b7372e,True,True,True,True
10208,general,myopic,14.7731,0.8465959885386819,0.22276400000009744,0.770923999994011,2,2,8,False,46,7aa174823f1c46d8dfb80cfd2fb875b7dfabacc269d05bfded721de857d440c9,ded325929249005a721ae332315d7058f2b1fdcd6b07071d983a8fa259b7372e,True,True,True,True
10208,general,lookahead2,12.9785,0.7437535816618912,1.662150000015572,0.7989850000740262,3,2,4,False,330,7aa174823f1c46d8dfb80cfd2fb875b7dfabacc269d05bfded721de857d440c9,ded325929249005a721ae332315d7058f2b1fdcd6b07071d983a8fa259b7372e,True,True,True,True
10208,general,exact,12.9785,0.7437535816618912,39.835858999936136,0.976602000037019,3,2,4,False,5445,7aa174823f1c46d8dfb80cfd2fb875b7dfabacc269d05bfded721de857d440c9,ded325929249005a721ae332315d7058f2b1fdcd6b07071d983a8fa259b7372e,True,True,True,True
10208,general,discard_replay,14.7731,0.8465959885386819,18.242865999923197,0.6835240001237253,2,2,8,False,1791,7aa174823f1c46d8dfb80cfd2fb875b7dfabacc269d05bfded721de857d440c9,ded325929249005a721ae332315d7058f2b1fdcd6b07071d983a8fa259b7372e,True,True,True,True
10209,general,restart,22.45,1.0,0.0,0.5842350000193619,0,3,28,False,0,25f367f6f339891f8bc1b806a433fc65f653c3415eddb6b9bb08edc5cb1c838c,e2fcd6e1d34aaec2e368b21671282a7e1cf9785b4ef581256f6276e27ebace16,True,True,True,True
10209,general,conservative,22.45,1.0,0.0,0.5066679999572443,0,3,28,False,0,25f367f6f339891f8bc1b806a433fc65f653c3415eddb6b9bb08edc5cb1c838c,e2fcd6e1d34aaec2e368b21671282a7e1cf9785b4ef581256f6276e27ebace16,True,True,True,True
10209,general,point_estimate,7.45,0.3318485523385301,0.0,0.5229629999803365,0,1,28,False,0,25f367f6f339891f8bc1b806a433fc65f653c3415eddb6b9bb08edc5cb1c838c,1eadd4be9ab08f4c4d65f32ad3a66c76bccd7d9d41c70d4e0f5f5f51c057d154,True,False,False,False
10209,general,random,19.505499999999998,0.8688418708240534,0.1069420000021637,0.8660450000661513,5,2,1,False,0,25f367f6f339891f8bc1b806a433fc65f653c3415eddb6b9bb08edc5cb1c838c,e2fcd6e1d34aaec2e368b21671282a7e1cf9785b4ef581256f6276e27ebace16,True,True,True,True
10209,general,graph_entropy,20.263099999999998,0.902587973273942,0.3160529998922357,0.6470190000982257,4,2,1,False,0,25f367f6f339891f8bc1b806a433fc65f653c3415eddb6b9bb08edc5cb1c838c,e2fcd6e1d34aaec2e368b21671282a7e1cf9785b4ef581256f6276e27ebace16,True,True,True,True
10209,general,class_entropy,19.8379,0.8836481069042317,0.26504599998133926,0.7482309999886638,2,2,4,False,0,25f367f6f339891f8bc1b806a433fc65f653c3415eddb6b9bb08edc5cb1c838c,e2fcd6e1d34aaec2e368b21671282a7e1cf9785b4ef581256f6276e27ebace16,True,True,True,True
10209,general,ec2,20.263099999999998,0.902587973273942,0.36391700007243344,0.6336369998507507,4,2,1,False,0,25f367f6f339891f8bc1b806a433fc65f653c3415eddb6b9bb08edc5cb1c838c,e2fcd6e1d34aaec2e368b21671282a7e1cf9785b4ef581256f6276e27ebace16,True,True,True,True
10209,general,myopic,23.291900000000002,1.0375011135857461,0.2621620000127223,0.6549910000330783,3,2,4,False,54,25f367f6f339891f8bc1b806a433fc65f653c3415eddb6b9bb08edc5cb1c838c,e2fcd6e1d34aaec2e368b21671282a7e1cf9785b4ef581256f6276e27ebace16,True,True,True,True
10209,general,lookahead2,23.2076,1.0337461024498886,1.5307520000078512,0.669743000003109,2,3,4,False,282,25f367f6f339891f8bc1b806a433fc65f653c3415eddb6b9bb08edc5cb1c838c,e2fcd6e1d34aaec2e368b21671282a7e1cf9785b4ef581256f6276e27ebace16,True,True,True,True
10209,general,exact,23.2076,1.0337461024498886,39.806395000027806,0.9069979998912459,2,3,4,False,5445,25f367f6f339891f8bc1b806a433fc65f653c3415eddb6b9bb08edc5cb1c838c,e2fcd6e1d34aaec2e368b21671282a7e1cf9785b4ef581256f6276e27ebace16,True,True,True,True
10209,general,discard_replay,23.291900000000002,1.0375011135857461,18.8670599999341,0.8267090000799726,3,2,4,False,1791,25f367f6f339891f8bc1b806a433fc65f653c3415eddb6b9bb08edc5cb1c838c,e2fcd6e1d34aaec2e368b21671282a7e1cf9785b4ef581256f6276e27ebace16,True,True,True,True
10210,general,restart,17.45,1.0,0.0,0.8389160000206175,0,3,28,False,0,f70cac8d09d1a96f7d3c45d16fdf91ea943be786b61171bcbf344c36110de958,2cb57d0dd2e69acdb174d84c456a0c2667f0f80704cadc454ec0f97aeb10924f,True,True,True,True
10210,general,conservative,17.45,1.0,0.0,0.5754210000077364,0,3,28,False,0,f70cac8d09d1a96f7d3c45d16fdf91ea943be786b61171bcbf344c36110de958,2cb57d0dd2e69acdb174d84c456a0c2667f0f80704cadc454ec0f97aeb10924f,True,True,True,True
10210,general,point_estimate,17.45,1.0,0.0,0.5663780000304541,0,3,28,False,0,f70cac8d09d1a96f7d3c45d16fdf91ea943be786b61171bcbf344c36110de958,2cb57d0dd2e69acdb174d84c456a0c2667f0f80704cadc454ec0f97aeb10924f,True,True,True,True
10210,general,random,31.4504,1.8023151862464184,0.10414600001240615,0.6461979999130563,5,3,1,False,0,f70cac8d09d1a96f7d3c45d16fdf91ea943be786b61171bcbf344c36110de958,2cb57d0dd2e69acdb174d84c456a0c2667f0f80704cadc454ec0f97aeb10924f,True,True,True,True
10210,general,graph_entropy,20.9695,1.2016905444126076,0.34597800015490066,0.9957909998092873,5,3,1,False,0,f70cac8d09d1a96f7d3c45d16fdf91ea943be786b61171bcbf344c36110de958,2cb57d0dd2e69acdb174d84c456a0c2667f0f80704cadc454ec0f97aeb10924f,True,True,True,True
10210,general,class_entropy,20.4541,1.1721547277936963,0.2552229999537303,0.7196669999984806,3,3,4,False,0,f70cac8d09d1a96f7d3c45d16fdf91ea943be786b61171bcbf344c36110de958,2cb57d0dd2e69acdb174d84c456a0c2667f0f80704cadc454ec0f97aeb10924f,True,True,True,True
10210,general,ec2,20.9695,1.2016905444126076,0.3883519999590135,1.1847630000829668,5,3,1,False,0,f70cac8d09d1a96f7d3c45d16fdf91ea943be786b61171bcbf344c36110de958,2cb57d0dd2e69acdb174d84c456a0c2667f0f80704cadc454ec0f97aeb10924f,True,True,True,True
10210,general,myopic,17.45,1.0,0.12323400005698204,0.9713350000311038,0,3,28,False,19,f70cac8d09d1a96f7d3c45d16fdf91ea943be786b61171bcbf344c36110de958,2cb57d0dd2e69acdb174d84c456a0c2667f0f80704cadc454ec0f97aeb10924f,True,True,True,True
10210,general,lookahead2,17.45,1.0,1.5408660000275631,0.7706549999966228,2,3,8,False,287,f70cac8d09d1a96f7d3c45d16fdf91ea943be786b61171bcbf344c36110de958,2cb57d0dd2e69acdb174d84c456a0c2667f0f80704cadc454ec0f97aeb10924f,True,True,True,True
10210,general,exact,17.45,1.0,40.433163999978206,0.9351090000109252,2,3,8,False,5445,f70cac8d09d1a96f7d3c45d16fdf91ea943be786b61171bcbf344c36110de958,2cb57d0dd2e69acdb174d84c456a0c2667f0f80704cadc454ec0f97aeb10924f,True,True,True,True
10210,general,discard_replay,18.3272,1.050269340974212,18.989535000059732,0.7288409998409406,1,3,12,False,1791,f70cac8d09d1a96f7d3c45d16fdf91ea943be786b61171bcbf344c36110de958,2cb57d0dd2e69acdb174d84c456a0c2667f0f80704cadc454ec0f97aeb10924f,True,True,True,True
10211,general,restart,23.45,1.0,0.0,0.5488110000442248,0,3,28,False,0,97a0d4d546ec3d457279a2d42229e2416c4fcf5d3f735f732f71f5099ae91a7c,deb6ea89ee43c89d57ea08f919a68958121550dd81a57fa682a40ca958a34c02,True,True,True,True
10211,general,conservative,23.45,1.0,0.0,0.5356320000373671,0,3,28,False,0,97a0d4d546ec3d457279a2d42229e2416c4fcf5d3f735f732f71f5099ae91a7c,deb6ea89ee43c89d57ea08f919a68958121550dd81a57fa682a40ca958a34c02,True,True,True,True
10211,general,point_estimate,14.45,0.6162046908315565,0.0,0.5645250000725355,0,2,28,False,0,97a0d4d546ec3d457279a2d42229e2416c4fcf5d3f735f732f71f5099ae91a7c,f89a82c535d2c357c0282a133e5a9cce16dd71c0617d028e73676dc87c707473,False,False,False,False
10211,general,random,23.1858,0.9887334754797442,0.09481200004302082,0.698064999937742,3,2,2,False,0,97a0d4d546ec3d457279a2d42229e2416c4fcf5d3f735f732f71f5099ae91a7c,deb6ea89ee43c89d57ea08f919a68958121550dd81a57fa682a40ca958a34c02,True,True,True,True
10211,general,graph_entropy,18.2354,0.7776289978678038,0.30133099994600343,0.7894220000252972,4,1,1,False,0,97a0d4d546ec3d457279a2d42229e2416c4fcf5d3f735f732f71f5099ae91a7c,deb6ea89ee43c89d57ea08f919a68958121550dd81a57fa682a40ca958a34c02,True,True,True,True
10211,general,class_entropy,17.7743,0.7579658848614073,0.27723500011234137,0.7114249998494415,2,1,4,False,0,97a0d4d546ec3d457279a2d42229e2416c4fcf5d3f735f732f71f5099ae91a7c,deb6ea89ee43c89d57ea08f919a68958121550dd81a57fa682a40ca958a34c02,True,True,True,True
10211,general,ec2,18.2354,0.7776289978678038,0.40582799988442275,0.631235000128072,4,1,1,False,0,97a0d4d546ec3d457279a2d42229e2416c4fcf5d3f735f732f71f5099ae91a7c,deb6ea89ee43c89d57ea08f919a68958121550dd81a57fa682a40ca958a34c02,True,True,True,True
10211,general,myopic,23.45,1.0,0.13470099997903162,0.6233840000504642,0,3,28,False,19,97a0d4d546ec3d457279a2d42229e2416c4fcf5d3f735f732f71f5099ae91a7c,deb6ea89ee43c89d57ea08f919a68958121550dd81a57fa682a40ca958a34c02,True,True,True,True
10211,general,lookahead2,18.2557,0.7784946695095949,1.6065659999640047,0.7440440000436865,2,2,4,False,260,97a0d4d546ec3d457279a2d42229e2416c4fcf5d3f735f732f71f5099ae91a7c,deb6ea89ee43c89d57ea08f919a68958121550dd81a57fa682a40ca958a34c02,True,True,True,True
10211,general,exact,16.5995,0.7078678038379531,40.56587299999137,0.8972930000936685,3,1,4,False,5445,97a0d4d546ec3d457279a2d42229e2416c4fcf5d3f735f732f71f5099ae91a7c,deb6ea89ee43c89d57ea08f919a68958121550dd81a57fa682a40ca958a34c02,True,True,True,True
10211,general,discard_replay,17.7743,0.7579658848614073,19.15353000003961,0.7712939999464652,2,1,4,False,1791,97a0d4d546ec3d457279a2d42229e2416c4fcf5d3f735f732f71f5099ae91a7c,deb6ea89ee43c89d57ea08f919a68958121550dd81a57fa682a40ca958a34c02,True,True,True,True
10212,general,restart,22.45,1.0,0.0,0.6018520000452554,0,3,28,False,0,f9c5e68d9c6db14eda287595c828d51d73eda3bd8be262d06ba2ee14726aae19,2b3bf86b054dc5205b507b0121ba5dd9501767d510f75ee9c60d4bf55d5dd097,True,True,True,True
10212,general,conservative,22.45,1.0,0.0,0.5163529999663297,0,3,28,False,0,f9c5e68d9c6db14eda287595c828d51d73eda3bd8be262d06ba2ee14726aae19,2b3bf86b054dc5205b507b0121ba5dd9501767d510f75ee9c60d4bf55d5dd097,True,True,True,True
10212,general,point_estimate,16.45,0.732739420935412,0.0,0.5422919999773512,0,2,28,False,0,f9c5e68d9c6db14eda287595c828d51d73eda3bd8be262d06ba2ee14726aae19,2b3bf86b054dc5205b507b0121ba5dd9501767d510f75ee9c60d4bf55d5dd097,True,True,True,True
10212,general,random,22.5476,1.004347438752784,0.12970500006304064,0.9713329999385678,3,3,2,False,0,f9c5e68d9c6db14eda287595c828d51d73eda3bd8be262d06ba2ee14726aae19,2b3bf86b054dc5205b507b0121ba5dd9501767d510f75ee9c60d4bf55d5dd097,True,True,True,True
10212,general,graph_entropy,16.493599999999997,0.7346815144766146,0.39814500030388444,1.1086209997301921,4,1,1,False,0,f9c5e68d9c6db14eda287595c828d51d73eda3bd8be262d06ba2ee14726aae19,2b3bf86b054dc5205b507b0121ba5dd9501767d510f75ee9c60d4bf55d5dd097,True,True,True,True
10212,general,class_entropy,16.282,0.7252561247216036,0.17152700002043275,0.9164119999240938,2,1,4,False,0,f9c5e68d9c6db14eda287595c828d51d73eda3bd8be262d06ba2ee14726aae19,2b3bf86b054dc5205b507b0121ba5dd9501767d510f75ee9c60d4bf55d5dd097,True,True,True,True
10212,general,ec2,16.493599999999997,0.7346815144766146,0.5788359999314707,0.9133480000400596,4,1,1,False,0,f9c5e68d9c6db14eda287595c828d51d73eda3bd8be262d06ba2ee14726aae19,2b3bf86b054dc5205b507b0121ba5dd9501767d510f75ee9c60d4bf55d5dd097,True,True,True,True
10212,general,myopic,22.45,1.0,0.09609400001409085,0.8534369999324554,0,3,28,False,19,f9c5e68d9c6db14eda287595c828d51d73eda3bd8be262d06ba2ee14726aae19,2b3bf86b054dc5205b507b0121ba5dd9501767d510f75ee9c60d4bf55d5dd097,True,True,True,True
10212,general,lookahead2,22.45,1.0,1.2641029999258535,0.8571130000518679,1,3,12,False,240,f9c5e68d9c6db14eda287595c828d51d73eda3bd8be262d06ba2ee14726aae19,2b3bf86b054dc5205b507b0121ba5dd9501767d510f75ee9c60d4bf55d5dd097,True,True,True,True
10212,general,exact,16.282,0.7252561247216036,39.97438500005046,1.4994969999406749,3,1,4,False,5445,f9c5e68d9c6db14eda287595c828d51d73eda3bd8be262d06ba2ee14726aae19,2b3bf86b054dc5205b507b0121ba5dd9501767d510f75ee9c60d4bf55d5dd097,True,True,True,True
10212,general,discard_replay,22.45,1.0,18.032171000072594,0.717984999937471,0,3,28,False,1791,f9c5e68d9c6db14eda287595c828d51d73eda3bd8be262d06ba2ee14726aae19,2b3bf86b054dc5205b507b0121ba5dd9501767d510f75ee9c60d4bf55d5dd097,True,True,True,True
10213,general,restart,23.45,1.0,0.0,0.5938189999596943,0,3,28,False,0,9d0dfa020404f33c6f9e72e81c8f6ab09698bffb018d741ff0fe7776ef748c89,9504fe7d25792a663930ace9c3ca058ab6571367af6ae81cb56871aa5766dcf6,True,True,True,True
10213,general,conservative,23.45,1.0,0.0,0.524404999964645,0,3,28,False,0,9d0dfa020404f33c6f9e72e81c8f6ab09698bffb018d741ff0fe7776ef748c89,9504fe7d25792a663930ace9c3ca058ab6571367af6ae81cb56871aa5766dcf6,True,True,True,True
10213,general,point_estimate,9.45,0.40298507462686567,0.0,0.5475300000625793,0,1,28,False,0,9d0dfa020404f33c6f9e72e81c8f6ab09698bffb018d741ff0fe7776ef748c89,429a12f4324ce05975e80f43b1f9f601c177dbe24f1a9fbea7a4cdb1a4b47852,False,False,False,False
10213,general,random,31.1855,1.3298720682302774,0.0715069999159823,0.7470690001127878,3,3,4,False,0,9d0dfa020404f33c6f9e72e81c8f6ab09698bffb018d741ff0fe7776ef748c89,9504fe7d25792a663930ace9c3ca058ab6571367af6ae81cb56871aa5766dcf6,True,True,True,True
10213,general,graph_entropy,37.1486,1.5841620469083157,0.32939400000486785,0.886798000010458,5,3,1,False,0,9d0dfa020404f33c6f9e72e81c8f6ab09698bffb018d741ff0fe7776ef748c89,9504fe7d25792a663930ace9c3ca058ab6571367af6ae81cb56871aa5766dcf6,True,True,True,True
10213,general,class_entropy,36.6908,1.5646396588486142,0.34904200003893493,0.723403999927541,3,3,4,False,0,9d0dfa020404f33c6f9e72e81c8f6ab09698bffb018d741ff0fe7776ef748c89,9504fe7d25792a663930ace9c3ca058ab6571367af6ae81cb56871aa5766dcf6,True,True,True,True
10213,general,ec2,37.1486,1.5841620469083157,0.4170340000655415,0.900137999906292,5,3,1,False,0,9d0dfa020404f33c6f9e72e81c8f6ab09698bffb018d741ff0fe7776ef748c89,9504fe7d25792a663930ace9c3ca058ab6571367af6ae81cb56871aa5766dcf6,True,True,True,True
10213,general,myopic,23.45,1.0,0.1161239999873942,0.7421010000143724,0,3,28,False,19,9d0dfa020404f33c6f9e72e81c8f6ab09698bffb018d741ff0fe7776ef748c89,9504fe7d25792a663930ace9c3ca058ab6571367af6ae81cb56871aa5766dcf6,True,True,True,True
10213,general,lookahead2,25.1855,1.0740085287846484,1.7943159999731506,0.8199490000606602,2,3,8,False,302,9d0dfa020404f33c6f9e72e81c8f6ab09698bffb018d741ff0fe7776ef748c89,9504fe7d25792a663930ace9c3ca058ab6571367af6ae81cb56871aa5766dcf6,True,True,True,True
10213,general,exact,25.1855,1.0740085287846484,40.49109100014903,1.2263259998235299,3,3,4,False,5445,9d0dfa020404f33c6f9e72e81c8f6ab09698bffb018d741ff0fe7776ef748c89,9504fe7d25792a663930ace9c3ca058ab6571367af6ae81cb56871aa5766dcf6,True,True,True,True
10213,general,discard_replay,23.45,1.0,19.40252299993972,0.771294000060152,0,3,28,False,1791,9d0dfa020404f33c6f9e72e81c8f6ab09698bffb018d741ff0fe7776ef748c89,9504fe7d25792a663930ace9c3ca058ab6571367af6ae81cb56871aa5766dcf6,True,True,True,True
10214,general,restart,19.45,1.0,0.0,0.7400380000035511,0,3,28,False,0,a17543f4b2339784f3c22dad72e7520249020b6d9f3ae767f0ac1230424f65ce,7cfb9767f95475a33c9e54285bf5a59d4a4e85322dad0c0bfd68b739e92c07e1,True,True,True,True
10214,general,conservative,19.45,1.0,0.0,0.7768429999259752,0,3,28,False,0,a17543f4b2339784f3c22dad72e7520249020b6d9f3ae767f0ac1230424f65ce,7cfb9767f95475a33c9e54285bf5a59d4a4e85322dad0c0bfd68b739e92c07e1,True,True,True,True
10214,general,point_estimate,5.45,0.2802056555269923,0.0,0.7577449999871533,0,1,28,False,0,a17543f4b2339784f3c22dad72e7520249020b6d9f3ae767f0ac1230424f65ce,d7377ada151e7daebb79236cbccbd51081582ab55265559c567baadbadf412d0,True,False,False,False
10214,general,random,19.45,1.0,0.1556839999921067,1.0638620000236187,3,3,4,False,0,a17543f4b2339784f3c22dad72e7520249020b6d9f3ae767f0ac1230424f65ce,7cfb9767f95475a33c9e54285bf5a59d4a4e85322dad0c0bfd68b739e92c07e1,True,True,True,True
10214,general,graph_entropy,11.0766,0.5694910025706941,0.3710370000362673,0.8347990000174832,4,1,1,False,0,a17543f4b2339784f3c22dad72e7520249020b6d9f3ae767f0ac1230424f65ce,7cfb9767f95475a33c9e54285bf5a59d4a4e85322dad0c0bfd68b739e92c07e1,True,True,True,True
10214,general,class_entropy,10.862499999999999,0.5584832904884318,0.2613820000760825,0.8152799998697446,2,1,4,False,0,a17543f4b2339784f3c22dad72e7520249020b6d9f3ae767f0ac1230424f65ce,7cfb9767f95475a33c9e54285bf5a59d4a4e85322dad0c0bfd68b739e92c07e1,True,True,True,True
10214,general,ec2,11.0766,0.5694910025706941,0.4941600001302504,0.8606879998751538,4,1,1,False,0,a17543f4b2339784f3c22dad72e7520249020b6d9f3ae767f0ac1230424f65ce,7cfb9767f95475a33c9e54285bf5a59d4a4e85322dad0c0bfd68b739e92c07e1,True,True,True,True
10214,general,myopic,19.45,1.0,0.17925800000284653,0.9276889999227933,0,3,28,False,19,a17543f4b2339784f3c22dad72e7520249020b6d9f3ae767f0ac1230424f65ce,7cfb9767f95475a33c9e54285bf5a59d4a4e85322dad0c0bfd68b739e92c07e1,True,True,True,True
10214,general,lookahead2,12.190299999999999,0.6267506426735218,1.705843999843637,0.9925270001076569,3,2,4,False,282,a17543f4b2339784f3c22dad72e7520249020b6d9f3ae767f0ac1230424f65ce,7cfb9767f95475a33c9e54285bf5a59d4a4e85322dad0c0bfd68b739e92c07e1,True,True,True,True
10214,general,exact,10.862499999999999,0.5584832904884318,39.66639600014332,1.1182629998529592,3,1,4,False,5445,a17543f4b2339784f3c22dad72e7520249020b6d9f3ae767f0ac1230424f65ce,7cfb9767f95475a33c9e54285bf5a59d4a4e85322dad0c0bfd68b739e92c07e1,True,True,True,True
10214,general,discard_replay,10.862499999999999,0.5584832904884318,18.29011699999228,0.952266000012969,2,1,4,False,1791,a17543f4b2339784f3c22dad72e7520249020b6d9f3ae767f0ac1230424f65ce,7cfb9767f95475a33c9e54285bf5a59d4a4e85322dad0c0bfd68b739e92c07e1,True,True,True,True
10215,general,restart,23.45,1.0,0.0,0.7851949999349017,0,3,28,False,0,4d95bf894d7b0aad50fa082a33be64a905fab57ca3f699c2c2b70f804b56c5f0,2920128ae1a5d474bc89e1b285454bd6426ab331a0b893c9f26e80bf03cec288,True,True,True,True
10215,general,conservative,23.45,1.0,0.0,0.7341290000795198,0,3,28,False,0,4d95bf894d7b0aad50fa082a33be64a905fab57ca3f699c2c2b70f804b56c5f0,2920128ae1a5d474bc89e1b285454bd6426ab331a0b893c9f26e80bf03cec288,True,True,True,True
10215,general,point_estimate,23.45,1.0,0.0,0.7873790000303416,0,3,28,False,0,4d95bf894d7b0aad50fa082a33be64a905fab57ca3f699c2c2b70f804b56c5f0,2920128ae1a5d474bc89e1b285454bd6426ab331a0b893c9f26e80bf03cec288,True,True,True,True
10215,general,random,32.8583,1.4012068230277186,0.08106200016300136,0.9880789998533146,3,2,4,False,0,4d95bf894d7b0aad50fa082a33be64a905fab57ca3f699c2c2b70f804b56c5f0,2920128ae1a5d474bc89e1b285454bd6426ab331a0b893c9f26e80bf03cec288,True,True,True,True
10215,general,graph_entropy,24.349899999999998,1.0383752665245203,0.37173600003370666,0.7937789999914457,4,2,1,False,0,4d95bf894d7b0aad50fa082a33be64a905fab57ca3f699c2c2b70f804b56c5f0,2920128ae1a5d474bc89e1b285454bd6426ab331a0b893c9f26e80bf03cec288,True,True,True,True
10215,general,class_entropy,23.8043,1.0151087420042644,0.28618900012133963,0.8620709998012899,2,2,4,False,0,4d95bf894d7b0aad50fa082a33be64a905fab57ca3f699c2c2b70f804b56c5f0,2920128ae1a5d474bc89e1b285454bd6426ab331a0b893c9f26e80bf03cec288,True,True,True,True
10215,general,ec2,24.349899999999998,1.0383752665245203,0.4338600000437509,0.8484609999186432,4,2,1,False,0,4d95bf894d7b0aad50fa082a33be64a905fab57ca3f699c2c2b70f804b56c5f0,2920128ae1a5d474bc89e1b285454bd6426ab331a0b893c9f26e80bf03cec288,True,True,True,True
10215,general,myopic,23.45,1.0,0.18583900009616627,0.7159319998208957,0,3,28,False,19,4d95bf894d7b0aad50fa082a33be64a905fab57ca3f699c2c2b70f804b56c5f0,2920128ae1a5d474bc89e1b285454bd6426ab331a0b893c9f26e80bf03cec288,True,True,True,True
10215,general,lookahead2,25.8381,1.1018379530916844,1.5536070001189728,0.984693999839692,3,3,4,False,301,4d95bf894d7b0aad50fa082a33be64a905fab57ca3f699c2c2b70f804b56c5f0,2920128ae1a5d474bc89e1b285454bd6426ab331a0b893c9f26e80bf03cec288,True,True,True,True
10215,general,exact,25.8381,1.1018379530916844,39.58890900003098,1.3676989999567013,3,3,4,False,5445,4d95bf894d7b0aad50fa082a33be64a905fab57ca3f699c2c2b70f804b56c5f0,2920128ae1a5d474bc89e1b285454bd6426ab331a0b893c9f26e80bf03cec288,True,True,True,True
10215,general,discard_replay,23.45,1.0,18.320722999987993,0.8891520000133823,0,3,28,False,1791,4d95bf894d7b0aad50fa082a33be64a905fab57ca3f699c2c2b70f804b56c5f0,2920128ae1a5d474bc89e1b285454bd6426ab331a0b893c9f26e80bf03cec288,True,True,True,True
10216,general,restart,20.45,1.0,0.0,0.6533879999324199,0,3,28,False,0,d84d6a7aadc814ddfd3a450cfc47df10bf3ea54e50449db0732460f95c511f7d,7a3c9b620b524c809c1bb5c6fd3e22f1a776b7f5090be7f4294fc2d0db32c7a6,True,True,True,True
10216,general,conservative,20.45,1.0,0.0,0.7706139999754669,0,3,28,False,0,d84d6a7aadc814ddfd3a450cfc47df10bf3ea54e50449db0732460f95c511f7d,7a3c9b620b524c809c1bb5c6fd3e22f1a776b7f5090be7f4294fc2d0db32c7a6,True,True,True,True
10216,general,point_estimate,12.45,0.60880195599022,0.0,0.7719559999941339,0,2,28,False,0,d84d6a7aadc814ddfd3a450cfc47df10bf3ea54e50449db0732460f95c511f7d,174fba55e2d4f2eb8e5e6f648dcda03fa59dcc40c74fa34a3e285f2ae8b2e404,True,False,False,False
10216,general,random,24.937,1.2194132029339855,0.153970999917874,0.9161710000853418,5,2,1,False,0,d84d6a7aadc814ddfd3a450cfc47df10bf3ea54e50449db0732460f95c511f7d,7a3c9b620b524c809c1bb5c6fd3e22f1a776b7f5090be7f4294fc2d0db32c7a6,True,True,True,True
10216,general,graph_entropy,14.785499999999999,0.7230073349633251,0.3892640000913161,0.9174319999374347,5,2,1,False,0,d84d6a7aadc814ddfd3a450cfc47df10bf3ea54e50449db0732460f95c511f7d,7a3c9b620b524c809c1bb5c6fd3e22f1a776b7f5090be7f4294fc2d0db32c7a6,True,True,True,True
10216,general,class_entropy,14.5315,0.7105867970660147,0.3461589999460557,1.0340370000676558,3,2,4,False,0,d84d6a7aadc814ddfd3a450cfc47df10bf3ea54e50449db0732460f95c511f7d,7a3c9b620b524c809c1bb5c6fd3e22f1a776b7f5090be7f4294fc2d0db32c7a6,True,True,True,True
10216,general,ec2,14.785499999999999,0.7230073349633251,0.46262400019259076,0.9612279997099904,5,2,1,False,0,d84d6a7aadc814ddfd3a450cfc47df10bf3ea54e50449db0732460f95c511f7d,7a3c9b620b524c809c1bb5c6fd3e22f1a776b7f5090be7f4294fc2d0db32c7a6,True,True,True,True
10216,general,myopic,14.5315,0.7105867970660147,0.3610099998923033,0.8728170000722457,2,2,8,False,46,d84d6a7aadc814ddfd3a450cfc47df10bf3ea54e50449db0732460f95c511f7d,7a3c9b620b524c809c1bb5c6fd3e22f1a776b7f5090be7f4294fc2d0db32c7a6,True,True,True,True
10216,general,lookahead2,14.5315,0.7105867970660147,1.6411770001241166,0.9015509998562266,3,2,4,False,327,d84d6a7aadc814ddfd3a450cfc47df10bf3ea54e50449db0732460f95c511f7d,7a3c9b620b524c809c1bb5c6fd3e22f1a776b7f5090be7f4294fc2d0db32c7a6,True,True,True,True
10216,general,exact,14.5315,0.7105867970660147,40.189688999930695,1.1294320000843072,3,2,4,False,5445,d84d6a7aadc814ddfd3a450cfc47df10bf3ea54e50449db0732460f95c511f7d,7a3c9b620b524c809c1bb5c6fd3e22f1a776b7f5090be7f4294fc2d0db32c7a6,True,True,True,True
10216,general,discard_replay,14.5315,0.7105867970660147,17.71870199991099,0.806858000032662,2,2,8,False,1791,d84d6a7aadc814ddfd3a450cfc47df10bf3ea54e50449db0732460f95c511f7d,7a3c9b620b524c809c1bb5c6fd3e22f1a776b7f5090be7f4294fc2d0db32c7a6,True,True,True,True
10217,general,restart,20.45,1.0,0.0,0.8410489999732818,0,3,28,False,0,dfb31ea430bf76329d3d259a8a3a8ee92e670043b2a947ad40ee8514e3ea82ca,ba6ed89ab425fe7ac5e95c7950a1a7cef59fd99f329b3d6dfd7873b5b4f37dff,True,True,True,True
10217,general,conservative,20.45,1.0,0.0,0.7353109999712615,0,3,28,False,0,dfb31ea430bf76329d3d259a8a3a8ee92e670043b2a947ad40ee8514e3ea82ca,ba6ed89ab425fe7ac5e95c7950a1a7cef59fd99f329b3d6dfd7873b5b4f37dff,True,True,True,True
10217,general,point_estimate,13.45,0.6577017114914425,0.0,0.8239930000399909,0,2,28,False,0,dfb31ea430bf76329d3d259a8a3a8ee92e670043b2a947ad40ee8514e3ea82ca,7143d5e39e5534d1bbdbf8161252dc044e6c248bf21aebdc81706e8498e9f354,False,False,False,False
10217,general,random,17.2102,0.8415745721271394,0.25049699991086527,0.7911630000307923,4,1,2,False,0,dfb31ea430bf76329d3d259a8a3a8ee92e670043b2a947ad40ee8514e3ea82ca,ba6ed89ab425fe7ac5e95c7950a1a7cef59fd99f329b3d6dfd7873b5b4f37dff,True,True,True,True
10217,general,graph_entropy,14.3673,0.702557457212714,0.41589099987504596,1.5451850000545164,5,1,1,False,0,dfb31ea430bf76329d3d259a8a3a8ee92e670043b2a947ad40ee8514e3ea82ca,ba6ed89ab425fe7ac5e95c7950a1a7cef59fd99f329b3d6dfd7873b5b4f37dff,True,True,True,True
10217,general,class_entropy,13.970799999999999,0.6831687041564792,0.31771500005106645,0.7962429999679443,3,1,4,False,0,dfb31ea430bf76329d3d259a8a3a8ee92e670043b2a947ad40ee8514e3ea82ca,ba6ed89ab425fe7ac5e95c7950a1a7cef59fd99f329b3d6dfd7873b5b4f37dff,True,True,True,True
10217,general,ec2,14.3673,0.702557457212714,0.4449760000397873,0.8264780000217797,5,1,1,False,0,dfb31ea430bf76329d3d259a8a3a8ee92e670043b2a947ad40ee8514e3ea82ca,ba6ed89ab425fe7ac5e95c7950a1a7cef59fd99f329b3d6dfd7873b5b4f37dff,True,True,True,True
10217,general,myopic,13.970799999999999,0.6831687041564792,0.3021719999196648,0.8385260001659844,3,1,4,False,54,dfb31ea430bf76329d3d259a8a3a8ee92e670043b2a947ad40ee8514e3ea82ca,ba6ed89ab425fe7ac5e95c7950a1a7cef59fd99f329b3d6dfd7873b5b4f37dff,True,True,True,True
10217,general,lookahead2,14.112099999999998,0.6900782396088019,1.8395639998516344,0.8965730000909389,3,2,4,False,349,dfb31ea430bf76329d3d259a8a3a8ee92e670043b2a947ad40ee8514e3ea82ca,ba6ed89ab425fe7ac5e95c7950a1a7cef59fd99f329b3d6dfd7873b5b4f37dff,True,True,True,True
10217,general,exact,14.112099999999998,0.6900782396088019,42.51578299988523,1.3499110000338987,4,2,4,False,5445,dfb31ea430bf76329d3d259a8a3a8ee92e670043b2a947ad40ee8514e3ea82ca,ba6ed89ab425fe7ac5e95c7950a1a7cef59fd99f329b3d6dfd7873b5b4f37dff,True,True,True,True
10217,general,discard_replay,13.970799999999999,0.6831687041564792,18.738628000050994,0.8691819998603023,3,1,4,False,1791,dfb31ea430bf76329d3d259a8a3a8ee92e670043b2a947ad40ee8514e3ea82ca,ba6ed89ab425fe7ac5e95c7950a1a7cef59fd99f329b3d6dfd7873b5b4f37dff,True,True,True,True
10218,general,restart,20.45,1.0,0.0,0.8099619999484275,0,3,28,False,0,5234378f4f534d35167c680416c8f26c9bb808576554556381e7b14e3784afc7,9f468b7cccc2d3145c46d2b365a7faf6b844f0852272ab67625f9d04df1ba3af,True,True,True,True
10218,general,conservative,20.45,1.0,0.0,0.7391369999822928,0,3,28,False,0,5234378f4f534d35167c680416c8f26c9bb808576554556381e7b14e3784afc7,9f468b7cccc2d3145c46d2b365a7faf6b844f0852272ab67625f9d04df1ba3af,True,True,True,True
10218,general,point_estimate,20.45,1.0,0.0,0.9190559999296966,0,3,28,False,0,5234378f4f534d35167c680416c8f26c9bb808576554556381e7b14e3784afc7,9f468b7cccc2d3145c46d2b365a7faf6b844f0852272ab67625f9d04df1ba3af,True,True,True,True
10218,general,random,19.1974,0.9387481662591687,0.2148009999700662,0.9780460000001767,3,2,2,False,0,5234378f4f534d35167c680416c8f26c9bb808576554556381e7b14e3784afc7,9f468b7cccc2d3145c46d2b365a7faf6b844f0852272ab67625f9d04df1ba3af,True,True,True,True
10218,general,graph_entropy,20.6401,1.0092958435207824,0.3815009999925678,0.9028629999647819,5,1,1,False,0,5234378f4f534d35167c680416c8f26c9bb808576554556381e7b14e3784afc7,9f468b7cccc2d3145c46d2b365a7faf6b844f0852272ab67625f9d04df1ba3af,True,True,True,True
10218,general,class_entropy,20.2262,0.9890562347188264,0.2893420000873448,0.9151209998208287,3,1,4,False,0,5234378f4f534d35167c680416c8f26c9bb808576554556381e7b14e3784afc7,9f468b7cccc2d3145c46d2b365a7faf6b844f0852272ab67625f9d04df1ba3af,True,True,True,True
10218,general,ec2,20.6401,1.0092958435207824,0.4417320000129621,1.1441969999168577,5,1,1,False,0,5234378f4f534d35167c680416c8f26c9bb808576554556381e7b14e3784afc7,9f468b7cccc2d3145c46d2b365a7faf6b844f0852272ab67625f9d04df1ba3af,True,True,True,True
10218,general,myopic,20.45,1.0,0.18077100003210944,0.5853960000195002,0,3,28,False,19,5234378f4f534d35167c680416c8f26c9bb808576554556381e7b14e3784afc7,9f468b7cccc2d3145c46d2b365a7faf6b844f0852272ab67625f9d04df1ba3af,True,True,True,True
10218,general,lookahead2,19.0416,0.9311295843520783,1.5366600000561448,0.7346109999843975,3,2,4,False,271,5234378f4f534d35167c680416c8f26c9bb808576554556381e7b14e3784afc7,9f468b7cccc2d3145c46d2b365a7faf6b844f0852272ab67625f9d04df1ba3af,True,True,True,True
10218,general,exact,19.0416,0.9311295843520783,38.848369999982424,0.887830000010581,3,2,4,False,5445,5234378f4f534d35167c680416c8f26c9bb808576554556381e7b14e3784afc7,9f468b7cccc2d3145c46d2b365a7faf6b844f0852272ab67625f9d04df1ba3af,True,True,True,True
10218,general,discard_replay,20.45,1.0,18.366782000043713,0.5921959999568571,0,3,28,False,1791,5234378f4f534d35167c680416c8f26c9bb808576554556381e7b14e3784afc7,9f468b7cccc2d3145c46d2b365a7faf6b844f0852272ab67625f9d04df1ba3af,True,True,True,True
10219,general,restart,20.45,1.0,0.0,0.5293030000075305,0,3,28,False,0,0857a10dae94bef4379c20ddcafa0d2073cdd6a9b73baf156cf20aa6cceec305,438c739641170da192660c1bfac419c63d13a5a6c891a902796ca94a754fd57a,True,True,True,True
10219,general,conservative,20.45,1.0,0.0,0.5987759999470654,0,3,28,False,0,0857a10dae94bef4379c20ddcafa0d2073cdd6a9b73baf156cf20aa6cceec305,438c739641170da192660c1bfac419c63d13a5a6c891a902796ca94a754fd57a,True,True,True,True
10219,general,point_estimate,7.45,0.3643031784841076,0.0,0.5533889999469466,0,1,28,False,0,0857a10dae94bef4379c20ddcafa0d2073cdd6a9b73baf156cf20aa6cceec305,d9be804f4c95f9ffadba75253fca51f3c9a55199195f8dd953d85c9179a17ed0,True,False,False,False
10219,general,random,15.0153,0.7342444987775061,0.07938900000681315,0.7966329999362642,3,2,4,False,0,0857a10dae94bef4379c20ddcafa0d2073cdd6a9b73baf156cf20aa6cceec305,438c739641170da192660c1bfac419c63d13a5a6c891a902796ca94a754fd57a,True,True,True,True
10219,general,graph_entropy,22.4968,1.1000880195599023,0.3410710002071937,0.6702839997387855,5,2,1,False,0,0857a10dae94bef4379c20ddcafa0d2073cdd6a9b73baf156cf20aa6cceec305,438c739641170da192660c1bfac419c63d13a5a6c891a902796ca94a754fd57a,True,True,True,True
10219,general,class_entropy,22.1237,1.0818435207823962,0.25705500002004555,0.7100229998968643,3,2,4,False,0,0857a10dae94bef4379c20ddcafa0d2073cdd6a9b73baf156cf20aa6cceec305,438c739641170da192660c1bfac419c63d13a5a6c891a902796ca94a754fd57a,True,True,True,True
10219,general,ec2,22.4968,1.1000880195599023,0.3896740000755017,0.7614189999003429,5,2,1,False,0,0857a10dae94bef4379c20ddcafa0d2073cdd6a9b73baf156cf20aa6cceec305,438c739641170da192660c1bfac419c63d13a5a6c891a902796ca94a754fd57a,True,True,True,True
10219,general,myopic,22.6039,1.1053251833740831,0.18162200001370365,0.595662000023367,1,3,16,False,35,0857a10dae94bef4379c20ddcafa0d2073cdd6a9b73baf156cf20aa6cceec305,438c739641170da192660c1bfac419c63d13a5a6c891a902796ca94a754fd57a,True,True,True,True
10219,general,lookahead2,17.1692,0.8395696821515892,1.5333050001800075,0.7427839998399577,3,2,4,False,329,0857a10dae94bef4379c20ddcafa0d2073cdd6a9b73baf156cf20aa6cceec305,438c739641170da192660c1bfac419c63d13a5a6c891a902796ca94a754fd57a,True,True,True,True
10219,general,exact,17.1692,0.8395696821515892,38.22671000000355,0.962259999937487,4,2,4,False,5445,0857a10dae94bef4379c20ddcafa0d2073cdd6a9b73baf156cf20aa6cceec305,438c739641170da192660c1bfac419c63d13a5a6c891a902796ca94a754fd57a,True,True,True,True
10219,general,discard_replay,22.1237,1.0818435207823962,18.433621999975003,0.6925980000005438,3,2,4,False,1791,0857a10dae94bef4379c20ddcafa0d2073cdd6a9b73baf156cf20aa6cceec305,438c739641170da192660c1bfac419c63d13a5a6c891a902796ca94a754fd57a,True,True,True,True
10300,nuisance,restart,21.45,1.0,0.0,0.5454270000200268,0,3,4,False,0,b5205ce3103cb06e6886c4779689356891c639a08183fb84c1407e81c2a5bae6,99c9767aac15a723c67f31af1ae97ee18e2e695943d891a869ff531d17c6a29b,True,True,True,True
10300,nuisance,conservative,12.45,0.5804195804195804,0.0,0.5655969999907029,0,2,4,False,0,b5205ce3103cb06e6886c4779689356891c639a08183fb84c1407e81c2a5bae6,99c9767aac15a723c67f31af1ae97ee18e2e695943d891a869ff531d17c6a29b,True,True,True,True
10300,nuisance,point_estimate,12.45,0.5804195804195804,0.0,0.5386369999769158,0,2,4,False,0,b5205ce3103cb06e6886c4779689356891c639a08183fb84c1407e81c2a5bae6,99c9767aac15a723c67f31af1ae97ee18e2e695943d891a869ff531d17c6a29b,True,True,True,True
10300,nuisance,random,12.45,0.5804195804195804,0.0014419999843084952,0.6547909999881085,0,2,4,False,0,b5205ce3103cb06e6886c4779689356891c639a08183fb84c1407e81c2a5bae6,99c9767aac15a723c67f31af1ae97ee18e2e695943d891a869ff531d17c6a29b,True,True,True,True
10300,nuisance,graph_entropy,12.7424,0.5940512820512821,0.05976900001769536,0.4720569999108193,2,2,1,False,0,b5205ce3103cb06e6886c4779689356891c639a08183fb84c1407e81c2a5bae6,99c9767aac15a723c67f31af1ae97ee18e2e695943d891a869ff531d17c6a29b,True,True,True,True
10300,nuisance,class_entropy,12.45,0.5804195804195804,0.006019000011292519,0.5480000000943619,0,2,4,False,0,b5205ce3103cb06e6886c4779689356891c639a08183fb84c1407e81c2a5bae6,99c9767aac15a723c67f31af1ae97ee18e2e695943d891a869ff531d17c6a29b,True,True,True,True
10300,nuisance,ec2,12.45,0.5804195804195804,0.008091999916359782,0.5524980000473079,0,2,4,False,0,b5205ce3103cb06e6886c4779689356891c639a08183fb84c1407e81c2a5bae6,99c9767aac15a723c67f31af1ae97ee18e2e695943d891a869ff531d17c6a29b,True,True,True,True
10300,nuisance,myopic,12.45,0.5804195804195804,0.045838000005460344,0.5630130000326972,0,2,4,False,8,b5205ce3103cb06e6886c4779689356891c639a08183fb84c1407e81c2a5bae6,99c9767aac15a723c67f31af1ae97ee18e2e695943d891a869ff531d17c6a29b,True,True,True,True
10300,nuisance,lookahead2,12.45,0.5804195804195804,0.20293400007176388,0.5265979999649062,0,2,4,False,27,b5205ce3103cb06e6886c4779689356891c639a08183fb84c1407e81c2a5bae6,99c9767aac15a723c67f31af1ae97ee18e2e695943d891a869ff531d17c6a29b,True,True,True,True
10300,nuisance,exact,12.45,0.5804195804195804,0.6981660000064949,0.5829830000720904,0,2,4,False,72,b5205ce3103cb06e6886c4779689356891c639a08183fb84c1407e81c2a5bae6,99c9767aac15a723c67f31af1ae97ee18e2e695943d891a869ff531d17c6a29b,True,True,True,True
10300,nuisance,discard_replay,12.45,0.5804195804195804,0.14440600000398263,0.5152510000243637,0,2,4,False,9,b5205ce3103cb06e6886c4779689356891c639a08183fb84c1407e81c2a5bae6,99c9767aac15a723c67f31af1ae97ee18e2e695943d891a869ff531d17c6a29b,True,True,True,True
10301,nuisance,restart,21.45,1.0,0.0,0.6276389999584353,0,3,4,False,0,13b02e237ef4561518d7928585ff994f580553ecc26f4df4769e8c0008cf1753,5e0bafc21f9176d4012cc685ef0debff0d0cf7ff918c3720cd65cd0c20713f6a,True,True,True,True
10301,nuisance,conservative,12.45,0.5804195804195804,0.0,0.5301839998992364,0,2,4,False,0,13b02e237ef4561518d7928585ff994f580553ecc26f4df4769e8c0008cf1753,5e0bafc21f9176d4012cc685ef0debff0d0cf7ff918c3720cd65cd0c20713f6a,True,True,True,True
10301,nuisance,point_estimate,12.45,0.5804195804195804,0.0,0.5192279999164384,0,2,4,False,0,13b02e237ef4561518d7928585ff994f580553ecc26f4df4769e8c0008cf1753,5e0bafc21f9176d4012cc685ef0debff0d0cf7ff918c3720cd65cd0c20713f6a,True,True,True,True
10301,nuisance,random,12.45,0.5804195804195804,0.0016019999975469545,0.7839139999532563,0,2,4,False,0,13b02e237ef4561518d7928585ff994f580553ecc26f4df4769e8c0008cf1753,5e0bafc21f9176d4012cc685ef0debff0d0cf7ff918c3720cd65cd0c20713f6a,True,True,True,True
10301,nuisance,graph_entropy,12.8911,0.600983682983683,0.06012000017108221,0.522331999832204,2,2,1,False,0,13b02e237ef4561518d7928585ff994f580553ecc26f4df4769e8c0008cf1753,5e0bafc21f9176d4012cc685ef0debff0d0cf7ff918c3720cd65cd0c20713f6a,True,True,True,True
10301,nuisance,class_entropy,12.45,0.5804195804195804,0.005759000032412587,0.6200880000051257,0,2,4,False,0,13b02e237ef4561518d7928585ff994f580553ecc26f4df4769e8c0008cf1753,5e0bafc21f9176d4012cc685ef0debff0d0cf7ff918c3720cd65cd0c20713f6a,True,True,True,True
10301,nuisance,ec2,12.45,0.5804195804195804,0.007912000000942498,0.5703739999489699,0,2,4,False,0,13b02e237ef4561518d7928585ff994f580553ecc26f4df4769e8c0008cf1753,5e0bafc21f9176d4012cc685ef0debff0d0cf7ff918c3720cd65cd0c20713f6a,True,True,True,True
10301,nuisance,myopic,12.45,0.5804195804195804,0.043816000015795,0.5442650000304639,0,2,4,False,8,13b02e237ef4561518d7928585ff994f580553ecc26f4df4769e8c0008cf1753,5e0bafc21f9176d4012cc685ef0debff0d0cf7ff918c3720cd65cd0c20713f6a,True,True,True,True
10301,nuisance,lookahead2,12.45,0.5804195804195804,0.23155600001700805,0.5803399999422254,0,2,4,False,27,13b02e237ef4561518d7928585ff994f580553ecc26f4df4769e8c0008cf1753,5e0bafc21f9176d4012cc685ef0debff0d0cf7ff918c3720cd65cd0c20713f6a,True,True,True,True
10301,nuisance,exact,12.45,0.5804195804195804,0.6831130000364283,0.6332889998930114,0,2,4,False,72,13b02e237ef4561518d7928585ff994f580553ecc26f4df4769e8c0008cf1753,5e0bafc21f9176d4012cc685ef0debff0d0cf7ff918c3720cd65cd0c20713f6a,True,True,True,True
10301,nuisance,discard_replay,12.45,0.5804195804195804,0.14156200006709696,0.5301129999679688,0,2,4,False,9,13b02e237ef4561518d7928585ff994f580553ecc26f4df4769e8c0008cf1753,5e0bafc21f9176d4012cc685ef0debff0d0cf7ff918c3720cd65cd0c20713f6a,True,True,True,True
10302,nuisance,restart,19.45,1.0,0.0,0.5417009999746369,0,3,4,False,0,24a873868bfb239a79d99e5015de02bbcf08bffb40cfc544a58437c3005b3027,95dfba3896f77cb42fce07e5af1a026ab0837bc2287f519227b3ce99912305bd,True,True,True,True
10302,nuisance,conservative,12.45,0.6401028277634961,0.0,0.6706240000085018,0,2,4,False,0,24a873868bfb239a79d99e5015de02bbcf08bffb40cfc544a58437c3005b3027,95dfba3896f77cb42fce07e5af1a026ab0837bc2287f519227b3ce99912305bd,True,True,True,True
10302,nuisance,point_estimate,12.45,0.6401028277634961,0.0,0.567439000064951,0,2,4,False,0,24a873868bfb239a79d99e5015de02bbcf08bffb40cfc544a58437c3005b3027,95dfba3896f77cb42fce07e5af1a026ab0837bc2287f519227b3ce99912305bd,True,True,True,True
10302,nuisance,random,12.45,0.6401028277634961,0.0012719999631372048,0.552127000105429,0,2,4,False,0,24a873868bfb239a79d99e5015de02bbcf08bffb40cfc544a58437c3005b3027,95dfba3896f77cb42fce07e5af1a026ab0837bc2287f519227b3ce99912305bd,True,True,True,True
10302,nuisance,graph_entropy,12.6657,0.6511928020565553,0.09663499997714098,0.5112249999683627,2,2,1,False,0,24a873868bfb239a79d99e5015de02bbcf08bffb40cfc544a58437c3005b3027,95dfba3896f77cb42fce07e5af1a026ab0837bc2287f519227b3ce99912305bd,True,True,True,True
10302,nuisance,class_entropy,12.45,0.6401028277634961,0.0057190000006812625,0.5478799999991679,0,2,4,False,0,24a873868bfb239a79d99e5015de02bbcf08bffb40cfc544a58437c3005b3027,95dfba3896f77cb42fce07e5af1a026ab0837bc2287f519227b3ce99912305bd,True,True,True,True
10302,nuisance,ec2,12.45,0.6401028277634961,0.007320999998228217,0.5317859998967833,0,2,4,False,0,24a873868bfb239a79d99e5015de02bbcf08bffb40cfc544a58437c3005b3027,95dfba3896f77cb42fce07e5af1a026ab0837bc2287f519227b3ce99912305bd,True,True,True,True
10302,nuisance,myopic,12.45,0.6401028277634961,0.044355999989420525,0.5228429999988293,0,2,4,False,8,24a873868bfb239a79d99e5015de02bbcf08bffb40cfc544a58437c3005b3027,95dfba3896f77cb42fce07e5af1a026ab0837bc2287f519227b3ce99912305bd,True,True,True,True
10302,nuisance,lookahead2,12.45,0.6401028277634961,0.19952799993916415,0.4918170000109967,0,2,4,False,27,24a873868bfb239a79d99e5015de02bbcf08bffb40cfc544a58437c3005b3027,95dfba3896f77cb42fce07e5af1a026ab0837bc2287f519227b3ce99912305bd,True,True,True,True
10302,nuisance,exact,12.45,0.6401028277634961,0.6632829999944079,0.5321170000343045,0,2,4,False,72,24a873868bfb239a79d99e5015de02bbcf08bffb40cfc544a58437c3005b3027,95dfba3896f77cb42fce07e5af1a026ab0837bc2287f519227b3ce99912305bd,True,True,True,True
10302,nuisance,discard_replay,12.45,0.6401028277634961,0.16784100000677427,0.6074699999771838,0,2,4,False,9,24a873868bfb239a79d99e5015de02bbcf08bffb40cfc544a58437c3005b3027,95dfba3896f77cb42fce07e5af1a026ab0837bc2287f519227b3ce99912305bd,True,True,True,True
10303,nuisance,restart,17.45,1.0,0.0,0.5960529999811115,0,3,4,False,0,2ee1b2cbae6cf005dde6841fd44fb61b755dbcf9446d4db2dbbe9c50731ceeb3,ec2b6eade1050b034a5cf8eae13503aea4dc5a490c6769bdddd1615023e0a73f,True,True,True,True
10303,nuisance,conservative,12.45,0.7134670487106017,0.0,0.5169539999769768,0,2,4,False,0,2ee1b2cbae6cf005dde6841fd44fb61b755dbcf9446d4db2dbbe9c50731ceeb3,ec2b6eade1050b034a5cf8eae13503aea4dc5a490c6769bdddd1615023e0a73f,True,True,True,True
10303,nuisance,point_estimate,12.45,0.7134670487106017,0.0,0.5338390000133586,0,2,4,False,0,2ee1b2cbae6cf005dde6841fd44fb61b755dbcf9446d4db2dbbe9c50731ceeb3,ec2b6eade1050b034a5cf8eae13503aea4dc5a490c6769bdddd1615023e0a73f,True,True,True,True
10303,nuisance,random,12.45,0.7134670487106017,0.0015419999499499681,0.5773950000502737,0,2,4,False,0,2ee1b2cbae6cf005dde6841fd44fb61b755dbcf9446d4db2dbbe9c50731ceeb3,ec2b6eade1050b034a5cf8eae13503aea4dc5a490c6769bdddd1615023e0a73f,True,True,True,True
10303,nuisance,graph_entropy,12.829099999999999,0.7351919770773638,0.0575159998561503,0.6104950001599718,2,2,1,False,0,2ee1b2cbae6cf005dde6841fd44fb61b755dbcf9446d4db2dbbe9c50731ceeb3,ec2b6eade1050b034a5cf8eae13503aea4dc5a490c6769bdddd1615023e0a73f,True,True,True,True
10303,nuisance,class_entropy,12.45,0.7134670487106017,0.006149000000732485,0.48170200000186014,0,2,4,False,0,2ee1b2cbae6cf005dde6841fd44fb61b755dbcf9446d4db2dbbe9c50731ceeb3,ec2b6eade1050b034a5cf8eae13503aea4dc5a490c6769bdddd1615023e0a73f,True,True,True,True
10303,nuisance,ec2,12.45,0.7134670487106017,0.007552000056421093,0.5073590000392869,0,2,4,False,0,2ee1b2cbae6cf005dde6841fd44fb61b755dbcf9446d4db2dbbe9c50731ceeb3,ec2b6eade1050b034a5cf8eae13503aea4dc5a490c6769bdddd1615023e0a73f,True,True,True,True
10303,nuisance,myopic,12.45,0.7134670487106017,0.04334499999458785,0.4960829999163252,0,2,4,False,8,2ee1b2cbae6cf005dde6841fd44fb61b755dbcf9446d4db2dbbe9c50731ceeb3,ec2b6eade1050b034a5cf8eae13503aea4dc5a490c6769bdddd1615023e0a73f,True,True,True,True
10303,nuisance,lookahead2,12.45,0.7134670487106017,0.19901800010302395,0.5918659999224474,0,2,4,False,27,2ee1b2cbae6cf005dde6841fd44fb61b755dbcf9446d4db2dbbe9c50731ceeb3,ec2b6eade1050b034a5cf8eae13503aea4dc5a490c6769bdddd1615023e0a73f,True,True,True,True
10303,nuisance,exact,12.45,0.7134670487106017,0.9181049999824609,0.5696030000308383,0,2,4,False,72,2ee1b2cbae6cf005dde6841fd44fb61b755dbcf9446d4db2dbbe9c50731ceeb3,ec2b6eade1050b034a5cf8eae13503aea4dc5a490c6769bdddd1615023e0a73f,True,True,True,True
10303,nuisance,discard_replay,12.45,0.7134670487106017,0.14500700001462974,0.5849960000432475,0,2,4,False,9,2ee1b2cbae6cf005dde6841fd44fb61b755dbcf9446d4db2dbbe9c50731ceeb3,ec2b6eade1050b034a5cf8eae13503aea4dc5a490c6769bdddd1615023e0a73f,True,True,True,True
10304,nuisance,restart,19.45,1.0,0.0,0.4799289999937173,0,3,4,False,0,152413def7875e66feb5ff31afae5578f652a038254b0700802422b3b26aa4c6,cc95e9be552e1be37f92b128807011cb6e90b7fd70f39f0b770339dc452de244,True,True,True,True
10304,nuisance,conservative,16.45,0.8457583547557841,0.0,0.5021119999355506,0,2,4,False,0,152413def7875e66feb5ff31afae5578f652a038254b0700802422b3b26aa4c6,cc95e9be552e1be37f92b128807011cb6e90b7fd70f39f0b770339dc452de244,True,True,True,True
10304,nuisance,point_estimate,16.45,0.8457583547557841,0.0,0.4993080000303962,0,2,4,False,0,152413def7875e66feb5ff31afae5578f652a038254b0700802422b3b26aa4c6,cc95e9be552e1be37f92b128807011cb6e90b7fd70f39f0b770339dc452de244,True,True,True,True
10304,nuisance,random,16.45,0.8457583547557841,0.0018529999579186551,0.54022899996653,0,2,4,False,0,152413def7875e66feb5ff31afae5578f652a038254b0700802422b3b26aa4c6,cc95e9be552e1be37f92b128807011cb6e90b7fd70f39f0b770339dc452de244,True,True,True,True
10304,nuisance,graph_entropy,16.7364,0.8604832904884319,0.06067099991469149,0.5513660001952303,2,2,1,False,0,152413def7875e66feb5ff31afae5578f652a038254b0700802422b3b26aa4c6,cc95e9be552e1be37f92b128807011cb6e90b7fd70f39f0b770339dc452de244,True,True,True,True
10304,nuisance,class_entropy,16.45,0.8457583547557841,0.005998999995426857,0.6160829999544148,0,2,4,False,0,152413def7875e66feb5ff31afae5578f652a038254b0700802422b3b26aa4c6,cc95e9be552e1be37f92b128807011cb6e90b7fd70f39f0b770339dc452de244,True,True,True,True
10304,nuisance,ec2,16.45,0.8457583547557841,0.007872000082898012,0.507118999848899,0,2,4,False,0,152413def7875e66feb5ff31afae5578f652a038254b0700802422b3b26aa4c6,cc95e9be552e1be37f92b128807011cb6e90b7fd70f39f0b770339dc452de244,True,True,True,True
10304,nuisance,myopic,16.45,0.8457583547557841,0.04454700001588208,0.4758319998927618,0,2,4,False,8,152413def7875e66feb5ff31afae5578f652a038254b0700802422b3b26aa4c6,cc95e9be552e1be37f92b128807011cb6e90b7fd70f39f0b770339dc452de244,True,True,True,True
10304,nuisance,lookahead2,16.45,0.8457583547557841,0.21788599997307756,0.4920369999581453,0,2,4,False,27,152413def7875e66feb5ff31afae5578f652a038254b0700802422b3b26aa4c6,cc95e9be552e1be37f92b128807011cb6e90b7fd70f39f0b770339dc452de244,True,True,True,True
10304,nuisance,exact,16.45,0.8457583547557841,1.163623000024927,0.527177999970263,0,2,4,False,72,152413def7875e66feb5ff31afae5578f652a038254b0700802422b3b26aa4c6,cc95e9be552e1be37f92b128807011cb6e90b7fd70f39f0b770339dc452de244,True,True,True,True
10304,nuisance,discard_replay,16.45,0.8457583547557841,0.14598799998566392,0.5138090000400553,0,2,4,False,9,152413def7875e66feb5ff31afae5578f652a038254b0700802422b3b26aa4c6,cc95e9be552e1be37f92b128807011cb6e90b7fd70f39f0b770339dc452de244,True,True,True,True
10305,nuisance,restart,15.45,1.0,0.0,0.5397679999532556,0,3,4,False,0,46ff75374bdcca17acf6ba56abb7c4b8eed56efc521d968219bc2d784aaa2aa6,7453bac24a03d85904999558a33758ccd21fe858c581891b1cb88629e9c9cd90,True,True,True,True
10305,nuisance,conservative,10.45,0.6763754045307443,0.0,0.5407090000062453,0,2,4,False,0,46ff75374bdcca17acf6ba56abb7c4b8eed56efc521d968219bc2d784aaa2aa6,7453bac24a03d85904999558a33758ccd21fe858c581891b1cb88629e9c9cd90,True,True,True,True
10305,nuisance,point_estimate,10.45,0.6763754045307443,0.0,0.5390569999690342,0,2,4,False,0,46ff75374bdcca17acf6ba56abb7c4b8eed56efc521d968219bc2d784aaa2aa6,7453bac24a03d85904999558a33758ccd21fe858c581891b1cb88629e9c9cd90,True,True,True,True
10305,nuisance,random,10.45,0.6763754045307443,0.00132200000280136,0.5280410000523261,0,2,4,False,0,46ff75374bdcca17acf6ba56abb7c4b8eed56efc521d968219bc2d784aaa2aa6,7453bac24a03d85904999558a33758ccd21fe858c581891b1cb88629e9c9cd90,True,True,True,True
10305,nuisance,graph_entropy,10.857899999999999,0.7027766990291262,0.05712500001209264,0.5333990000053745,2,2,1,False,0,46ff75374bdcca17acf6ba56abb7c4b8eed56efc521d968219bc2d784aaa2aa6,7453bac24a03d85904999558a33758ccd21fe858c581891b1cb88629e9c9cd90,True,True,True,True
10305,nuisance,class_entropy,10.45,0.6763754045307443,0.0055179999662868795,0.5259280000018407,0,2,4,False,0,46ff75374bdcca17acf6ba56abb7c4b8eed56efc521d968219bc2d784aaa2aa6,7453bac24a03d85904999558a33758ccd21fe858c581891b1cb88629e9c9cd90,True,True,True,True
10305,nuisance,ec2,10.45,0.6763754045307443,0.00802200008820364,0.5434539998532273,0,2,4,False,0,46ff75374bdcca17acf6ba56abb7c4b8eed56efc521d968219bc2d784aaa2aa6,7453bac24a03d85904999558a33758ccd21fe858c581891b1cb88629e9c9cd90,True,True,True,True
10305,nuisance,myopic,10.45,0.6763754045307443,0.04389599996557081,0.529111999981069,0,2,4,False,8,46ff75374bdcca17acf6ba56abb7c4b8eed56efc521d968219bc2d784aaa2aa6,7453bac24a03d85904999558a33758ccd21fe858c581891b1cb88629e9c9cd90,True,True,True,True
10305,nuisance,lookahead2,10.45,0.6763754045307443,0.2099539999562694,0.5690830000730784,0,2,4,False,27,46ff75374bdcca17acf6ba56abb7c4b8eed56efc521d968219bc2d784aaa2aa6,7453bac24a03d85904999558a33758ccd21fe858c581891b1cb88629e9c9cd90,True,True,True,True
10305,nuisance,exact,10.45,0.6763754045307443,0.7226420000279177,0.49320899995564105,0,2,4,False,72,46ff75374bdcca17acf6ba56abb7c4b8eed56efc521d968219bc2d784aaa2aa6,7453bac24a03d85904999558a33758ccd21fe858c581891b1cb88629e9c9cd90,True,True,True,True
10305,nuisance,discard_replay,10.45,0.6763754045307443,0.16030999995564343,0.4951309999796649,0,2,4,False,9,46ff75374bdcca17acf6ba56abb7c4b8eed56efc521d968219bc2d784aaa2aa6,7453bac24a03d85904999558a33758ccd21fe858c581891b1cb88629e9c9cd90,True,True,True,True
10306,nuisance,restart,18.45,1.0,0.0,0.572316999978284,0,3,4,False,0,e11c477c2ef21fd0f30b1cc1f675fea41809d3a11d12ae3161654fae0f3b077d,d6526700967728adb15081f380626a91a27f8b459e03dd2bdc189e7043e73bd0,True,True,True,True
10306,nuisance,conservative,10.45,0.5663956639566395,0.0,0.5938599999808503,0,2,4,False,0,e11c477c2ef21fd0f30b1cc1f675fea41809d3a11d12ae3161654fae0f3b077d,d6526700967728adb15081f380626a91a27f8b459e03dd2bdc189e7043e73bd0,True,True,True,True
10306,nuisance,point_estimate,10.45,0.5663956639566395,0.0,0.5331179999075175,0,2,4,False,0,e11c477c2ef21fd0f30b1cc1f675fea41809d3a11d12ae3161654fae0f3b077d,d6526700967728adb15081f380626a91a27f8b459e03dd2bdc189e7043e73bd0,True,True,True,True
10306,nuisance,random,10.45,0.5663956639566395,0.0013719999287786777,0.6089320000910448,0,2,4,False,0,e11c477c2ef21fd0f30b1cc1f675fea41809d3a11d12ae3161654fae0f3b077d,d6526700967728adb15081f380626a91a27f8b459e03dd2bdc189e7043e73bd0,True,True,True,True
10306,nuisance,graph_entropy,10.9575,0.5939024390243902,0.05730600003062136,0.5457469999328168,2,2,1,False,0,e11c477c2ef21fd0f30b1cc1f675fea41809d3a11d12ae3161654fae0f3b077d,d6526700967728adb15081f380626a91a27f8b459e03dd2bdc189e7043e73bd0,True,True,True,True
10306,nuisance,class_entropy,10.45,0.5663956639566395,0.0057190000006812625,0.5441640000753978,0,2,4,False,0,e11c477c2ef21fd0f30b1cc1f675fea41809d3a11d12ae3161654fae0f3b077d,d6526700967728adb15081f380626a91a27f8b459e03dd2bdc189e7043e73bd0,True,True,True,True
10306,nuisance,ec2,10.45,0.5663956639566395,0.007440999979735352,0.5285120000735333,0,2,4,False,0,e11c477c2ef21fd0f30b1cc1f675fea41809d3a11d12ae3161654fae0f3b077d,d6526700967728adb15081f380626a91a27f8b459e03dd2bdc189e7043e73bd0,True,True,True,True
10306,nuisance,myopic,10.45,0.5663956639566395,0.04571800002395321,0.5533189998914168,0,2,4,False,8,e11c477c2ef21fd0f30b1cc1f675fea41809d3a11d12ae3161654fae0f3b077d,d6526700967728adb15081f380626a91a27f8b459e03dd2bdc189e7043e73bd0,True,True,True,True
10306,nuisance,lookahead2,10.45,0.5663956639566395,0.2160029999913604,0.49539199994796945,0,2,4,False,27,e11c477c2ef21fd0f30b1cc1f675fea41809d3a11d12ae3161654fae0f3b077d,d6526700967728adb15081f380626a91a27f8b459e03dd2bdc189e7043e73bd0,True,True,True,True
10306,nuisance,exact,10.45,0.5663956639566395,0.7040140000071915,0.5211900000858805,0,2,4,False,72,e11c477c2ef21fd0f30b1cc1f675fea41809d3a11d12ae3161654fae0f3b077d,d6526700967728adb15081f380626a91a27f8b459e03dd2bdc189e7043e73bd0,True,True,True,True
10306,nuisance,discard_replay,10.45,0.5663956639566395,0.14404600005946122,0.5210499999748208,0,2,4,False,9,e11c477c2ef21fd0f30b1cc1f675fea41809d3a11d12ae3161654fae0f3b077d,d6526700967728adb15081f380626a91a27f8b459e03dd2bdc189e7043e73bd0,True,True,True,True
10307,nuisance,restart,22.45,1.0,0.0,0.5177849999427053,0,3,4,False,0,4413909b65602235ea0177ee475d810579bf5d501e36305a8ae3d95d625f958d,8f62d7082057c3a38cb8a0304e494ad0146717d7668649fc637056ab2481e33a,True,True,True,True
10307,nuisance,conservative,15.45,0.688195991091314,0.0,0.4981259999112808,0,2,4,False,0,4413909b65602235ea0177ee475d810579bf5d501e36305a8ae3d95d625f958d,8f62d7082057c3a38cb8a0304e494ad0146717d7668649fc637056ab2481e33a,True,True,True,True
10307,nuisance,point_estimate,15.45,0.688195991091314,0.0,0.50986299993383,0,2,4,False,0,4413909b65602235ea0177ee475d810579bf5d501e36305a8ae3d95d625f958d,8f62d7082057c3a38cb8a0304e494ad0146717d7668649fc637056ab2481e33a,True,True,True,True
10307,nuisance,random,15.45,0.688195991091314,0.0012620000688912114,0.5285809999122648,0,2,4,False,0,4413909b65602235ea0177ee475d810579bf5d501e36305a8ae3d95d625f958d,8f62d7082057c3a38cb8a0304e494ad0146717d7668649fc637056ab2481e33a,True,True,True,True
10307,nuisance,graph_entropy,15.8856,0.7075991091314031,0.05789599993022421,0.5214020001176323,2,2,1,False,0,4413909b65602235ea0177ee475d810579bf5d501e36305a8ae3d95d625f958d,8f62d7082057c3a38cb8a0304e494ad0146717d7668649fc637056ab2481e33a,True,True,True,True
10307,nuisance,class_entropy,15.45,0.688195991091314,0.0058289999742555665,0.5232529999830149,0,2,4,False,0,4413909b65602235ea0177ee475d810579bf5d501e36305a8ae3d95d625f958d,8f62d7082057c3a38cb8a0304e494ad0146717d7668649fc637056ab2481e33a,True,True,True,True
10307,nuisance,ec2,15.45,0.688195991091314,0.00792100001945073,0.5021729999725721,0,2,4,False,0,4413909b65602235ea0177ee475d810579bf5d501e36305a8ae3d95d625f958d,8f62d7082057c3a38cb8a0304e494ad0146717d7668649fc637056ab2481e33a,True,True,True,True
10307,nuisance,myopic,15.45,0.688195991091314,0.04415699993387534,0.5715640000971689,0,2,4,False,8,4413909b65602235ea0177ee475d810579bf5d501e36305a8ae3d95d625f958d,8f62d7082057c3a38cb8a0304e494ad0146717d7668649fc637056ab2481e33a,True,True,True,True
10307,nuisance,lookahead2,15.45,0.688195991091314,0.18638900007772463,0.5218009998770867,0,2,4,False,27,4413909b65602235ea0177ee475d810579bf5d501e36305a8ae3d95d625f958d,8f62d7082057c3a38cb8a0304e494ad0146717d7668649fc637056ab2481e33a,True,True,True,True
10307,nuisance,exact,15.45,0.688195991091314,0.6740490000538557,0.6455469999764318,0,2,4,False,72,4413909b65602235ea0177ee475d810579bf5d501e36305a8ae3d95d625f958d,8f62d7082057c3a38cb8a0304e494ad0146717d7668649fc637056ab2481e33a,True,True,True,True
10307,nuisance,discard_replay,15.45,0.688195991091314,0.14255400003548857,0.4842849999704413,0,2,4,False,9,4413909b65602235ea0177ee475d810579bf5d501e36305a8ae3d95d625f958d,8f62d7082057c3a38cb8a0304e494ad0146717d7668649fc637056ab2481e33a,True,True,True,True
10308,nuisance,restart,17.45,1.0,0.0,0.79212599996481,0,3,4,False,0,b40090abe4200f3b1eb33d8fcf42d6a953ec401007974e0fa89cef8174bcece4,28715c9530c21186a7aaef97e92d364d83c7ee4c7241ca459d2a4eb972c1ce7d,True,True,True,True
10308,nuisance,conservative,11.45,0.6561604584527221,0.0,0.5271499999253138,0,2,4,False,0,b40090abe4200f3b1eb33d8fcf42d6a953ec401007974e0fa89cef8174bcece4,28715c9530c21186a7aaef97e92d364d83c7ee4c7241ca459d2a4eb972c1ce7d,True,True,True,True
10308,nuisance,point_estimate,11.45,0.6561604584527221,0.0,0.5192170000327678,0,2,4,False,0,b40090abe4200f3b1eb33d8fcf42d6a953ec401007974e0fa89cef8174bcece4,28715c9530c21186a7aaef97e92d364d83c7ee4c7241ca459d2a4eb972c1ce7d,True,True,True,True
10308,nuisance,random,11.45,0.6561604584527221,0.0013020001006225357,0.5682909999222829,0,2,4,False,0,b40090abe4200f3b1eb33d8fcf42d6a953ec401007974e0fa89cef8174bcece4,28715c9530c21186a7aaef97e92d364d83c7ee4c7241ca459d2a4eb972c1ce7d,True,True,True,True
10308,nuisance,graph_entropy,11.884,0.6810315186246418,0.055332999977508734,0.5511049999995521,2,2,1,False,0,b40090abe4200f3b1eb33d8fcf42d6a953ec401007974e0fa89cef8174bcece4,28715c9530c21186a7aaef97e92d364d83c7ee4c7241ca459d2a4eb972c1ce7d,True,True,True,True
10308,nuisance,class_entropy,11.45,0.6561604584527221,0.005718000011256663,0.5541300000686533,0,2,4,False,0,b40090abe4200f3b1eb33d8fcf42d6a953ec401007974e0fa89cef8174bcece4,28715c9530c21186a7aaef97e92d364d83c7ee4c7241ca459d2a4eb972c1ce7d,True,True,True,True
10308,nuisance,ec2,11.45,0.6561604584527221,0.007772000003569701,0.6456759999764472,0,2,4,False,0,b40090abe4200f3b1eb33d8fcf42d6a953ec401007974e0fa89cef8174bcece4,28715c9530c21186a7aaef97e92d364d83c7ee4c7241ca459d2a4eb972c1ce7d,True,True,True,True
10308,nuisance,myopic,11.45,0.6561604584527221,0.044025999955010775,0.4741200000353274,0,2,4,False,8,b40090abe4200f3b1eb33d8fcf42d6a953ec401007974e0fa89cef8174bcece4,28715c9530c21186a7aaef97e92d364d83c7ee4c7241ca459d2a4eb972c1ce7d,True,True,True,True
10308,nuisance,lookahead2,11.45,0.6561604584527221,0.1818819999925836,0.4896630000530422,0,2,4,False,27,b40090abe4200f3b1eb33d8fcf42d6a953ec401007974e0fa89cef8174bcece4,28715c9530c21186a7aaef97e92d364d83c7ee4c7241ca459d2a4eb972c1ce7d,True,True,True,True
10308,nuisance,exact,11.45,0.6561604584527221,0.741830000038135,0.6433439999682378,0,2,4,False,72,b40090abe4200f3b1eb33d8fcf42d6a953ec401007974e0fa89cef8174bcece4,28715c9530c21186a7aaef97e92d364d83c7ee4c7241ca459d2a4eb972c1ce7d,True,True,True,True
10308,nuisance,discard_replay,11.45,0.6561604584527221,0.16119199995046074,0.6003390000159925,0,2,4,False,9,b40090abe4200f3b1eb33d8fcf42d6a953ec401007974e0fa89cef8174bcece4,28715c9530c21186a7aaef97e92d364d83c7ee4c7241ca459d2a4eb972c1ce7d,True,True,True,True
10309,nuisance,restart,21.45,1.0,0.0,0.5078500000763597,0,3,4,False,0,4fed7cbd75f061c2bc836271534c7810dea1f135a171394de20fc956786cbaf3,7e7ea9acd9284d2704dcb84f9e6afd8329167155512311dc7c2db352f6403cb3,True,True,True,True
10309,nuisance,conservative,13.45,0.627039627039627,0.0,0.49377899995306507,0,2,4,False,0,4fed7cbd75f061c2bc836271534c7810dea1f135a171394de20fc956786cbaf3,7e7ea9acd9284d2704dcb84f9e6afd8329167155512311dc7c2db352f6403cb3,True,True,True,True
10309,nuisance,point_estimate,13.45,0.627039627039627,0.0,0.6088119999958508,0,2,4,False,0,4fed7cbd75f061c2bc836271534c7810dea1f135a171394de20fc956786cbaf3,7e7ea9acd9284d2704dcb84f9e6afd8329167155512311dc7c2db352f6403cb3,True,True,True,True
10309,nuisance,random,13.45,0.627039627039627,0.00132200000280136,0.46204099999158643,0,2,4,False,0,4fed7cbd75f061c2bc836271534c7810dea1f135a171394de20fc956786cbaf3,7e7ea9acd9284d2704dcb84f9e6afd8329167155512311dc7c2db352f6403cb3,True,True,True,True
10309,nuisance,graph_entropy,14.1213,0.6583356643356644,0.12913399996250519,0.5413700000644894,2,2,1,False,0,4fed7cbd75f061c2bc836271534c7810dea1f135a171394de20fc956786cbaf3,7e7ea9acd9284d2704dcb84f9e6afd8329167155512311dc7c2db352f6403cb3,True,True,True,True
10309,nuisance,class_entropy,13.45,0.627039627039627,0.005939000061516708,0.5939389999412015,0,2,4,False,0,4fed7cbd75f061c2bc836271534c7810dea1f135a171394de20fc956786cbaf3,7e7ea9acd9284d2704dcb84f9e6afd8329167155512311dc7c2db352f6403cb3,True,True,True,True
10309,nuisance,ec2,13.45,0.627039627039627,0.00759199997446558,0.5150409999714611,0,2,4,False,0,4fed7cbd75f061c2bc836271534c7810dea1f135a171394de20fc956786cbaf3,7e7ea9acd9284d2704dcb84f9e6afd8329167155512311dc7c2db352f6403cb3,True,True,True,True
10309,nuisance,myopic,13.45,0.627039627039627,0.04630000000815926,0.5038239999066718,0,2,4,False,8,4fed7cbd75f061c2bc836271534c7810dea1f135a171394de20fc956786cbaf3,7e7ea9acd9284d2704dcb84f9e6afd8329167155512311dc7c2db352f6403cb3,True,True,True,True
10309,nuisance,lookahead2,13.45,0.627039627039627,0.19209700008104846,0.7212209999352126,0,2,4,False,27,4fed7cbd75f061c2bc836271534c7810dea1f135a171394de20fc956786cbaf3,7e7ea9acd9284d2704dcb84f9e6afd8329167155512311dc7c2db352f6403cb3,True,True,True,True
10309,nuisance,exact,13.45,0.627039627039627,0.7556719999683992,0.5757320000157051,0,2,4,False,72,4fed7cbd75f061c2bc836271534c7810dea1f135a171394de20fc956786cbaf3,7e7ea9acd9284d2704dcb84f9e6afd8329167155512311dc7c2db352f6403cb3,True,True,True,True
10309,nuisance,discard_replay,13.45,0.627039627039627,0.14224300002751988,0.486868999928447,0,2,4,False,9,4fed7cbd75f061c2bc836271534c7810dea1f135a171394de20fc956786cbaf3,7e7ea9acd9284d2704dcb84f9e6afd8329167155512311dc7c2db352f6403cb3,True,True,True,True
10310,nuisance,restart,25.45,1.0,0.0,0.6181550000974312,0,3,4,False,0,0cafb6b7fe20d5df65161f1c8c2c7fe6d2479782cfa5680f0670e668ecca80d3,57be2871f2d35feaf46703a6ec82bbfe9ba0acdcad440ac053fa648b4d3f9214,True,True,True,True
10310,nuisance,conservative,17.45,0.6856581532416502,0.0,0.5155819999345113,0,2,4,False,0,0cafb6b7fe20d5df65161f1c8c2c7fe6d2479782cfa5680f0670e668ecca80d3,57be2871f2d35feaf46703a6ec82bbfe9ba0acdcad440ac053fa648b4d3f9214,True,True,True,True
10310,nuisance,point_estimate,17.45,0.6856581532416502,0.0,0.5854969999745663,0,2,4,False,0,0cafb6b7fe20d5df65161f1c8c2c7fe6d2479782cfa5680f0670e668ecca80d3,57be2871f2d35feaf46703a6ec82bbfe9ba0acdcad440ac053fa648b4d3f9214,True,True,True,True
10310,nuisance,random,17.45,0.6856581532416502,0.0013420000186670222,0.5580759999475049,0,2,4,False,0,0cafb6b7fe20d5df65161f1c8c2c7fe6d2479782cfa5680f0670e668ecca80d3,57be2871f2d35feaf46703a6ec82bbfe9ba0acdcad440ac053fa648b4d3f9214,True,True,True,True
10310,nuisance,graph_entropy,18.0219,0.7081296660117878,0.0568759999168833,0.7868380000672914,2,2,1,False,0,0cafb6b7fe20d5df65161f1c8c2c7fe6d2479782cfa5680f0670e668ecca80d3,57be2871f2d35feaf46703a6ec82bbfe9ba0acdcad440ac053fa648b4d3f9214,True,True,True,True
10310,nuisance,class_entropy,17.45,0.6856581532416502,0.005818999966322735,0.5596280000190745,0,2,4,False,0,0cafb6b7fe20d5df65161f1c8c2c7fe6d2479782cfa5680f0670e668ecca80d3,57be2871f2d35feaf46703a6ec82bbfe9ba0acdcad440ac053fa648b4d3f9214,True,True,True,True
10310,nuisance,ec2,17.45,0.6856581532416502,0.007942000024740992,0.5555920000688275,0,2,4,False,0,0cafb6b7fe20d5df65161f1c8c2c7fe6d2479782cfa5680f0670e668ecca80d3,57be2871f2d35feaf46703a6ec82bbfe9ba0acdcad440ac053fa648b4d3f9214,True,True,True,True
10310,nuisance,myopic,17.45,0.6856581532416502,0.043614999981400615,0.6518359999745371,0,2,4,False,8,0cafb6b7fe20d5df65161f1c8c2c7fe6d2479782cfa5680f0670e668ecca80d3,57be2871f2d35feaf46703a6ec82bbfe9ba0acdcad440ac053fa648b4d3f9214,True,True,True,True
10310,nuisance,lookahead2,17.45,0.6856581532416502,0.19213699999909295,0.5125579999685215,0,2,4,False,27,0cafb6b7fe20d5df65161f1c8c2c7fe6d2479782cfa5680f0670e668ecca80d3,57be2871f2d35feaf46703a6ec82bbfe9ba0acdcad440ac053fa648b4d3f9214,True,True,True,True
10310,nuisance,exact,17.45,0.6856581532416502,0.6934480001064003,0.5812609998656626,0,2,4,False,72,0cafb6b7fe20d5df65161f1c8c2c7fe6d2479782cfa5680f0670e668ecca80d3,57be2871f2d35feaf46703a6ec82bbfe9ba0acdcad440ac053fa648b4d3f9214,True,True,True,True
10310,nuisance,discard_replay,17.45,0.6856581532416502,0.1446759999907954,0.47513200001958467,0,2,4,False,9,0cafb6b7fe20d5df65161f1c8c2c7fe6d2479782cfa5680f0670e668ecca80d3,57be2871f2d35feaf46703a6ec82bbfe9ba0acdcad440ac053fa648b4d3f9214,True,True,True,True
10311,nuisance,restart,17.45,1.0,0.0,0.5444959999749699,0,3,4,False,0,bce83aad37039e120d3fc017a42f3ff75ef35dbf072ea778812ef1246ffd7903,50122d76d00e4b24a65252840967f1e50d061084d7c6da60758069c800a163a0,True,True,True,True
10311,nuisance,conservative,14.45,0.828080229226361,0.0,0.5214010000145208,0,2,4,False,0,bce83aad37039e120d3fc017a42f3ff75ef35dbf072ea778812ef1246ffd7903,50122d76d00e4b24a65252840967f1e50d061084d7c6da60758069c800a163a0,True,True,True,True
10311,nuisance,point_estimate,14.45,0.828080229226361,0.0,0.5294320000075459,0,2,4,False,0,bce83aad37039e120d3fc017a42f3ff75ef35dbf072ea778812ef1246ffd7903,50122d76d00e4b24a65252840967f1e50d061084d7c6da60758069c800a163a0,True,True,True,True
10311,nuisance,random,14.45,0.828080229226361,0.0014820000160398195,0.4969939999455164,0,2,4,False,0,bce83aad37039e120d3fc017a42f3ff75ef35dbf072ea778812ef1246ffd7903,50122d76d00e4b24a65252840967f1e50d061084d7c6da60758069c800a163a0,True,True,True,True
10311,nuisance,graph_entropy,14.769599999999999,0.8463954154727793,0.05910899994887586,0.6613699999888922,2,2,1,False,0,bce83aad37039e120d3fc017a42f3ff75ef35dbf072ea778812ef1246ffd7903,50122d76d00e4b24a65252840967f1e50d061084d7c6da60758069c800a163a0,True,True,True,True
10311,nuisance,class_entropy,14.45,0.828080229226361,0.005978999979561195,0.5542899999682049,0,2,4,False,0,bce83aad37039e120d3fc017a42f3ff75ef35dbf072ea778812ef1246ffd7903,50122d76d00e4b24a65252840967f1e50d061084d7c6da60758069c800a163a0,True,True,True,True
10311,nuisance,ec2,14.45,0.828080229226361,0.0075220000326226,0.5202489999192039,0,2,4,False,0,bce83aad37039e120d3fc017a42f3ff75ef35dbf072ea778812ef1246ffd7903,50122d76d00e4b24a65252840967f1e50d061084d7c6da60758069c800a163a0,True,True,True,True
10311,nuisance,myopic,14.45,0.828080229226361,0.042144000076405064,0.5727359999809778,0,2,4,False,8,bce83aad37039e120d3fc017a42f3ff75ef35dbf072ea778812ef1246ffd7903,50122d76d00e4b24a65252840967f1e50d061084d7c6da60758069c800a163a0,True,True,True,True
10311,nuisance,lookahead2,14.45,0.828080229226361,0.19592300009207975,0.5194179999534754,0,2,4,False,27,bce83aad37039e120d3fc017a42f3ff75ef35dbf072ea778812ef1246ffd7903,50122d76d00e4b24a65252840967f1e50d061084d7c6da60758069c800a163a0,True,True,True,True
10311,nuisance,exact,14.45,0.828080229226361,0.7234930000095119,0.49890699995103205,0,2,4,False,72,bce83aad37039e120d3fc017a42f3ff75ef35dbf072ea778812ef1246ffd7903,50122d76d00e4b24a65252840967f1e50d061084d7c6da60758069c800a163a0,True,True,True,True
10311,nuisance,discard_replay,14.45,0.828080229226361,0.14078000003792113,0.49805599996943783,0,2,4,False,9,bce83aad37039e120d3fc017a42f3ff75ef35dbf072ea778812ef1246ffd7903,50122d76d00e4b24a65252840967f1e50d061084d7c6da60758069c800a163a0,True,True,True,True
10312,nuisance,restart,11.45,1.0,0.0,0.6113460000278792,0,3,4,False,0,584488e74306325823bd64b4f2a5b3a95b7ad023da85ba1de2dd03f665211889,747b01a9fa5efd1eadff3722571e95266b6f4f1a22574cc58961c0ded4c2ac49,True,True,True,True
10312,nuisance,conservative,8.45,0.7379912663755458,0.0,0.6092720000197005,0,2,4,False,0,584488e74306325823bd64b4f2a5b3a95b7ad023da85ba1de2dd03f665211889,747b01a9fa5efd1eadff3722571e95266b6f4f1a22574cc58961c0ded4c2ac49,True,True,True,True
10312,nuisance,point_estimate,8.45,0.7379912663755458,0.0,0.5978760000289185,0,2,4,False,0,584488e74306325823bd64b4f2a5b3a95b7ad023da85ba1de2dd03f665211889,747b01a9fa5efd1eadff3722571e95266b6f4f1a22574cc58961c0ded4c2ac49,True,True,True,True
10312,nuisance,random,8.45,0.7379912663755458,0.0011820000054285629,0.5748109999785811,0,2,4,False,0,584488e74306325823bd64b4f2a5b3a95b7ad023da85ba1de2dd03f665211889,747b01a9fa5efd1eadff3722571e95266b6f4f1a22574cc58961c0ded4c2ac49,True,True,True,True
10312,nuisance,graph_entropy,8.8211,0.7704017467248908,0.056856000128391315,0.5115049998494214,2,2,1,False,0,584488e74306325823bd64b4f2a5b3a95b7ad023da85ba1de2dd03f665211889,747b01a9fa5efd1eadff3722571e95266b6f4f1a22574cc58961c0ded4c2ac49,True,True,True,True
10312,nuisance,class_entropy,8.45,0.7379912663755458,0.005579000003308465,0.5014209999671948,0,2,4,False,0,584488e74306325823bd64b4f2a5b3a95b7ad023da85ba1de2dd03f665211889,747b01a9fa5efd1eadff3722571e95266b6f4f1a22574cc58961c0ded4c2ac49,True,True,True,True
10312,nuisance,ec2,8.45,0.7379912663755458,0.0081619999718896,0.5588770000031218,0,2,4,False,0,584488e74306325823bd64b4f2a5b3a95b7ad023da85ba1de2dd03f665211889,747b01a9fa5efd1eadff3722571e95266b6f4f1a22574cc58961c0ded4c2ac49,True,True,True,True
10312,nuisance,myopic,8.45,0.7379912663755458,0.04316500007917057,0.5074499998727333,0,2,4,False,8,584488e74306325823bd64b4f2a5b3a95b7ad023da85ba1de2dd03f665211889,747b01a9fa5efd1eadff3722571e95266b6f4f1a22574cc58961c0ded4c2ac49,True,True,True,True
10312,nuisance,lookahead2,8.45,0.7379912663755458,0.19825699996545154,0.49771499993767065,0,2,4,False,27,584488e74306325823bd64b4f2a5b3a95b7ad023da85ba1de2dd03f665211889,747b01a9fa5efd1eadff3722571e95266b6f4f1a22574cc58961c0ded4c2ac49,True,True,True,True
10312,nuisance,exact,8.45,0.7379912663755458,2.4081859999114386,0.5348210000875042,0,2,4,False,72,584488e74306325823bd64b4f2a5b3a95b7ad023da85ba1de2dd03f665211889,747b01a9fa5efd1eadff3722571e95266b6f4f1a22574cc58961c0ded4c2ac49,True,True,True,True
10312,nuisance,discard_replay,8.45,0.7379912663755458,0.16474599999583006,0.48926300007678947,0,2,4,False,9,584488e74306325823bd64b4f2a5b3a95b7ad023da85ba1de2dd03f665211889,747b01a9fa5efd1eadff3722571e95266b6f4f1a22574cc58961c0ded4c2ac49,True,True,True,True
10313,nuisance,restart,23.45,1.0,0.0,0.5198790000804365,0,3,4,False,0,eeaf0c6bc36fa4eeb415c06e35f7226fd2825000a60e989b2600ab2bbf26c8e6,b0d93719ec28461c2a16023e2499358cc4911d85acb1aab5d31103f0bbb625a2,True,True,True,True
10313,nuisance,conservative,18.45,0.7867803837953091,0.0,0.5949909999571901,0,2,4,False,0,eeaf0c6bc36fa4eeb415c06e35f7226fd2825000a60e989b2600ab2bbf26c8e6,b0d93719ec28461c2a16023e2499358cc4911d85acb1aab5d31103f0bbb625a2,True,True,True,True
10313,nuisance,point_estimate,18.45,0.7867803837953091,0.0,0.49637300003269047,0,2,4,False,0,eeaf0c6bc36fa4eeb415c06e35f7226fd2825000a60e989b2600ab2bbf26c8e6,b0d93719ec28461c2a16023e2499358cc4911d85acb1aab5d31103f0bbb625a2,True,True,True,True
10313,nuisance,random,18.45,0.7867803837953091,0.0015120000398383127,0.500008999892998,0,2,4,False,0,eeaf0c6bc36fa4eeb415c06e35f7226fd2825000a60e989b2600ab2bbf26c8e6,b0d93719ec28461c2a16023e2499358cc4911d85acb1aab5d31103f0bbb625a2,True,True,True,True
10313,nuisance,graph_entropy,18.7829,0.8009765458422176,0.05860700002813246,0.5303149998781009,2,2,1,False,0,eeaf0c6bc36fa4eeb415c06e35f7226fd2825000a60e989b2600ab2bbf26c8e6,b0d93719ec28461c2a16023e2499358cc4911d85acb1aab5d31103f0bbb625a2,True,True,True,True
10313,nuisance,class_entropy,18.45,0.7867803837953091,0.0056190000350397895,0.4632330000049478,0,2,4,False,0,eeaf0c6bc36fa4eeb415c06e35f7226fd2825000a60e989b2600ab2bbf26c8e6,b0d93719ec28461c2a16023e2499358cc4911d85acb1aab5d31103f0bbb625a2,True,True,True,True
10313,nuisance,ec2,18.45,0.7867803837953091,0.007801000037943595,0.4947009999796137,0,2,4,False,0,eeaf0c6bc36fa4eeb415c06e35f7226fd2825000a60e989b2600ab2bbf26c8e6,b0d93719ec28461c2a16023e2499358cc4911d85acb1aab5d31103f0bbb625a2,True,True,True,True
10313,nuisance,myopic,18.45,0.7867803837953091,0.0431549999575509,0.49825600012809446,0,2,4,False,8,eeaf0c6bc36fa4eeb415c06e35f7226fd2825000a60e989b2600ab2bbf26c8e6,b0d93719ec28461c2a16023e2499358cc4911d85acb1aab5d31103f0bbb625a2,True,True,True,True
10313,nuisance,lookahead2,18.45,0.7867803837953091,0.1911360000121931,0.5807099998946796,0,2,4,False,27,eeaf0c6bc36fa4eeb415c06e35f7226fd2825000a60e989b2600ab2bbf26c8e6,b0d93719ec28461c2a16023e2499358cc4911d85acb1aab5d31103f0bbb625a2,True,True,True,True
10313,nuisance,exact,18.45,0.7867803837953091,0.6703939999397335,0.5125970000108282,0,2,4,False,72,eeaf0c6bc36fa4eeb415c06e35f7226fd2825000a60e989b2600ab2bbf26c8e6,b0d93719ec28461c2a16023e2499358cc4911d85acb1aab5d31103f0bbb625a2,True,True,True,True
10313,nuisance,discard_replay,18.45,0.7867803837953091,0.14637000003858702,0.5500329999676978,0,2,4,False,9,eeaf0c6bc36fa4eeb415c06e35f7226fd2825000a60e989b2600ab2bbf26c8e6,b0d93719ec28461c2a16023e2499358cc4911d85acb1aab5d31103f0bbb625a2,True,True,True,True
10314,nuisance,restart,25.45,1.0,0.0,0.560209000013856,0,3,4,False,0,cdceafb3d0f3c68de615d915a275d2d3ea9f2d2413ed0431edd80051c738485d,dde1b3432f156f5720f2ca9a82e5f12c81ba06f8638fccf8197a24f66e30140c,True,True,True,True
10314,nuisance,conservative,16.45,0.6463654223968566,0.0,0.5010200000015175,0,2,4,False,0,cdceafb3d0f3c68de615d915a275d2d3ea9f2d2413ed0431edd80051c738485d,dde1b3432f156f5720f2ca9a82e5f12c81ba06f8638fccf8197a24f66e30140c,True,True,True,True
10314,nuisance,point_estimate,16.45,0.6463654223968566,0.0,0.5341599999155733,0,2,4,False,0,cdceafb3d0f3c68de615d915a275d2d3ea9f2d2413ed0431edd80051c738485d,dde1b3432f156f5720f2ca9a82e5f12c81ba06f8638fccf8197a24f66e30140c,True,True,True,True
10314,nuisance,random,16.45,0.6463654223968566,0.0013420000186670222,0.5579560000796846,0,2,4,False,0,cdceafb3d0f3c68de615d915a275d2d3ea9f2d2413ed0431edd80051c738485d,dde1b3432f156f5720f2ca9a82e5f12c81ba06f8638fccf8197a24f66e30140c,True,True,True,True
10314,nuisance,graph_entropy,16.7211,0.6570176817288802,0.1031450000255063,0.5180760000484952,2,2,1,False,0,cdceafb3d0f3c68de615d915a275d2d3ea9f2d2413ed0431edd80051c738485d,dde1b3432f156f5720f2ca9a82e5f12c81ba06f8638fccf8197a24f66e30140c,True,True,True,True
10314,nuisance,class_entropy,16.45,0.6463654223968566,0.006900000016685226,0.49535200002992497,0,2,4,False,0,cdceafb3d0f3c68de615d915a275d2d3ea9f2d2413ed0431edd80051c738485d,dde1b3432f156f5720f2ca9a82e5f12c81ba06f8638fccf8197a24f66e30140c,True,True,True,True
10314,nuisance,ec2,16.45,0.6463654223968566,0.008884000067155284,0.583573999847431,0,2,4,False,0,cdceafb3d0f3c68de615d915a275d2d3ea9f2d2413ed0431edd80051c738485d,dde1b3432f156f5720f2ca9a82e5f12c81ba06f8638fccf8197a24f66e30140c,True,True,True,True
10314,nuisance,myopic,16.45,0.6463654223968566,0.04631900003460032,0.5105249999814987,0,2,4,False,8,cdceafb3d0f3c68de615d915a275d2d3ea9f2d2413ed0431edd80051c738485d,dde1b3432f156f5720f2ca9a82e5f12c81ba06f8638fccf8197a24f66e30140c,True,True,True,True
10314,nuisance,lookahead2,16.45,0.6463654223968566,0.18998400003056304,0.4876210000475112,0,2,4,False,27,cdceafb3d0f3c68de615d915a275d2d3ea9f2d2413ed0431edd80051c738485d,dde1b3432f156f5720f2ca9a82e5f12c81ba06f8638fccf8197a24f66e30140c,True,True,True,True
10314,nuisance,exact,16.45,0.6463654223968566,0.671345000000656,0.4943509999293383,0,2,4,False,72,cdceafb3d0f3c68de615d915a275d2d3ea9f2d2413ed0431edd80051c738485d,dde1b3432f156f5720f2ca9a82e5f12c81ba06f8638fccf8197a24f66e30140c,True,True,True,True
10314,nuisance,discard_replay,16.45,0.6463654223968566,0.14508699996440555,0.5345810000108031,0,2,4,False,9,cdceafb3d0f3c68de615d915a275d2d3ea9f2d2413ed0431edd80051c738485d,dde1b3432f156f5720f2ca9a82e5f12c81ba06f8638fccf8197a24f66e30140c,True,True,True,True
10315,nuisance,restart,26.45,1.0,0.0,0.5328180000105931,0,3,4,False,0,bcb74672df522ffc03e0b7925c6041fb7511f554ebd12be1591fc3251e83b898,9c93280a1f53f45d7ab8c02e78043da2b6ba0912a1a99a00e891d837c8dde002,True,True,True,True
10315,nuisance,conservative,19.45,0.7353497164461248,0.0,0.6149109999569191,0,2,4,False,0,bcb74672df522ffc03e0b7925c6041fb7511f554ebd12be1591fc3251e83b898,9c93280a1f53f45d7ab8c02e78043da2b6ba0912a1a99a00e891d837c8dde002,True,True,True,True
10315,nuisance,point_estimate,19.45,0.7353497164461248,0.0,0.5525569999917934,0,2,4,False,0,bcb74672df522ffc03e0b7925c6041fb7511f554ebd12be1591fc3251e83b898,9c93280a1f53f45d7ab8c02e78043da2b6ba0912a1a99a00e891d837c8dde002,True,True,True,True
10315,nuisance,random,19.45,0.7353497164461248,0.0012320000450927182,0.5061279999836188,0,2,4,False,0,bcb74672df522ffc03e0b7925c6041fb7511f554ebd12be1591fc3251e83b898,9c93280a1f53f45d7ab8c02e78043da2b6ba0912a1a99a00e891d837c8dde002,True,True,True,True
10315,nuisance,graph_entropy,19.858,0.7507750472589793,0.05913799986956292,0.7176850001542334,2,2,1,False,0,bcb74672df522ffc03e0b7925c6041fb7511f554ebd12be1591fc3251e83b898,9c93280a1f53f45d7ab8c02e78043da2b6ba0912a1a99a00e891d837c8dde002,True,True,True,True
10315,nuisance,class_entropy,19.45,0.7353497164461248,0.005647999955726846,0.6500930001038796,0,2,4,False,0,bcb74672df522ffc03e0b7925c6041fb7511f554ebd12be1591fc3251e83b898,9c93280a1f53f45d7ab8c02e78043da2b6ba0912a1a99a00e891d837c8dde002,True,True,True,True
10315,nuisance,ec2,19.45,0.7353497164461248,0.007962000040606654,0.6339589999697637,0,2,4,False,0,bcb74672df522ffc03e0b7925c6041fb7511f554ebd12be1591fc3251e83b898,9c93280a1f53f45d7ab8c02e78043da2b6ba0912a1a99a00e891d837c8dde002,True,True,True,True
10315,nuisance,myopic,19.45,0.7353497164461248,0.07017499990524811,0.4961630000934747,0,2,4,False,8,bcb74672df522ffc03e0b7925c6041fb7511f554ebd12be1591fc3251e83b898,9c93280a1f53f45d7ab8c02e78043da2b6ba0912a1a99a00e891d837c8dde002,True,True,True,True
10315,nuisance,lookahead2,19.45,0.7353497164461248,0.18869299992729793,0.5519560000948331,0,2,4,False,27,bcb74672df522ffc03e0b7925c6041fb7511f554ebd12be1591fc3251e83b898,9c93280a1f53f45d7ab8c02e78043da2b6ba0912a1a99a00e891d837c8dde002,True,True,True,True
10315,nuisance,exact,19.45,0.7353497164461248,0.659337999991294,0.5470490000334394,0,2,4,False,72,bcb74672df522ffc03e0b7925c6041fb7511f554ebd12be1591fc3251e83b898,9c93280a1f53f45d7ab8c02e78043da2b6ba0912a1a99a00e891d837c8dde002,True,True,True,True
10315,nuisance,discard_replay,19.45,0.7353497164461248,0.13953899997432018,0.480930000094304,0,2,4,False,9,bcb74672df522ffc03e0b7925c6041fb7511f554ebd12be1591fc3251e83b898,9c93280a1f53f45d7ab8c02e78043da2b6ba0912a1a99a00e891d837c8dde002,True,True,True,True
10316,nuisance,restart,22.45,1.0,0.0,0.5388270000139528,0,3,4,False,0,ccb5e52ec2bc0dfa763ade70018534abff1c092346693630dec3128fd7c8aebf,63214d0419ec346a2bbbd5ffc08e10a67011e62f57108f1e0c5cab8805088672,True,True,True,True
10316,nuisance,conservative,16.45,0.732739420935412,0.0,0.577093999936551,0,2,4,False,0,ccb5e52ec2bc0dfa763ade70018534abff1c092346693630dec3128fd7c8aebf,63214d0419ec346a2bbbd5ffc08e10a67011e62f57108f1e0c5cab8805088672,True,True,True,True
10316,nuisance,point_estimate,16.45,0.732739420935412,0.0,0.49548200001936493,0,2,4,False,0,ccb5e52ec2bc0dfa763ade70018534abff1c092346693630dec3128fd7c8aebf,63214d0419ec346a2bbbd5ffc08e10a67011e62f57108f1e0c5cab8805088672,True,True,True,True
10316,nuisance,random,16.45,0.732739420935412,0.0013420000186670222,0.5878199999642675,0,2,4,False,0,ccb5e52ec2bc0dfa763ade70018534abff1c092346693630dec3128fd7c8aebf,63214d0419ec346a2bbbd5ffc08e10a67011e62f57108f1e0c5cab8805088672,True,True,True,True
10316,nuisance,graph_entropy,16.9915,0.756859688195991,0.07889800008342718,0.5060479999201561,2,2,1,False,0,ccb5e52ec2bc0dfa763ade70018534abff1c092346693630dec3128fd7c8aebf,63214d0419ec346a2bbbd5ffc08e10a67011e62f57108f1e0c5cab8805088672,True,True,True,True
10316,nuisance,class_entropy,16.45,0.732739420935412,0.005868999892300053,0.527079000107733,0,2,4,False,0,ccb5e52ec2bc0dfa763ade70018534abff1c092346693630dec3128fd7c8aebf,63214d0419ec346a2bbbd5ffc08e10a67011e62f57108f1e0c5cab8805088672,True,True,True,True
10316,nuisance,ec2,16.45,0.732739420935412,0.007372000027316972,0.5159419998790327,0,2,4,False,0,ccb5e52ec2bc0dfa763ade70018534abff1c092346693630dec3128fd7c8aebf,63214d0419ec346a2bbbd5ffc08e10a67011e62f57108f1e0c5cab8805088672,True,True,True,True
10316,nuisance,myopic,16.45,0.732739420935412,0.044516000002658984,0.5238149999513553,0,2,4,False,8,ccb5e52ec2bc0dfa763ade70018534abff1c092346693630dec3128fd7c8aebf,63214d0419ec346a2bbbd5ffc08e10a67011e62f57108f1e0c5cab8805088672,True,True,True,True
10316,nuisance,lookahead2,16.45,0.732739420935412,0.2082620000010138,0.4991370000198003,0,2,4,False,27,ccb5e52ec2bc0dfa763ade70018534abff1c092346693630dec3128fd7c8aebf,63214d0419ec346a2bbbd5ffc08e10a67011e62f57108f1e0c5cab8805088672,True,True,True,True
10316,nuisance,exact,16.45,0.732739420935412,0.6465179999395332,0.5413700000644894,0,2,4,False,72,ccb5e52ec2bc0dfa763ade70018534abff1c092346693630dec3128fd7c8aebf,63214d0419ec346a2bbbd5ffc08e10a67011e62f57108f1e0c5cab8805088672,True,True,True,True
10316,nuisance,discard_replay,16.45,0.732739420935412,0.15932799999518465,0.48092100007579575,0,2,4,False,9,ccb5e52ec2bc0dfa763ade70018534abff1c092346693630dec3128fd7c8aebf,63214d0419ec346a2bbbd5ffc08e10a67011e62f57108f1e0c5cab8805088672,True,True,True,True
10317,nuisance,restart,20.45,1.0,0.0,0.517744999910974,0,3,4,False,0,21d3103ed0a376f26f2ccd08a317f98819dd443a4675442760a4531c182c86bf,998d3211757e5f496002f5a2df7d45a14e57222c470f0ee9060fd392ecfea645,True,True,True,True
10317,nuisance,conservative,16.45,0.80440097799511,0.0,0.5712050000283853,0,2,4,False,0,21d3103ed0a376f26f2ccd08a317f98819dd443a4675442760a4531c182c86bf,998d3211757e5f496002f5a2df7d45a14e57222c470f0ee9060fd392ecfea645,True,True,True,True
10317,nuisance,point_estimate,16.45,0.80440097799511,0.0,0.4111060000013822,0,2,4,False,0,21d3103ed0a376f26f2ccd08a317f98819dd443a4675442760a4531c182c86bf,998d3211757e5f496002f5a2df7d45a14e57222c470f0ee9060fd392ecfea645,True,True,True,True
10317,nuisance,random,16.45,0.80440097799511,0.001832999942052993,0.48379400016074214,0,2,4,False,0,21d3103ed0a376f26f2ccd08a317f98819dd443a4675442760a4531c182c86bf,998d3211757e5f496002f5a2df7d45a14e57222c470f0ee9060fd392ecfea645,True,True,True,True
10317,nuisance,graph_entropy,16.9479,0.8287481662591688,0.058067999930244696,0.5510140001661057,2,2,1,False,0,21d3103ed0a376f26f2ccd08a317f98819dd443a4675442760a4531c182c86bf,998d3211757e5f496002f5a2df7d45a14e57222c470f0ee9060fd392ecfea645,True,True,True,True
10317,nuisance,class_entropy,16.45,0.80440097799511,0.00602900001922535,0.665846999936548,0,2,4,False,0,21d3103ed0a376f26f2ccd08a317f98819dd443a4675442760a4531c182c86bf,998d3211757e5f496002f5a2df7d45a14e57222c470f0ee9060fd392ecfea645,True,True,True,True
10317,nuisance,ec2,16.45,0.80440097799511,0.008352999998351152,0.5616409999902316,0,2,4,False,0,21d3103ed0a376f26f2ccd08a317f98819dd443a4675442760a4531c182c86bf,998d3211757e5f496002f5a2df7d45a14e57222c470f0ee9060fd392ecfea645,True,True,True,True
10317,nuisance,myopic,16.45,0.80440097799511,0.0450879999789322,0.5289419999598977,0,2,4,False,8,21d3103ed0a376f26f2ccd08a317f98819dd443a4675442760a4531c182c86bf,998d3211757e5f496002f5a2df7d45a14e57222c470f0ee9060fd392ecfea645,True,True,True,True
10317,nuisance,lookahead2,16.45,0.80440097799511,0.18880300001455907,0.520840000035605,0,2,4,False,27,21d3103ed0a376f26f2ccd08a317f98819dd443a4675442760a4531c182c86bf,998d3211757e5f496002f5a2df7d45a14e57222c470f0ee9060fd392ecfea645,True,True,True,True
10317,nuisance,exact,16.45,0.80440097799511,0.68160099999659,0.46225100004448905,0,2,4,False,72,21d3103ed0a376f26f2ccd08a317f98819dd443a4675442760a4531c182c86bf,998d3211757e5f496002f5a2df7d45a14e57222c470f0ee9060fd392ecfea645,True,True,True,True
10317,nuisance,discard_replay,16.45,0.80440097799511,0.1429840000355398,0.697804999958862,0,2,4,False,9,21d3103ed0a376f26f2ccd08a317f98819dd443a4675442760a4531c182c86bf,998d3211757e5f496002f5a2df7d45a14e57222c470f0ee9060fd392ecfea645,True,True,True,True
10318,nuisance,restart,17.45,1.0,0.0,0.5194880000090052,0,3,4,False,0,bceea25c3578e1724db3dac4b109c0a08bc6846e0a278ee83e7b8fd7db309306,6c76573ca5568eb198d83739b0a5e08423aa2a0b109b68e99d7c280b78913500,True,True,True,True
10318,nuisance,conservative,14.45,0.828080229226361,0.0,0.5080710000129329,0,2,4,False,0,bceea25c3578e1724db3dac4b109c0a08bc6846e0a278ee83e7b8fd7db309306,6c76573ca5568eb198d83739b0a5e08423aa2a0b109b68e99d7c280b78913500,True,True,True,True
10318,nuisance,point_estimate,14.45,0.828080229226361,0.0,0.6174639999017018,0,2,4,False,0,bceea25c3578e1724db3dac4b109c0a08bc6846e0a278ee83e7b8fd7db309306,6c76573ca5568eb198d83739b0a5e08423aa2a0b109b68e99d7c280b78913500,True,True,True,True
10318,nuisance,random,14.45,0.828080229226361,0.0015619999658156303,0.4974760000777678,0,2,4,False,0,bceea25c3578e1724db3dac4b109c0a08bc6846e0a278ee83e7b8fd7db309306,6c76573ca5568eb198d83739b0a5e08423aa2a0b109b68e99d7c280b78913500,True,True,True,True
10318,nuisance,graph_entropy,15.0718,0.8637134670487107,0.05867799995940004,0.5387170000403785,2,2,1,False,0,bceea25c3578e1724db3dac4b109c0a08bc6846e0a278ee83e7b8fd7db309306,6c76573ca5568eb198d83739b0a5e08423aa2a0b109b68e99d7c280b78913500,True,True,True,True
10318,nuisance,class_entropy,14.45,0.828080229226361,0.0063989999716795865,0.5918470000096931,0,2,4,False,0,bceea25c3578e1724db3dac4b109c0a08bc6846e0a278ee83e7b8fd7db309306,6c76573ca5568eb198d83739b0a5e08423aa2a0b109b68e99d7c280b78913500,True,True,True,True
10318,nuisance,ec2,14.45,0.828080229226361,0.00751100003526517,0.5505149999862624,0,2,4,False,0,bceea25c3578e1724db3dac4b109c0a08bc6846e0a278ee83e7b8fd7db309306,6c76573ca5568eb198d83739b0a5e08423aa2a0b109b68e99d7c280b78913500,True,True,True,True
10318,nuisance,myopic,14.45,0.828080229226361,0.04383600003166066,0.5359629999475146,0,2,4,False,8,bceea25c3578e1724db3dac4b109c0a08bc6846e0a278ee83e7b8fd7db309306,6c76573ca5568eb198d83739b0a5e08423aa2a0b109b68e99d7c280b78913500,True,True,True,True
10318,nuisance,lookahead2,14.45,0.828080229226361,0.23770600000716513,0.5190279999851555,0,2,4,False,27,bceea25c3578e1724db3dac4b109c0a08bc6846e0a278ee83e7b8fd7db309306,6c76573ca5568eb198d83739b0a5e08423aa2a0b109b68e99d7c280b78913500,True,True,True,True
10318,nuisance,exact,14.45,0.828080229226361,0.6701129999555633,0.5152009999846996,0,2,4,False,72,bceea25c3578e1724db3dac4b109c0a08bc6846e0a278ee83e7b8fd7db309306,6c76573ca5568eb198d83739b0a5e08423aa2a0b109b68e99d7c280b78913500,True,True,True,True
10318,nuisance,discard_replay,14.45,0.828080229226361,0.1412709999613071,0.5905850000544888,0,2,4,False,9,bceea25c3578e1724db3dac4b109c0a08bc6846e0a278ee83e7b8fd7db309306,6c76573ca5568eb198d83739b0a5e08423aa2a0b109b68e99d7c280b78913500,True,True,True,True
10319,nuisance,restart,24.45,1.0,0.0,0.5065889999968931,0,3,4,False,0,0fe503adba3bfac3c21e13ec0e8a3255fb8d3549dadbaadb1ccfa8c7e4891b07,ad479342542b875f13056956e85d412c88c759f8a20a0076316ab48e15472e9d,True,True,True,True
10319,nuisance,conservative,17.45,0.7137014314928425,0.0,0.5597179999767832,0,2,4,False,0,0fe503adba3bfac3c21e13ec0e8a3255fb8d3549dadbaadb1ccfa8c7e4891b07,ad479342542b875f13056956e85d412c88c759f8a20a0076316ab48e15472e9d,True,True,True,True
10319,nuisance,point_estimate,17.45,0.7137014314928425,0.0,0.5095430000210399,0,2,4,False,0,0fe503adba3bfac3c21e13ec0e8a3255fb8d3549dadbaadb1ccfa8c7e4891b07,ad479342542b875f13056956e85d412c88c759f8a20a0076316ab48e15472e9d,True,True,True,True
10319,nuisance,random,17.45,0.7137014314928425,0.001291999979002867,0.5027329999620633,0,2,4,False,0,0fe503adba3bfac3c21e13ec0e8a3255fb8d3549dadbaadb1ccfa8c7e4891b07,ad479342542b875f13056956e85d412c88c759f8a20a0076316ab48e15472e9d,True,True,True,True
10319,nuisance,graph_entropy,17.947,0.7340286298568507,0.056664000112505164,0.5163739998579331,2,2,1,False,0,0fe503adba3bfac3c21e13ec0e8a3255fb8d3549dadbaadb1ccfa8c7e4891b07,ad479342542b875f13056956e85d412c88c759f8a20a0076316ab48e15472e9d,True,True,True,True
10319,nuisance,class_entropy,17.45,0.7137014314928425,0.0057290000086140935,0.5835340000430733,0,2,4,False,0,0fe503adba3bfac3c21e13ec0e8a3255fb8d3549dadbaadb1ccfa8c7e4891b07,ad479342542b875f13056956e85d412c88c759f8a20a0076316ab48e15472e9d,True,True,True,True
10319,nuisance,ec2,17.45,0.7137014314928425,0.007761000006212271,0.564725999993243,0,2,4,False,0,0fe503adba3bfac3c21e13ec0e8a3255fb8d3549dadbaadb1ccfa8c7e4891b07,ad479342542b875f13056956e85d412c88c759f8a20a0076316ab48e15472e9d,True,True,True,True
10319,nuisance,myopic,17.45,0.7137014314928425,0.045006999926044955,0.5417419999957929,0,2,4,False,8,0fe503adba3bfac3c21e13ec0e8a3255fb8d3549dadbaadb1ccfa8c7e4891b07,ad479342542b875f13056956e85d412c88c759f8a20a0076316ab48e15472e9d,True,True,True,True
10319,nuisance,lookahead2,17.45,0.7137014314928425,0.2592179999965083,0.5143000000771281,0,2,4,False,27,0fe503adba3bfac3c21e13ec0e8a3255fb8d3549dadbaadb1ccfa8c7e4891b07,ad479342542b875f13056956e85d412c88c759f8a20a0076316ab48e15472e9d,True,True,True,True
10319,nuisance,exact,17.45,0.7137014314928425,0.6781960000807885,0.5066389999228704,0,2,4,False,72,0fe503adba3bfac3c21e13ec0e8a3255fb8d3549dadbaadb1ccfa8c7e4891b07,ad479342542b875f13056956e85d412c88c759f8a20a0076316ab48e15472e9d,True,True,True,True
10319,nuisance,discard_replay,17.45,0.7137014314928425,0.14321399999062123,0.5935890000046129,0,2,4,False,9,0fe503adba3bfac3c21e13ec0e8a3255fb8d3549dadbaadb1ccfa8c7e4891b07,ad479342542b875f13056956e85d412c88c759f8a20a0076316ab48e15472e9d,True,True,True,True
10400,coupled,restart,19.45,1.0,0.0,0.6151110000018889,0,3,28,False,0,1618b290191868fa01dac500d4a4c6f1231f865ca736ef87b4ad4a9c4c4f7b9e,dadab1c7748ead2f8cac8fc0e1bc47d4e7d570b93c67e5f43257b60fd8ba4284,True,True,True,True
10400,coupled,conservative,19.45,1.0,0.0,0.5804390000321291,0,3,28,False,0,1618b290191868fa01dac500d4a4c6f1231f865ca736ef87b4ad4a9c4c4f7b9e,dadab1c7748ead2f8cac8fc0e1bc47d4e7d570b93c67e5f43257b60fd8ba4284,True,True,True,True
10400,coupled,point_estimate,7.45,0.38303341902313626,0.0,0.659306999978071,0,1,28,False,0,1618b290191868fa01dac500d4a4c6f1231f865ca736ef87b4ad4a9c4c4f7b9e,dadab1c7748ead2f8cac8fc0e1bc47d4e7d570b93c67e5f43257b60fd8ba4284,True,True,True,True
10400,coupled,random,13.214599999999999,0.6794138817480719,0.07019600002422521,0.965494999945804,2,2,4,False,0,1618b290191868fa01dac500d4a4c6f1231f865ca736ef87b4ad4a9c4c4f7b9e,dadab1c7748ead2f8cac8fc0e1bc47d4e7d570b93c67e5f43257b60fd8ba4284,True,True,True,True
10400,coupled,graph_entropy,16.1895,0.8323650385604113,0.36171199974432966,0.9653050002498276,5,2,1,False,0,1618b290191868fa01dac500d4a4c6f1231f865ca736ef87b4ad4a9c4c4f7b9e,dadab1c7748ead2f8cac8fc0e1bc47d4e7d570b93c67e5f43257b60fd8ba4284,True,True,True,True
10400,coupled,class_entropy,13.214599999999999,0.6794138817480719,0.22685999999794149,1.0024310000744663,2,2,4,False,0,1618b290191868fa01dac500d4a4c6f1231f865ca736ef87b4ad4a9c4c4f7b9e,dadab1c7748ead2f8cac8fc0e1bc47d4e7d570b93c67e5f43257b60fd8ba4284,True,True,True,True
10400,coupled,ec2,16.1895,0.8323650385604113,0.451827000006233,1.2141729999939344,5,2,1,False,0,1618b290191868fa01dac500d4a4c6f1231f865ca736ef87b4ad4a9c4c4f7b9e,dadab1c7748ead2f8cac8fc0e1bc47d4e7d570b93c67e5f43257b60fd8ba4284,True,True,True,True
10400,coupled,myopic,19.45,1.0,0.12634899997010507,0.5304640000076688,0,3,28,False,19,1618b290191868fa01dac500d4a4c6f1231f865ca736ef87b4ad4a9c4c4f7b9e,dadab1c7748ead2f8cac8fc0e1bc47d4e7d570b93c67e5f43257b60fd8ba4284,True,True,True,True
10400,coupled,lookahead2,13.214599999999999,0.6794138817480719,1.6236330000083399,0.7578429999739456,3,2,4,False,369,1618b290191868fa01dac500d4a4c6f1231f865ca736ef87b4ad4a9c4c4f7b9e,dadab1c7748ead2f8cac8fc0e1bc47d4e7d570b93c67e5f43257b60fd8ba4284,True,True,True,True
10400,coupled,exact,13.214599999999999,0.6794138817480719,46.82881099995484,1.0490800000297895,3,2,4,False,6651,1618b290191868fa01dac500d4a4c6f1231f865ca736ef87b4ad4a9c4c4f7b9e,dadab1c7748ead2f8cac8fc0e1bc47d4e7d570b93c67e5f43257b60fd8ba4284,True,True,True,True
10400,coupled,discard_replay,13.214599999999999,0.6794138817480719,33.206111000026794,0.7425420000117811,2,2,4,False,3282,1618b290191868fa01dac500d4a4c6f1231f865ca736ef87b4ad4a9c4c4f7b9e,dadab1c7748ead2f8cac8fc0e1bc47d4e7d570b93c67e5f43257b60fd8ba4284,True,True,True,True
10401,coupled,restart,23.45,1.0,0.0,0.5978450000156954,0,3,28,False,0,4e14d5ce6ffacb75bdb0b6d2d123a1a0bca75b9db2bdb6b2d802a3a934f9e21b,8647d6a44ca7b4d8ae1c0429fec306d303c20f7b3991ee0d6301475029c89f62,True,True,True,True
10401,coupled,conservative,23.45,1.0,0.0,0.5404089999956341,0,3,28,False,0,4e14d5ce6ffacb75bdb0b6d2d123a1a0bca75b9db2bdb6b2d802a3a934f9e21b,8647d6a44ca7b4d8ae1c0429fec306d303c20f7b3991ee0d6301475029c89f62,True,True,True,True
10401,coupled,point_estimate,10.45,0.4456289978678038,0.0,0.5133690000320712,0,1,28,False,0,4e14d5ce6ffacb75bdb0b6d2d123a1a0bca75b9db2bdb6b2d802a3a934f9e21b,142c65b58a43d66ebf32708346ddf139a494b7ab2184a6dd20fb07db22482a5a,False,False,False,False
10401,coupled,random,29.3325,1.2508528784648187,0.0868009999521746,0.7643229999985124,4,3,2,False,0,4e14d5ce6ffacb75bdb0b6d2d123a1a0bca75b9db2bdb6b2d802a3a934f9e21b,8647d6a44ca7b4d8ae1c0429fec306d303c20f7b3991ee0d6301475029c89f62,True,True,True,True
10401,coupled,graph_entropy,29.6133,1.2628272921108743,0.34735900010218757,0.657495999917046,5,3,1,False,0,4e14d5ce6ffacb75bdb0b6d2d123a1a0bca75b9db2bdb6b2d802a3a934f9e21b,8647d6a44ca7b4d8ae1c0429fec306d303c20f7b3991ee0d6301475029c89f62,True,True,True,True
10401,coupled,class_entropy,24.8389,1.059228144989339,0.2481020000004719,0.8276579999346723,3,3,4,False,0,4e14d5ce6ffacb75bdb0b6d2d123a1a0bca75b9db2bdb6b2d802a3a934f9e21b,8647d6a44ca7b4d8ae1c0429fec306d303c20f7b3991ee0d6301475029c89f62,True,True,True,True
10401,coupled,ec2,29.6133,1.2628272921108743,0.39691400002084265,0.7923370000071372,5,3,1,False,0,4e14d5ce6ffacb75bdb0b6d2d123a1a0bca75b9db2bdb6b2d802a3a934f9e21b,8647d6a44ca7b4d8ae1c0429fec306d303c20f7b3991ee0d6301475029c89f62,True,True,True,True
10401,coupled,myopic,23.45,1.0,0.12719999995169928,0.6926780000640065,0,3,28,False,19,4e14d5ce6ffacb75bdb0b6d2d123a1a0bca75b9db2bdb6b2d802a3a934f9e21b,8647d6a44ca7b4d8ae1c0429fec306d303c20f7b3991ee0d6301475029c89f62,True,True,True,True
10401,coupled,lookahead2,24.8389,1.059228144989339,1.8757579999828522,0.887950000105775,3,3,4,False,408,4e14d5ce6ffacb75bdb0b6d2d123a1a0bca75b9db2bdb6b2d802a3a934f9e21b,8647d6a44ca7b4d8ae1c0429fec306d303c20f7b3991ee0d6301475029c89f62,True,True,True,True
10401,coupled,exact,25.813,1.100767590618337,47.124321999945096,0.902742000107537,4,3,2,False,6651,4e14d5ce6ffacb75bdb0b6d2d123a1a0bca75b9db2bdb6b2d802a3a934f9e21b,8647d6a44ca7b4d8ae1c0429fec306d303c20f7b3991ee0d6301475029c89f62,True,True,True,True
10401,coupled,discard_replay,25.813,1.100767590618337,32.631426999842006,0.7239580002078583,3,3,4,False,3282,4e14d5ce6ffacb75bdb0b6d2d123a1a0bca75b9db2bdb6b2d802a3a934f9e21b,8647d6a44ca7b4d8ae1c0429fec306d303c20f7b3991ee0d6301475029c89f62,True,True,True,True
10402,coupled,restart,17.45,1.0,0.0,0.5266000000574422,0,3,28,False,0,46111259393e7f28babdcba9a1e7f52da95d0679540dce066d723b6695090954,c87ef7694cd780309ca7fa7838e1860e5334a2f759af7c08a5d2b071054998b3,True,True,True,True
10402,coupled,conservative,17.45,1.0,0.0,0.44983500004036614,0,3,28,False,0,46111259393e7f28babdcba9a1e7f52da95d0679540dce066d723b6695090954,c87ef7694cd780309ca7fa7838e1860e5334a2f759af7c08a5d2b071054998b3,True,True,True,True
10402,coupled,point_estimate,17.45,1.0,0.0,0.598969000066063,0,3,28,False,0,46111259393e7f28babdcba9a1e7f52da95d0679540dce066d723b6695090954,c87ef7694cd780309ca7fa7838e1860e5334a2f759af7c08a5d2b071054998b3,True,True,True,True
10402,coupled,random,29.268,1.6772492836676218,0.08436699988578766,0.7345820001773973,4,3,2,False,0,46111259393e7f28babdcba9a1e7f52da95d0679540dce066d723b6695090954,c87ef7694cd780309ca7fa7838e1860e5334a2f759af7c08a5d2b071054998b3,True,True,True,True
10402,coupled,graph_entropy,16.862099999999998,0.9663094555873925,0.32634899991990096,0.7157550001011259,5,2,1,False,0,46111259393e7f28babdcba9a1e7f52da95d0679540dce066d723b6695090954,c87ef7694cd780309ca7fa7838e1860e5334a2f759af7c08a5d2b071054998b3,True,True,True,True
10402,coupled,class_entropy,19.9544,1.1435186246418338,0.25698599995394034,0.77615500003958,3,3,4,False,0,46111259393e7f28babdcba9a1e7f52da95d0679540dce066d723b6695090954,c87ef7694cd780309ca7fa7838e1860e5334a2f759af7c08a5d2b071054998b3,True,True,True,True
10402,coupled,ec2,16.862099999999998,0.9663094555873925,0.4143219998695713,0.765769000167893,5,2,1,False,0,46111259393e7f28babdcba9a1e7f52da95d0679540dce066d723b6695090954,c87ef7694cd780309ca7fa7838e1860e5334a2f759af7c08a5d2b071054998b3,True,True,True,True
10402,coupled,myopic,17.45,1.0,0.12110199998005555,0.6161940000311006,0,3,28,False,19,46111259393e7f28babdcba9a1e7f52da95d0679540dce066d723b6695090954,c87ef7694cd780309ca7fa7838e1860e5334a2f759af7c08a5d2b071054998b3,True,True,True,True
10402,coupled,lookahead2,18.208299999999998,1.04345558739255,1.5677320001259432,0.6445379998467615,2,3,6,False,358,46111259393e7f28babdcba9a1e7f52da95d0679540dce066d723b6695090954,c87ef7694cd780309ca7fa7838e1860e5334a2f759af7c08a5d2b071054998b3,True,True,True,True
10402,coupled,exact,17.45,1.0,46.45464299994728,0.9623649999639383,1,3,12,False,6651,46111259393e7f28babdcba9a1e7f52da95d0679540dce066d723b6695090954,c87ef7694cd780309ca7fa7838e1860e5334a2f759af7c08a5d2b071054998b3,True,True,True,True
10402,coupled,discard_replay,18.500799999999998,1.0602177650429798,32.30804400004672,0.6873919999179634,2,3,8,False,3282,46111259393e7f28babdcba9a1e7f52da95d0679540dce066d723b6695090954,c87ef7694cd780309ca7fa7838e1860e5334a2f759af7c08a5d2b071054998b3,True,True,True,True
10403,coupled,restart,19.45,1.0,0.0,0.5246969999461726,0,3,28,False,0,69620f7b7c54d7f8f0d08bef02f77fdf933b4ac08e6103243b53b115d377605c,d77c709e5b39b8ddfba3c18722ac9f2f757cc8b3c3f59ed6379cd5e26eee1137,True,True,True,True
10403,coupled,conservative,19.45,1.0,0.0,0.6293139999797859,0,3,28,False,0,69620f7b7c54d7f8f0d08bef02f77fdf933b4ac08e6103243b53b115d377605c,d77c709e5b39b8ddfba3c18722ac9f2f757cc8b3c3f59ed6379cd5e26eee1137,True,True,True,True
10403,coupled,point_estimate,13.45,0.6915167095115681,0.0,0.5307859998993081,0,2,28,False,0,69620f7b7c54d7f8f0d08bef02f77fdf933b4ac08e6103243b53b115d377605c,e27a18326281d088575cccd6227688b056cc7a94d3f98edaa8d52283aa80d7fb,True,False,False,False
10403,coupled,random,38.27720000000001,1.9679794344473012,0.08517700007359963,0.7422039999482877,5,3,1,False,0,69620f7b7c54d7f8f0d08bef02f77fdf933b4ac08e6103243b53b115d377605c,d77c709e5b39b8ddfba3c18722ac9f2f757cc8b3c3f59ed6379cd5e26eee1137,True,True,True,True
10403,coupled,graph_entropy,25.4269,1.3072956298200515,0.34343499987699033,0.7473120000440758,5,3,1,False,0,69620f7b7c54d7f8f0d08bef02f77fdf933b4ac08e6103243b53b115d377605c,d77c709e5b39b8ddfba3c18722ac9f2f757cc8b3c3f59ed6379cd5e26eee1137,True,True,True,True
10403,coupled,class_entropy,22.3605,1.1496401028277634,0.24821200008773303,0.7848079999348556,3,3,4,False,0,69620f7b7c54d7f8f0d08bef02f77fdf933b4ac08e6103243b53b115d377605c,d77c709e5b39b8ddfba3c18722ac9f2f757cc8b3c3f59ed6379cd5e26eee1137,True,True,True,True
10403,coupled,ec2,25.4269,1.3072956298200515,0.4119280001759762,0.7345519998125383,5,3,1,False,0,69620f7b7c54d7f8f0d08bef02f77fdf933b4ac08e6103243b53b115d377605c,d77c709e5b39b8ddfba3c18722ac9f2f757cc8b3c3f59ed6379cd5e26eee1137,True,True,True,True
10403,coupled,myopic,19.45,1.0,0.11965000010150106,0.5202509998980531,0,3,28,False,19,69620f7b7c54d7f8f0d08bef02f77fdf933b4ac08e6103243b53b115d377605c,d77c709e5b39b8ddfba3c18722ac9f2f757cc8b3c3f59ed6379cd5e26eee1137,True,True,True,True
10403,coupled,lookahead2,25.1958,1.295413881748072,1.8752660000700416,0.8484210000005987,5,3,2,False,442,69620f7b7c54d7f8f0d08bef02f77fdf933b4ac08e6103243b53b115d377605c,d77c709e5b39b8ddfba3c18722ac9f2f757cc8b3c3f59ed6379cd5e26eee1137,True,True,True,True
10403,coupled,exact,22.2853,1.1457737789203084,46.120110999936514,0.894353000035153,4,3,2,False,6651,69620f7b7c54d7f8f0d08bef02f77fdf933b4ac08e6103243b53b115d377605c,d77c709e5b39b8ddfba3c18722ac9f2f757cc8b3c3f59ed6379cd5e26eee1137,True,True,True,True
10403,coupled,discard_replay,22.2853,1.1457737789203084,32.95639700002084,0.6452879999869765,2,3,8,False,3282,69620f7b7c54d7f8f0d08bef02f77fdf933b4ac08e6103243b53b115d377605c,d77c709e5b39b8ddfba3c18722ac9f2f757cc8b3c3f59ed6379cd5e26eee1137,True,True,True,True
10404,coupled,restart,17.45,1.0,0.0,0.5566649999764195,0,3,28,False,0,38362120fc6b0b92637672d4a32ed8d561e83c9a3b3d7b755f23de449475ee23,eb1ebc40a31995676c2f1f76a3f0b0a377de205988873061dc7fff10de3063c1,True,True,True,True
10404,coupled,conservative,17.45,1.0,0.0,0.5397700000457917,0,3,28,False,0,38362120fc6b0b92637672d4a32ed8d561e83c9a3b3d7b755f23de449475ee23,eb1ebc40a31995676c2f1f76a3f0b0a377de205988873061dc7fff10de3063c1,True,True,True,True
10404,coupled,point_estimate,17.45,1.0,0.0,0.5435260000012931,0,3,28,False,0,38362120fc6b0b92637672d4a32ed8d561e83c9a3b3d7b755f23de449475ee23,eb1ebc40a31995676c2f1f76a3f0b0a377de205988873061dc7fff10de3063c1,True,True,True,True
10404,coupled,random,22.0329,1.2626303724928367,0.08870199997090822,0.7342430000107925,4,3,2,False,0,38362120fc6b0b92637672d4a32ed8d561e83c9a3b3d7b755f23de449475ee23,eb1ebc40a31995676c2f1f76a3f0b0a377de205988873061dc7fff10de3063c1,True,True,True,True
10404,coupled,graph_entropy,25.9668,1.4880687679083096,0.3553310000370402,0.6843790000630179,5,3,1,False,0,38362120fc6b0b92637672d4a32ed8d561e83c9a3b3d7b755f23de449475ee23,eb1ebc40a31995676c2f1f76a3f0b0a377de205988873061dc7fff10de3063c1,True,True,True,True
10404,coupled,class_entropy,20.497899999999998,1.1746647564469914,0.27050499988945376,0.7252490001974365,3,3,4,False,0,38362120fc6b0b92637672d4a32ed8d561e83c9a3b3d7b755f23de449475ee23,eb1ebc40a31995676c2f1f76a3f0b0a377de205988873061dc7fff10de3063c1,True,True,True,True
10404,coupled,ec2,25.9668,1.4880687679083096,0.38745000006201735,0.8033369998656781,5,3,1,False,0,38362120fc6b0b92637672d4a32ed8d561e83c9a3b3d7b755f23de449475ee23,eb1ebc40a31995676c2f1f76a3f0b0a377de205988873061dc7fff10de3063c1,True,True,True,True
10404,coupled,myopic,17.45,1.0,0.14043099997707031,0.5331700000397177,0,3,28,False,19,38362120fc6b0b92637672d4a32ed8d561e83c9a3b3d7b755f23de449475ee23,eb1ebc40a31995676c2f1f76a3f0b0a377de205988873061dc7fff10de3063c1,True,True,True,True
10404,coupled,lookahead2,18.985,1.0879656160458453,1.769846000115649,0.7827849998420788,4,3,2,False,415,38362120fc6b0b92637672d4a32ed8d561e83c9a3b3d7b755f23de449475ee23,eb1ebc40a31995676c2f1f76a3f0b0a377de205988873061dc7fff10de3063c1,True,True,True,True
10404,coupled,exact,17.45,1.0,46.046670999885464,0.9173570000484688,2,3,8,False,6651,38362120fc6b0b92637672d4a32ed8d561e83c9a3b3d7b755f23de449475ee23,eb1ebc40a31995676c2f1f76a3f0b0a377de205988873061dc7fff10de3063c1,True,True,True,True
10404,coupled,discard_replay,18.985,1.0879656160458453,32.13388300002862,0.6349529999170045,2,3,8,False,3282,38362120fc6b0b92637672d4a32ed8d561e83c9a3b3d7b755f23de449475ee23,eb1ebc40a31995676c2f1f76a3f0b0a377de205988873061dc7fff10de3063c1,True,True,True,True
10405,coupled,restart,17.45,1.0,0.0,0.5556839998916985,0,3,28,False,0,8b455fc28ebf73a60ff5940e975db37cf38d592756ad10bdf7a66a0789c76933,0492dcf531ac532cf3e32bed25ca02b5747b4a948a6edb0870d7ac3317555d77,True,True,True,True
10405,coupled,conservative,17.45,1.0,0.0,0.5309670000315236,0,3,28,False,0,8b455fc28ebf73a60ff5940e975db37cf38d592756ad10bdf7a66a0789c76933,0492dcf531ac532cf3e32bed25ca02b5747b4a948a6edb0870d7ac3317555d77,True,True,True,True
10405,coupled,point_estimate,13.45,0.7707736389684814,0.0,0.5430749999959517,0,2,28,False,0,8b455fc28ebf73a60ff5940e975db37cf38d592756ad10bdf7a66a0789c76933,0492dcf531ac532cf3e32bed25ca02b5747b4a948a6edb0870d7ac3317555d77,True,True,True,True
10405,coupled,random,11.891399999999999,0.6814555873925501,0.10058999998818763,0.8190800000420495,5,2,1,False,0,8b455fc28ebf73a60ff5940e975db37cf38d592756ad10bdf7a66a0789c76933,0492dcf531ac532cf3e32bed25ca02b5747b4a948a6edb0870d7ac3317555d77,True,True,True,True
10405,coupled,graph_entropy,8.9734,0.5142349570200573,0.3239370001892894,0.6255779998127764,5,1,1,False,0,8b455fc28ebf73a60ff5940e975db37cf38d592756ad10bdf7a66a0789c76933,0492dcf531ac532cf3e32bed25ca02b5747b4a948a6edb0870d7ac3317555d77,True,True,True,True
10405,coupled,class_entropy,10.590399999999999,0.6068997134670486,0.24075099997844518,0.7122499999923093,2,2,4,False,0,8b455fc28ebf73a60ff5940e975db37cf38d592756ad10bdf7a66a0789c76933,0492dcf531ac532cf3e32bed25ca02b5747b4a948a6edb0870d7ac3317555d77,True,True,True,True
10405,coupled,ec2,9.4452,0.541272206303725,0.4107969999722627,0.6724990000748221,5,1,1,False,0,8b455fc28ebf73a60ff5940e975db37cf38d592756ad10bdf7a66a0789c76933,0492dcf531ac532cf3e32bed25ca02b5747b4a948a6edb0870d7ac3317555d77,True,True,True,True
10405,coupled,myopic,17.45,1.0,0.12180300007003098,0.5490029999464241,0,3,28,False,19,8b455fc28ebf73a60ff5940e975db37cf38d592756ad10bdf7a66a0789c76933,0492dcf531ac532cf3e32bed25ca02b5747b4a948a6edb0870d7ac3317555d77,True,True,True,True
10405,coupled,lookahead2,8.890099999999999,0.5094613180515759,1.9090649999498055,0.7167750001144668,5,1,2,False,433,8b455fc28ebf73a60ff5940e975db37cf38d592756ad10bdf7a66a0789c76933,0492dcf531ac532cf3e32bed25ca02b5747b4a948a6edb0870d7ac3317555d77,True,True,True,True
10405,coupled,exact,8.263499999999999,0.4735530085959885,48.04377999971621,1.208672000302613,4,1,2,False,6651,8b455fc28ebf73a60ff5940e975db37cf38d592756ad10bdf7a66a0789c76933,0492dcf531ac532cf3e32bed25ca02b5747b4a948a6edb0870d7ac3317555d77,True,True,True,True
10405,coupled,discard_replay,7.7917000000000005,0.44651575931232096,32.61368199991921,0.7386090001091361,3,1,2,False,3282,8b455fc28ebf73a60ff5940e975db37cf38d592756ad10bdf7a66a0789c76933,0492dcf531ac532cf3e32bed25ca02b5747b4a948a6edb0870d7ac3317555d77,True,True,True,True
10406,coupled,restart,20.45,1.0,0.0,0.5504160000100455,0,3,28,False,0,89d522cb1c068425fd38fa39b55a7173fb03c7e660d3be01bb152f95707a1fd4,5c0fc3ef8e3fdc018e8d8711901c599e8179fc718238c1bcfea0efb6361fb5c6,True,True,True,True
10406,coupled,conservative,20.45,1.0,0.0,0.661021999917466,0,3,28,False,0,89d522cb1c068425fd38fa39b55a7173fb03c7e660d3be01bb152f95707a1fd4,5c0fc3ef8e3fdc018e8d8711901c599e8179fc718238c1bcfea0efb6361fb5c6,True,True,True,True
10406,coupled,point_estimate,20.45,1.0,0.0,0.5744919999415288,0,3,28,False,0,89d522cb1c068425fd38fa39b55a7173fb03c7e660d3be01bb152f95707a1fd4,5c0fc3ef8e3fdc018e8d8711901c599e8179fc718238c1bcfea0efb6361fb5c6,True,True,True,True
10406,coupled,random,23.171,1.1330562347188264,0.08919499998683023,0.8942409999690426,4,3,2,False,0,89d522cb1c068425fd38fa39b55a7173fb03c7e660d3be01bb152f95707a1fd4,5c0fc3ef8e3fdc018e8d8711901c599e8179fc718238c1bcfea0efb6361fb5c6,True,True,True,True
10406,coupled,graph_entropy,28.8542,1.410963325183374,0.31457300008241873,0.6828439999253533,5,3,1,False,0,89d522cb1c068425fd38fa39b55a7173fb03c7e660d3be01bb152f95707a1fd4,5c0fc3ef8e3fdc018e8d8711901c599e8179fc718238c1bcfea0efb6361fb5c6,True,True,True,True
10406,coupled,class_entropy,21.5751,1.0550171149144254,0.24150299998382252,0.7835449999902266,3,3,4,False,0,89d522cb1c068425fd38fa39b55a7173fb03c7e660d3be01bb152f95707a1fd4,5c0fc3ef8e3fdc018e8d8711901c599e8179fc718238c1bcfea0efb6361fb5c6,True,True,True,True
10406,coupled,ec2,28.8542,1.410963325183374,0.38489599990043644,0.6847890001608903,5,3,1,False,0,89d522cb1c068425fd38fa39b55a7173fb03c7e660d3be01bb152f95707a1fd4,5c0fc3ef8e3fdc018e8d8711901c599e8179fc718238c1bcfea0efb6361fb5c6,True,True,True,True
10406,coupled,myopic,20.45,1.0,0.1378669999212434,0.5699750000758286,0,3,28,False,19,89d522cb1c068425fd38fa39b55a7173fb03c7e660d3be01bb152f95707a1fd4,5c0fc3ef8e3fdc018e8d8711901c599e8179fc718238c1bcfea0efb6361fb5c6,True,True,True,True
10406,coupled,lookahead2,20.45,1.0,1.6669119999050963,0.6840960000999985,2,3,8,False,370,89d522cb1c068425fd38fa39b55a7173fb03c7e660d3be01bb152f95707a1fd4,5c0fc3ef8e3fdc018e8d8711901c599e8179fc718238c1bcfea0efb6361fb5c6,True,True,True,True
10406,coupled,exact,20.45,1.0,46.290347000081056,0.926890999949137,2,3,8,False,6651,89d522cb1c068425fd38fa39b55a7173fb03c7e660d3be01bb152f95707a1fd4,5c0fc3ef8e3fdc018e8d8711901c599e8179fc718238c1bcfea0efb6361fb5c6,True,True,True,True
10406,coupled,discard_replay,22.196299999999997,1.0853936430317848,32.2968570002331,0.6053179997707048,2,3,8,False,3282,89d522cb1c068425fd38fa39b55a7173fb03c7e660d3be01bb152f95707a1fd4,5c0fc3ef8e3fdc018e8d8711901c599e8179fc718238c1bcfea0efb6361fb5c6,True,True,True,True
10407,coupled,restart,17.45,1.0,0.0,0.5384480000429903,0,3,28,False,0,03117f63ecb85af3e5a9917d2dd3ef92606af9b505e3328e2e8953c59376f635,faa410a8cdc479836de21f75608ca8b5711b82fc1c80df5e5e2e82495370697f,True,True,True,True
10407,coupled,conservative,17.45,1.0,0.0,0.5359839999528049,0,3,28,False,0,03117f63ecb85af3e5a9917d2dd3ef92606af9b505e3328e2e8953c59376f635,faa410a8cdc479836de21f75608ca8b5711b82fc1c80df5e5e2e82495370697f,True,True,True,True
10407,coupled,point_estimate,8.45,0.48424068767908307,0.0,0.4803909999964162,0,2,28,False,0,03117f63ecb85af3e5a9917d2dd3ef92606af9b505e3328e2e8953c59376f635,4b189e5f258f0b6b3f664616cf25102cbb44b132358a62d102edf2be69b91884,True,False,False,False
10407,coupled,random,23.741899999999998,1.360567335243553,0.08049099994877906,0.7741920001080871,4,2,2,False,0,03117f63ecb85af3e5a9917d2dd3ef92606af9b505e3328e2e8953c59376f635,faa410a8cdc479836de21f75608ca8b5711b82fc1c80df5e5e2e82495370697f,True,True,True,True
10407,coupled,graph_entropy,23.2946,1.3349340974212034,0.33375300006355246,0.7717459999412313,5,3,1,False,0,03117f63ecb85af3e5a9917d2dd3ef92606af9b505e3328e2e8953c59376f635,faa410a8cdc479836de21f75608ca8b5711b82fc1c80df5e5e2e82495370697f,True,True,True,True
10407,coupled,class_entropy,21.252599999999997,1.2179140401146131,0.2481630001511803,0.8093239998743229,3,3,4,False,0,03117f63ecb85af3e5a9917d2dd3ef92606af9b505e3328e2e8953c59376f635,faa410a8cdc479836de21f75608ca8b5711b82fc1c80df5e5e2e82495370697f,True,True,True,True
10407,coupled,ec2,23.2946,1.3349340974212034,0.4074710001304993,0.7989599998836638,5,3,1,False,0,03117f63ecb85af3e5a9917d2dd3ef92606af9b505e3328e2e8953c59376f635,faa410a8cdc479836de21f75608ca8b5711b82fc1c80df5e5e2e82495370697f,True,True,True,True
10407,coupled,myopic,17.45,1.0,0.09229899990259582,0.5956340000921045,0,3,28,False,19,03117f63ecb85af3e5a9917d2dd3ef92606af9b505e3328e2e8953c59376f635,faa410a8cdc479836de21f75608ca8b5711b82fc1c80df5e5e2e82495370697f,True,True,True,True
10407,coupled,lookahead2,17.45,1.0,1.3372960000879175,0.5992599999444792,1,3,12,False,284,03117f63ecb85af3e5a9917d2dd3ef92606af9b505e3328e2e8953c59376f635,faa410a8cdc479836de21f75608ca8b5711b82fc1c80df5e5e2e82495370697f,True,True,True,True
10407,coupled,exact,17.45,1.0,48.4421259999408,0.9040570000706794,1,3,12,False,6651,03117f63ecb85af3e5a9917d2dd3ef92606af9b505e3328e2e8953c59376f635,faa410a8cdc479836de21f75608ca8b5711b82fc1c80df5e5e2e82495370697f,True,True,True,True
10407,coupled,discard_replay,21.506999999999998,1.2324928366762178,32.38254500013227,0.7651089998716998,2,3,8,False,3282,03117f63ecb85af3e5a9917d2dd3ef92606af9b505e3328e2e8953c59376f635,faa410a8cdc479836de21f75608ca8b5711b82fc1c80df5e5e2e82495370697f,True,True,True,True
10408,coupled,restart,19.45,1.0,0.0,0.5349830000795919,0,3,28,False,0,92fb02e0fd8fd341ebbd3f5d82aa7a75e54305093bdb908df2e72a257816e4fc,7899b86cbaa072c703074947687e616257a89ee1d397972a877972adf20fc343,True,True,True,True
10408,coupled,conservative,19.45,1.0,0.0,0.5820640000138155,0,3,28,False,0,92fb02e0fd8fd341ebbd3f5d82aa7a75e54305093bdb908df2e72a257816e4fc,7899b86cbaa072c703074947687e616257a89ee1d397972a877972adf20fc343,True,True,True,True
10408,coupled,point_estimate,12.45,0.6401028277634961,0.0,0.5228640000041196,0,2,28,False,0,92fb02e0fd8fd341ebbd3f5d82aa7a75e54305093bdb908df2e72a257816e4fc,7899b86cbaa072c703074947687e616257a89ee1d397972a877972adf20fc343,True,True,True,True
10408,coupled,random,20.1938,1.038241645244216,0.0921570001537475,0.7500869998011694,4,2,2,False,0,92fb02e0fd8fd341ebbd3f5d82aa7a75e54305093bdb908df2e72a257816e4fc,7899b86cbaa072c703074947687e616257a89ee1d397972a877972adf20fc343,True,True,True,True
10408,coupled,graph_entropy,20.310399999999998,1.044236503856041,0.32557899987750716,0.6662100001904037,4,2,1,False,0,92fb02e0fd8fd341ebbd3f5d82aa7a75e54305093bdb908df2e72a257816e4fc,7899b86cbaa072c703074947687e616257a89ee1d397972a877972adf20fc343,True,True,True,True
10408,coupled,class_entropy,21.8323,1.1224832904884319,0.19617300006302685,0.6417639999654057,2,3,4,False,0,92fb02e0fd8fd341ebbd3f5d82aa7a75e54305093bdb908df2e72a257816e4fc,7899b86cbaa072c703074947687e616257a89ee1d397972a877972adf20fc343,True,True,True,True
10408,coupled,ec2,20.310399999999998,1.044236503856041,0.37290900013431383,0.6486139999424267,4,2,1,False,0,92fb02e0fd8fd341ebbd3f5d82aa7a75e54305093bdb908df2e72a257816e4fc,7899b86cbaa072c703074947687e616257a89ee1d397972a877972adf20fc343,True,True,True,True
10408,coupled,myopic,19.45,1.0,0.09767599999577214,0.5911770000466277,0,3,28,False,19,92fb02e0fd8fd341ebbd3f5d82aa7a75e54305093bdb908df2e72a257816e4fc,7899b86cbaa072c703074947687e616257a89ee1d397972a877972adf20fc343,True,True,True,True
10408,coupled,lookahead2,19.45,1.0,0.8028849999845988,0.6807620000017778,0,3,28,False,163,92fb02e0fd8fd341ebbd3f5d82aa7a75e54305093bdb908df2e72a257816e4fc,7899b86cbaa072c703074947687e616257a89ee1d397972a877972adf20fc343,True,True,True,True
10408,coupled,exact,19.45,1.0,47.42496000005758,0.886860999912642,2,3,8,False,6651,92fb02e0fd8fd341ebbd3f5d82aa7a75e54305093bdb908df2e72a257816e4fc,7899b86cbaa072c703074947687e616257a89ee1d397972a877972adf20fc343,True,True,True,True
10408,coupled,discard_replay,19.45,1.0,35.757399999965855,0.6679330000451955,0,3,28,False,3282,92fb02e0fd8fd341ebbd3f5d82aa7a75e54305093bdb908df2e72a257816e4fc,7899b86cbaa072c703074947687e616257a89ee1d397972a877972adf20fc343,True,True,True,True
10409,coupled,restart,17.45,1.0,0.0,0.7369160000507691,0,3,28,False,0,5ade4246deb5eb168653ed52ed6d887b797b250d5332fa4f4388dc0913ba94fa,b88568ae4a31636626d6a40b9f4093f208eb4d6703b10763cf0f4a95467ee0a4,True,True,True,True
10409,coupled,conservative,17.45,1.0,0.0,0.6521789999851535,0,3,28,False,0,5ade4246deb5eb168653ed52ed6d887b797b250d5332fa4f4388dc0913ba94fa,b88568ae4a31636626d6a40b9f4093f208eb4d6703b10763cf0f4a95467ee0a4,True,True,True,True
10409,coupled,point_estimate,7.45,0.4269340974212035,0.0,0.5047170000125334,0,1,28,False,0,5ade4246deb5eb168653ed52ed6d887b797b250d5332fa4f4388dc0913ba94fa,7c0836990ca43e5d8cac027db7231ea5adbd651a3529332247bbdee93af25266,True,False,False,False
10409,coupled,random,23.9742,1.3738796561604585,0.08271499973488972,0.9513470001820679,4,2,2,False,0,5ade4246deb5eb168653ed52ed6d887b797b250d5332fa4f4388dc0913ba94fa,b88568ae4a31636626d6a40b9f4093f208eb4d6703b10763cf0f4a95467ee0a4,True,True,True,True
10409,coupled,graph_entropy,24.522699999999997,1.4053123209169054,0.36226500003522233,0.6298240000432997,5,2,1,False,0,5ade4246deb5eb168653ed52ed6d887b797b250d5332fa4f4388dc0913ba94fa,b88568ae4a31636626d6a40b9f4093f208eb4d6703b10763cf0f4a95467ee0a4,True,True,True,True
10409,coupled,class_entropy,19.5427,1.1199255014326648,0.26030100002572,0.75137699991501,3,3,4,False,0,5ade4246deb5eb168653ed52ed6d887b797b250d5332fa4f4388dc0913ba94fa,b88568ae4a31636626d6a40b9f4093f208eb4d6703b10763cf0f4a95467ee0a4,True,True,True,True
10409,coupled,ec2,24.522699999999997,1.4053123209169054,0.420602000076542,0.6345519999513272,5,2,1,False,0,5ade4246deb5eb168653ed52ed6d887b797b250d5332fa4f4388dc0913ba94fa,b88568ae4a31636626d6a40b9f4093f208eb4d6703b10763cf0f4a95467ee0a4,True,True,True,True
10409,coupled,myopic,17.45,1.0,0.12120199994569703,0.5383070000561929,0,3,28,False,19,5ade4246deb5eb168653ed52ed6d887b797b250d5332fa4f4388dc0913ba94fa,b88568ae4a31636626d6a40b9f4093f208eb4d6703b10763cf0f4a95467ee0a4,True,True,True,True
10409,coupled,lookahead2,19.5427,1.1199255014326648,1.7657779998216938,0.77640700021675,3,3,4,False,406,5ade4246deb5eb168653ed52ed6d887b797b250d5332fa4f4388dc0913ba94fa,b88568ae4a31636626d6a40b9f4093f208eb4d6703b10763cf0f4a95467ee0a4,True,True,True,True
10409,coupled,exact,19.5427,1.1199255014326648,47.42615000009209,0.9543929999153988,3,3,4,False,6651,5ade4246deb5eb168653ed52ed6d887b797b250d5332fa4f4388dc0913ba94fa,b88568ae4a31636626d6a40b9f4093f208eb4d6703b10763cf0f4a95467ee0a4,True,True,True,True
10409,coupled,discard_replay,16.7124,0.9577306590257879,33.182705999934115,0.7213340001044344,2,2,6,False,3282,5ade4246deb5eb168653ed52ed6d887b797b250d5332fa4f4388dc0913ba94fa,b88568ae4a31636626d6a40b9f4093f208eb4d6703b10763cf0f4a95467ee0a4,True,True,True,True
10410,coupled,restart,19.45,1.0,0.0,0.5475109999224514,0,3,28,False,0,1ad840498de02d4ab1402ec8c6f1741c73e022582c34ffecf303887e556080ed,c043cd055beba8165fc086974a08216a3f4f79cd95dde3f4e171e74f19a2b432,True,True,True,True
10410,coupled,conservative,19.45,1.0,0.0,0.5480920000309197,0,3,28,False,0,1ad840498de02d4ab1402ec8c6f1741c73e022582c34ffecf303887e556080ed,c043cd055beba8165fc086974a08216a3f4f79cd95dde3f4e171e74f19a2b432,True,True,True,True
10410,coupled,point_estimate,5.45,0.2802056555269923,0.0,0.5578369999739152,0,1,28,False,0,1ad840498de02d4ab1402ec8c6f1741c73e022582c34ffecf303887e556080ed,c043cd055beba8165fc086974a08216a3f4f79cd95dde3f4e171e74f19a2b432,True,True,True,True
10410,coupled,random,14.2596,0.7331413881748072,0.10689999999158317,0.757868000050621,5,2,1,False,0,1ad840498de02d4ab1402ec8c6f1741c73e022582c34ffecf303887e556080ed,c043cd055beba8165fc086974a08216a3f4f79cd95dde3f4e171e74f19a2b432,True,True,True,True
10410,coupled,graph_entropy,10.402,0.5348071979434447,0.3724679999095315,0.6439070000396896,4,1,1,False,0,1ad840498de02d4ab1402ec8c6f1741c73e022582c34ffecf303887e556080ed,c043cd055beba8165fc086974a08216a3f4f79cd95dde3f4e171e74f19a2b432,True,True,True,True
10410,coupled,class_entropy,13.5924,0.6988380462724936,0.24821200008773303,0.8291749999216336,3,2,4,False,0,1ad840498de02d4ab1402ec8c6f1741c73e022582c34ffecf303887e556080ed,c043cd055beba8165fc086974a08216a3f4f79cd95dde3f4e171e74f19a2b432,True,True,True,True
10410,coupled,ec2,10.402,0.5348071979434447,0.3949119998196693,0.7583480002040233,4,1,1,False,0,1ad840498de02d4ab1402ec8c6f1741c73e022582c34ffecf303887e556080ed,c043cd055beba8165fc086974a08216a3f4f79cd95dde3f4e171e74f19a2b432,True,True,True,True
10410,coupled,myopic,19.45,1.0,0.1196089999666583,0.6292550000353003,0,3,28,False,19,1ad840498de02d4ab1402ec8c6f1741c73e022582c34ffecf303887e556080ed,c043cd055beba8165fc086974a08216a3f4f79cd95dde3f4e171e74f19a2b432,True,True,True,True
10410,coupled,lookahead2,13.5924,0.6988380462724936,1.9577590001063072,0.9203499998875486,3,2,4,False,369,1ad840498de02d4ab1402ec8c6f1741c73e022582c34ffecf303887e556080ed,c043cd055beba8165fc086974a08216a3f4f79cd95dde3f4e171e74f19a2b432,True,True,True,True
10410,coupled,exact,10.1372,0.5211928020565553,48.03342299999258,1.0419440000077884,4,1,2,False,6651,1ad840498de02d4ab1402ec8c6f1741c73e022582c34ffecf303887e556080ed,c043cd055beba8165fc086974a08216a3f4f79cd95dde3f4e171e74f19a2b432,True,True,True,True
10410,coupled,discard_replay,10.1372,0.5211928020565553,33.34910699993543,0.7704350000494742,3,1,2,False,3282,1ad840498de02d4ab1402ec8c6f1741c73e022582c34ffecf303887e556080ed,c043cd055beba8165fc086974a08216a3f4f79cd95dde3f4e171e74f19a2b432,True,True,True,True
10411,coupled,restart,15.45,1.0,0.0,0.5429739999271987,0,3,28,False,0,44b57519eda0ce88c59609b9a34eb2cfe0cc290650c96f592be00c907be17d2e,3f54ff7881734f3ca84cf92b5fe198ab997797f01f69227a9a9cb998e33e24a2,True,True,True,True
10411,coupled,conservative,15.45,1.0,0.0,0.5457989999513302,0,3,28,False,0,44b57519eda0ce88c59609b9a34eb2cfe0cc290650c96f592be00c907be17d2e,3f54ff7881734f3ca84cf92b5fe198ab997797f01f69227a9a9cb998e33e24a2,True,True,True,True
10411,coupled,point_estimate,12.45,0.8058252427184466,0.0,0.7112580000239177,0,2,28,False,0,44b57519eda0ce88c59609b9a34eb2cfe0cc290650c96f592be00c907be17d2e,3f54ff7881734f3ca84cf92b5fe198ab997797f01f69227a9a9cb998e33e24a2,True,True,True,True
10411,coupled,random,25.9851,1.6818834951456312,0.17281099997035199,0.6669599999895581,5,2,1,False,0,44b57519eda0ce88c59609b9a34eb2cfe0cc290650c96f592be00c907be17d2e,3f54ff7881734f3ca84cf92b5fe198ab997797f01f69227a9a9cb998e33e24a2,True,True,True,True
10411,coupled,graph_entropy,17.1218,1.1082071197411003,0.5334409999022682,0.8360040000070512,5,2,1,False,0,44b57519eda0ce88c59609b9a34eb2cfe0cc290650c96f592be00c907be17d2e,3f54ff7881734f3ca84cf92b5fe198ab997797f01f69227a9a9cb998e33e24a2,True,True,True,True
10411,coupled,class_entropy,17.08,1.1055016181229773,0.2475410000215561,0.7079929999918022,3,3,4,False,0,44b57519eda0ce88c59609b9a34eb2cfe0cc290650c96f592be00c907be17d2e,3f54ff7881734f3ca84cf92b5fe198ab997797f01f69227a9a9cb998e33e24a2,True,True,True,True
10411,coupled,ec2,17.1218,1.1082071197411003,0.4546619999246104,0.6797400001232745,5,2,1,False,0,44b57519eda0ce88c59609b9a34eb2cfe0cc290650c96f592be00c907be17d2e,3f54ff7881734f3ca84cf92b5fe198ab997797f01f69227a9a9cb998e33e24a2,True,True,True,True
10411,coupled,myopic,15.45,1.0,0.12391600000682956,0.5559249999578242,0,3,28,False,19,44b57519eda0ce88c59609b9a34eb2cfe0cc290650c96f592be00c907be17d2e,3f54ff7881734f3ca84cf92b5fe198ab997797f01f69227a9a9cb998e33e24a2,True,True,True,True
10411,coupled,lookahead2,15.45,1.0,1.3458899999250207,0.6648870000844909,1,3,12,False,284,44b57519eda0ce88c59609b9a34eb2cfe0cc290650c96f592be00c907be17d2e,3f54ff7881734f3ca84cf92b5fe198ab997797f01f69227a9a9cb998e33e24a2,True,True,True,True
10411,coupled,exact,15.45,1.0,48.18699299983109,0.8812130001842888,2,3,8,False,6651,44b57519eda0ce88c59609b9a34eb2cfe0cc290650c96f592be00c907be17d2e,3f54ff7881734f3ca84cf92b5fe198ab997797f01f69227a9a9cb998e33e24a2,True,True,True,True
10411,coupled,discard_replay,14.097,0.9124271844660194,33.489887999962775,0.7697550000784759,2,2,6,False,3282,44b57519eda0ce88c59609b9a34eb2cfe0cc290650c96f592be00c907be17d2e,3f54ff7881734f3ca84cf92b5fe198ab997797f01f69227a9a9cb998e33e24a2,True,True,True,True
10412,coupled,restart,15.45,1.0,0.0,0.6074509999507427,0,3,28,False,0,4766a31a507ec11ce98d6b120fb76d616c78d8456d0956a5f997cbf19252c96e,61ce8de179b8a485f940cd06add3e9ac0c9aaf9226b8d525f3425e95eed7364c,True,True,True,True
10412,coupled,conservative,15.45,1.0,0.0,0.6398399999625326,0,3,28,False,0,4766a31a507ec11ce98d6b120fb76d616c78d8456d0956a5f997cbf19252c96e,61ce8de179b8a485f940cd06add3e9ac0c9aaf9226b8d525f3425e95eed7364c,True,True,True,True
10412,coupled,point_estimate,9.45,0.6116504854368932,0.0,0.6441069999709725,0,1,28,False,0,4766a31a507ec11ce98d6b120fb76d616c78d8456d0956a5f997cbf19252c96e,61ce8de179b8a485f940cd06add3e9ac0c9aaf9226b8d525f3425e95eed7364c,True,True,True,True
10412,coupled,random,13.693,0.8862783171521036,0.08169199986696185,0.9267010001394738,3,2,4,False,0,4766a31a507ec11ce98d6b120fb76d616c78d8456d0956a5f997cbf19252c96e,61ce8de179b8a485f940cd06add3e9ac0c9aaf9226b8d525f3425e95eed7364c,True,True,True,True
10412,coupled,graph_entropy,12.6993,0.8219611650485437,0.3020139999989624,0.7491329999993468,4,1,1,False,0,4766a31a507ec11ce98d6b120fb76d616c78d8456d0956a5f997cbf19252c96e,61ce8de179b8a485f940cd06add3e9ac0c9aaf9226b8d525f3425e95eed7364c,True,True,True,True
10412,coupled,class_entropy,16.693,1.0804530744336571,0.26149299992539454,0.7818820000693449,3,3,4,False,0,4766a31a507ec11ce98d6b120fb76d616c78d8456d0956a5f997cbf19252c96e,61ce8de179b8a485f940cd06add3e9ac0c9aaf9226b8d525f3425e95eed7364c,True,True,True,True
10412,coupled,ec2,12.6993,0.8219611650485437,0.36869300015496265,0.8016029997861551,4,1,1,False,0,4766a31a507ec11ce98d6b120fb76d616c78d8456d0956a5f997cbf19252c96e,61ce8de179b8a485f940cd06add3e9ac0c9aaf9226b8d525f3425e95eed7364c,True,True,True,True
10412,coupled,myopic,15.45,1.0,0.12005100006717839,0.529333000031329,0,3,28,False,19,4766a31a507ec11ce98d6b120fb76d616c78d8456d0956a5f997cbf19252c96e,61ce8de179b8a485f940cd06add3e9ac0c9aaf9226b8d525f3425e95eed7364c,True,True,True,True
10412,coupled,lookahead2,12.431899999999999,0.8046537216828479,1.608023000017056,0.7096949999549906,4,1,2,False,380,4766a31a507ec11ce98d6b120fb76d616c78d8456d0956a5f997cbf19252c96e,61ce8de179b8a485f940cd06add3e9ac0c9aaf9226b8d525f3425e95eed7364c,True,True,True,True
10412,coupled,exact,12.431899999999999,0.8046537216828479,46.10379599989756,0.9487150000495603,4,1,2,False,6651,4766a31a507ec11ce98d6b120fb76d616c78d8456d0956a5f997cbf19252c96e,61ce8de179b8a485f940cd06add3e9ac0c9aaf9226b8d525f3425e95eed7364c,True,True,True,True
10412,coupled,discard_replay,12.431899999999999,0.8046537216828479,33.75767000011365,0.736254999992525,3,1,2,False,3282,4766a31a507ec11ce98d6b120fb76d616c78d8456d0956a5f997cbf19252c96e,61ce8de179b8a485f940cd06add3e9ac0c9aaf9226b8d525f3425e95eed7364c,True,True,True,True
10413,coupled,restart,22.45,1.0,0.0,0.4955729999664982,0,3,28,False,0,645e6d7a6cff093c9d8a8f3ef84eac4fb37535d38971745fc57373ddc38e6db4,7bdc27954b34fbb850f7dcf8ce2fdbc62c6e20e68113b062c164fd50326d9e7e,True,True,True,True
10413,coupled,conservative,22.45,1.0,0.0,0.5822740000667181,0,3,28,False,0,645e6d7a6cff093c9d8a8f3ef84eac4fb37535d38971745fc57373ddc38e6db4,7bdc27954b34fbb850f7dcf8ce2fdbc62c6e20e68113b062c164fd50326d9e7e,True,True,True,True
10413,coupled,point_estimate,8.45,0.37639198218262804,0.0,0.5127700000002733,0,1,28,False,0,645e6d7a6cff093c9d8a8f3ef84eac4fb37535d38971745fc57373ddc38e6db4,0cb66f9950afef23fb001290a3eda070a268590388d4b3ac858ded96597dc063,True,False,False,False
10413,coupled,random,17.1981,0.7660623608017818,0.07940000011785742,0.7064389998276965,3,2,2,False,0,645e6d7a6cff093c9d8a8f3ef84eac4fb37535d38971745fc57373ddc38e6db4,7bdc27954b34fbb850f7dcf8ce2fdbc62c6e20e68113b062c164fd50326d9e7e,True,True,True,True
10413,coupled,graph_entropy,11.963199999999999,0.5328819599109131,0.32156300017049944,0.6520979998185794,4,1,1,False,0,645e6d7a6cff093c9d8a8f3ef84eac4fb37535d38971745fc57373ddc38e6db4,7bdc27954b34fbb850f7dcf8ce2fdbc62c6e20e68113b062c164fd50326d9e7e,True,True,True,True
10413,coupled,class_entropy,16.2576,0.7241692650334076,0.2462999998442683,0.7805810001855207,3,2,4,False,0,645e6d7a6cff093c9d8a8f3ef84eac4fb37535d38971745fc57373ddc38e6db4,7bdc27954b34fbb850f7dcf8ce2fdbc62c6e20e68113b062c164fd50326d9e7e,True,True,True,True
10413,coupled,ec2,19.698,0.8774164810690424,0.403024999968693,0.845969000124569,5,1,1,False,0,645e6d7a6cff093c9d8a8f3ef84eac4fb37535d38971745fc57373ddc38e6db4,7bdc27954b34fbb850f7dcf8ce2fdbc62c6e20e68113b062c164fd50326d9e7e,True,True,True,True
10413,coupled,myopic,22.45,1.0,0.11952900001688249,0.5562049999525698,0,3,28,False,19,645e6d7a6cff093c9d8a8f3ef84eac4fb37535d38971745fc57373ddc38e6db4,7bdc27954b34fbb850f7dcf8ce2fdbc62c6e20e68113b062c164fd50326d9e7e,True,True,True,True
10413,coupled,lookahead2,22.45,1.0,1.3043180000522625,0.6851579998965462,1,3,12,False,284,645e6d7a6cff093c9d8a8f3ef84eac4fb37535d38971745fc57373ddc38e6db4,7bdc27954b34fbb850f7dcf8ce2fdbc62c6e20e68113b062c164fd50326d9e7e,True,True,True,True
10413,coupled,exact,16.2576,0.7241692650334076,46.31422299985388,1.0764760000938622,3,2,4,False,6651,645e6d7a6cff093c9d8a8f3ef84eac4fb37535d38971745fc57373ddc38e6db4,7bdc27954b34fbb850f7dcf8ce2fdbc62c6e20e68113b062c164fd50326d9e7e,True,True,True,True
10413,coupled,discard_replay,17.8904,0.7968997772828508,32.75485500000741,0.6556339999406191,2,2,6,False,3282,645e6d7a6cff093c9d8a8f3ef84eac4fb37535d38971745fc57373ddc38e6db4,7bdc27954b34fbb850f7dcf8ce2fdbc62c6e20e68113b062c164fd50326d9e7e,True,True,True,True
10414,coupled,restart,24.45,1.0,0.0,0.5147320000560285,0,3,28,False,0,d36022b87dd3d4eb8db3e3b00c3cdb40c018a2dbed989eef1ae768afd91beba8,bcfbb50bb51c0771b8c5fb6a0c08287e238621fd3b603f918a8678832fbc0c48,True,True,True,True
10414,coupled,conservative,24.45,1.0,0.0,0.521723000019847,0,3,28,False,0,d36022b87dd3d4eb8db3e3b00c3cdb40c018a2dbed989eef1ae768afd91beba8,bcfbb50bb51c0771b8c5fb6a0c08287e238621fd3b603f918a8678832fbc0c48,True,True,True,True
10414,coupled,point_estimate,24.45,1.0,0.0,0.5320689999734896,0,3,28,False,0,d36022b87dd3d4eb8db3e3b00c3cdb40c018a2dbed989eef1ae768afd91beba8,bcfbb50bb51c0771b8c5fb6a0c08287e238621fd3b603f918a8678832fbc0c48,True,True,True,True
10414,coupled,random,18.3865,0.7520040899795501,0.055924999969647615,0.7809610000322209,2,2,4,False,0,d36022b87dd3d4eb8db3e3b00c3cdb40c018a2dbed989eef1ae768afd91beba8,bcfbb50bb51c0771b8c5fb6a0c08287e238621fd3b603f918a8678832fbc0c48,True,True,True,True
10414,coupled,graph_entropy,13.971699999999998,0.571439672801636,0.30318500012072036,0.620450999804234,4,1,1,False,0,d36022b87dd3d4eb8db3e3b00c3cdb40c018a2dbed989eef1ae768afd91beba8,bcfbb50bb51c0771b8c5fb6a0c08287e238621fd3b603f918a8678832fbc0c48,True,True,True,True
10414,coupled,class_entropy,18.3865,0.7520040899795501,0.21648499989623815,0.6875720001744412,2,2,4,False,0,d36022b87dd3d4eb8db3e3b00c3cdb40c018a2dbed989eef1ae768afd91beba8,bcfbb50bb51c0771b8c5fb6a0c08287e238621fd3b603f918a8678832fbc0c48,True,True,True,True
10414,coupled,ec2,13.971699999999998,0.571439672801636,0.37065599985908193,0.6279720001884925,4,1,1,False,0,d36022b87dd3d4eb8db3e3b00c3cdb40c018a2dbed989eef1ae768afd91beba8,bcfbb50bb51c0771b8c5fb6a0c08287e238621fd3b603f918a8678832fbc0c48,True,True,True,True
10414,coupled,myopic,24.45,1.0,0.14022000004842994,0.5432959999325249,0,3,28,False,19,d36022b87dd3d4eb8db3e3b00c3cdb40c018a2dbed989eef1ae768afd91beba8,bcfbb50bb51c0771b8c5fb6a0c08287e238621fd3b603f918a8678832fbc0c48,True,True,True,True
10414,coupled,lookahead2,18.386499999999998,0.75200408997955,1.6347630000836944,0.7412019998582764,3,2,4,False,369,d36022b87dd3d4eb8db3e3b00c3cdb40c018a2dbed989eef1ae768afd91beba8,bcfbb50bb51c0771b8c5fb6a0c08287e238621fd3b603f918a8678832fbc0c48,True,True,True,True
10414,coupled,exact,13.7119,0.5608139059304703,51.11780299989732,1.0062290000405483,4,1,2,False,6651,d36022b87dd3d4eb8db3e3b00c3cdb40c018a2dbed989eef1ae768afd91beba8,bcfbb50bb51c0771b8c5fb6a0c08287e238621fd3b603f918a8678832fbc0c48,True,True,True,True
10414,coupled,discard_replay,13.7119,0.5608139059304703,33.01038699999026,0.7527410000420787,3,1,2,False,3282,d36022b87dd3d4eb8db3e3b00c3cdb40c018a2dbed989eef1ae768afd91beba8,bcfbb50bb51c0771b8c5fb6a0c08287e238621fd3b603f918a8678832fbc0c48,True,True,True,True
10415,coupled,restart,13.45,1.0,0.0,0.6557840000596116,0,3,28,False,0,69d6ada9a1fdc88dd251a6b5099f42028537a6047a8d6a6eea762443ed127655,eca4ed3d0be85862e54b78d1ade1ac8f8f8a9784bb3ec2388cf1b5888d082c2d,True,True,True,True
10415,coupled,conservative,13.45,1.0,0.0,0.6415430000288325,0,3,28,False,0,69d6ada9a1fdc88dd251a6b5099f42028537a6047a8d6a6eea762443ed127655,eca4ed3d0be85862e54b78d1ade1ac8f8f8a9784bb3ec2388cf1b5888d082c2d,True,True,True,True
10415,coupled,point_estimate,5.45,0.4052044609665428,0.0,0.5456890000914427,0,1,28,False,0,69d6ada9a1fdc88dd251a6b5099f42028537a6047a8d6a6eea762443ed127655,848462d44ccdfbff9260d799fb623e2f47e84248668e7c859b2928f7ff8f9b26,False,False,False,False
10415,coupled,random,20.0518,1.490840148698885,0.08964500000274711,0.9065699999837307,4,3,2,False,0,69d6ada9a1fdc88dd251a6b5099f42028537a6047a8d6a6eea762443ed127655,eca4ed3d0be85862e54b78d1ade1ac8f8f8a9784bb3ec2388cf1b5888d082c2d,True,True,True,True
10415,coupled,graph_entropy,23.7031,1.7623122676579925,0.32395499988524534,0.6653590000951226,5,3,1,False,0,69d6ada9a1fdc88dd251a6b5099f42028537a6047a8d6a6eea762443ed127655,eca4ed3d0be85862e54b78d1ade1ac8f8f8a9784bb3ec2388cf1b5888d082c2d,True,True,True,True
10415,coupled,class_entropy,17.1123,1.272289962825279,0.24843300002430624,0.8450080000557136,3,3,4,False,0,69d6ada9a1fdc88dd251a6b5099f42028537a6047a8d6a6eea762443ed127655,eca4ed3d0be85862e54b78d1ade1ac8f8f8a9784bb3ec2388cf1b5888d082c2d,True,True,True,True
10415,coupled,ec2,23.7031,1.7623122676579925,0.3663290000304187,0.6890140000450629,5,3,1,False,0,69d6ada9a1fdc88dd251a6b5099f42028537a6047a8d6a6eea762443ed127655,eca4ed3d0be85862e54b78d1ade1ac8f8f8a9784bb3ec2388cf1b5888d082c2d,True,True,True,True
10415,coupled,myopic,13.45,1.0,0.12333500001204811,0.5689140000413317,0,3,28,False,19,69d6ada9a1fdc88dd251a6b5099f42028537a6047a8d6a6eea762443ed127655,eca4ed3d0be85862e54b78d1ade1ac8f8f8a9784bb3ec2388cf1b5888d082c2d,True,True,True,True
10415,coupled,lookahead2,13.45,1.0,0.8632349999970756,0.5345719999922949,0,3,28,False,163,69d6ada9a1fdc88dd251a6b5099f42028537a6047a8d6a6eea762443ed127655,eca4ed3d0be85862e54b78d1ade1ac8f8f8a9784bb3ec2388cf1b5888d082c2d,True,True,True,True
10415,coupled,exact,13.45,1.0,46.66342700011228,0.8234459997993326,1,3,16,False,6651,69d6ada9a1fdc88dd251a6b5099f42028537a6047a8d6a6eea762443ed127655,eca4ed3d0be85862e54b78d1ade1ac8f8f8a9784bb3ec2388cf1b5888d082c2d,True,True,True,True
10415,coupled,discard_replay,13.45,1.0,33.069987000089895,0.6275119999372691,0,3,28,False,3282,69d6ada9a1fdc88dd251a6b5099f42028537a6047a8d6a6eea762443ed127655,eca4ed3d0be85862e54b78d1ade1ac8f8f8a9784bb3ec2388cf1b5888d082c2d,True,True,True,True
10416,coupled,restart,15.45,1.0,0.0,0.5433559999801219,0,3,28,False,0,cba8799613b2e3c348909e174494618b70c19b37ea8d8562b114ce34a971eb20,404477425a5fc472120617abac5ad13466b5d743e6311826f251f7743165d322,True,True,True,True
10416,coupled,conservative,15.45,1.0,0.0,0.5366550000189818,0,3,28,False,0,cba8799613b2e3c348909e174494618b70c19b37ea8d8562b114ce34a971eb20,404477425a5fc472120617abac5ad13466b5d743e6311826f251f7743165d322,True,True,True,True
10416,coupled,point_estimate,8.45,0.546925566343042,0.0,0.5523989999574042,0,1,28,False,0,cba8799613b2e3c348909e174494618b70c19b37ea8d8562b114ce34a971eb20,404477425a5fc472120617abac5ad13466b5d743e6311826f251f7743165d322,True,True,True,True
10416,coupled,random,14.8745,0.9627508090614887,0.11057700010042026,0.6927189999714756,4,2,2,False,0,cba8799613b2e3c348909e174494618b70c19b37ea8d8562b114ce34a971eb20,404477425a5fc472120617abac5ad13466b5d743e6311826f251f7743165d322,True,True,True,True
10416,coupled,graph_entropy,11.111999999999998,0.7192233009708737,0.3209819999483443,0.677726000049006,4,1,1,False,0,cba8799613b2e3c348909e174494618b70c19b37ea8d8562b114ce34a971eb20,404477425a5fc472120617abac5ad13466b5d743e6311826f251f7743165d322,True,True,True,True
10416,coupled,class_entropy,15.45,1.0,0.200591000066197,0.7121090000055119,2,3,4,False,0,cba8799613b2e3c348909e174494618b70c19b37ea8d8562b114ce34a971eb20,404477425a5fc472120617abac5ad13466b5d743e6311826f251f7743165d322,True,True,True,True
10416,coupled,ec2,11.111999999999998,0.7192233009708737,0.3728090000549855,0.6614629999148747,4,1,1,False,0,cba8799613b2e3c348909e174494618b70c19b37ea8d8562b114ce34a971eb20,404477425a5fc472120617abac5ad13466b5d743e6311826f251f7743165d322,True,True,True,True
10416,coupled,myopic,15.45,1.0,0.14354600000388018,0.5238759999883769,0,3,28,False,19,cba8799613b2e3c348909e174494618b70c19b37ea8d8562b114ce34a971eb20,404477425a5fc472120617abac5ad13466b5d743e6311826f251f7743165d322,True,True,True,True
10416,coupled,lookahead2,10.880099999999999,0.7042135922330096,1.7288439998992544,0.8416630001875092,4,1,2,False,409,cba8799613b2e3c348909e174494618b70c19b37ea8d8562b114ce34a971eb20,404477425a5fc472120617abac5ad13466b5d743e6311826f251f7743165d322,True,True,True,True
10416,coupled,exact,10.880099999999999,0.7042135922330096,46.680933000061486,0.7990789998757464,3,1,2,False,6651,cba8799613b2e3c348909e174494618b70c19b37ea8d8562b114ce34a971eb20,404477425a5fc472120617abac5ad13466b5d743e6311826f251f7743165d322,True,True,True,True
10416,coupled,discard_replay,10.880099999999999,0.7042135922330096,32.58263599991551,0.6942320000007385,3,1,2,False,3282,cba8799613b2e3c348909e174494618b70c19b37ea8d8562b114ce34a971eb20,404477425a5fc472120617abac5ad13466b5d743e6311826f251f7743165d322,True,True,True,True
10417,coupled,restart,15.45,1.0,0.0,0.551788000052511,0,3,28,False,0,d53aefcb5135c5cb5716a473696f1445fbf5b00d06950087db1ce8b43269b411,d58aac2ad336fbe188e72ae0362df676b5e6a9d9c675bc0c6921e749048a21ed,True,True,True,True
10417,coupled,conservative,15.45,1.0,0.0,0.5264699999543154,0,3,28,False,0,d53aefcb5135c5cb5716a473696f1445fbf5b00d06950087db1ce8b43269b411,d58aac2ad336fbe188e72ae0362df676b5e6a9d9c675bc0c6921e749048a21ed,True,True,True,True
10417,coupled,point_estimate,4.45,0.28802588996763756,0.0,0.5307659999971293,0,1,28,False,0,d53aefcb5135c5cb5716a473696f1445fbf5b00d06950087db1ce8b43269b411,fd025e889c3978405d7a447f8a564c8a48dfeb11f52ec363bb871169dea45989,True,False,False,False
10417,coupled,random,20.3291,1.3157993527508092,0.09125900010076293,0.7856369998080481,4,3,2,False,0,d53aefcb5135c5cb5716a473696f1445fbf5b00d06950087db1ce8b43269b411,d58aac2ad336fbe188e72ae0362df676b5e6a9d9c675bc0c6921e749048a21ed,True,True,True,True
10417,coupled,graph_entropy,10.939,0.7080258899676376,0.30937500002892193,0.6616119999307557,4,1,1,False,0,d53aefcb5135c5cb5716a473696f1445fbf5b00d06950087db1ce8b43269b411,d58aac2ad336fbe188e72ae0362df676b5e6a9d9c675bc0c6921e749048a21ed,True,True,True,True
10417,coupled,class_entropy,12.1801,0.7883559870550162,0.19823699983589904,0.6772170002022904,2,2,4,False,0,d53aefcb5135c5cb5716a473696f1445fbf5b00d06950087db1ce8b43269b411,d58aac2ad336fbe188e72ae0362df676b5e6a9d9c675bc0c6921e749048a21ed,True,True,True,True
10417,coupled,ec2,10.939,0.7080258899676376,0.4155049999781113,0.6989470000462461,4,1,1,False,0,d53aefcb5135c5cb5716a473696f1445fbf5b00d06950087db1ce8b43269b411,d58aac2ad336fbe188e72ae0362df676b5e6a9d9c675bc0c6921e749048a21ed,True,True,True,True
10417,coupled,myopic,15.45,1.0,0.11862799999562412,0.5035560000123951,0,3,28,False,19,d53aefcb5135c5cb5716a473696f1445fbf5b00d06950087db1ce8b43269b411,d58aac2ad336fbe188e72ae0362df676b5e6a9d9c675bc0c6921e749048a21ed,True,True,True,True
10417,coupled,lookahead2,12.1801,0.7883559870550162,1.6318110000383967,0.7765340000105425,3,2,4,False,369,d53aefcb5135c5cb5716a473696f1445fbf5b00d06950087db1ce8b43269b411,d58aac2ad336fbe188e72ae0362df676b5e6a9d9c675bc0c6921e749048a21ed,True,True,True,True
10417,coupled,exact,12.1801,0.7883559870550162,46.59057699996083,1.0105670000939426,3,2,4,False,6651,d53aefcb5135c5cb5716a473696f1445fbf5b00d06950087db1ce8b43269b411,d58aac2ad336fbe188e72ae0362df676b5e6a9d9c675bc0c6921e749048a21ed,True,True,True,True
10417,coupled,discard_replay,10.813199999999998,0.699883495145631,32.5556749999123,0.7225650000464157,3,1,2,False,3282,d53aefcb5135c5cb5716a473696f1445fbf5b00d06950087db1ce8b43269b411,d58aac2ad336fbe188e72ae0362df676b5e6a9d9c675bc0c6921e749048a21ed,True,True,True,True
10418,coupled,restart,24.45,1.0,0.0,0.5874820000144609,0,3,28,False,0,32fbcc2606597fe2b811e770024df224fcf677e43dd43a9f377aaafd4b819cc4,b21212607b32fc3743d464167f3dba6e3096e48fe757aa29b15ab0398259fb80,True,True,True,True
10418,coupled,conservative,24.45,1.0,0.0,0.63314999999875,0,3,28,False,0,32fbcc2606597fe2b811e770024df224fcf677e43dd43a9f377aaafd4b819cc4,b21212607b32fc3743d464167f3dba6e3096e48fe757aa29b15ab0398259fb80,True,True,True,True
10418,coupled,point_estimate,16.45,0.6728016359918201,0.0,0.5323990000078993,0,2,28,False,0,32fbcc2606597fe2b811e770024df224fcf677e43dd43a9f377aaafd4b819cc4,b21212607b32fc3743d464167f3dba6e3096e48fe757aa29b15ab0398259fb80,True,True,True,True
10418,coupled,random,29.3475,1.2003067484662577,0.09372200008783693,1.1209109999299471,5,3,1,False,0,32fbcc2606597fe2b811e770024df224fcf677e43dd43a9f377aaafd4b819cc4,b21212607b32fc3743d464167f3dba6e3096e48fe757aa29b15ab0398259fb80,True,True,True,True
10418,coupled,graph_entropy,20.174899999999997,0.8251492842535787,0.32998400013184437,0.6494459998975799,4,2,1,False,0,32fbcc2606597fe2b811e770024df224fcf677e43dd43a9f377aaafd4b819cc4,b21212607b32fc3743d464167f3dba6e3096e48fe757aa29b15ab0398259fb80,True,True,True,True
10418,coupled,class_entropy,25.3863,1.0382944785276074,0.19783699997333315,0.8615330000338872,2,3,4,False,0,32fbcc2606597fe2b811e770024df224fcf677e43dd43a9f377aaafd4b819cc4,b21212607b32fc3743d464167f3dba6e3096e48fe757aa29b15ab0398259fb80,True,True,True,True
10418,coupled,ec2,20.174899999999997,0.8251492842535787,0.37673599990739604,1.5804510001089511,4,2,1,False,0,32fbcc2606597fe2b811e770024df224fcf677e43dd43a9f377aaafd4b819cc4,b21212607b32fc3743d464167f3dba6e3096e48fe757aa29b15ab0398259fb80,True,True,True,True
10418,coupled,myopic,24.45,1.0,0.17765699999472417,0.5209920000197599,0,3,28,False,19,32fbcc2606597fe2b811e770024df224fcf677e43dd43a9f377aaafd4b819cc4,b21212607b32fc3743d464167f3dba6e3096e48fe757aa29b15ab0398259fb80,True,True,True,True
10418,coupled,lookahead2,19.9454,0.815762781186094,1.792609999938577,0.7597000001169363,4,2,2,False,406,32fbcc2606597fe2b811e770024df224fcf677e43dd43a9f377aaafd4b819cc4,b21212607b32fc3743d464167f3dba6e3096e48fe757aa29b15ab0398259fb80,True,True,True,True
10418,coupled,exact,19.9454,0.815762781186094,47.18411700014258,0.9735629998885997,5,2,2,False,6651,32fbcc2606597fe2b811e770024df224fcf677e43dd43a9f377aaafd4b819cc4,b21212607b32fc3743d464167f3dba6e3096e48fe757aa29b15ab0398259fb80,True,True,True,True
10418,coupled,discard_replay,19.0091,0.7774683026584868,33.37843999997858,0.7367559999238438,2,2,6,False,3282,32fbcc2606597fe2b811e770024df224fcf677e43dd43a9f377aaafd4b819cc4,b21212607b32fc3743d464167f3dba6e3096e48fe757aa29b15ab0398259fb80,True,True,True,True
10419,coupled,restart,19.45,1.0,0.0,0.5388179999954446,0,3,28,False,0,6d88381ad45498d716fc1ebc7644259a68872ebb069c1b07bcfb121b91ee942c,39f1ff23d2d99151e818046a93bcdfa870ff01ce4b84232c8ae378cd3a0d7377,True,True,True,True
10419,coupled,conservative,19.45,1.0,0.0,0.5334310000080222,0,3,28,False,0,6d88381ad45498d716fc1ebc7644259a68872ebb069c1b07bcfb121b91ee942c,39f1ff23d2d99151e818046a93bcdfa870ff01ce4b84232c8ae378cd3a0d7377,True,True,True,True
10419,coupled,point_estimate,11.45,0.5886889460154241,0.0,0.5500549999624127,0,2,28,False,0,6d88381ad45498d716fc1ebc7644259a68872ebb069c1b07bcfb121b91ee942c,424611f3f6295b09735adf3ed639c89278b15a6be4e58102bf29f60117854c24,True,False,False,False
10419,coupled,random,20.536199999999997,1.0558457583547556,0.1092449998623124,0.8171260001290648,4,3,2,False,0,6d88381ad45498d716fc1ebc7644259a68872ebb069c1b07bcfb121b91ee942c,39f1ff23d2d99151e818046a93bcdfa870ff01ce4b84232c8ae378cd3a0d7377,True,True,True,True
10419,coupled,graph_entropy,25.9913,1.3363136246786633,0.3201210000725041,0.6806109998933607,5,2,1,False,0,6d88381ad45498d716fc1ebc7644259a68872ebb069c1b07bcfb121b91ee942c,39f1ff23d2d99151e818046a93bcdfa870ff01ce4b84232c8ae378cd3a0d7377,True,True,True,True
10419,coupled,class_entropy,22.452499999999997,1.154370179948586,0.25339100000110193,0.8161739999650308,3,3,4,False,0,6d88381ad45498d716fc1ebc7644259a68872ebb069c1b07bcfb121b91ee942c,39f1ff23d2d99151e818046a93bcdfa870ff01ce4b84232c8ae378cd3a0d7377,True,True,True,True
10419,coupled,ec2,25.9913,1.3363136246786633,0.38678900000377325,0.7177879999744619,5,2,1,False,0,6d88381ad45498d716fc1ebc7644259a68872ebb069c1b07bcfb121b91ee942c,39f1ff23d2d99151e818046a93bcdfa870ff01ce4b84232c8ae378cd3a0d7377,True,True,True,True
10419,coupled,myopic,19.45,1.0,0.11905799999567535,0.5207519999430588,0,3,28,False,19,6d88381ad45498d716fc1ebc7644259a68872ebb069c1b07bcfb121b91ee942c,39f1ff23d2d99151e818046a93bcdfa870ff01ce4b84232c8ae378cd3a0d7377,True,True,True,True
10419,coupled,lookahead2,20.6401,1.0611876606683806,1.811139000096773,0.8230539999658504,4,3,2,False,401,6d88381ad45498d716fc1ebc7644259a68872ebb069c1b07bcfb121b91ee942c,39f1ff23d2d99151e818046a93bcdfa870ff01ce4b84232c8ae378cd3a0d7377,True,True,True,True
10419,coupled,exact,20.6401,1.0611876606683806,49.279012000056355,1.1934299999438736,4,3,2,False,6651,6d88381ad45498d716fc1ebc7644259a68872ebb069c1b07bcfb121b91ee942c,39f1ff23d2d99151e818046a93bcdfa870ff01ce4b84232c8ae378cd3a0d7377,True,True,True,True
10419,coupled,discard_replay,20.6401,1.0611876606683806,32.892902000071444,0.6920679999211643,2,3,8,False,3282,6d88381ad45498d716fc1ebc7644259a68872ebb069c1b07bcfb121b91ee942c,39f1ff23d2d99151e818046a93bcdfa870ff01ce4b84232c8ae378cd3a0d7377,True,True,True,True
10500,expensive,restart,19.45,1.0,0.0,0.5515269999705197,0,3,28,False,0,bba6272b1e2fdf639293ac9349f0f5e9361312f1a199fb4bcbc9584dbcab7a8c,73ec538e3b7d1290bbb5c8e839436f127aeb33241593dd327beff853c78cb776,True,True,True,True
10500,expensive,conservative,19.45,1.0,0.0,0.5863500000486965,0,3,28,False,0,bba6272b1e2fdf639293ac9349f0f5e9361312f1a199fb4bcbc9584dbcab7a8c,73ec538e3b7d1290bbb5c8e839436f127aeb33241593dd327beff853c78cb776,True,True,True,True
10500,expensive,point_estimate,5.45,0.2802056555269923,0.0,0.4936209999186758,0,1,28,False,0,bba6272b1e2fdf639293ac9349f0f5e9361312f1a199fb4bcbc9584dbcab7a8c,7aa0016436796b4a225171bd6006ef0c5e652649b1bce9bb2563b63393106e13,True,False,False,False
10500,expensive,random,33.327600000000004,1.713501285347044,0.09891799993511086,0.701213000070311,5,2,1,False,0,bba6272b1e2fdf639293ac9349f0f5e9361312f1a199fb4bcbc9584dbcab7a8c,73ec538e3b7d1290bbb5c8e839436f127aeb33241593dd327beff853c78cb776,True,True,True,True
10500,expensive,graph_entropy,20.7276,1.0656863753213368,0.38192399983927316,0.7982070002299224,5,3,1,False,0,bba6272b1e2fdf639293ac9349f0f5e9361312f1a199fb4bcbc9584dbcab7a8c,73ec538e3b7d1290bbb5c8e839436f127aeb33241593dd327beff853c78cb776,True,True,True,True
10500,expensive,class_entropy,20.2896,1.0431670951156813,0.236474999951497,0.8223639999869192,3,3,4,False,0,bba6272b1e2fdf639293ac9349f0f5e9361312f1a199fb4bcbc9584dbcab7a8c,73ec538e3b7d1290bbb5c8e839436f127aeb33241593dd327beff853c78cb776,True,True,True,True
10500,expensive,ec2,20.7276,1.0656863753213368,0.3921390000414249,0.77179699997032,5,3,1,False,0,bba6272b1e2fdf639293ac9349f0f5e9361312f1a199fb4bcbc9584dbcab7a8c,73ec538e3b7d1290bbb5c8e839436f127aeb33241593dd327beff853c78cb776,True,True,True,True
10500,expensive,myopic,19.45,1.0,0.11061600002904015,0.5189489999111174,0,3,28,False,19,bba6272b1e2fdf639293ac9349f0f5e9361312f1a199fb4bcbc9584dbcab7a8c,73ec538e3b7d1290bbb5c8e839436f127aeb33241593dd327beff853c78cb776,True,True,True,True
10500,expensive,lookahead2,20.2896,1.0431670951156813,1.4603410000972872,0.8673119998547918,3,3,4,False,301,bba6272b1e2fdf639293ac9349f0f5e9361312f1a199fb4bcbc9584dbcab7a8c,73ec538e3b7d1290bbb5c8e839436f127aeb33241593dd327beff853c78cb776,True,True,True,True
10500,expensive,exact,20.2896,1.0431670951156813,40.48511600001348,1.1673110000174347,3,3,4,False,5445,bba6272b1e2fdf639293ac9349f0f5e9361312f1a199fb4bcbc9584dbcab7a8c,73ec538e3b7d1290bbb5c8e839436f127aeb33241593dd327beff853c78cb776,True,True,True,True
10500,expensive,discard_replay,19.45,1.0,18.32345799994073,0.6357639999805542,0,3,28,False,1791,bba6272b1e2fdf639293ac9349f0f5e9361312f1a199fb4bcbc9584dbcab7a8c,73ec538e3b7d1290bbb5c8e839436f127aeb33241593dd327beff853c78cb776,True,True,True,True
10501,expensive,restart,16.45,1.0,0.0,0.5485230000203956,0,3,28,False,0,acca979b78b4a89b38a2b7c1517614d8fbe11aafaab20c07792b397c730b7b78,b8595bf71101989691cf4c3e75db39a3fed46e5dddad2644496abe8eac8b8f9f,True,True,True,True
10501,expensive,conservative,16.45,1.0,0.0,0.5189990000644684,0,3,28,False,0,acca979b78b4a89b38a2b7c1517614d8fbe11aafaab20c07792b397c730b7b78,b8595bf71101989691cf4c3e75db39a3fed46e5dddad2644496abe8eac8b8f9f,True,True,True,True
10501,expensive,point_estimate,7.45,0.452887537993921,0.0,0.549455000054877,0,1,28,False,0,acca979b78b4a89b38a2b7c1517614d8fbe11aafaab20c07792b397c730b7b78,b8595bf71101989691cf4c3e75db39a3fed46e5dddad2644496abe8eac8b8f9f,True,True,True,True
10501,expensive,random,32.685300000000005,1.9869483282674776,0.07887899994329928,0.744257000064863,4,1,2,False,0,acca979b78b4a89b38a2b7c1517614d8fbe11aafaab20c07792b397c730b7b78,b8595bf71101989691cf4c3e75db39a3fed46e5dddad2644496abe8eac8b8f9f,True,True,True,True
10501,expensive,graph_entropy,20.385,1.2392097264437691,0.35693699999228556,0.8876099999497455,5,3,1,False,0,acca979b78b4a89b38a2b7c1517614d8fbe11aafaab20c07792b397c730b7b78,b8595bf71101989691cf4c3e75db39a3fed46e5dddad2644496abe8eac8b8f9f,True,True,True,True
10501,expensive,class_entropy,19.7592,1.2011671732522797,0.23393099991153576,0.7728700001052857,3,3,4,False,0,acca979b78b4a89b38a2b7c1517614d8fbe11aafaab20c07792b397c730b7b78,b8595bf71101989691cf4c3e75db39a3fed46e5dddad2644496abe8eac8b8f9f,True,True,True,True
10501,expensive,ec2,20.385,1.2392097264437691,0.4046949998155469,0.7980600001928906,5,3,1,False,0,acca979b78b4a89b38a2b7c1517614d8fbe11aafaab20c07792b397c730b7b78,b8595bf71101989691cf4c3e75db39a3fed46e5dddad2644496abe8eac8b8f9f,True,True,True,True
10501,expensive,myopic,16.45,1.0,0.18767200003821927,0.5372560000296289,0,3,28,False,19,acca979b78b4a89b38a2b7c1517614d8fbe11aafaab20c07792b397c730b7b78,b8595bf71101989691cf4c3e75db39a3fed46e5dddad2644496abe8eac8b8f9f,True,True,True,True
10501,expensive,lookahead2,16.45,1.0,0.8294650000379988,0.500650999924801,0,3,28,False,157,acca979b78b4a89b38a2b7c1517614d8fbe11aafaab20c07792b397c730b7b78,b8595bf71101989691cf4c3e75db39a3fed46e5dddad2644496abe8eac8b8f9f,True,True,True,True
10501,expensive,exact,16.45,1.0,41.08255200003441,0.9980079998967994,2,3,4,False,5445,acca979b78b4a89b38a2b7c1517614d8fbe11aafaab20c07792b397c730b7b78,b8595bf71101989691cf4c3e75db39a3fed46e5dddad2644496abe8eac8b8f9f,True,True,True,True
10501,expensive,discard_replay,16.45,1.0,17.998591000036868,0.5531189999601338,0,3,28,False,1791,acca979b78b4a89b38a2b7c1517614d8fbe11aafaab20c07792b397c730b7b78,b8595bf71101989691cf4c3e75db39a3fed46e5dddad2644496abe8eac8b8f9f,True,True,True,True
10502,expensive,restart,16.45,1.0,0.0,0.6975469999588313,0,3,28,False,0,6ff1fc683ccc4f5651dc557852276363db528bbd5391fd55629df3a7af3bbbff,0959b3bb710c2f630398085f0f2b36e943da76a00862e5db59e9d61eabd45c2c,True,True,True,True
10502,expensive,conservative,16.45,1.0,0.0,0.5474920000096972,0,3,28,False,0,6ff1fc683ccc4f5651dc557852276363db528bbd5391fd55629df3a7af3bbbff,0959b3bb710c2f630398085f0f2b36e943da76a00862e5db59e9d61eabd45c2c,True,True,True,True
10502,expensive,point_estimate,16.45,1.0,0.0,0.5909870000095907,0,3,28,False,0,6ff1fc683ccc4f5651dc557852276363db528bbd5391fd55629df3a7af3bbbff,0959b3bb710c2f630398085f0f2b36e943da76a00862e5db59e9d61eabd45c2c,True,True,True,True
10502,expensive,random,14.386599999999998,0.8745653495440728,0.0890459999709492,0.7967940000526141,4,2,2,False,0,6ff1fc683ccc4f5651dc557852276363db528bbd5391fd55629df3a7af3bbbff,0959b3bb710c2f630398085f0f2b36e943da76a00862e5db59e9d61eabd45c2c,True,True,True,True
10502,expensive,graph_entropy,18.6096,1.1312826747720366,0.33135899980152317,0.8236940002461779,5,3,1,False,0,6ff1fc683ccc4f5651dc557852276363db528bbd5391fd55629df3a7af3bbbff,0959b3bb710c2f630398085f0f2b36e943da76a00862e5db59e9d61eabd45c2c,True,True,True,True
10502,expensive,class_entropy,18.040399999999998,1.0966808510638297,0.23996899994926935,0.8003520000556819,3,3,4,False,0,6ff1fc683ccc4f5651dc557852276363db528bbd5391fd55629df3a7af3bbbff,0959b3bb710c2f630398085f0f2b36e943da76a00862e5db59e9d61eabd45c2c,True,True,True,True
10502,expensive,ec2,18.6096,1.1312826747720366,0.4157239999358353,0.7189790001120855,5,3,1,False,0,6ff1fc683ccc4f5651dc557852276363db528bbd5391fd55629df3a7af3bbbff,0959b3bb710c2f630398085f0f2b36e943da76a00862e5db59e9d61eabd45c2c,True,True,True,True
10502,expensive,myopic,16.45,1.0,0.12087200002497411,0.6341609999935827,0,3,28,False,19,6ff1fc683ccc4f5651dc557852276363db528bbd5391fd55629df3a7af3bbbff,0959b3bb710c2f630398085f0f2b36e943da76a00862e5db59e9d61eabd45c2c,True,True,True,True
10502,expensive,lookahead2,16.45,1.0,1.3046379998513657,0.6584080001630355,1,3,16,False,246,6ff1fc683ccc4f5651dc557852276363db528bbd5391fd55629df3a7af3bbbff,0959b3bb710c2f630398085f0f2b36e943da76a00862e5db59e9d61eabd45c2c,True,True,True,True
10502,expensive,exact,16.45,1.0,39.99278600008438,0.9036859999014268,2,3,8,False,5445,6ff1fc683ccc4f5651dc557852276363db528bbd5391fd55629df3a7af3bbbff,0959b3bb710c2f630398085f0f2b36e943da76a00862e5db59e9d61eabd45c2c,True,True,True,True
10502,expensive,discard_replay,16.45,1.0,17.628114999979516,0.6272010000429873,0,3,28,False,1791,6ff1fc683ccc4f5651dc557852276363db528bbd5391fd55629df3a7af3bbbff,0959b3bb710c2f630398085f0f2b36e943da76a00862e5db59e9d61eabd45c2c,True,True,True,True
10503,expensive,restart,18.45,1.0,0.0,0.5312370000183364,0,3,28,False,0,aae8d37e726cbb69ded7b917b714f2d0395848f316232a1f61269fc88845b057,faece9915a0404b0a4eaf1792941325be74a17196eee7e4d6bc0dfebf4cdc500,True,True,True,True
10503,expensive,conservative,18.45,1.0,0.0,0.5161149999821646,0,3,28,False,0,aae8d37e726cbb69ded7b917b714f2d0395848f316232a1f61269fc88845b057,faece9915a0404b0a4eaf1792941325be74a17196eee7e4d6bc0dfebf4cdc500,True,True,True,True
10503,expensive,point_estimate,12.45,0.6747967479674797,0.0,0.5936100000099032,0,2,28,False,0,aae8d37e726cbb69ded7b917b714f2d0395848f316232a1f61269fc88845b057,faece9915a0404b0a4eaf1792941325be74a17196eee7e4d6bc0dfebf4cdc500,True,True,True,True
10503,expensive,random,16.1729,0.876579945799458,0.05796700008886546,0.795413999981065,2,2,4,False,0,aae8d37e726cbb69ded7b917b714f2d0395848f316232a1f61269fc88845b057,faece9915a0404b0a4eaf1792941325be74a17196eee7e4d6bc0dfebf4cdc500,True,True,True,True
10503,expensive,graph_entropy,15.657699999999998,0.8486558265582655,0.32856300015282613,0.7077729998172799,4,2,1,False,0,aae8d37e726cbb69ded7b917b714f2d0395848f316232a1f61269fc88845b057,faece9915a0404b0a4eaf1792941325be74a17196eee7e4d6bc0dfebf4cdc500,True,True,True,True
10503,expensive,class_entropy,15.172899999999998,0.8223794037940378,0.21115700008067506,0.7541919999312086,2,2,4,False,0,aae8d37e726cbb69ded7b917b714f2d0395848f316232a1f61269fc88845b057,faece9915a0404b0a4eaf1792941325be74a17196eee7e4d6bc0dfebf4cdc500,True,True,True,True
10503,expensive,ec2,15.657699999999998,0.8486558265582655,0.37416200007100997,0.6948819999479383,4,2,1,False,0,aae8d37e726cbb69ded7b917b714f2d0395848f316232a1f61269fc88845b057,faece9915a0404b0a4eaf1792941325be74a17196eee7e4d6bc0dfebf4cdc500,True,True,True,True
10503,expensive,myopic,18.45,1.0,0.12216299990086554,0.525749000075848,0,3,28,False,19,aae8d37e726cbb69ded7b917b714f2d0395848f316232a1f61269fc88845b057,faece9915a0404b0a4eaf1792941325be74a17196eee7e4d6bc0dfebf4cdc500,True,True,True,True
10503,expensive,lookahead2,18.45,1.0,1.335322999921118,0.5989200000158235,1,3,12,False,240,aae8d37e726cbb69ded7b917b714f2d0395848f316232a1f61269fc88845b057,faece9915a0404b0a4eaf1792941325be74a17196eee7e4d6bc0dfebf4cdc500,True,True,True,True
10503,expensive,exact,18.45,1.0,39.251293000006626,0.8288440000114861,1,3,12,False,5445,aae8d37e726cbb69ded7b917b714f2d0395848f316232a1f61269fc88845b057,faece9915a0404b0a4eaf1792941325be74a17196eee7e4d6bc0dfebf4cdc500,True,True,True,True
10503,expensive,discard_replay,18.45,1.0,17.97923100002663,0.5606820000139123,0,3,28,False,1791,aae8d37e726cbb69ded7b917b714f2d0395848f316232a1f61269fc88845b057,faece9915a0404b0a4eaf1792941325be74a17196eee7e4d6bc0dfebf4cdc500,True,True,True,True
10504,expensive,restart,17.45,1.0,0.0,0.5257889999938925,0,3,28,False,0,e61e4f96cd8f7085e11fe6bbc27462a5859b2477a75609c56d885b6c3406fac6,37ca7a9dcf7aaa882acbf0ed6059a34454c190c7ed12166a48e528caeae2bc49,True,True,True,True
10504,expensive,conservative,17.45,1.0,0.0,0.5344219999869892,0,3,28,False,0,e61e4f96cd8f7085e11fe6bbc27462a5859b2477a75609c56d885b6c3406fac6,37ca7a9dcf7aaa882acbf0ed6059a34454c190c7ed12166a48e528caeae2bc49,True,True,True,True
10504,expensive,point_estimate,12.45,0.7134670487106017,0.0,0.5574760000399692,0,2,28,False,0,e61e4f96cd8f7085e11fe6bbc27462a5859b2477a75609c56d885b6c3406fac6,37ca7a9dcf7aaa882acbf0ed6059a34454c190c7ed12166a48e528caeae2bc49,True,True,True,True
10504,expensive,random,36.8885,2.113954154727794,0.09600199985015934,0.7880950001890596,5,3,1,False,0,e61e4f96cd8f7085e11fe6bbc27462a5859b2477a75609c56d885b6c3406fac6,37ca7a9dcf7aaa882acbf0ed6059a34454c190c7ed12166a48e528caeae2bc49,True,True,True,True
10504,expensive,graph_entropy,19.7943,1.1343438395415473,0.3562050000027739,0.8116569999856438,5,3,1,False,0,e61e4f96cd8f7085e11fe6bbc27462a5859b2477a75609c56d885b6c3406fac6,37ca7a9dcf7aaa882acbf0ed6059a34454c190c7ed12166a48e528caeae2bc49,True,True,True,True
10504,expensive,class_entropy,19.5558,1.1206762177650431,0.2142719999937981,0.7694149999224464,3,3,4,False,0,e61e4f96cd8f7085e11fe6bbc27462a5859b2477a75609c56d885b6c3406fac6,37ca7a9dcf7aaa882acbf0ed6059a34454c190c7ed12166a48e528caeae2bc49,True,True,True,True
10504,expensive,ec2,19.7943,1.1343438395415473,0.3956940000762188,0.883685999951922,5,3,1,False,0,e61e4f96cd8f7085e11fe6bbc27462a5859b2477a75609c56d885b6c3406fac6,37ca7a9dcf7aaa882acbf0ed6059a34454c190c7ed12166a48e528caeae2bc49,True,True,True,True
10504,expensive,myopic,17.45,1.0,0.16081199999007367,0.5885629999511366,0,3,28,False,19,e61e4f96cd8f7085e11fe6bbc27462a5859b2477a75609c56d885b6c3406fac6,37ca7a9dcf7aaa882acbf0ed6059a34454c190c7ed12166a48e528caeae2bc49,True,True,True,True
10504,expensive,lookahead2,17.45,1.0,1.2209210000264648,0.6315689998928065,1,3,12,False,240,e61e4f96cd8f7085e11fe6bbc27462a5859b2477a75609c56d885b6c3406fac6,37ca7a9dcf7aaa882acbf0ed6059a34454c190c7ed12166a48e528caeae2bc49,True,True,True,True
10504,expensive,exact,17.45,1.0,39.204173000030096,0.8919089999608332,1,3,12,False,5445,e61e4f96cd8f7085e11fe6bbc27462a5859b2477a75609c56d885b6c3406fac6,37ca7a9dcf7aaa882acbf0ed6059a34454c190c7ed12166a48e528caeae2bc49,True,True,True,True
10504,expensive,discard_replay,17.45,1.0,17.976477000047453,0.6115379999300785,0,3,28,False,1791,e61e4f96cd8f7085e11fe6bbc27462a5859b2477a75609c56d885b6c3406fac6,37ca7a9dcf7aaa882acbf0ed6059a34454c190c7ed12166a48e528caeae2bc49,True,True,True,True
10505,expensive,restart,22.45,1.0,0.0,0.5319279999866922,0,3,28,False,0,7f376e678b3ca498071eaa9c401d98212a872908415156293f5575e4fb342c2d,627b22969951eb226585a1c8aee2a482442853ad010daccf3d4599fe6d4e8855,True,True,True,True
10505,expensive,conservative,22.45,1.0,0.0,0.6360050000466799,0,3,28,False,0,7f376e678b3ca498071eaa9c401d98212a872908415156293f5575e4fb342c2d,627b22969951eb226585a1c8aee2a482442853ad010daccf3d4599fe6d4e8855,True,True,True,True
10505,expensive,point_estimate,8.45,0.37639198218262804,0.0,0.49678599998514983,0,1,28,False,0,7f376e678b3ca498071eaa9c401d98212a872908415156293f5575e4fb342c2d,82a8fd404b38974490c794367a4cc673e96aff1a3c1b3bab331c3aeb60014504,True,False,False,False
10505,expensive,random,59.255300000000005,2.6394342984409804,0.08973400008471799,0.6551439998929709,5,1,1,False,0,7f376e678b3ca498071eaa9c401d98212a872908415156293f5575e4fb342c2d,627b22969951eb226585a1c8aee2a482442853ad010daccf3d4599fe6d4e8855,True,True,True,True
10505,expensive,graph_entropy,17.188799999999997,0.7656481069042315,0.3261310000652884,0.7030739999436264,4,2,1,False,0,7f376e678b3ca498071eaa9c401d98212a872908415156293f5575e4fb342c2d,627b22969951eb226585a1c8aee2a482442853ad010daccf3d4599fe6d4e8855,True,True,True,True
10505,expensive,class_entropy,16.7835,0.7475946547884187,0.16853299996455462,0.7144720000269444,2,2,4,False,0,7f376e678b3ca498071eaa9c401d98212a872908415156293f5575e4fb342c2d,627b22969951eb226585a1c8aee2a482442853ad010daccf3d4599fe6d4e8855,True,True,True,True
10505,expensive,ec2,17.188799999999997,0.7656481069042315,0.39549300015551125,0.7267009998486174,4,2,1,False,0,7f376e678b3ca498071eaa9c401d98212a872908415156293f5575e4fb342c2d,627b22969951eb226585a1c8aee2a482442853ad010daccf3d4599fe6d4e8855,True,True,True,True
10505,expensive,myopic,22.45,1.0,0.09353999996619677,0.551408000092124,0,3,28,False,19,7f376e678b3ca498071eaa9c401d98212a872908415156293f5575e4fb342c2d,627b22969951eb226585a1c8aee2a482442853ad010daccf3d4599fe6d4e8855,True,True,True,True
10505,expensive,lookahead2,16.7835,0.7475946547884187,1.507712000147876,0.7814629998392775,3,2,4,False,282,7f376e678b3ca498071eaa9c401d98212a872908415156293f5575e4fb342c2d,627b22969951eb226585a1c8aee2a482442853ad010daccf3d4599fe6d4e8855,True,True,True,True
10505,expensive,exact,16.7835,0.7475946547884187,39.88627500018538,1.0133919997770136,3,2,4,False,5445,7f376e678b3ca498071eaa9c401d98212a872908415156293f5575e4fb342c2d,627b22969951eb226585a1c8aee2a482442853ad010daccf3d4599fe6d4e8855,True,True,True,True
10505,expensive,discard_replay,22.45,1.0,89.81385199990655,0.8172460001105719,0,3,28,False,1791,7f376e678b3ca498071eaa9c401d98212a872908415156293f5575e4fb342c2d,627b22969951eb226585a1c8aee2a482442853ad010daccf3d4599fe6d4e8855,True,True,True,True
10506,expensive,restart,15.45,1.0,0.0,0.5752929999971457,0,3,28,False,0,5be5614770afc533498a9aef8a64146a20a638c9343eaf9a7afd43dcb4a544cf,d9da7e33dc90660cc685f9daf50b0f6569f3afa0270b9a54006a8f0659a3223b,True,True,True,True
10506,expensive,conservative,15.45,1.0,0.0,0.47415199992428825,0,3,28,False,0,5be5614770afc533498a9aef8a64146a20a638c9343eaf9a7afd43dcb4a544cf,d9da7e33dc90660cc685f9daf50b0f6569f3afa0270b9a54006a8f0659a3223b,True,True,True,True
10506,expensive,point_estimate,7.45,0.482200647249191,0.0,0.5442869999114919,0,1,28,False,0,5be5614770afc533498a9aef8a64146a20a638c9343eaf9a7afd43dcb4a544cf,d9da7e33dc90660cc685f9daf50b0f6569f3afa0270b9a54006a8f0659a3223b,True,True,True,True
10506,expensive,random,22.869,1.4801941747572815,0.10050200012301502,0.9095639998122351,5,2,1,False,0,5be5614770afc533498a9aef8a64146a20a638c9343eaf9a7afd43dcb4a544cf,d9da7e33dc90660cc685f9daf50b0f6569f3afa0270b9a54006a8f0659a3223b,True,True,True,True
10506,expensive,graph_entropy,12.7327,0.8241229773462784,0.33044500003143185,0.6720099999029117,4,2,1,False,0,5be5614770afc533498a9aef8a64146a20a638c9343eaf9a7afd43dcb4a544cf,d9da7e33dc90660cc685f9daf50b0f6569f3afa0270b9a54006a8f0659a3223b,True,True,True,True
10506,expensive,class_entropy,12.313699999999999,0.7970032362459547,0.16714200000933488,0.8300150000195572,2,2,4,False,0,5be5614770afc533498a9aef8a64146a20a638c9343eaf9a7afd43dcb4a544cf,d9da7e33dc90660cc685f9daf50b0f6569f3afa0270b9a54006a8f0659a3223b,True,True,True,True
10506,expensive,ec2,12.7327,0.8241229773462784,0.3915170000254875,0.6852079999362104,4,2,1,False,0,5be5614770afc533498a9aef8a64146a20a638c9343eaf9a7afd43dcb4a544cf,d9da7e33dc90660cc685f9daf50b0f6569f3afa0270b9a54006a8f0659a3223b,True,True,True,True
10506,expensive,myopic,15.45,1.0,0.11899799994807836,0.5787990000953869,0,3,28,False,19,5be5614770afc533498a9aef8a64146a20a638c9343eaf9a7afd43dcb4a544cf,d9da7e33dc90660cc685f9daf50b0f6569f3afa0270b9a54006a8f0659a3223b,True,True,True,True
10506,expensive,lookahead2,12.313699999999999,0.7970032362459547,1.3747940000712333,0.8297039998979017,3,2,4,False,282,5be5614770afc533498a9aef8a64146a20a638c9343eaf9a7afd43dcb4a544cf,d9da7e33dc90660cc685f9daf50b0f6569f3afa0270b9a54006a8f0659a3223b,True,True,True,True
10506,expensive,exact,12.313699999999999,0.7970032362459547,38.45036199993501,1.2381180000602399,3,2,4,False,5445,5be5614770afc533498a9aef8a64146a20a638c9343eaf9a7afd43dcb4a544cf,d9da7e33dc90660cc685f9daf50b0f6569f3afa0270b9a54006a8f0659a3223b,True,True,True,True
10506,expensive,discard_replay,15.45,1.0,19.483448000073622,0.582945999894946,0,3,28,False,1791,5be5614770afc533498a9aef8a64146a20a638c9343eaf9a7afd43dcb4a544cf,d9da7e33dc90660cc685f9daf50b0f6569f3afa0270b9a54006a8f0659a3223b,True,True,True,True
10507,expensive,restart,19.45,1.0,0.0,0.539880000019366,0,3,28,False,0,d7cd5b312a25febe5fd9a9a2055f8ffcf205e4c7c439988075590b689de0a3d0,77b80ad4015087bdd14279e271213d06a0a8eb1b5d132784701e485ec7fe0334,True,True,True,True
10507,expensive,conservative,19.45,1.0,0.0,0.5395800000087547,0,3,28,False,0,d7cd5b312a25febe5fd9a9a2055f8ffcf205e4c7c439988075590b689de0a3d0,77b80ad4015087bdd14279e271213d06a0a8eb1b5d132784701e485ec7fe0334,True,True,True,True
10507,expensive,point_estimate,19.45,1.0,0.0,0.5299949999653109,0,3,28,False,0,d7cd5b312a25febe5fd9a9a2055f8ffcf205e4c7c439988075590b689de0a3d0,77b80ad4015087bdd14279e271213d06a0a8eb1b5d132784701e485ec7fe0334,True,True,True,True
10507,expensive,random,29.25,1.5038560411311055,0.08413600005496846,0.8049679998975989,3,2,4,False,0,d7cd5b312a25febe5fd9a9a2055f8ffcf205e4c7c439988075590b689de0a3d0,77b80ad4015087bdd14279e271213d06a0a8eb1b5d132784701e485ec7fe0334,True,True,True,True
10507,expensive,graph_entropy,14.058699999999998,0.7228123393316195,0.3563060000715268,0.788231999990785,5,2,1,False,0,d7cd5b312a25febe5fd9a9a2055f8ffcf205e4c7c439988075590b689de0a3d0,77b80ad4015087bdd14279e271213d06a0a8eb1b5d132784701e485ec7fe0334,True,True,True,True
10507,expensive,class_entropy,13.756699999999999,0.7072853470437017,0.2243659999976444,0.840220999975827,3,2,4,False,0,d7cd5b312a25febe5fd9a9a2055f8ffcf205e4c7c439988075590b689de0a3d0,77b80ad4015087bdd14279e271213d06a0a8eb1b5d132784701e485ec7fe0334,True,True,True,True
10507,expensive,ec2,14.058699999999998,0.7228123393316195,0.39774700007910724,0.7893949999697725,5,2,1,False,0,d7cd5b312a25febe5fd9a9a2055f8ffcf205e4c7c439988075590b689de0a3d0,77b80ad4015087bdd14279e271213d06a0a8eb1b5d132784701e485ec7fe0334,True,True,True,True
10507,expensive,myopic,19.45,1.0,0.12418699998306693,0.6176860000550732,0,3,28,False,19,d7cd5b312a25febe5fd9a9a2055f8ffcf205e4c7c439988075590b689de0a3d0,77b80ad4015087bdd14279e271213d06a0a8eb1b5d132784701e485ec7fe0334,True,True,True,True
10507,expensive,lookahead2,13.756699999999999,0.7072853470437017,1.3719390000233034,0.761493000027258,3,2,4,False,288,d7cd5b312a25febe5fd9a9a2055f8ffcf205e4c7c439988075590b689de0a3d0,77b80ad4015087bdd14279e271213d06a0a8eb1b5d132784701e485ec7fe0334,True,True,True,True
10507,expensive,exact,13.756699999999999,0.7072853470437017,38.14680499988299,0.9468830000969319,3,2,4,False,5445,d7cd5b312a25febe5fd9a9a2055f8ffcf205e4c7c439988075590b689de0a3d0,77b80ad4015087bdd14279e271213d06a0a8eb1b5d132784701e485ec7fe0334,True,True,True,True
10507,expensive,discard_replay,19.45,1.0,18.07714799997484,0.6087630000592981,0,3,28,False,1791,d7cd5b312a25febe5fd9a9a2055f8ffcf205e4c7c439988075590b689de0a3d0,77b80ad4015087bdd14279e271213d06a0a8eb1b5d132784701e485ec7fe0334,True,True,True,True
10508,expensive,restart,15.45,1.0,0.0,0.5277719999412511,0,3,28,False,0,3ab5781251ee453c2f48d40fd89ebacd07bf0601f5c0f131fb1db8dfb8ea4c42,34852271b48d3df265aecbba8b404d235dca2b950e29e57e99cb9cadcdc542aa,True,True,True,True
10508,expensive,conservative,15.45,1.0,0.0,1.1347729999897638,0,3,28,False,0,3ab5781251ee453c2f48d40fd89ebacd07bf0601f5c0f131fb1db8dfb8ea4c42,34852271b48d3df265aecbba8b404d235dca2b950e29e57e99cb9cadcdc542aa,True,True,True,True
10508,expensive,point_estimate,15.45,1.0,0.0,0.5677220000279704,0,3,28,False,0,3ab5781251ee453c2f48d40fd89ebacd07bf0601f5c0f131fb1db8dfb8ea4c42,34852271b48d3df265aecbba8b404d235dca2b950e29e57e99cb9cadcdc542aa,True,True,True,True
10508,expensive,random,37.201100000000004,2.4078381877022657,0.08980300003713637,0.6710489999477431,4,3,2,False,0,3ab5781251ee453c2f48d40fd89ebacd07bf0601f5c0f131fb1db8dfb8ea4c42,34852271b48d3df265aecbba8b404d235dca2b950e29e57e99cb9cadcdc542aa,True,True,True,True
10508,expensive,graph_entropy,18.0044,1.1653333333333333,0.33878799990816333,0.8732310000141297,5,3,1,False,0,3ab5781251ee453c2f48d40fd89ebacd07bf0601f5c0f131fb1db8dfb8ea4c42,34852271b48d3df265aecbba8b404d235dca2b950e29e57e99cb9cadcdc542aa,True,True,True,True
10508,expensive,class_entropy,17.7193,1.1468802588996765,0.2388279999649967,0.8092749999377702,3,3,4,False,0,3ab5781251ee453c2f48d40fd89ebacd07bf0601f5c0f131fb1db8dfb8ea4c42,34852271b48d3df265aecbba8b404d235dca2b950e29e57e99cb9cadcdc542aa,True,True,True,True
10508,expensive,ec2,18.0044,1.1653333333333333,0.4191989999071666,0.7657900001731832,5,3,1,False,0,3ab5781251ee453c2f48d40fd89ebacd07bf0601f5c0f131fb1db8dfb8ea4c42,34852271b48d3df265aecbba8b404d235dca2b950e29e57e99cb9cadcdc542aa,True,True,True,True
10508,expensive,myopic,15.45,1.0,0.11886799995863839,0.5275620001157222,0,3,28,False,19,3ab5781251ee453c2f48d40fd89ebacd07bf0601f5c0f131fb1db8dfb8ea4c42,34852271b48d3df265aecbba8b404d235dca2b950e29e57e99cb9cadcdc542aa,True,True,True,True
10508,expensive,lookahead2,15.45,1.0,1.2552539999433066,0.6330900000648398,1,3,16,False,246,3ab5781251ee453c2f48d40fd89ebacd07bf0601f5c0f131fb1db8dfb8ea4c42,34852271b48d3df265aecbba8b404d235dca2b950e29e57e99cb9cadcdc542aa,True,True,True,True
10508,expensive,exact,15.45,1.0,41.36199000004126,0.9044490000178484,1,3,16,False,5445,3ab5781251ee453c2f48d40fd89ebacd07bf0601f5c0f131fb1db8dfb8ea4c42,34852271b48d3df265aecbba8b404d235dca2b950e29e57e99cb9cadcdc542aa,True,True,True,True
10508,expensive,discard_replay,15.45,1.0,18.032942000104413,0.698006999982681,0,3,28,False,1791,3ab5781251ee453c2f48d40fd89ebacd07bf0601f5c0f131fb1db8dfb8ea4c42,34852271b48d3df265aecbba8b404d235dca2b950e29e57e99cb9cadcdc542aa,True,True,True,True
10509,expensive,restart,15.45,1.0,0.0,0.5318180000131179,0,3,28,False,0,6f00c19c232cea221a4fa5e0ffbb32d0a2e0e6ad8b08af74c0daabff8dbd3506,a744e8085cbf3d4963624a727e2ca629773f53a009047b7b62ac5fecffe1d671,True,True,True,True
10509,expensive,conservative,15.45,1.0,0.0,0.5553739999868412,0,3,28,False,0,6f00c19c232cea221a4fa5e0ffbb32d0a2e0e6ad8b08af74c0daabff8dbd3506,a744e8085cbf3d4963624a727e2ca629773f53a009047b7b62ac5fecffe1d671,True,True,True,True
10509,expensive,point_estimate,10.45,0.6763754045307443,0.0,0.5829049999874769,0,2,28,False,0,6f00c19c232cea221a4fa5e0ffbb32d0a2e0e6ad8b08af74c0daabff8dbd3506,a744e8085cbf3d4963624a727e2ca629773f53a009047b7b62ac5fecffe1d671,True,True,True,True
10509,expensive,random,12.1001,0.783177993527508,0.09132600007433211,0.963536999961434,4,2,2,False,0,6f00c19c232cea221a4fa5e0ffbb32d0a2e0e6ad8b08af74c0daabff8dbd3506,a744e8085cbf3d4963624a727e2ca629773f53a009047b7b62ac5fecffe1d671,True,True,True,True
10509,expensive,graph_entropy,12.403699999999999,0.8028284789644012,0.35725699990507565,0.6662090000872922,5,2,1,False,0,6f00c19c232cea221a4fa5e0ffbb32d0a2e0e6ad8b08af74c0daabff8dbd3506,a744e8085cbf3d4963624a727e2ca629773f53a009047b7b62ac5fecffe1d671,True,True,True,True
10509,expensive,class_entropy,11.9324,0.7723236245954692,0.25095699982102815,0.8309270002655467,3,2,4,False,0,6f00c19c232cea221a4fa5e0ffbb32d0a2e0e6ad8b08af74c0daabff8dbd3506,a744e8085cbf3d4963624a727e2ca629773f53a009047b7b62ac5fecffe1d671,True,True,True,True
10509,expensive,ec2,12.403699999999999,0.8028284789644012,0.397377000126653,0.8234049998918636,5,2,1,False,0,6f00c19c232cea221a4fa5e0ffbb32d0a2e0e6ad8b08af74c0daabff8dbd3506,a744e8085cbf3d4963624a727e2ca629773f53a009047b7b62ac5fecffe1d671,True,True,True,True
10509,expensive,myopic,15.45,1.0,0.12173199991138972,0.5571770001324694,0,3,28,False,19,6f00c19c232cea221a4fa5e0ffbb32d0a2e0e6ad8b08af74c0daabff8dbd3506,a744e8085cbf3d4963624a727e2ca629773f53a009047b7b62ac5fecffe1d671,True,True,True,True
10509,expensive,lookahead2,15.45,1.0,1.4606430000867476,0.7363639998629878,2,3,8,False,287,6f00c19c232cea221a4fa5e0ffbb32d0a2e0e6ad8b08af74c0daabff8dbd3506,a744e8085cbf3d4963624a727e2ca629773f53a009047b7b62ac5fecffe1d671,True,True,True,True
10509,expensive,exact,15.45,1.0,40.9286310001562,0.8859099998517195,2,3,4,False,5445,6f00c19c232cea221a4fa5e0ffbb32d0a2e0e6ad8b08af74c0daabff8dbd3506,a744e8085cbf3d4963624a727e2ca629773f53a009047b7b62ac5fecffe1d671,True,True,True,True
10509,expensive,discard_replay,15.45,1.0,18.78546099999312,0.5243069999778527,0,3,28,False,1791,6f00c19c232cea221a4fa5e0ffbb32d0a2e0e6ad8b08af74c0daabff8dbd3506,a744e8085cbf3d4963624a727e2ca629773f53a009047b7b62ac5fecffe1d671,True,True,True,True
10510,expensive,restart,19.45,1.0,0.0,0.6554540000252018,0,3,28,False,0,443fe328bc81befb5dea27f621215a45feb4ce7500ebeb2ecb9afdc36afa577b,af43e0ebc7d49c8b8600a899c91297e3e3d9f5881c8a2468473168abb3a9b3fa,True,True,True,True
10510,expensive,conservative,19.45,1.0,0.0,0.5063099999915721,0,3,28,False,0,443fe328bc81befb5dea27f621215a45feb4ce7500ebeb2ecb9afdc36afa577b,af43e0ebc7d49c8b8600a899c91297e3e3d9f5881c8a2468473168abb3a9b3fa,True,True,True,True
10510,expensive,point_estimate,14.45,0.7429305912596401,0.0,0.5432460000065475,0,2,28,False,0,443fe328bc81befb5dea27f621215a45feb4ce7500ebeb2ecb9afdc36afa577b,2b93c5c5ddafd170f1ed126737fa46f80d99a9de76bb2531ccce312eb41fcb39,True,False,False,False
10510,expensive,random,32.092,1.649974293059126,0.12347400013368315,0.7928509999146627,4,3,2,False,0,443fe328bc81befb5dea27f621215a45feb4ce7500ebeb2ecb9afdc36afa577b,af43e0ebc7d49c8b8600a899c91297e3e3d9f5881c8a2468473168abb3a9b3fa,True,True,True,True
10510,expensive,graph_entropy,20.3051,1.0439640102827763,0.3480900002159615,0.7275239997852623,5,3,1,False,0,443fe328bc81befb5dea27f621215a45feb4ce7500ebeb2ecb9afdc36afa577b,af43e0ebc7d49c8b8600a899c91297e3e3d9f5881c8a2468473168abb3a9b3fa,True,True,True,True
10510,expensive,class_entropy,19.9918,1.0278560411311055,0.2592580000282396,0.7500269999809461,3,3,4,False,0,443fe328bc81befb5dea27f621215a45feb4ce7500ebeb2ecb9afdc36afa577b,af43e0ebc7d49c8b8600a899c91297e3e3d9f5881c8a2468473168abb3a9b3fa,True,True,True,True
10510,expensive,ec2,20.3051,1.0439640102827763,0.5806910000956123,0.7726799999545619,5,3,1,False,0,443fe328bc81befb5dea27f621215a45feb4ce7500ebeb2ecb9afdc36afa577b,af43e0ebc7d49c8b8600a899c91297e3e3d9f5881c8a2468473168abb3a9b3fa,True,True,True,True
10510,expensive,myopic,19.45,1.0,0.12489699997786374,0.5501460000232328,0,3,28,False,19,443fe328bc81befb5dea27f621215a45feb4ce7500ebeb2ecb9afdc36afa577b,af43e0ebc7d49c8b8600a899c91297e3e3d9f5881c8a2468473168abb3a9b3fa,True,True,True,True
10510,expensive,lookahead2,19.9918,1.0278560411311055,2.5654789999407512,0.891849000026923,3,3,4,False,301,443fe328bc81befb5dea27f621215a45feb4ce7500ebeb2ecb9afdc36afa577b,af43e0ebc7d49c8b8600a899c91297e3e3d9f5881c8a2468473168abb3a9b3fa,True,True,True,True
10510,expensive,exact,19.9918,1.0278560411311055,44.0671310000198,1.0832049999862647,3,3,4,False,5445,443fe328bc81befb5dea27f621215a45feb4ce7500ebeb2ecb9afdc36afa577b,af43e0ebc7d49c8b8600a899c91297e3e3d9f5881c8a2468473168abb3a9b3fa,True,True,True,True
10510,expensive,discard_replay,19.9918,1.0278560411311055,18.01767800009202,0.5760349998809033,1,3,12,False,1791,443fe328bc81befb5dea27f621215a45feb4ce7500ebeb2ecb9afdc36afa577b,af43e0ebc7d49c8b8600a899c91297e3e3d9f5881c8a2468473168abb3a9b3fa,True,True,True,True
10511,expensive,restart,14.45,1.0,0.0,0.5410420000089289,0,3,28,False,0,e272f3dc8c2fe2bdc309da6bb7c5eaedb85e85127d710997efa50d5e277b28e2,5f83092ee8a9f9a75692ba8f2d10bd2258a84bf138ec45c596be93e1b3293f07,True,True,True,True
10511,expensive,conservative,14.45,1.0,0.0,0.5511670000259983,0,3,28,False,0,e272f3dc8c2fe2bdc309da6bb7c5eaedb85e85127d710997efa50d5e277b28e2,5f83092ee8a9f9a75692ba8f2d10bd2258a84bf138ec45c596be93e1b3293f07,True,True,True,True
10511,expensive,point_estimate,11.45,0.7923875432525952,0.0,0.612818999911724,0,2,28,False,0,e272f3dc8c2fe2bdc309da6bb7c5eaedb85e85127d710997efa50d5e277b28e2,3a15fd6e52a5aa4b4ae779d1f8b246efc59240c186931d586f607b8eefcc1b57,False,False,False,False
10511,expensive,random,29.6775,2.0538062283737024,0.07954099987728114,0.6406090000155018,4,2,2,False,0,e272f3dc8c2fe2bdc309da6bb7c5eaedb85e85127d710997efa50d5e277b28e2,5f83092ee8a9f9a75692ba8f2d10bd2258a84bf138ec45c596be93e1b3293f07,True,True,True,True
10511,expensive,graph_entropy,15.6077,1.0801176470588236,0.31062799985193124,0.7050170000866274,4,3,1,False,0,e272f3dc8c2fe2bdc309da6bb7c5eaedb85e85127d710997efa50d5e277b28e2,5f83092ee8a9f9a75692ba8f2d10bd2258a84bf138ec45c596be93e1b3293f07,True,True,True,True
10511,expensive,class_entropy,15.382,1.0644982698961938,0.21133699999609235,0.6716480000932279,2,3,4,False,0,e272f3dc8c2fe2bdc309da6bb7c5eaedb85e85127d710997efa50d5e277b28e2,5f83092ee8a9f9a75692ba8f2d10bd2258a84bf138ec45c596be93e1b3293f07,True,True,True,True
10511,expensive,ec2,15.6077,1.0801176470588236,0.37252900017392676,1.0472219997836874,4,3,1,False,0,e272f3dc8c2fe2bdc309da6bb7c5eaedb85e85127d710997efa50d5e277b28e2,5f83092ee8a9f9a75692ba8f2d10bd2258a84bf138ec45c596be93e1b3293f07,True,True,True,True
10511,expensive,myopic,14.45,1.0,0.09920900004090072,0.748713999996653,0,3,28,False,19,e272f3dc8c2fe2bdc309da6bb7c5eaedb85e85127d710997efa50d5e277b28e2,5f83092ee8a9f9a75692ba8f2d10bd2258a84bf138ec45c596be93e1b3293f07,True,True,True,True
10511,expensive,lookahead2,15.382,1.0644982698961938,2.019922000158658,0.89861799983737,3,3,4,False,301,e272f3dc8c2fe2bdc309da6bb7c5eaedb85e85127d710997efa50d5e277b28e2,5f83092ee8a9f9a75692ba8f2d10bd2258a84bf138ec45c596be93e1b3293f07,True,True,True,True
10511,expensive,exact,15.382,1.0644982698961938,42.41384899989953,1.1367670001618535,3,3,4,False,5445,e272f3dc8c2fe2bdc309da6bb7c5eaedb85e85127d710997efa50d5e277b28e2,5f83092ee8a9f9a75692ba8f2d10bd2258a84bf138ec45c596be93e1b3293f07,True,True,True,True
10511,expensive,discard_replay,14.45,1.0,17.883578000009948,0.6833749999941574,0,3,28,False,1791,e272f3dc8c2fe2bdc309da6bb7c5eaedb85e85127d710997efa50d5e277b28e2,5f83092ee8a9f9a75692ba8f2d10bd2258a84bf138ec45c596be93e1b3293f07,True,True,True,True
10512,expensive,restart,16.45,1.0,0.0,0.5535909999707656,0,3,28,False,0,e62ab607a8bacd44d8ed996eb59e095b0556bf9cd7e14e44f984d01c8e882019,447d0958d8c948f0d41cb16c9ea08113782eb4042392c1287dfecd837bd28588,True,True,True,True
10512,expensive,conservative,16.45,1.0,0.0,0.6068800000775809,0,3,28,False,0,e62ab607a8bacd44d8ed996eb59e095b0556bf9cd7e14e44f984d01c8e882019,447d0958d8c948f0d41cb16c9ea08113782eb4042392c1287dfecd837bd28588,True,True,True,True
10512,expensive,point_estimate,4.45,0.270516717325228,0.0,0.49936000004890957,0,1,28,False,0,e62ab607a8bacd44d8ed996eb59e095b0556bf9cd7e14e44f984d01c8e882019,447d0958d8c948f0d41cb16c9ea08113782eb4042392c1287dfecd837bd28588,True,True,True,True
10512,expensive,random,20.982499999999998,1.275531914893617,0.08109099997000158,0.6905970000161687,4,1,2,False,0,e62ab607a8bacd44d8ed996eb59e095b0556bf9cd7e14e44f984d01c8e882019,447d0958d8c948f0d41cb16c9ea08113782eb4042392c1287dfecd837bd28588,True,True,True,True
10512,expensive,graph_entropy,9.7574,0.5931550151975684,0.34119100018870085,0.8076939998318267,5,2,1,False,0,e62ab607a8bacd44d8ed996eb59e095b0556bf9cd7e14e44f984d01c8e882019,447d0958d8c948f0d41cb16c9ea08113782eb4042392c1287dfecd837bd28588,True,True,True,True
10512,expensive,class_entropy,9.413699999999999,0.5722613981762917,0.2416230000790165,0.7503359998963788,3,2,4,False,0,e62ab607a8bacd44d8ed996eb59e095b0556bf9cd7e14e44f984d01c8e882019,447d0958d8c948f0d41cb16c9ea08113782eb4042392c1287dfecd837bd28588,True,True,True,True
10512,expensive,ec2,9.7574,0.5931550151975684,0.41064699985327024,0.7980470001029971,5,2,1,False,0,e62ab607a8bacd44d8ed996eb59e095b0556bf9cd7e14e44f984d01c8e882019,447d0958d8c948f0d41cb16c9ea08113782eb4042392c1287dfecd837bd28588,True,True,True,True
10512,expensive,myopic,16.45,1.0,0.2455789999658009,0.5210209999404469,0,3,28,False,19,e62ab607a8bacd44d8ed996eb59e095b0556bf9cd7e14e44f984d01c8e882019,447d0958d8c948f0d41cb16c9ea08113782eb4042392c1287dfecd837bd28588,True,True,True,True
10512,expensive,lookahead2,9.413699999999999,0.5722613981762917,1.4069019999851662,0.8356640000783955,3,2,4,False,288,e62ab607a8bacd44d8ed996eb59e095b0556bf9cd7e14e44f984d01c8e882019,447d0958d8c948f0d41cb16c9ea08113782eb4042392c1287dfecd837bd28588,True,True,True,True
10512,expensive,exact,9.413699999999999,0.5722613981762917,39.96014800009107,1.0138509999251255,3,2,4,False,5445,e62ab607a8bacd44d8ed996eb59e095b0556bf9cd7e14e44f984d01c8e882019,447d0958d8c948f0d41cb16c9ea08113782eb4042392c1287dfecd837bd28588,True,True,True,True
10512,expensive,discard_replay,12.413699999999999,0.7546322188449848,18.084179000084077,0.6864899999072804,2,3,8,False,1791,e62ab607a8bacd44d8ed996eb59e095b0556bf9cd7e14e44f984d01c8e882019,447d0958d8c948f0d41cb16c9ea08113782eb4042392c1287dfecd837bd28588,True,True,True,True
10513,expensive,restart,27.45,1.0,0.0,0.5409819999613319,0,3,28,False,0,7ce54d95e114c1c5adc174d6c15f57466c3a8429de778eedb3c3db956bfc18c6,b4886667f798b8439b968d480a9bc7fde2f897de24aa9f3bdceb7ce8a3776434,True,True,True,True
10513,expensive,conservative,27.45,1.0,0.0,0.5215829999087873,0,3,28,False,0,7ce54d95e114c1c5adc174d6c15f57466c3a8429de778eedb3c3db956bfc18c6,b4886667f798b8439b968d480a9bc7fde2f897de24aa9f3bdceb7ce8a3776434,True,True,True,True
10513,expensive,point_estimate,19.45,0.7085610200364298,0.0,0.5285529999810024,0,2,28,False,0,7ce54d95e114c1c5adc174d6c15f57466c3a8429de778eedb3c3db956bfc18c6,b4886667f798b8439b968d480a9bc7fde2f897de24aa9f3bdceb7ce8a3776434,True,True,True,True
10513,expensive,random,61.3301,2.234247723132969,0.0870990000976235,0.648283999908017,5,2,1,False,0,7ce54d95e114c1c5adc174d6c15f57466c3a8429de778eedb3c3db956bfc18c6,b4886667f798b8439b968d480a9bc7fde2f897de24aa9f3bdceb7ce8a3776434,True,True,True,True
10513,expensive,graph_entropy,28.5301,1.0393479052823316,0.3350920001139457,0.7370569999238796,5,3,1,False,0,7ce54d95e114c1c5adc174d6c15f57466c3a8429de778eedb3c3db956bfc18c6,b4886667f798b8439b968d480a9bc7fde2f897de24aa9f3bdceb7ce8a3776434,True,True,True,True
10513,expensive,class_entropy,28.1436,1.0252677595628414,0.30516699996496754,0.7540920000792539,3,3,4,False,0,7ce54d95e114c1c5adc174d6c15f57466c3a8429de778eedb3c3db956bfc18c6,b4886667f798b8439b968d480a9bc7fde2f897de24aa9f3bdceb7ce8a3776434,True,True,True,True
10513,expensive,ec2,28.5301,1.0393479052823316,0.41745800001535827,0.7411010000168972,5,3,1,False,0,7ce54d95e114c1c5adc174d6c15f57466c3a8429de778eedb3c3db956bfc18c6,b4886667f798b8439b968d480a9bc7fde2f897de24aa9f3bdceb7ce8a3776434,True,True,True,True
10513,expensive,myopic,27.45,1.0,0.12449700000161101,0.5264400000442038,0,3,28,False,19,7ce54d95e114c1c5adc174d6c15f57466c3a8429de778eedb3c3db956bfc18c6,b4886667f798b8439b968d480a9bc7fde2f897de24aa9f3bdceb7ce8a3776434,True,True,True,True
10513,expensive,lookahead2,20.1436,0.7338287795992714,1.5037570000231426,0.6821839999702206,2,2,8,False,309,7ce54d95e114c1c5adc174d6c15f57466c3a8429de778eedb3c3db956bfc18c6,b4886667f798b8439b968d480a9bc7fde2f897de24aa9f3bdceb7ce8a3776434,True,True,True,True
10513,expensive,exact,20.1436,0.7338287795992714,39.01914499988379,1.287352000190367,3,2,4,False,5445,7ce54d95e114c1c5adc174d6c15f57466c3a8429de778eedb3c3db956bfc18c6,b4886667f798b8439b968d480a9bc7fde2f897de24aa9f3bdceb7ce8a3776434,True,True,True,True
10513,expensive,discard_replay,28.1436,1.0252677595628414,18.757650000111425,0.7392789998448279,2,3,8,False,1791,7ce54d95e114c1c5adc174d6c15f57466c3a8429de778eedb3c3db956bfc18c6,b4886667f798b8439b968d480a9bc7fde2f897de24aa9f3bdceb7ce8a3776434,True,True,True,True
10514,expensive,restart,18.45,1.0,0.0,0.5421539999588276,0,3,28,False,0,6ef709d292d1ba8d95dfa69b0fc2d6432bee7bd068ad1ff1929bd606fbd65166,5bfd92042b90f33912264d617a7088eca9b765dedb9a50f741b16e4ad3980802,True,True,True,True
10514,expensive,conservative,18.45,1.0,0.0,0.5413629999111436,0,3,28,False,0,6ef709d292d1ba8d95dfa69b0fc2d6432bee7bd068ad1ff1929bd606fbd65166,5bfd92042b90f33912264d617a7088eca9b765dedb9a50f741b16e4ad3980802,True,True,True,True
10514,expensive,point_estimate,4.45,0.24119241192411925,0.0,0.552469000012934,0,1,28,False,0,6ef709d292d1ba8d95dfa69b0fc2d6432bee7bd068ad1ff1929bd606fbd65166,73f195feaaf567c44d6fa9ceeba28acd53262aaa0b14e9ea0e4f74530d1d95ab,True,False,False,False
10514,expensive,random,38.0247,2.0609593495934964,0.10139299979528005,0.7134900001801725,5,3,1,False,0,6ef709d292d1ba8d95dfa69b0fc2d6432bee7bd068ad1ff1929bd606fbd65166,5bfd92042b90f33912264d617a7088eca9b765dedb9a50f741b16e4ad3980802,True,True,True,True
10514,expensive,graph_entropy,13.4863,0.7309647696476965,0.363494999987779,0.9328800000503179,5,2,1,False,0,6ef709d292d1ba8d95dfa69b0fc2d6432bee7bd068ad1ff1929bd606fbd65166,5bfd92042b90f33912264d617a7088eca9b765dedb9a50f741b16e4ad3980802,True,True,True,True
10514,expensive,class_entropy,13.1116,0.7106558265582655,0.24723900014578248,0.7430269997712458,3,2,4,False,0,6ef709d292d1ba8d95dfa69b0fc2d6432bee7bd068ad1ff1929bd606fbd65166,5bfd92042b90f33912264d617a7088eca9b765dedb9a50f741b16e4ad3980802,True,True,True,True
10514,expensive,ec2,13.4863,0.7309647696476965,0.39213899992773804,0.7784580001271024,5,2,1,False,0,6ef709d292d1ba8d95dfa69b0fc2d6432bee7bd068ad1ff1929bd606fbd65166,5bfd92042b90f33912264d617a7088eca9b765dedb9a50f741b16e4ad3980802,True,True,True,True
10514,expensive,myopic,18.45,1.0,0.13750700009040884,0.5559139998467799,0,3,28,False,19,6ef709d292d1ba8d95dfa69b0fc2d6432bee7bd068ad1ff1929bd606fbd65166,5bfd92042b90f33912264d617a7088eca9b765dedb9a50f741b16e4ad3980802,True,True,True,True
10514,expensive,lookahead2,13.1116,0.7106558265582655,1.4060619998872426,0.7653470000832385,3,2,4,False,288,6ef709d292d1ba8d95dfa69b0fc2d6432bee7bd068ad1ff1929bd606fbd65166,5bfd92042b90f33912264d617a7088eca9b765dedb9a50f741b16e4ad3980802,True,True,True,True
10514,expensive,exact,13.1116,0.7106558265582655,37.91064000006372,0.9697869999172326,3,2,4,False,5445,6ef709d292d1ba8d95dfa69b0fc2d6432bee7bd068ad1ff1929bd606fbd65166,5bfd92042b90f33912264d617a7088eca9b765dedb9a50f741b16e4ad3980802,True,True,True,True
10514,expensive,discard_replay,18.1116,0.9816585365853658,18.233624000004056,0.7938500000364002,2,3,8,False,1791,6ef709d292d1ba8d95dfa69b0fc2d6432bee7bd068ad1ff1929bd606fbd65166,5bfd92042b90f33912264d617a7088eca9b765dedb9a50f741b16e4ad3980802,True,True,True,True
10515,expensive,restart,18.45,1.0,0.0,0.5440669999643433,0,3,28,False,0,1e2e5bc4ea9f54809c871d6c7c8e2043239903c976b1f80987bcf15837b0265d,733067dfe2a492abfdb7eb1b63a0251f9bdbbd0e6ebc4c8e9a5803fe0fead282,True,True,True,True
10515,expensive,conservative,18.45,1.0,0.0,0.6071310000379526,0,3,28,False,0,1e2e5bc4ea9f54809c871d6c7c8e2043239903c976b1f80987bcf15837b0265d,733067dfe2a492abfdb7eb1b63a0251f9bdbbd0e6ebc4c8e9a5803fe0fead282,True,True,True,True
10515,expensive,point_estimate,12.45,0.6747967479674797,0.0,0.5235260000517883,0,2,28,False,0,1e2e5bc4ea9f54809c871d6c7c8e2043239903c976b1f80987bcf15837b0265d,5dbdc644433f24db29e51ea42bee88f0a3fa6188d4b715ba4007da69e3f145a6,True,False,False,False
10515,expensive,random,20.3109,1.1008617886178862,0.10076099999878352,0.8265909999636278,5,3,1,False,0,1e2e5bc4ea9f54809c871d6c7c8e2043239903c976b1f80987bcf15837b0265d,733067dfe2a492abfdb7eb1b63a0251f9bdbbd0e6ebc4c8e9a5803fe0fead282,True,True,True,True
10515,expensive,graph_entropy,14.3109,0.7756585365853659,0.3711570000177744,0.8316079999985959,5,2,1,False,0,1e2e5bc4ea9f54809c871d6c7c8e2043239903c976b1f80987bcf15837b0265d,733067dfe2a492abfdb7eb1b63a0251f9bdbbd0e6ebc4c8e9a5803fe0fead282,True,True,True,True
10515,expensive,class_entropy,13.8398,0.7501246612466125,0.2554440001176772,0.774671999806742,3,2,4,False,0,1e2e5bc4ea9f54809c871d6c7c8e2043239903c976b1f80987bcf15837b0265d,733067dfe2a492abfdb7eb1b63a0251f9bdbbd0e6ebc4c8e9a5803fe0fead282,True,True,True,True
10515,expensive,ec2,14.3109,0.7756585365853659,0.3996090000555341,0.7611319999796251,5,2,1,False,0,1e2e5bc4ea9f54809c871d6c7c8e2043239903c976b1f80987bcf15837b0265d,733067dfe2a492abfdb7eb1b63a0251f9bdbbd0e6ebc4c8e9a5803fe0fead282,True,True,True,True
10515,expensive,myopic,18.45,1.0,0.12971499995728664,0.5516180000313398,0,3,28,False,19,1e2e5bc4ea9f54809c871d6c7c8e2043239903c976b1f80987bcf15837b0265d,733067dfe2a492abfdb7eb1b63a0251f9bdbbd0e6ebc4c8e9a5803fe0fead282,True,True,True,True
10515,expensive,lookahead2,18.45,1.0,1.2502370000220253,0.711497999986932,1,3,16,False,246,1e2e5bc4ea9f54809c871d6c7c8e2043239903c976b1f80987bcf15837b0265d,733067dfe2a492abfdb7eb1b63a0251f9bdbbd0e6ebc4c8e9a5803fe0fead282,True,True,True,True
10515,expensive,exact,18.45,1.0,39.22834900004091,0.7983980000290103,1,3,16,False,5445,1e2e5bc4ea9f54809c871d6c7c8e2043239903c976b1f80987bcf15837b0265d,733067dfe2a492abfdb7eb1b63a0251f9bdbbd0e6ebc4c8e9a5803fe0fead282,True,True,True,True
10515,expensive,discard_replay,18.45,1.0,17.867493999915496,0.5733200000577199,0,3,28,False,1791,1e2e5bc4ea9f54809c871d6c7c8e2043239903c976b1f80987bcf15837b0265d,733067dfe2a492abfdb7eb1b63a0251f9bdbbd0e6ebc4c8e9a5803fe0fead282,True,True,True,True
10516,expensive,restart,20.45,1.0,0.0,0.5438260000119044,0,3,28,False,0,ce78e071b6fddd17daa1467c70eb1d8ea57ce268c142ea1f32f2bcfad24b47b2,c6de08e14e56e2c80a6a70d0294730725c4d5c9ae6b4fe20b390c6aaa10ee74d,True,True,True,True
10516,expensive,conservative,20.45,1.0,0.0,0.5071510000789203,0,3,28,False,0,ce78e071b6fddd17daa1467c70eb1d8ea57ce268c142ea1f32f2bcfad24b47b2,c6de08e14e56e2c80a6a70d0294730725c4d5c9ae6b4fe20b390c6aaa10ee74d,True,True,True,True
10516,expensive,point_estimate,8.45,0.41320293398533003,0.0,0.6277520000139702,0,1,28,False,0,ce78e071b6fddd17daa1467c70eb1d8ea57ce268c142ea1f32f2bcfad24b47b2,f1c890ef96257cfed37cf353df5f61a1324900e7b3962e30cec522014e06fc67,False,False,False,False
10516,expensive,random,32.9534,1.6114132029339854,0.09007300002394913,0.7458409999117066,4,2,2,False,0,ce78e071b6fddd17daa1467c70eb1d8ea57ce268c142ea1f32f2bcfad24b47b2,c6de08e14e56e2c80a6a70d0294730725c4d5c9ae6b4fe20b390c6aaa10ee74d,True,True,True,True
10516,expensive,graph_entropy,16.4442,0.804117359413203,0.3948620000073788,0.6745929999851796,5,2,1,False,0,ce78e071b6fddd17daa1467c70eb1d8ea57ce268c142ea1f32f2bcfad24b47b2,c6de08e14e56e2c80a6a70d0294730725c4d5c9ae6b4fe20b390c6aaa10ee74d,True,True,True,True
10516,expensive,class_entropy,16.0074,0.782757946210269,0.24485799997364666,0.7561439999790309,3,2,4,False,0,ce78e071b6fddd17daa1467c70eb1d8ea57ce268c142ea1f32f2bcfad24b47b2,c6de08e14e56e2c80a6a70d0294730725c4d5c9ae6b4fe20b390c6aaa10ee74d,True,True,True,True
10516,expensive,ec2,16.4442,0.804117359413203,0.3948119998540278,0.7846080001172595,5,2,1,False,0,ce78e071b6fddd17daa1467c70eb1d8ea57ce268c142ea1f32f2bcfad24b47b2,c6de08e14e56e2c80a6a70d0294730725c4d5c9ae6b4fe20b390c6aaa10ee74d,True,True,True,True
10516,expensive,myopic,20.45,1.0,0.13615499995012215,0.46848199997384654,0,3,28,False,19,ce78e071b6fddd17daa1467c70eb1d8ea57ce268c142ea1f32f2bcfad24b47b2,c6de08e14e56e2c80a6a70d0294730725c4d5c9ae6b4fe20b390c6aaa10ee74d,True,True,True,True
10516,expensive,lookahead2,16.0074,0.782757946210269,1.4335519999804092,0.8010919999605903,3,2,4,False,288,ce78e071b6fddd17daa1467c70eb1d8ea57ce268c142ea1f32f2bcfad24b47b2,c6de08e14e56e2c80a6a70d0294730725c4d5c9ae6b4fe20b390c6aaa10ee74d,True,True,True,True
10516,expensive,exact,16.0074,0.782757946210269,40.46072999994976,1.2843660000498858,3,2,4,False,5445,ce78e071b6fddd17daa1467c70eb1d8ea57ce268c142ea1f32f2bcfad24b47b2,c6de08e14e56e2c80a6a70d0294730725c4d5c9ae6b4fe20b390c6aaa10ee74d,True,True,True,True
10516,expensive,discard_replay,20.45,1.0,19.976247999920815,0.6173660001422832,0,3,28,False,1791,ce78e071b6fddd17daa1467c70eb1d8ea57ce268c142ea1f32f2bcfad24b47b2,c6de08e14e56e2c80a6a70d0294730725c4d5c9ae6b4fe20b390c6aaa10ee74d,True,True,True,True
10517,expensive,restart,24.45,1.0,0.0,0.5223139999088744,0,3,28,False,0,f67e940cc4108b963ac9cc42b01f76a35a6f9f4e4ae0f874ab7a75a264e75466,1e0eea277b81d6a665a6a5b88ab22928dd2205e4884a1e62eed0e45782463cee,True,True,True,True
10517,expensive,conservative,24.45,1.0,0.0,0.5285229999572039,0,3,28,False,0,f67e940cc4108b963ac9cc42b01f76a35a6f9f4e4ae0f874ab7a75a264e75466,1e0eea277b81d6a665a6a5b88ab22928dd2205e4884a1e62eed0e45782463cee,True,True,True,True
10517,expensive,point_estimate,9.45,0.38650306748466257,0.0,0.5485430000362612,0,1,28,False,0,f67e940cc4108b963ac9cc42b01f76a35a6f9f4e4ae0f874ab7a75a264e75466,42576f6460ce36d86605a937a9cc029ac86944d65d27b98da656cc70d2b533c6,True,False,False,False
10517,expensive,random,50.993,2.0856032719836404,0.08897399993657018,0.7694839999885517,5,2,1,False,0,f67e940cc4108b963ac9cc42b01f76a35a6f9f4e4ae0f874ab7a75a264e75466,1e0eea277b81d6a665a6a5b88ab22928dd2205e4884a1e62eed0e45782463cee,True,True,True,True
10517,expensive,graph_entropy,17.392999999999997,0.7113701431492842,0.34058999995068007,0.7759449999866774,5,2,1,False,0,f67e940cc4108b963ac9cc42b01f76a35a6f9f4e4ae0f874ab7a75a264e75466,1e0eea277b81d6a665a6a5b88ab22928dd2205e4884a1e62eed0e45782463cee,True,True,True,True
10517,expensive,class_entropy,16.9129,0.6917341513292434,0.25185699996654876,0.7766760001004513,3,2,4,False,0,f67e940cc4108b963ac9cc42b01f76a35a6f9f4e4ae0f874ab7a75a264e75466,1e0eea277b81d6a665a6a5b88ab22928dd2205e4884a1e62eed0e45782463cee,True,True,True,True
10517,expensive,ec2,17.392999999999997,0.7113701431492842,0.3953050000973235,0.8408799999415351,5,2,1,False,0,f67e940cc4108b963ac9cc42b01f76a35a6f9f4e4ae0f874ab7a75a264e75466,1e0eea277b81d6a665a6a5b88ab22928dd2205e4884a1e62eed0e45782463cee,True,True,True,True
10517,expensive,myopic,24.45,1.0,0.123094999935347,0.6011820000821899,0,3,28,False,19,f67e940cc4108b963ac9cc42b01f76a35a6f9f4e4ae0f874ab7a75a264e75466,1e0eea277b81d6a665a6a5b88ab22928dd2205e4884a1e62eed0e45782463cee,True,True,True,True
10517,expensive,lookahead2,16.9129,0.6917341513292434,1.5283029999864084,0.7856200001015168,3,2,4,False,288,f67e940cc4108b963ac9cc42b01f76a35a6f9f4e4ae0f874ab7a75a264e75466,1e0eea277b81d6a665a6a5b88ab22928dd2205e4884a1e62eed0e45782463cee,True,True,True,True
10517,expensive,exact,16.9129,0.6917341513292434,38.44707600012498,1.0757649998822671,3,2,4,False,5445,f67e940cc4108b963ac9cc42b01f76a35a6f9f4e4ae0f874ab7a75a264e75466,1e0eea277b81d6a665a6a5b88ab22928dd2205e4884a1e62eed0e45782463cee,True,True,True,True
10517,expensive,discard_replay,24.45,1.0,19.408696000027703,0.6062900000642912,0,3,28,False,1791,f67e940cc4108b963ac9cc42b01f76a35a6f9f4e4ae0f874ab7a75a264e75466,1e0eea277b81d6a665a6a5b88ab22928dd2205e4884a1e62eed0e45782463cee,True,True,True,True
10518,expensive,restart,19.45,1.0,0.0,0.49472199998490396,0,3,28,False,0,83682d4062373eb8e1cfcf6c3be98834885474d436c743b33f2d8cebd67a0067,6ca5c63f70451ce54e0b214e4e9b77f0995a9339c3efd455024ed32390a226d3,True,True,True,True
10518,expensive,conservative,19.45,1.0,0.0,0.6326490000674312,0,3,28,False,0,83682d4062373eb8e1cfcf6c3be98834885474d436c743b33f2d8cebd67a0067,6ca5c63f70451ce54e0b214e4e9b77f0995a9339c3efd455024ed32390a226d3,True,True,True,True
10518,expensive,point_estimate,19.45,1.0,0.0,0.5380879999847821,0,3,28,False,0,83682d4062373eb8e1cfcf6c3be98834885474d436c743b33f2d8cebd67a0067,6ca5c63f70451ce54e0b214e4e9b77f0995a9339c3efd455024ed32390a226d3,True,True,True,True
10518,expensive,random,31.6255,1.6259897172236504,0.0913389999368519,0.728671000047143,4,3,2,False,0,83682d4062373eb8e1cfcf6c3be98834885474d436c743b33f2d8cebd67a0067,6ca5c63f70451ce54e0b214e4e9b77f0995a9339c3efd455024ed32390a226d3,True,True,True,True
10518,expensive,graph_entropy,20.8185,1.0703598971722366,0.32916399993609957,0.831408000067313,5,3,1,False,0,83682d4062373eb8e1cfcf6c3be98834885474d436c743b33f2d8cebd67a0067,6ca5c63f70451ce54e0b214e4e9b77f0995a9339c3efd455024ed32390a226d3,True,True,True,True
10518,expensive,class_entropy,20.4135,1.0495372750642673,0.26149199993596994,0.7480030000124316,3,3,4,False,0,83682d4062373eb8e1cfcf6c3be98834885474d436c743b33f2d8cebd67a0067,6ca5c63f70451ce54e0b214e4e9b77f0995a9339c3efd455024ed32390a226d3,True,True,True,True
10518,expensive,ec2,20.8185,1.0703598971722366,0.41318900002806913,0.7528409998940333,5,3,1,False,0,83682d4062373eb8e1cfcf6c3be98834885474d436c743b33f2d8cebd67a0067,6ca5c63f70451ce54e0b214e4e9b77f0995a9339c3efd455024ed32390a226d3,True,True,True,True
10518,expensive,myopic,19.45,1.0,0.12134199994306982,0.5436760000065988,0,3,28,False,19,83682d4062373eb8e1cfcf6c3be98834885474d436c743b33f2d8cebd67a0067,6ca5c63f70451ce54e0b214e4e9b77f0995a9339c3efd455024ed32390a226d3,True,True,True,True
10518,expensive,lookahead2,20.4135,1.0495372750642673,1.408583999932489,0.8305860000064058,2,3,8,False,302,83682d4062373eb8e1cfcf6c3be98834885474d436c743b33f2d8cebd67a0067,6ca5c63f70451ce54e0b214e4e9b77f0995a9339c3efd455024ed32390a226d3,True,True,True,True
10518,expensive,exact,20.4135,1.0495372750642673,38.47379900014403,0.9625229998846407,3,3,4,False,5445,83682d4062373eb8e1cfcf6c3be98834885474d436c743b33f2d8cebd67a0067,6ca5c63f70451ce54e0b214e4e9b77f0995a9339c3efd455024ed32390a226d3,True,True,True,True
10518,expensive,discard_replay,19.45,1.0,17.773221999959787,0.5714270000680699,0,3,28,False,1791,83682d4062373eb8e1cfcf6c3be98834885474d436c743b33f2d8cebd67a0067,6ca5c63f70451ce54e0b214e4e9b77f0995a9339c3efd455024ed32390a226d3,True,True,True,True
10519,expensive,restart,15.45,1.0,0.0,0.5501660000390984,0,3,28,False,0,d9a584fa23e00ef71eb343ce3c30f833529944bc7ceab00f91213738c41b552b,1aee633a1fc4b26b9a2e046397cca29f945b318450f84cdfd4ecb97e0c257b2a,True,True,True,True
10519,expensive,conservative,15.45,1.0,0.0,0.6353229999831456,0,3,28,False,0,d9a584fa23e00ef71eb343ce3c30f833529944bc7ceab00f91213738c41b552b,1aee633a1fc4b26b9a2e046397cca29f945b318450f84cdfd4ecb97e0c257b2a,True,True,True,True
10519,expensive,point_estimate,5.45,0.3527508090614887,0.0,0.538278000021819,0,1,28,False,0,d9a584fa23e00ef71eb343ce3c30f833529944bc7ceab00f91213738c41b552b,932e541ddcb132c2642ca8bf3deb687c5cde6c64a589b6eac0a29dea973e98d2,False,False,False,False
10519,expensive,random,34.978100000000005,2.2639546925566347,0.07926900002530601,0.6638759999759714,4,2,2,False,0,d9a584fa23e00ef71eb343ce3c30f833529944bc7ceab00f91213738c41b552b,1aee633a1fc4b26b9a2e046397cca29f945b318450f84cdfd4ecb97e0c257b2a,True,True,True,True
10519,expensive,graph_entropy,11.0655,0.7162135922330097,0.36533799993776483,0.7819940000217684,5,2,1,False,0,d9a584fa23e00ef71eb343ce3c30f833529944bc7ceab00f91213738c41b552b,1aee633a1fc4b26b9a2e046397cca29f945b318450f84cdfd4ecb97e0c257b2a,True,True,True,True
10519,expensive,class_entropy,10.8735,0.7037864077669903,0.21823600002335297,0.7824459999028477,3,2,4,False,0,d9a584fa23e00ef71eb343ce3c30f833529944bc7ceab00f91213738c41b552b,1aee633a1fc4b26b9a2e046397cca29f945b318450f84cdfd4ecb97e0c257b2a,True,True,True,True
10519,expensive,ec2,11.0655,0.7162135922330097,0.3971039998305059,0.8209840001427438,5,2,1,False,0,d9a584fa23e00ef71eb343ce3c30f833529944bc7ceab00f91213738c41b552b,1aee633a1fc4b26b9a2e046397cca29f945b318450f84cdfd4ecb97e0c257b2a,True,True,True,True
10519,expensive,myopic,15.45,1.0,0.23685600001499552,0.5773060000819896,0,3,28,False,19,d9a584fa23e00ef71eb343ce3c30f833529944bc7ceab00f91213738c41b552b,1aee633a1fc4b26b9a2e046397cca29f945b318450f84cdfd4ecb97e0c257b2a,True,True,True,True
10519,expensive,lookahead2,10.8735,0.7037864077669903,1.44910499989237,0.7686540001259345,3,2,4,False,288,d9a584fa23e00ef71eb343ce3c30f833529944bc7ceab00f91213738c41b552b,1aee633a1fc4b26b9a2e046397cca29f945b318450f84cdfd4ecb97e0c257b2a,True,True,True,True
10519,expensive,exact,10.8735,0.7037864077669903,40.004496000051404,1.0085909999588694,3,2,4,False,5445,d9a584fa23e00ef71eb343ce3c30f833529944bc7ceab00f91213738c41b552b,1aee633a1fc4b26b9a2e046397cca29f945b318450f84cdfd4ecb97e0c257b2a,True,True,True,True
10519,expensive,discard_replay,14.8735,0.9626860841423949,17.91571599994768,0.6730500000458051,2,3,8,False,1791,d9a584fa23e00ef71eb343ce3c30f833529944bc7ceab00f91213738c41b552b,1aee633a1fc4b26b9a2e046397cca29f945b318450f84cdfd4ecb97e0c257b2a,True,True,True,True
