key,sample_id,model,persona,trial,final,ever_true_final_false,observed_regression,original_progress
gpt_4_1/expert/0/add_contact_with_name_and_phone_number,add_contact_with_name_and_phone_number,gpt_4_1,expert,0,True,False,False,1.0
gpt_4_1/expert/0/cellular_off,cellular_off,gpt_4_1,expert,0,True,False,False,1.0
gpt_4_1/expert/0/remove_contact_by_phone,remove_contact_by_phone,gpt_4_1,expert,0,True,False,False,1.0
gpt_4_1/expert/0/remove_contact_with_id,remove_contact_with_id,gpt_4_1,expert,0,True,False,False,1.0
gpt_4_1/expert/0/turn_on_cellular_low_battery_mode,turn_on_cellular_low_battery_mode,gpt_4_1,expert,0,True,False,False,1.0
gpt_4_1/expert/0/turn_on_location_low_battery_mode,turn_on_location_low_battery_mode,gpt_4_1,expert,0,True,False,False,0.75
gpt_4_1/expert/0/turn_on_wifi_low_battery_mode,turn_on_wifi_low_battery_mode,gpt_4_1,expert,0,False,False,False,0.5
gpt_4_1/expert/0/update_contact_relationship_with_relationship,update_contact_relationship_with_relationship,gpt_4_1,expert,0,True,False,False,1.0
gpt_4_1/expert/0/update_contact_with_id_and_phone_number,update_contact_with_id_and_phone_number,gpt_4_1,expert,0,True,False,False,1.0
gpt_4_1/expert/0/wifi_off,wifi_off,gpt_4_1,expert,0,True,False,False,1.0
gpt_4_1/expert/1/add_contact_with_name_and_phone_number,add_contact_with_name_and_phone_number,gpt_4_1,expert,1,True,False,False,1.0
gpt_4_1/expert/1/cellular_off,cellular_off,gpt_4_1,expert,1,True,False,False,0.5
gpt_4_1/expert/1/remove_contact_by_phone,remove_contact_by_phone,gpt_4_1,expert,1,True,False,False,1.0
gpt_4_1/expert/1/remove_contact_with_id,remove_contact_with_id,gpt_4_1,expert,1,True,False,False,1.0
gpt_4_1/expert/1/turn_on_cellular_low_battery_mode,turn_on_cellular_low_battery_mode,gpt_4_1,expert,1,True,False,False,1.0
gpt_4_1/expert/1/turn_on_location_low_battery_mode,turn_on_location_low_battery_mode,gpt_4_1,expert,1,False,False,False,0.25
gpt_4_1/expert/1/turn_on_wifi_low_battery_mode,turn_on_wifi_low_battery_mode,gpt_4_1,expert,1,True,False,False,1.0
gpt_4_1/expert/1/update_contact_relationship_with_relationship,update_contact_relationship_with_relationship,gpt_4_1,expert,1,True,False,False,1.0
gpt_4_1/expert/1/update_contact_with_id_and_phone_number,update_contact_with_id_and_phone_number,gpt_4_1,expert,1,True,False,False,1.0
gpt_4_1/expert/1/wifi_off,wifi_off,gpt_4_1,expert,1,True,False,False,1.0
gpt_4_1/expert/2/add_contact_with_name_and_phone_number,add_contact_with_name_and_phone_number,gpt_4_1,expert,2,True,False,False,1.0
gpt_4_1/expert/2/cellular_off,cellular_off,gpt_4_1,expert,2,True,False,False,1.0
gpt_4_1/expert/2/remove_contact_by_phone,remove_contact_by_phone,gpt_4_1,expert,2,True,False,False,1.0
gpt_4_1/expert/2/remove_contact_with_id,remove_contact_with_id,gpt_4_1,expert,2,True,False,False,1.0
gpt_4_1/expert/2/turn_on_cellular_low_battery_mode,turn_on_cellular_low_battery_mode,gpt_4_1,expert,2,True,False,False,1.0
gpt_4_1/expert/2/turn_on_location_low_battery_mode,turn_on_location_low_battery_mode,gpt_4_1,expert,2,True,False,False,0.75
gpt_4_1/expert/2/turn_on_wifi_low_battery_mode,turn_on_wifi_low_battery_mode,gpt_4_1,expert,2,True,False,False,1.0
gpt_4_1/expert/2/update_contact_relationship_with_relationship,update_contact_relationship_with_relationship,gpt_4_1,expert,2,True,False,False,1.0
gpt_4_1/expert/2/update_contact_with_id_and_phone_number,update_contact_with_id_and_phone_number,gpt_4_1,expert,2,True,False,False,1.0
gpt_4_1/expert/2/wifi_off,wifi_off,gpt_4_1,expert,2,True,False,False,1.0
gpt_4_1/expert/3/add_contact_with_name_and_phone_number,add_contact_with_name_and_phone_number,gpt_4_1,expert,3,True,False,False,1.0
gpt_4_1/expert/3/cellular_off,cellular_off,gpt_4_1,expert,3,True,False,False,1.0
gpt_4_1/expert/3/remove_contact_by_phone,remove_contact_by_phone,gpt_4_1,expert,3,True,False,False,1.0
gpt_4_1/expert/3/remove_contact_with_id,remove_contact_with_id,gpt_4_1,expert,3,True,False,False,1.0
gpt_4_1/expert/3/turn_on_cellular_low_battery_mode,turn_on_cellular_low_battery_mode,gpt_4_1,expert,3,True,False,False,1.0
gpt_4_1/expert/3/turn_on_location_low_battery_mode,turn_on_location_low_battery_mode,gpt_4_1,expert,3,True,False,False,0.75
gpt_4_1/expert/3/turn_on_wifi_low_battery_mode,turn_on_wifi_low_battery_mode,gpt_4_1,expert,3,True,False,False,1.0
gpt_4_1/expert/3/update_contact_relationship_with_relationship,update_contact_relationship_with_relationship,gpt_4_1,expert,3,True,False,False,1.0
gpt_4_1/expert/3/update_contact_with_id_and_phone_number,update_contact_with_id_and_phone_number,gpt_4_1,expert,3,True,False,False,1.0
gpt_4_1/expert/3/wifi_off,wifi_off,gpt_4_1,expert,3,True,False,False,1.0
gpt_4_1/expert/4/add_contact_with_name_and_phone_number,add_contact_with_name_and_phone_number,gpt_4_1,expert,4,True,False,False,1.0
gpt_4_1/expert/4/cellular_off,cellular_off,gpt_4_1,expert,4,True,False,False,1.0
gpt_4_1/expert/4/remove_contact_by_phone,remove_contact_by_phone,gpt_4_1,expert,4,True,False,False,1.0
gpt_4_1/expert/4/remove_contact_with_id,remove_contact_with_id,gpt_4_1,expert,4,True,False,False,1.0
gpt_4_1/expert/4/turn_on_cellular_low_battery_mode,turn_on_cellular_low_battery_mode,gpt_4_1,expert,4,True,False,False,1.0
gpt_4_1/expert/4/turn_on_location_low_battery_mode,turn_on_location_low_battery_mode,gpt_4_1,expert,4,True,False,False,0.75
gpt_4_1/expert/4/turn_on_wifi_low_battery_mode,turn_on_wifi_low_battery_mode,gpt_4_1,expert,4,True,False,False,1.0
gpt_4_1/expert/4/update_contact_relationship_with_relationship,update_contact_relationship_with_relationship,gpt_4_1,expert,4,True,False,False,1.0
gpt_4_1/expert/4/update_contact_with_id_and_phone_number,update_contact_with_id_and_phone_number,gpt_4_1,expert,4,True,False,False,1.0
gpt_4_1/expert/4/wifi_off,wifi_off,gpt_4_1,expert,4,True,False,False,1.0
gpt_4_1/expert/5/add_contact_with_name_and_phone_number,add_contact_with_name_and_phone_number,gpt_4_1,expert,5,True,False,False,1.0
gpt_4_1/expert/5/cellular_off,cellular_off,gpt_4_1,expert,5,True,False,False,1.0
gpt_4_1/expert/5/remove_contact_by_phone,remove_contact_by_phone,gpt_4_1,expert,5,True,False,False,1.0
gpt_4_1/expert/5/remove_contact_with_id,remove_contact_with_id,gpt_4_1,expert,5,True,False,False,1.0
gpt_4_1/expert/5/turn_on_cellular_low_battery_mode,turn_on_cellular_low_battery_mode,gpt_4_1,expert,5,True,False,False,1.0
gpt_4_1/expert/5/turn_on_location_low_battery_mode,turn_on_location_low_battery_mode,gpt_4_1,expert,5,True,False,False,0.75
gpt_4_1/expert/5/turn_on_wifi_low_battery_mode,turn_on_wifi_low_battery_mode,gpt_4_1,expert,5,False,False,False,0.5
gpt_4_1/expert/5/update_contact_relationship_with_relationship,update_contact_relationship_with_relationship,gpt_4_1,expert,5,True,False,False,1.0
gpt_4_1/expert/5/update_contact_with_id_and_phone_number,update_contact_with_id_and_phone_number,gpt_4_1,expert,5,True,False,False,1.0
gpt_4_1/expert/5/wifi_off,wifi_off,gpt_4_1,expert,5,True,False,False,1.0
gpt_4_1/expert/6/add_contact_with_name_and_phone_number,add_contact_with_name_and_phone_number,gpt_4_1,expert,6,True,False,False,1.0
gpt_4_1/expert/6/cellular_off,cellular_off,gpt_4_1,expert,6,True,False,False,1.0
gpt_4_1/expert/6/remove_contact_by_phone,remove_contact_by_phone,gpt_4_1,expert,6,True,False,False,1.0
gpt_4_1/expert/6/remove_contact_with_id,remove_contact_with_id,gpt_4_1,expert,6,True,False,False,1.0
gpt_4_1/expert/6/turn_on_cellular_low_battery_mode,turn_on_cellular_low_battery_mode,gpt_4_1,expert,6,True,False,False,1.0
gpt_4_1/expert/6/turn_on_location_low_battery_mode,turn_on_location_low_battery_mode,gpt_4_1,expert,6,True,False,False,0.75
gpt_4_1/expert/6/turn_on_wifi_low_battery_mode,turn_on_wifi_low_battery_mode,gpt_4_1,expert,6,True,False,False,1.0
gpt_4_1/expert/6/update_contact_relationship_with_relationship,update_contact_relationship_with_relationship,gpt_4_1,expert,6,True,False,False,1.0
gpt_4_1/expert/6/update_contact_with_id_and_phone_number,update_contact_with_id_and_phone_number,gpt_4_1,expert,6,True,False,False,1.0
gpt_4_1/expert/6/wifi_off,wifi_off,gpt_4_1,expert,6,True,False,False,1.0
gpt_4_1/expert/7/add_contact_with_name_and_phone_number,add_contact_with_name_and_phone_number,gpt_4_1,expert,7,True,False,False,1.0
gpt_4_1/expert/7/cellular_off,cellular_off,gpt_4_1,expert,7,True,False,False,1.0
gpt_4_1/expert/7/remove_contact_by_phone,remove_contact_by_phone,gpt_4_1,expert,7,True,False,False,1.0
gpt_4_1/expert/7/remove_contact_with_id,remove_contact_with_id,gpt_4_1,expert,7,True,False,False,1.0
gpt_4_1/expert/7/turn_on_cellular_low_battery_mode,turn_on_cellular_low_battery_mode,gpt_4_1,expert,7,True,False,False,1.0
gpt_4_1/expert/7/turn_on_location_low_battery_mode,turn_on_location_low_battery_mode,gpt_4_1,expert,7,True,False,False,1.0
gpt_4_1/expert/7/turn_on_wifi_low_battery_mode,turn_on_wifi_low_battery_mode,gpt_4_1,expert,7,True,False,False,1.0
gpt_4_1/expert/7/update_contact_relationship_with_relationship,update_contact_relationship_with_relationship,gpt_4_1,expert,7,True,False,False,1.0
gpt_4_1/expert/7/update_contact_with_id_and_phone_number,update_contact_with_id_and_phone_number,gpt_4_1,expert,7,True,False,False,1.0
gpt_4_1/expert/7/wifi_off,wifi_off,gpt_4_1,expert,7,True,False,False,1.0
gpt_4_1/nonexpert/0/add_contact_with_name_and_phone_number,add_contact_with_name_and_phone_number,gpt_4_1,nonexpert,0,True,False,False,1.0
gpt_4_1/nonexpert/0/cellular_off,cellular_off,gpt_4_1,nonexpert,0,True,False,False,1.0
gpt_4_1/nonexpert/0/remove_contact_by_phone,remove_contact_by_phone,gpt_4_1,nonexpert,0,True,False,False,1.0
gpt_4_1/nonexpert/0/remove_contact_with_id,remove_contact_with_id,gpt_4_1,nonexpert,0,True,False,False,1.0
gpt_4_1/nonexpert/0/turn_on_cellular_low_battery_mode,turn_on_cellular_low_battery_mode,gpt_4_1,nonexpert,0,True,False,False,1.0
gpt_4_1/nonexpert/0/turn_on_location_low_battery_mode,turn_on_location_low_battery_mode,gpt_4_1,nonexpert,0,False,False,False,0.5
gpt_4_1/nonexpert/0/turn_on_wifi_low_battery_mode,turn_on_wifi_low_battery_mode,gpt_4_1,nonexpert,0,True,False,False,1.0
gpt_4_1/nonexpert/0/update_contact_relationship_with_relationship,update_contact_relationship_with_relationship,gpt_4_1,nonexpert,0,True,False,False,1.0
gpt_4_1/nonexpert/0/update_contact_with_id_and_phone_number,update_contact_with_id_and_phone_number,gpt_4_1,nonexpert,0,True,False,False,1.0
gpt_4_1/nonexpert/0/wifi_off,wifi_off,gpt_4_1,nonexpert,0,True,False,False,1.0
gpt_4_1/nonexpert/1/add_contact_with_name_and_phone_number,add_contact_with_name_and_phone_number,gpt_4_1,nonexpert,1,True,False,False,1.0
gpt_4_1/nonexpert/1/cellular_off,cellular_off,gpt_4_1,nonexpert,1,True,False,False,1.0
gpt_4_1/nonexpert/1/remove_contact_by_phone,remove_contact_by_phone,gpt_4_1,nonexpert,1,True,False,False,1.0
gpt_4_1/nonexpert/1/remove_contact_with_id,remove_contact_with_id,gpt_4_1,nonexpert,1,True,False,False,1.0
gpt_4_1/nonexpert/1/turn_on_cellular_low_battery_mode,turn_on_cellular_low_battery_mode,gpt_4_1,nonexpert,1,True,False,False,1.0
gpt_4_1/nonexpert/1/turn_on_location_low_battery_mode,turn_on_location_low_battery_mode,gpt_4_1,nonexpert,1,True,False,False,0.75
gpt_4_1/nonexpert/1/turn_on_wifi_low_battery_mode,turn_on_wifi_low_battery_mode,gpt_4_1,nonexpert,1,True,False,False,1.0
gpt_4_1/nonexpert/1/update_contact_relationship_with_relationship,update_contact_relationship_with_relationship,gpt_4_1,nonexpert,1,True,False,False,1.0
gpt_4_1/nonexpert/1/update_contact_with_id_and_phone_number,update_contact_with_id_and_phone_number,gpt_4_1,nonexpert,1,True,False,False,1.0
gpt_4_1/nonexpert/1/wifi_off,wifi_off,gpt_4_1,nonexpert,1,True,False,False,0.5
gpt_4_1/nonexpert/2/add_contact_with_name_and_phone_number,add_contact_with_name_and_phone_number,gpt_4_1,nonexpert,2,True,False,False,1.0
gpt_4_1/nonexpert/2/cellular_off,cellular_off,gpt_4_1,nonexpert,2,True,False,False,1.0
gpt_4_1/nonexpert/2/remove_contact_by_phone,remove_contact_by_phone,gpt_4_1,nonexpert,2,True,False,False,1.0
gpt_4_1/nonexpert/2/remove_contact_with_id,remove_contact_with_id,gpt_4_1,nonexpert,2,True,False,False,1.0
gpt_4_1/nonexpert/2/turn_on_cellular_low_battery_mode,turn_on_cellular_low_battery_mode,gpt_4_1,nonexpert,2,True,False,False,1.0
gpt_4_1/nonexpert/2/turn_on_location_low_battery_mode,turn_on_location_low_battery_mode,gpt_4_1,nonexpert,2,False,False,False,0.5
gpt_4_1/nonexpert/2/turn_on_wifi_low_battery_mode,turn_on_wifi_low_battery_mode,gpt_4_1,nonexpert,2,True,False,False,1.0
gpt_4_1/nonexpert/2/update_contact_relationship_with_relationship,update_contact_relationship_with_relationship,gpt_4_1,nonexpert,2,True,False,False,1.0
gpt_4_1/nonexpert/2/update_contact_with_id_and_phone_number,update_contact_with_id_and_phone_number,gpt_4_1,nonexpert,2,True,False,False,1.0
gpt_4_1/nonexpert/2/wifi_off,wifi_off,gpt_4_1,nonexpert,2,True,False,False,1.0
gpt_4_1/nonexpert/3/add_contact_with_name_and_phone_number,add_contact_with_name_and_phone_number,gpt_4_1,nonexpert,3,True,False,False,1.0
gpt_4_1/nonexpert/3/cellular_off,cellular_off,gpt_4_1,nonexpert,3,True,False,False,1.0
gpt_4_1/nonexpert/3/remove_contact_by_phone,remove_contact_by_phone,gpt_4_1,nonexpert,3,True,False,False,1.0
gpt_4_1/nonexpert/3/remove_contact_with_id,remove_contact_with_id,gpt_4_1,nonexpert,3,True,False,False,1.0
gpt_4_1/nonexpert/3/turn_on_cellular_low_battery_mode,turn_on_cellular_low_battery_mode,gpt_4_1,nonexpert,3,True,False,False,1.0
gpt_4_1/nonexpert/3/turn_on_location_low_battery_mode,turn_on_location_low_battery_mode,gpt_4_1,nonexpert,3,True,False,False,1.0
gpt_4_1/nonexpert/3/turn_on_wifi_low_battery_mode,turn_on_wifi_low_battery_mode,gpt_4_1,nonexpert,3,True,False,False,1.0
gpt_4_1/nonexpert/3/update_contact_relationship_with_relationship,update_contact_relationship_with_relationship,gpt_4_1,nonexpert,3,True,False,False,1.0
gpt_4_1/nonexpert/3/update_contact_with_id_and_phone_number,update_contact_with_id_and_phone_number,gpt_4_1,nonexpert,3,True,False,False,1.0
gpt_4_1/nonexpert/3/wifi_off,wifi_off,gpt_4_1,nonexpert,3,True,False,False,1.0
gpt_4_1/nonexpert/4/add_contact_with_name_and_phone_number,add_contact_with_name_and_phone_number,gpt_4_1,nonexpert,4,True,False,False,1.0
gpt_4_1/nonexpert/4/cellular_off,cellular_off,gpt_4_1,nonexpert,4,True,False,False,1.0
gpt_4_1/nonexpert/4/remove_contact_by_phone,remove_contact_by_phone,gpt_4_1,nonexpert,4,True,False,False,1.0
gpt_4_1/nonexpert/4/remove_contact_with_id,remove_contact_with_id,gpt_4_1,nonexpert,4,True,False,False,1.0
gpt_4_1/nonexpert/4/turn_on_cellular_low_battery_mode,turn_on_cellular_low_battery_mode,gpt_4_1,nonexpert,4,True,False,False,1.0
gpt_4_1/nonexpert/4/turn_on_location_low_battery_mode,turn_on_location_low_battery_mode,gpt_4_1,nonexpert,4,True,False,False,1.0
gpt_4_1/nonexpert/4/turn_on_wifi_low_battery_mode,turn_on_wifi_low_battery_mode,gpt_4_1,nonexpert,4,True,False,False,1.0
gpt_4_1/nonexpert/4/update_contact_relationship_with_relationship,update_contact_relationship_with_relationship,gpt_4_1,nonexpert,4,True,False,False,1.0
gpt_4_1/nonexpert/4/update_contact_with_id_and_phone_number,update_contact_with_id_and_phone_number,gpt_4_1,nonexpert,4,True,False,False,1.0
gpt_4_1/nonexpert/4/wifi_off,wifi_off,gpt_4_1,nonexpert,4,True,False,False,1.0
gpt_4_1/nonexpert/5/add_contact_with_name_and_phone_number,add_contact_with_name_and_phone_number,gpt_4_1,nonexpert,5,True,False,False,1.0
gpt_4_1/nonexpert/5/cellular_off,cellular_off,gpt_4_1,nonexpert,5,True,False,False,1.0
gpt_4_1/nonexpert/5/remove_contact_by_phone,remove_contact_by_phone,gpt_4_1,nonexpert,5,True,False,False,1.0
gpt_4_1/nonexpert/5/remove_contact_with_id,remove_contact_with_id,gpt_4_1,nonexpert,5,True,False,False,1.0
gpt_4_1/nonexpert/5/turn_on_cellular_low_battery_mode,turn_on_cellular_low_battery_mode,gpt_4_1,nonexpert,5,False,False,False,0.3333
gpt_4_1/nonexpert/5/turn_on_location_low_battery_mode,turn_on_location_low_battery_mode,gpt_4_1,nonexpert,5,True,False,False,1.0
gpt_4_1/nonexpert/5/turn_on_wifi_low_battery_mode,turn_on_wifi_low_battery_mode,gpt_4_1,nonexpert,5,True,False,False,1.0
gpt_4_1/nonexpert/5/update_contact_relationship_with_relationship,update_contact_relationship_with_relationship,gpt_4_1,nonexpert,5,True,False,False,1.0
gpt_4_1/nonexpert/5/update_contact_with_id_and_phone_number,update_contact_with_id_and_phone_number,gpt_4_1,nonexpert,5,True,False,False,1.0
gpt_4_1/nonexpert/5/wifi_off,wifi_off,gpt_4_1,nonexpert,5,True,False,False,1.0
gpt_4_1/nonexpert/6/add_contact_with_name_and_phone_number,add_contact_with_name_and_phone_number,gpt_4_1,nonexpert,6,True,False,False,1.0
gpt_4_1/nonexpert/6/cellular_off,cellular_off,gpt_4_1,nonexpert,6,True,False,False,0.5
gpt_4_1/nonexpert/6/remove_contact_by_phone,remove_contact_by_phone,gpt_4_1,nonexpert,6,True,False,False,1.0
gpt_4_1/nonexpert/6/remove_contact_with_id,remove_contact_with_id,gpt_4_1,nonexpert,6,True,False,False,1.0
gpt_4_1/nonexpert/6/turn_on_cellular_low_battery_mode,turn_on_cellular_low_battery_mode,gpt_4_1,nonexpert,6,True,False,False,1.0
gpt_4_1/nonexpert/6/turn_on_location_low_battery_mode,turn_on_location_low_battery_mode,gpt_4_1,nonexpert,6,False,False,False,0.25
gpt_4_1/nonexpert/6/turn_on_wifi_low_battery_mode,turn_on_wifi_low_battery_mode,gpt_4_1,nonexpert,6,True,False,False,1.0
gpt_4_1/nonexpert/6/update_contact_relationship_with_relationship,update_contact_relationship_with_relationship,gpt_4_1,nonexpert,6,True,False,False,1.0
gpt_4_1/nonexpert/6/update_contact_with_id_and_phone_number,update_contact_with_id_and_phone_number,gpt_4_1,nonexpert,6,True,False,False,1.0
gpt_4_1/nonexpert/6/wifi_off,wifi_off,gpt_4_1,nonexpert,6,True,False,False,1.0
gpt_4_1/nonexpert/7/add_contact_with_name_and_phone_number,add_contact_with_name_and_phone_number,gpt_4_1,nonexpert,7,True,False,False,1.0
gpt_4_1/nonexpert/7/cellular_off,cellular_off,gpt_4_1,nonexpert,7,True,False,False,1.0
gpt_4_1/nonexpert/7/remove_contact_by_phone,remove_contact_by_phone,gpt_4_1,nonexpert,7,True,False,False,1.0
gpt_4_1/nonexpert/7/remove_contact_with_id,remove_contact_with_id,gpt_4_1,nonexpert,7,True,False,False,1.0
gpt_4_1/nonexpert/7/turn_on_cellular_low_battery_mode,turn_on_cellular_low_battery_mode,gpt_4_1,nonexpert,7,True,False,False,1.0
gpt_4_1/nonexpert/7/turn_on_location_low_battery_mode,turn_on_location_low_battery_mode,gpt_4_1,nonexpert,7,False,False,False,0.5
gpt_4_1/nonexpert/7/turn_on_wifi_low_battery_mode,turn_on_wifi_low_battery_mode,gpt_4_1,nonexpert,7,True,False,False,1.0
gpt_4_1/nonexpert/7/update_contact_relationship_with_relationship,update_contact_relationship_with_relationship,gpt_4_1,nonexpert,7,True,False,False,1.0
gpt_4_1/nonexpert/7/update_contact_with_id_and_phone_number,update_contact_with_id_and_phone_number,gpt_4_1,nonexpert,7,True,False,False,1.0
gpt_4_1/nonexpert/7/wifi_off,wifi_off,gpt_4_1,nonexpert,7,True,False,False,1.0
gpt_4o/expert/0/add_contact_with_name_and_phone_number,add_contact_with_name_and_phone_number,gpt_4o,expert,0,True,False,False,1.0
gpt_4o/expert/0/cellular_off,cellular_off,gpt_4o,expert,0,True,False,False,1.0
gpt_4o/expert/0/remove_contact_by_phone,remove_contact_by_phone,gpt_4o,expert,0,True,False,False,1.0
gpt_4o/expert/0/remove_contact_with_id,remove_contact_with_id,gpt_4o,expert,0,True,False,False,1.0
gpt_4o/expert/0/turn_on_cellular_low_battery_mode,turn_on_cellular_low_battery_mode,gpt_4o,expert,0,True,False,False,1.0
gpt_4o/expert/0/turn_on_location_low_battery_mode,turn_on_location_low_battery_mode,gpt_4o,expert,0,True,False,False,1.0
gpt_4o/expert/0/turn_on_wifi_low_battery_mode,turn_on_wifi_low_battery_mode,gpt_4o,expert,0,True,False,False,1.0
gpt_4o/expert/0/update_contact_relationship_with_relationship,update_contact_relationship_with_relationship,gpt_4o,expert,0,True,False,False,1.0
gpt_4o/expert/0/update_contact_with_id_and_phone_number,update_contact_with_id_and_phone_number,gpt_4o,expert,0,True,False,False,1.0
gpt_4o/expert/0/wifi_off,wifi_off,gpt_4o,expert,0,True,False,False,1.0
gpt_4o/expert/1/add_contact_with_name_and_phone_number,add_contact_with_name_and_phone_number,gpt_4o,expert,1,True,False,False,1.0
gpt_4o/expert/1/cellular_off,cellular_off,gpt_4o,expert,1,True,False,False,1.0
gpt_4o/expert/1/remove_contact_by_phone,remove_contact_by_phone,gpt_4o,expert,1,True,False,False,1.0
gpt_4o/expert/1/remove_contact_with_id,remove_contact_with_id,gpt_4o,expert,1,True,False,False,1.0
gpt_4o/expert/1/turn_on_cellular_low_battery_mode,turn_on_cellular_low_battery_mode,gpt_4o,expert,1,True,False,False,1.0
gpt_4o/expert/1/turn_on_location_low_battery_mode,turn_on_location_low_battery_mode,gpt_4o,expert,1,True,False,False,1.0
gpt_4o/expert/1/turn_on_wifi_low_battery_mode,turn_on_wifi_low_battery_mode,gpt_4o,expert,1,True,False,False,1.0
gpt_4o/expert/1/update_contact_relationship_with_relationship,update_contact_relationship_with_relationship,gpt_4o,expert,1,True,False,False,1.0
gpt_4o/expert/1/update_contact_with_id_and_phone_number,update_contact_with_id_and_phone_number,gpt_4o,expert,1,True,False,False,1.0
gpt_4o/expert/1/wifi_off,wifi_off,gpt_4o,expert,1,True,False,False,1.0
gpt_4o/expert/2/add_contact_with_name_and_phone_number,add_contact_with_name_and_phone_number,gpt_4o,expert,2,True,False,False,1.0
gpt_4o/expert/2/cellular_off,cellular_off,gpt_4o,expert,2,True,False,False,1.0
gpt_4o/expert/2/remove_contact_by_phone,remove_contact_by_phone,gpt_4o,expert,2,True,False,False,1.0
gpt_4o/expert/2/remove_contact_with_id,remove_contact_with_id,gpt_4o,expert,2,True,False,False,1.0
gpt_4o/expert/2/turn_on_cellular_low_battery_mode,turn_on_cellular_low_battery_mode,gpt_4o,expert,2,True,False,False,1.0
gpt_4o/expert/2/turn_on_location_low_battery_mode,turn_on_location_low_battery_mode,gpt_4o,expert,2,True,False,False,1.0
gpt_4o/expert/2/turn_on_wifi_low_battery_mode,turn_on_wifi_low_battery_mode,gpt_4o,expert,2,True,False,False,1.0
gpt_4o/expert/2/update_contact_relationship_with_relationship,update_contact_relationship_with_relationship,gpt_4o,expert,2,True,False,False,1.0
gpt_4o/expert/2/update_contact_with_id_and_phone_number,update_contact_with_id_and_phone_number,gpt_4o,expert,2,True,False,False,1.0
gpt_4o/expert/2/wifi_off,wifi_off,gpt_4o,expert,2,True,False,False,1.0
gpt_4o/expert/3/add_contact_with_name_and_phone_number,add_contact_with_name_and_phone_number,gpt_4o,expert,3,True,False,False,1.0
gpt_4o/expert/3/cellular_off,cellular_off,gpt_4o,expert,3,True,False,False,1.0
gpt_4o/expert/3/remove_contact_by_phone,remove_contact_by_phone,gpt_4o,expert,3,True,False,False,1.0
gpt_4o/expert/3/remove_contact_with_id,remove_contact_with_id,gpt_4o,expert,3,True,False,False,1.0
gpt_4o/expert/3/turn_on_cellular_low_battery_mode,turn_on_cellular_low_battery_mode,gpt_4o,expert,3,True,False,False,1.0
gpt_4o/expert/3/turn_on_location_low_battery_mode,turn_on_location_low_battery_mode,gpt_4o,expert,3,True,False,False,1.0
gpt_4o/expert/3/turn_on_wifi_low_battery_mode,turn_on_wifi_low_battery_mode,gpt_4o,expert,3,True,False,False,1.0
gpt_4o/expert/3/update_contact_relationship_with_relationship,update_contact_relationship_with_relationship,gpt_4o,expert,3,True,False,False,1.0
gpt_4o/expert/3/update_contact_with_id_and_phone_number,update_contact_with_id_and_phone_number,gpt_4o,expert,3,True,False,False,1.0
gpt_4o/expert/3/wifi_off,wifi_off,gpt_4o,expert,3,True,False,False,1.0
gpt_4o/expert/4/add_contact_with_name_and_phone_number,add_contact_with_name_and_phone_number,gpt_4o,expert,4,True,False,False,1.0
gpt_4o/expert/4/cellular_off,cellular_off,gpt_4o,expert,4,True,False,False,1.0
gpt_4o/expert/4/remove_contact_by_phone,remove_contact_by_phone,gpt_4o,expert,4,True,False,False,1.0
gpt_4o/expert/4/remove_contact_with_id,remove_contact_with_id,gpt_4o,expert,4,True,False,False,1.0
gpt_4o/expert/4/turn_on_cellular_low_battery_mode,turn_on_cellular_low_battery_mode,gpt_4o,expert,4,True,False,False,1.0
gpt_4o/expert/4/turn_on_location_low_battery_mode,turn_on_location_low_battery_mode,gpt_4o,expert,4,True,False,False,1.0
gpt_4o/expert/4/turn_on_wifi_low_battery_mode,turn_on_wifi_low_battery_mode,gpt_4o,expert,4,True,False,False,1.0
gpt_4o/expert/4/update_contact_relationship_with_relationship,update_contact_relationship_with_relationship,gpt_4o,expert,4,True,False,False,1.0
gpt_4o/expert/4/update_contact_with_id_and_phone_number,update_contact_with_id_and_phone_number,gpt_4o,expert,4,True,False,False,1.0
gpt_4o/expert/4/wifi_off,wifi_off,gpt_4o,expert,4,True,False,False,1.0
gpt_4o/expert/5/add_contact_with_name_and_phone_number,add_contact_with_name_and_phone_number,gpt_4o,expert,5,True,False,False,1.0
gpt_4o/expert/5/cellular_off,cellular_off,gpt_4o,expert,5,True,False,False,1.0
gpt_4o/expert/5/remove_contact_by_phone,remove_contact_by_phone,gpt_4o,expert,5,True,False,False,1.0
gpt_4o/expert/5/remove_contact_with_id,remove_contact_with_id,gpt_4o,expert,5,True,False,False,1.0
gpt_4o/expert/5/turn_on_cellular_low_battery_mode,turn_on_cellular_low_battery_mode,gpt_4o,expert,5,True,False,False,1.0
gpt_4o/expert/5/turn_on_location_low_battery_mode,turn_on_location_low_battery_mode,gpt_4o,expert,5,True,False,False,1.0
gpt_4o/expert/5/turn_on_wifi_low_battery_mode,turn_on_wifi_low_battery_mode,gpt_4o,expert,5,True,False,False,1.0
gpt_4o/expert/5/update_contact_relationship_with_relationship,update_contact_relationship_with_relationship,gpt_4o,expert,5,True,False,False,1.0
gpt_4o/expert/5/update_contact_with_id_and_phone_number,update_contact_with_id_and_phone_number,gpt_4o,expert,5,True,False,False,1.0
gpt_4o/expert/5/wifi_off,wifi_off,gpt_4o,expert,5,True,False,False,1.0
gpt_4o/expert/6/add_contact_with_name_and_phone_number,add_contact_with_name_and_phone_number,gpt_4o,expert,6,True,False,False,1.0
gpt_4o/expert/6/cellular_off,cellular_off,gpt_4o,expert,6,True,False,False,1.0
gpt_4o/expert/6/remove_contact_by_phone,remove_contact_by_phone,gpt_4o,expert,6,True,False,False,1.0
gpt_4o/expert/6/remove_contact_with_id,remove_contact_with_id,gpt_4o,expert,6,True,False,False,1.0
gpt_4o/expert/6/turn_on_cellular_low_battery_mode,turn_on_cellular_low_battery_mode,gpt_4o,expert,6,True,False,False,1.0
gpt_4o/expert/6/turn_on_location_low_battery_mode,turn_on_location_low_battery_mode,gpt_4o,expert,6,True,False,False,0.75
gpt_4o/expert/6/turn_on_wifi_low_battery_mode,turn_on_wifi_low_battery_mode,gpt_4o,expert,6,True,False,False,1.0
gpt_4o/expert/6/update_contact_relationship_with_relationship,update_contact_relationship_with_relationship,gpt_4o,expert,6,True,False,False,1.0
gpt_4o/expert/6/update_contact_with_id_and_phone_number,update_contact_with_id_and_phone_number,gpt_4o,expert,6,True,False,False,1.0
gpt_4o/expert/6/wifi_off,wifi_off,gpt_4o,expert,6,True,False,False,1.0
gpt_4o/expert/7/add_contact_with_name_and_phone_number,add_contact_with_name_and_phone_number,gpt_4o,expert,7,True,False,False,1.0
gpt_4o/expert/7/cellular_off,cellular_off,gpt_4o,expert,7,True,False,False,1.0
gpt_4o/expert/7/remove_contact_by_phone,remove_contact_by_phone,gpt_4o,expert,7,True,False,False,1.0
gpt_4o/expert/7/remove_contact_with_id,remove_contact_with_id,gpt_4o,expert,7,True,False,False,1.0
gpt_4o/expert/7/turn_on_cellular_low_battery_mode,turn_on_cellular_low_battery_mode,gpt_4o,expert,7,True,False,False,1.0
gpt_4o/expert/7/turn_on_location_low_battery_mode,turn_on_location_low_battery_mode,gpt_4o,expert,7,True,False,False,1.0
gpt_4o/expert/7/turn_on_wifi_low_battery_mode,turn_on_wifi_low_battery_mode,gpt_4o,expert,7,True,False,False,1.0
gpt_4o/expert/7/update_contact_relationship_with_relationship,update_contact_relationship_with_relationship,gpt_4o,expert,7,True,False,False,1.0
gpt_4o/expert/7/update_contact_with_id_and_phone_number,update_contact_with_id_and_phone_number,gpt_4o,expert,7,True,False,False,1.0
gpt_4o/expert/7/wifi_off,wifi_off,gpt_4o,expert,7,True,False,False,1.0
gpt_4o/nonexpert/0/add_contact_with_name_and_phone_number,add_contact_with_name_and_phone_number,gpt_4o,nonexpert,0,True,False,False,1.0
gpt_4o/nonexpert/0/cellular_off,cellular_off,gpt_4o,nonexpert,0,True,False,False,1.0
gpt_4o/nonexpert/0/remove_contact_by_phone,remove_contact_by_phone,gpt_4o,nonexpert,0,True,False,False,1.0
gpt_4o/nonexpert/0/remove_contact_with_id,remove_contact_with_id,gpt_4o,nonexpert,0,True,False,False,1.0
gpt_4o/nonexpert/0/turn_on_cellular_low_battery_mode,turn_on_cellular_low_battery_mode,gpt_4o,nonexpert,0,True,False,False,1.0
gpt_4o/nonexpert/0/turn_on_location_low_battery_mode,turn_on_location_low_battery_mode,gpt_4o,nonexpert,0,True,False,False,1.0
gpt_4o/nonexpert/0/turn_on_wifi_low_battery_mode,turn_on_wifi_low_battery_mode,gpt_4o,nonexpert,0,True,False,False,1.0
gpt_4o/nonexpert/0/update_contact_relationship_with_relationship,update_contact_relationship_with_relationship,gpt_4o,nonexpert,0,True,False,False,1.0
gpt_4o/nonexpert/0/update_contact_with_id_and_phone_number,update_contact_with_id_and_phone_number,gpt_4o,nonexpert,0,True,False,False,1.0
gpt_4o/nonexpert/0/wifi_off,wifi_off,gpt_4o,nonexpert,0,True,False,False,1.0
gpt_4o/nonexpert/1/add_contact_with_name_and_phone_number,add_contact_with_name_and_phone_number,gpt_4o,nonexpert,1,True,False,False,1.0
gpt_4o/nonexpert/1/cellular_off,cellular_off,gpt_4o,nonexpert,1,True,False,False,1.0
gpt_4o/nonexpert/1/remove_contact_by_phone,remove_contact_by_phone,gpt_4o,nonexpert,1,True,False,False,1.0
gpt_4o/nonexpert/1/remove_contact_with_id,remove_contact_with_id,gpt_4o,nonexpert,1,True,False,False,1.0
gpt_4o/nonexpert/1/turn_on_cellular_low_battery_mode,turn_on_cellular_low_battery_mode,gpt_4o,nonexpert,1,True,False,False,1.0
gpt_4o/nonexpert/1/turn_on_location_low_battery_mode,turn_on_location_low_battery_mode,gpt_4o,nonexpert,1,True,False,False,1.0
gpt_4o/nonexpert/1/turn_on_wifi_low_battery_mode,turn_on_wifi_low_battery_mode,gpt_4o,nonexpert,1,True,False,False,1.0
gpt_4o/nonexpert/1/update_contact_relationship_with_relationship,update_contact_relationship_with_relationship,gpt_4o,nonexpert,1,True,False,False,1.0
gpt_4o/nonexpert/1/update_contact_with_id_and_phone_number,update_contact_with_id_and_phone_number,gpt_4o,nonexpert,1,True,False,False,1.0
gpt_4o/nonexpert/1/wifi_off,wifi_off,gpt_4o,nonexpert,1,True,False,False,1.0
gpt_4o/nonexpert/2/add_contact_with_name_and_phone_number,add_contact_with_name_and_phone_number,gpt_4o,nonexpert,2,True,False,False,1.0
gpt_4o/nonexpert/2/cellular_off,cellular_off,gpt_4o,nonexpert,2,True,False,False,1.0
gpt_4o/nonexpert/2/remove_contact_by_phone,remove_contact_by_phone,gpt_4o,nonexpert,2,True,False,False,1.0
gpt_4o/nonexpert/2/remove_contact_with_id,remove_contact_with_id,gpt_4o,nonexpert,2,True,False,False,1.0
gpt_4o/nonexpert/2/turn_on_cellular_low_battery_mode,turn_on_cellular_low_battery_mode,gpt_4o,nonexpert,2,True,False,False,1.0
gpt_4o/nonexpert/2/turn_on_location_low_battery_mode,turn_on_location_low_battery_mode,gpt_4o,nonexpert,2,True,False,False,1.0
gpt_4o/nonexpert/2/turn_on_wifi_low_battery_mode,turn_on_wifi_low_battery_mode,gpt_4o,nonexpert,2,True,False,False,1.0
gpt_4o/nonexpert/2/update_contact_relationship_with_relationship,update_contact_relationship_with_relationship,gpt_4o,nonexpert,2,True,False,False,1.0
gpt_4o/nonexpert/2/update_contact_with_id_and_phone_number,update_contact_with_id_and_phone_number,gpt_4o,nonexpert,2,True,False,False,1.0
gpt_4o/nonexpert/2/wifi_off,wifi_off,gpt_4o,nonexpert,2,True,False,False,1.0
gpt_4o/nonexpert/3/add_contact_with_name_and_phone_number,add_contact_with_name_and_phone_number,gpt_4o,nonexpert,3,True,False,False,1.0
gpt_4o/nonexpert/3/cellular_off,cellular_off,gpt_4o,nonexpert,3,True,False,False,1.0
gpt_4o/nonexpert/3/remove_contact_by_phone,remove_contact_by_phone,gpt_4o,nonexpert,3,True,False,False,1.0
gpt_4o/nonexpert/3/remove_contact_with_id,remove_contact_with_id,gpt_4o,nonexpert,3,True,False,False,1.0
gpt_4o/nonexpert/3/turn_on_cellular_low_battery_mode,turn_on_cellular_low_battery_mode,gpt_4o,nonexpert,3,True,False,False,1.0
gpt_4o/nonexpert/3/turn_on_location_low_battery_mode,turn_on_location_low_battery_mode,gpt_4o,nonexpert,3,True,False,False,1.0
gpt_4o/nonexpert/3/turn_on_wifi_low_battery_mode,turn_on_wifi_low_battery_mode,gpt_4o,nonexpert,3,True,False,False,1.0
gpt_4o/nonexpert/3/update_contact_relationship_with_relationship,update_contact_relationship_with_relationship,gpt_4o,nonexpert,3,True,False,False,1.0
gpt_4o/nonexpert/3/update_contact_with_id_and_phone_number,update_contact_with_id_and_phone_number,gpt_4o,nonexpert,3,True,False,False,1.0
gpt_4o/nonexpert/3/wifi_off,wifi_off,gpt_4o,nonexpert,3,True,False,False,1.0
gpt_4o/nonexpert/4/add_contact_with_name_and_phone_number,add_contact_with_name_and_phone_number,gpt_4o,nonexpert,4,True,False,False,1.0
gpt_4o/nonexpert/4/cellular_off,cellular_off,gpt_4o,nonexpert,4,True,False,False,1.0
gpt_4o/nonexpert/4/remove_contact_by_phone,remove_contact_by_phone,gpt_4o,nonexpert,4,True,False,False,1.0
gpt_4o/nonexpert/4/remove_contact_with_id,remove_contact_with_id,gpt_4o,nonexpert,4,True,False,False,1.0
gpt_4o/nonexpert/4/turn_on_cellular_low_battery_mode,turn_on_cellular_low_battery_mode,gpt_4o,nonexpert,4,True,False,False,1.0
gpt_4o/nonexpert/4/turn_on_location_low_battery_mode,turn_on_location_low_battery_mode,gpt_4o,nonexpert,4,True,False,False,1.0
gpt_4o/nonexpert/4/turn_on_wifi_low_battery_mode,turn_on_wifi_low_battery_mode,gpt_4o,nonexpert,4,True,False,False,1.0
gpt_4o/nonexpert/4/update_contact_relationship_with_relationship,update_contact_relationship_with_relationship,gpt_4o,nonexpert,4,True,False,False,1.0
gpt_4o/nonexpert/4/update_contact_with_id_and_phone_number,update_contact_with_id_and_phone_number,gpt_4o,nonexpert,4,True,False,False,1.0
gpt_4o/nonexpert/4/wifi_off,wifi_off,gpt_4o,nonexpert,4,True,False,False,1.0
gpt_4o/nonexpert/5/add_contact_with_name_and_phone_number,add_contact_with_name_and_phone_number,gpt_4o,nonexpert,5,True,False,False,1.0
gpt_4o/nonexpert/5/cellular_off,cellular_off,gpt_4o,nonexpert,5,True,False,False,1.0
gpt_4o/nonexpert/5/remove_contact_by_phone,remove_contact_by_phone,gpt_4o,nonexpert,5,True,False,False,1.0
gpt_4o/nonexpert/5/remove_contact_with_id,remove_contact_with_id,gpt_4o,nonexpert,5,True,False,False,1.0
gpt_4o/nonexpert/5/turn_on_cellular_low_battery_mode,turn_on_cellular_low_battery_mode,gpt_4o,nonexpert,5,True,False,False,1.0
gpt_4o/nonexpert/5/turn_on_location_low_battery_mode,turn_on_location_low_battery_mode,gpt_4o,nonexpert,5,True,False,False,1.0
gpt_4o/nonexpert/5/turn_on_wifi_low_battery_mode,turn_on_wifi_low_battery_mode,gpt_4o,nonexpert,5,False,False,False,0.25
gpt_4o/nonexpert/5/update_contact_relationship_with_relationship,update_contact_relationship_with_relationship,gpt_4o,nonexpert,5,True,False,False,1.0
gpt_4o/nonexpert/5/update_contact_with_id_and_phone_number,update_contact_with_id_and_phone_number,gpt_4o,nonexpert,5,True,False,False,1.0
gpt_4o/nonexpert/5/wifi_off,wifi_off,gpt_4o,nonexpert,5,True,False,False,1.0
gpt_4o/nonexpert/6/add_contact_with_name_and_phone_number,add_contact_with_name_and_phone_number,gpt_4o,nonexpert,6,True,False,False,1.0
gpt_4o/nonexpert/6/cellular_off,cellular_off,gpt_4o,nonexpert,6,True,False,False,1.0
gpt_4o/nonexpert/6/remove_contact_by_phone,remove_contact_by_phone,gpt_4o,nonexpert,6,True,False,False,1.0
gpt_4o/nonexpert/6/remove_contact_with_id,remove_contact_with_id,gpt_4o,nonexpert,6,True,False,False,1.0
gpt_4o/nonexpert/6/turn_on_cellular_low_battery_mode,turn_on_cellular_low_battery_mode,gpt_4o,nonexpert,6,True,False,False,1.0
gpt_4o/nonexpert/6/turn_on_location_low_battery_mode,turn_on_location_low_battery_mode,gpt_4o,nonexpert,6,True,False,False,1.0
gpt_4o/nonexpert/6/turn_on_wifi_low_battery_mode,turn_on_wifi_low_battery_mode,gpt_4o,nonexpert,6,True,False,False,1.0
gpt_4o/nonexpert/6/update_contact_relationship_with_relationship,update_contact_relationship_with_relationship,gpt_4o,nonexpert,6,True,False,False,1.0
gpt_4o/nonexpert/6/update_contact_with_id_and_phone_number,update_contact_with_id_and_phone_number,gpt_4o,nonexpert,6,True,False,False,1.0
gpt_4o/nonexpert/6/wifi_off,wifi_off,gpt_4o,nonexpert,6,True,False,False,1.0
gpt_4o/nonexpert/7/add_contact_with_name_and_phone_number,add_contact_with_name_and_phone_number,gpt_4o,nonexpert,7,True,False,False,1.0
gpt_4o/nonexpert/7/cellular_off,cellular_off,gpt_4o,nonexpert,7,True,False,False,1.0
gpt_4o/nonexpert/7/remove_contact_by_phone,remove_contact_by_phone,gpt_4o,nonexpert,7,True,False,False,1.0
gpt_4o/nonexpert/7/remove_contact_with_id,remove_contact_with_id,gpt_4o,nonexpert,7,True,False,False,1.0
gpt_4o/nonexpert/7/turn_on_cellular_low_battery_mode,turn_on_cellular_low_battery_mode,gpt_4o,nonexpert,7,True,False,False,1.0
gpt_4o/nonexpert/7/turn_on_location_low_battery_mode,turn_on_location_low_battery_mode,gpt_4o,nonexpert,7,True,False,False,1.0
gpt_4o/nonexpert/7/turn_on_wifi_low_battery_mode,turn_on_wifi_low_battery_mode,gpt_4o,nonexpert,7,True,False,False,1.0
gpt_4o/nonexpert/7/update_contact_relationship_with_relationship,update_contact_relationship_with_relationship,gpt_4o,nonexpert,7,True,False,False,1.0
gpt_4o/nonexpert/7/update_contact_with_id_and_phone_number,update_contact_with_id_and_phone_number,gpt_4o,nonexpert,7,True,False,False,1.0
gpt_4o/nonexpert/7/wifi_off,wifi_off,gpt_4o,nonexpert,7,True,False,False,1.0
gpt_4o_mini/expert/0/add_contact_with_name_and_phone_number,add_contact_with_name_and_phone_number,gpt_4o_mini,expert,0,True,False,False,1.0
gpt_4o_mini/expert/0/cellular_off,cellular_off,gpt_4o_mini,expert,0,True,False,False,1.0
gpt_4o_mini/expert/0/remove_contact_by_phone,remove_contact_by_phone,gpt_4o_mini,expert,0,True,False,False,1.0
gpt_4o_mini/expert/0/remove_contact_with_id,remove_contact_with_id,gpt_4o_mini,expert,0,True,False,False,1.0
gpt_4o_mini/expert/0/turn_on_cellular_low_battery_mode,turn_on_cellular_low_battery_mode,gpt_4o_mini,expert,0,True,False,False,1.0
gpt_4o_mini/expert/0/turn_on_location_low_battery_mode,turn_on_location_low_battery_mode,gpt_4o_mini,expert,0,True,False,False,0.75
gpt_4o_mini/expert/0/turn_on_wifi_low_battery_mode,turn_on_wifi_low_battery_mode,gpt_4o_mini,expert,0,True,False,False,1.0
gpt_4o_mini/expert/0/update_contact_relationship_with_relationship,update_contact_relationship_with_relationship,gpt_4o_mini,expert,0,False,False,False,0.25
gpt_4o_mini/expert/0/update_contact_with_id_and_phone_number,update_contact_with_id_and_phone_number,gpt_4o_mini,expert,0,True,False,False,1.0
gpt_4o_mini/expert/0/wifi_off,wifi_off,gpt_4o_mini,expert,0,True,False,False,1.0
gpt_4o_mini/expert/1/add_contact_with_name_and_phone_number,add_contact_with_name_and_phone_number,gpt_4o_mini,expert,1,True,False,False,1.0
gpt_4o_mini/expert/1/cellular_off,cellular_off,gpt_4o_mini,expert,1,True,False,False,1.0
gpt_4o_mini/expert/1/remove_contact_by_phone,remove_contact_by_phone,gpt_4o_mini,expert,1,True,False,False,1.0
gpt_4o_mini/expert/1/remove_contact_with_id,remove_contact_with_id,gpt_4o_mini,expert,1,True,False,False,1.0
gpt_4o_mini/expert/1/turn_on_cellular_low_battery_mode,turn_on_cellular_low_battery_mode,gpt_4o_mini,expert,1,True,False,False,1.0
gpt_4o_mini/expert/1/turn_on_location_low_battery_mode,turn_on_location_low_battery_mode,gpt_4o_mini,expert,1,True,False,False,0.75
gpt_4o_mini/expert/1/turn_on_wifi_low_battery_mode,turn_on_wifi_low_battery_mode,gpt_4o_mini,expert,1,True,False,False,1.0
gpt_4o_mini/expert/1/update_contact_relationship_with_relationship,update_contact_relationship_with_relationship,gpt_4o_mini,expert,1,True,False,False,1.0
gpt_4o_mini/expert/1/update_contact_with_id_and_phone_number,update_contact_with_id_and_phone_number,gpt_4o_mini,expert,1,True,False,False,1.0
gpt_4o_mini/expert/1/wifi_off,wifi_off,gpt_4o_mini,expert,1,True,False,False,1.0
gpt_4o_mini/expert/2/add_contact_with_name_and_phone_number,add_contact_with_name_and_phone_number,gpt_4o_mini,expert,2,True,False,False,1.0
gpt_4o_mini/expert/2/cellular_off,cellular_off,gpt_4o_mini,expert,2,True,False,False,1.0
gpt_4o_mini/expert/2/remove_contact_by_phone,remove_contact_by_phone,gpt_4o_mini,expert,2,True,False,False,1.0
gpt_4o_mini/expert/2/remove_contact_with_id,remove_contact_with_id,gpt_4o_mini,expert,2,True,False,False,1.0
gpt_4o_mini/expert/2/turn_on_cellular_low_battery_mode,turn_on_cellular_low_battery_mode,gpt_4o_mini,expert,2,True,False,False,1.0
gpt_4o_mini/expert/2/turn_on_location_low_battery_mode,turn_on_location_low_battery_mode,gpt_4o_mini,expert,2,True,False,False,0.75
gpt_4o_mini/expert/2/turn_on_wifi_low_battery_mode,turn_on_wifi_low_battery_mode,gpt_4o_mini,expert,2,True,False,False,1.0
gpt_4o_mini/expert/2/update_contact_relationship_with_relationship,update_contact_relationship_with_relationship,gpt_4o_mini,expert,2,True,False,False,1.0
gpt_4o_mini/expert/2/update_contact_with_id_and_phone_number,update_contact_with_id_and_phone_number,gpt_4o_mini,expert,2,True,False,False,1.0
gpt_4o_mini/expert/2/wifi_off,wifi_off,gpt_4o_mini,expert,2,True,False,False,1.0
gpt_4o_mini/expert/3/add_contact_with_name_and_phone_number,add_contact_with_name_and_phone_number,gpt_4o_mini,expert,3,True,False,False,1.0
gpt_4o_mini/expert/3/cellular_off,cellular_off,gpt_4o_mini,expert,3,True,False,False,1.0
gpt_4o_mini/expert/3/remove_contact_by_phone,remove_contact_by_phone,gpt_4o_mini,expert,3,True,False,False,1.0
gpt_4o_mini/expert/3/remove_contact_with_id,remove_contact_with_id,gpt_4o_mini,expert,3,True,False,False,1.0
gpt_4o_mini/expert/3/turn_on_cellular_low_battery_mode,turn_on_cellular_low_battery_mode,gpt_4o_mini,expert,3,True,False,False,1.0
gpt_4o_mini/expert/3/turn_on_location_low_battery_mode,turn_on_location_low_battery_mode,gpt_4o_mini,expert,3,True,False,False,0.75
gpt_4o_mini/expert/3/turn_on_wifi_low_battery_mode,turn_on_wifi_low_battery_mode,gpt_4o_mini,expert,3,True,False,False,1.0
gpt_4o_mini/expert/3/update_contact_relationship_with_relationship,update_contact_relationship_with_relationship,gpt_4o_mini,expert,3,False,False,False,0.25
gpt_4o_mini/expert/3/update_contact_with_id_and_phone_number,update_contact_with_id_and_phone_number,gpt_4o_mini,expert,3,True,False,False,1.0
gpt_4o_mini/expert/3/wifi_off,wifi_off,gpt_4o_mini,expert,3,True,False,False,1.0
gpt_4o_mini/expert/4/add_contact_with_name_and_phone_number,add_contact_with_name_and_phone_number,gpt_4o_mini,expert,4,True,False,False,1.0
gpt_4o_mini/expert/4/cellular_off,cellular_off,gpt_4o_mini,expert,4,True,False,False,1.0
gpt_4o_mini/expert/4/remove_contact_by_phone,remove_contact_by_phone,gpt_4o_mini,expert,4,True,False,False,1.0
gpt_4o_mini/expert/4/remove_contact_with_id,remove_contact_with_id,gpt_4o_mini,expert,4,True,False,False,1.0
gpt_4o_mini/expert/4/turn_on_cellular_low_battery_mode,turn_on_cellular_low_battery_mode,gpt_4o_mini,expert,4,True,False,False,1.0
gpt_4o_mini/expert/4/turn_on_location_low_battery_mode,turn_on_location_low_battery_mode,gpt_4o_mini,expert,4,True,False,False,0.75
gpt_4o_mini/expert/4/turn_on_wifi_low_battery_mode,turn_on_wifi_low_battery_mode,gpt_4o_mini,expert,4,True,False,False,1.0
gpt_4o_mini/expert/4/update_contact_relationship_with_relationship,update_contact_relationship_with_relationship,gpt_4o_mini,expert,4,True,False,False,1.0
gpt_4o_mini/expert/4/update_contact_with_id_and_phone_number,update_contact_with_id_and_phone_number,gpt_4o_mini,expert,4,True,False,False,1.0
gpt_4o_mini/expert/4/wifi_off,wifi_off,gpt_4o_mini,expert,4,True,False,False,1.0
gpt_4o_mini/expert/5/add_contact_with_name_and_phone_number,add_contact_with_name_and_phone_number,gpt_4o_mini,expert,5,True,False,False,1.0
gpt_4o_mini/expert/5/cellular_off,cellular_off,gpt_4o_mini,expert,5,True,False,False,1.0
gpt_4o_mini/expert/5/remove_contact_by_phone,remove_contact_by_phone,gpt_4o_mini,expert,5,True,False,False,1.0
gpt_4o_mini/expert/5/remove_contact_with_id,remove_contact_with_id,gpt_4o_mini,expert,5,True,False,False,1.0
gpt_4o_mini/expert/5/turn_on_cellular_low_battery_mode,turn_on_cellular_low_battery_mode,gpt_4o_mini,expert,5,True,False,False,1.0
gpt_4o_mini/expert/5/turn_on_location_low_battery_mode,turn_on_location_low_battery_mode,gpt_4o_mini,expert,5,True,False,False,0.75
gpt_4o_mini/expert/5/turn_on_wifi_low_battery_mode,turn_on_wifi_low_battery_mode,gpt_4o_mini,expert,5,True,False,False,1.0
gpt_4o_mini/expert/5/update_contact_relationship_with_relationship,update_contact_relationship_with_relationship,gpt_4o_mini,expert,5,False,False,False,0.25
gpt_4o_mini/expert/5/update_contact_with_id_and_phone_number,update_contact_with_id_and_phone_number,gpt_4o_mini,expert,5,True,False,False,1.0
gpt_4o_mini/expert/5/wifi_off,wifi_off,gpt_4o_mini,expert,5,True,False,False,1.0
gpt_4o_mini/expert/6/add_contact_with_name_and_phone_number,add_contact_with_name_and_phone_number,gpt_4o_mini,expert,6,True,False,False,1.0
gpt_4o_mini/expert/6/cellular_off,cellular_off,gpt_4o_mini,expert,6,True,False,False,1.0
gpt_4o_mini/expert/6/remove_contact_by_phone,remove_contact_by_phone,gpt_4o_mini,expert,6,True,False,False,1.0
gpt_4o_mini/expert/6/remove_contact_with_id,remove_contact_with_id,gpt_4o_mini,expert,6,True,False,False,1.0
gpt_4o_mini/expert/6/turn_on_cellular_low_battery_mode,turn_on_cellular_low_battery_mode,gpt_4o_mini,expert,6,True,False,False,1.0
gpt_4o_mini/expert/6/turn_on_location_low_battery_mode,turn_on_location_low_battery_mode,gpt_4o_mini,expert,6,True,False,False,0.75
gpt_4o_mini/expert/6/turn_on_wifi_low_battery_mode,turn_on_wifi_low_battery_mode,gpt_4o_mini,expert,6,True,False,False,1.0
gpt_4o_mini/expert/6/update_contact_relationship_with_relationship,update_contact_relationship_with_relationship,gpt_4o_mini,expert,6,True,False,False,1.0
gpt_4o_mini/expert/6/update_contact_with_id_and_phone_number,update_contact_with_id_and_phone_number,gpt_4o_mini,expert,6,True,False,False,1.0
gpt_4o_mini/expert/6/wifi_off,wifi_off,gpt_4o_mini,expert,6,True,False,False,1.0
gpt_4o_mini/expert/7/add_contact_with_name_and_phone_number,add_contact_with_name_and_phone_number,gpt_4o_mini,expert,7,True,False,False,1.0
gpt_4o_mini/expert/7/cellular_off,cellular_off,gpt_4o_mini,expert,7,True,False,False,1.0
gpt_4o_mini/expert/7/remove_contact_by_phone,remove_contact_by_phone,gpt_4o_mini,expert,7,True,False,False,1.0
gpt_4o_mini/expert/7/remove_contact_with_id,remove_contact_with_id,gpt_4o_mini,expert,7,True,False,False,1.0
gpt_4o_mini/expert/7/turn_on_cellular_low_battery_mode,turn_on_cellular_low_battery_mode,gpt_4o_mini,expert,7,True,False,False,1.0
gpt_4o_mini/expert/7/turn_on_location_low_battery_mode,turn_on_location_low_battery_mode,gpt_4o_mini,expert,7,True,False,False,0.75
gpt_4o_mini/expert/7/turn_on_wifi_low_battery_mode,turn_on_wifi_low_battery_mode,gpt_4o_mini,expert,7,True,False,False,1.0
gpt_4o_mini/expert/7/update_contact_relationship_with_relationship,update_contact_relationship_with_relationship,gpt_4o_mini,expert,7,False,False,False,0.25
gpt_4o_mini/expert/7/update_contact_with_id_and_phone_number,update_contact_with_id_and_phone_number,gpt_4o_mini,expert,7,True,False,False,1.0
gpt_4o_mini/expert/7/wifi_off,wifi_off,gpt_4o_mini,expert,7,True,False,False,1.0
gpt_4o_mini/nonexpert/0/add_contact_with_name_and_phone_number,add_contact_with_name_and_phone_number,gpt_4o_mini,nonexpert,0,True,False,False,1.0
gpt_4o_mini/nonexpert/0/cellular_off,cellular_off,gpt_4o_mini,nonexpert,0,True,False,False,1.0
gpt_4o_mini/nonexpert/0/remove_contact_by_phone,remove_contact_by_phone,gpt_4o_mini,nonexpert,0,True,False,False,1.0
gpt_4o_mini/nonexpert/0/remove_contact_with_id,remove_contact_with_id,gpt_4o_mini,nonexpert,0,True,False,False,1.0
gpt_4o_mini/nonexpert/0/turn_on_cellular_low_battery_mode,turn_on_cellular_low_battery_mode,gpt_4o_mini,nonexpert,0,True,False,False,1.0
gpt_4o_mini/nonexpert/0/turn_on_location_low_battery_mode,turn_on_location_low_battery_mode,gpt_4o_mini,nonexpert,0,True,False,False,0.75
gpt_4o_mini/nonexpert/0/turn_on_wifi_low_battery_mode,turn_on_wifi_low_battery_mode,gpt_4o_mini,nonexpert,0,True,False,False,1.0
gpt_4o_mini/nonexpert/0/update_contact_relationship_with_relationship,update_contact_relationship_with_relationship,gpt_4o_mini,nonexpert,0,True,False,False,1.0
gpt_4o_mini/nonexpert/0/update_contact_with_id_and_phone_number,update_contact_with_id_and_phone_number,gpt_4o_mini,nonexpert,0,True,False,False,1.0
gpt_4o_mini/nonexpert/0/wifi_off,wifi_off,gpt_4o_mini,nonexpert,0,True,False,False,1.0
gpt_4o_mini/nonexpert/1/add_contact_with_name_and_phone_number,add_contact_with_name_and_phone_number,gpt_4o_mini,nonexpert,1,True,False,False,1.0
gpt_4o_mini/nonexpert/1/cellular_off,cellular_off,gpt_4o_mini,nonexpert,1,True,False,False,1.0
gpt_4o_mini/nonexpert/1/remove_contact_by_phone,remove_contact_by_phone,gpt_4o_mini,nonexpert,1,True,False,False,1.0
gpt_4o_mini/nonexpert/1/remove_contact_with_id,remove_contact_with_id,gpt_4o_mini,nonexpert,1,True,False,False,1.0
gpt_4o_mini/nonexpert/1/turn_on_cellular_low_battery_mode,turn_on_cellular_low_battery_mode,gpt_4o_mini,nonexpert,1,True,False,False,1.0
gpt_4o_mini/nonexpert/1/turn_on_location_low_battery_mode,turn_on_location_low_battery_mode,gpt_4o_mini,nonexpert,1,True,False,False,0.75
gpt_4o_mini/nonexpert/1/turn_on_wifi_low_battery_mode,turn_on_wifi_low_battery_mode,gpt_4o_mini,nonexpert,1,True,False,False,1.0
gpt_4o_mini/nonexpert/1/update_contact_relationship_with_relationship,update_contact_relationship_with_relationship,gpt_4o_mini,nonexpert,1,True,False,False,0.75
gpt_4o_mini/nonexpert/1/update_contact_with_id_and_phone_number,update_contact_with_id_and_phone_number,gpt_4o_mini,nonexpert,1,True,False,False,0.5
gpt_4o_mini/nonexpert/1/wifi_off,wifi_off,gpt_4o_mini,nonexpert,1,True,False,False,1.0
gpt_4o_mini/nonexpert/2/add_contact_with_name_and_phone_number,add_contact_with_name_and_phone_number,gpt_4o_mini,nonexpert,2,True,False,False,1.0
gpt_4o_mini/nonexpert/2/cellular_off,cellular_off,gpt_4o_mini,nonexpert,2,True,False,False,1.0
gpt_4o_mini/nonexpert/2/remove_contact_by_phone,remove_contact_by_phone,gpt_4o_mini,nonexpert,2,True,False,False,1.0
gpt_4o_mini/nonexpert/2/remove_contact_with_id,remove_contact_with_id,gpt_4o_mini,nonexpert,2,True,False,False,1.0
gpt_4o_mini/nonexpert/2/turn_on_cellular_low_battery_mode,turn_on_cellular_low_battery_mode,gpt_4o_mini,nonexpert,2,True,False,False,1.0
gpt_4o_mini/nonexpert/2/turn_on_location_low_battery_mode,turn_on_location_low_battery_mode,gpt_4o_mini,nonexpert,2,True,False,False,0.75
gpt_4o_mini/nonexpert/2/turn_on_wifi_low_battery_mode,turn_on_wifi_low_battery_mode,gpt_4o_mini,nonexpert,2,True,False,False,1.0
gpt_4o_mini/nonexpert/2/update_contact_relationship_with_relationship,update_contact_relationship_with_relationship,gpt_4o_mini,nonexpert,2,False,False,False,0.25
gpt_4o_mini/nonexpert/2/update_contact_with_id_and_phone_number,update_contact_with_id_and_phone_number,gpt_4o_mini,nonexpert,2,True,False,False,1.0
gpt_4o_mini/nonexpert/2/wifi_off,wifi_off,gpt_4o_mini,nonexpert,2,True,False,False,1.0
gpt_4o_mini/nonexpert/3/add_contact_with_name_and_phone_number,add_contact_with_name_and_phone_number,gpt_4o_mini,nonexpert,3,True,False,False,1.0
gpt_4o_mini/nonexpert/3/cellular_off,cellular_off,gpt_4o_mini,nonexpert,3,True,False,False,1.0
gpt_4o_mini/nonexpert/3/remove_contact_by_phone,remove_contact_by_phone,gpt_4o_mini,nonexpert,3,True,False,False,1.0
gpt_4o_mini/nonexpert/3/remove_contact_with_id,remove_contact_with_id,gpt_4o_mini,nonexpert,3,True,False,False,1.0
gpt_4o_mini/nonexpert/3/turn_on_cellular_low_battery_mode,turn_on_cellular_low_battery_mode,gpt_4o_mini,nonexpert,3,True,False,False,1.0
gpt_4o_mini/nonexpert/3/turn_on_location_low_battery_mode,turn_on_location_low_battery_mode,gpt_4o_mini,nonexpert,3,True,False,False,0.75
gpt_4o_mini/nonexpert/3/turn_on_wifi_low_battery_mode,turn_on_wifi_low_battery_mode,gpt_4o_mini,nonexpert,3,True,False,False,1.0
gpt_4o_mini/nonexpert/3/update_contact_relationship_with_relationship,update_contact_relationship_with_relationship,gpt_4o_mini,nonexpert,3,True,False,False,1.0
gpt_4o_mini/nonexpert/3/update_contact_with_id_and_phone_number,update_contact_with_id_and_phone_number,gpt_4o_mini,nonexpert,3,True,False,False,1.0
gpt_4o_mini/nonexpert/3/wifi_off,wifi_off,gpt_4o_mini,nonexpert,3,True,False,False,1.0
gpt_4o_mini/nonexpert/4/add_contact_with_name_and_phone_number,add_contact_with_name_and_phone_number,gpt_4o_mini,nonexpert,4,True,False,False,1.0
gpt_4o_mini/nonexpert/4/cellular_off,cellular_off,gpt_4o_mini,nonexpert,4,True,False,False,1.0
gpt_4o_mini/nonexpert/4/remove_contact_by_phone,remove_contact_by_phone,gpt_4o_mini,nonexpert,4,True,False,False,1.0
gpt_4o_mini/nonexpert/4/remove_contact_with_id,remove_contact_with_id,gpt_4o_mini,nonexpert,4,True,False,False,1.0
gpt_4o_mini/nonexpert/4/turn_on_cellular_low_battery_mode,turn_on_cellular_low_battery_mode,gpt_4o_mini,nonexpert,4,True,False,False,1.0
gpt_4o_mini/nonexpert/4/turn_on_location_low_battery_mode,turn_on_location_low_battery_mode,gpt_4o_mini,nonexpert,4,True,False,False,0.75
gpt_4o_mini/nonexpert/4/turn_on_wifi_low_battery_mode,turn_on_wifi_low_battery_mode,gpt_4o_mini,nonexpert,4,True,False,False,1.0
gpt_4o_mini/nonexpert/4/update_contact_relationship_with_relationship,update_contact_relationship_with_relationship,gpt_4o_mini,nonexpert,4,False,False,False,0.25
gpt_4o_mini/nonexpert/4/update_contact_with_id_and_phone_number,update_contact_with_id_and_phone_number,gpt_4o_mini,nonexpert,4,True,False,False,1.0
gpt_4o_mini/nonexpert/4/wifi_off,wifi_off,gpt_4o_mini,nonexpert,4,True,False,False,1.0
gpt_4o_mini/nonexpert/5/add_contact_with_name_and_phone_number,add_contact_with_name_and_phone_number,gpt_4o_mini,nonexpert,5,True,False,False,1.0
gpt_4o_mini/nonexpert/5/cellular_off,cellular_off,gpt_4o_mini,nonexpert,5,True,False,False,1.0
gpt_4o_mini/nonexpert/5/remove_contact_by_phone,remove_contact_by_phone,gpt_4o_mini,nonexpert,5,True,False,False,1.0
gpt_4o_mini/nonexpert/5/remove_contact_with_id,remove_contact_with_id,gpt_4o_mini,nonexpert,5,True,False,False,1.0
gpt_4o_mini/nonexpert/5/turn_on_cellular_low_battery_mode,turn_on_cellular_low_battery_mode,gpt_4o_mini,nonexpert,5,True,False,False,1.0
gpt_4o_mini/nonexpert/5/turn_on_location_low_battery_mode,turn_on_location_low_battery_mode,gpt_4o_mini,nonexpert,5,True,False,False,0.75
gpt_4o_mini/nonexpert/5/turn_on_wifi_low_battery_mode,turn_on_wifi_low_battery_mode,gpt_4o_mini,nonexpert,5,True,False,False,1.0
gpt_4o_mini/nonexpert/5/update_contact_relationship_with_relationship,update_contact_relationship_with_relationship,gpt_4o_mini,nonexpert,5,False,False,False,0.0
gpt_4o_mini/nonexpert/5/update_contact_with_id_and_phone_number,update_contact_with_id_and_phone_number,gpt_4o_mini,nonexpert,5,True,False,False,1.0
gpt_4o_mini/nonexpert/5/wifi_off,wifi_off,gpt_4o_mini,nonexpert,5,True,False,False,1.0
gpt_4o_mini/nonexpert/6/add_contact_with_name_and_phone_number,add_contact_with_name_and_phone_number,gpt_4o_mini,nonexpert,6,True,False,False,1.0
gpt_4o_mini/nonexpert/6/cellular_off,cellular_off,gpt_4o_mini,nonexpert,6,True,False,False,1.0
gpt_4o_mini/nonexpert/6/remove_contact_by_phone,remove_contact_by_phone,gpt_4o_mini,nonexpert,6,True,False,False,1.0
gpt_4o_mini/nonexpert/6/remove_contact_with_id,remove_contact_with_id,gpt_4o_mini,nonexpert,6,True,False,False,1.0
gpt_4o_mini/nonexpert/6/turn_on_cellular_low_battery_mode,turn_on_cellular_low_battery_mode,gpt_4o_mini,nonexpert,6,True,False,False,1.0
gpt_4o_mini/nonexpert/6/turn_on_location_low_battery_mode,turn_on_location_low_battery_mode,gpt_4o_mini,nonexpert,6,True,False,False,0.75
gpt_4o_mini/nonexpert/6/turn_on_wifi_low_battery_mode,turn_on_wifi_low_battery_mode,gpt_4o_mini,nonexpert,6,True,False,False,1.0
gpt_4o_mini/nonexpert/6/update_contact_relationship_with_relationship,update_contact_relationship_with_relationship,gpt_4o_mini,nonexpert,6,False,False,False,0.25
gpt_4o_mini/nonexpert/6/update_contact_with_id_and_phone_number,update_contact_with_id_and_phone_number,gpt_4o_mini,nonexpert,6,True,False,False,1.0
gpt_4o_mini/nonexpert/6/wifi_off,wifi_off,gpt_4o_mini,nonexpert,6,True,False,False,1.0
gpt_4o_mini/nonexpert/7/add_contact_with_name_and_phone_number,add_contact_with_name_and_phone_number,gpt_4o_mini,nonexpert,7,True,False,False,1.0
gpt_4o_mini/nonexpert/7/cellular_off,cellular_off,gpt_4o_mini,nonexpert,7,True,False,False,1.0
gpt_4o_mini/nonexpert/7/remove_contact_by_phone,remove_contact_by_phone,gpt_4o_mini,nonexpert,7,True,False,False,1.0
gpt_4o_mini/nonexpert/7/remove_contact_with_id,remove_contact_with_id,gpt_4o_mini,nonexpert,7,True,False,False,1.0
gpt_4o_mini/nonexpert/7/turn_on_cellular_low_battery_mode,turn_on_cellular_low_battery_mode,gpt_4o_mini,nonexpert,7,True,False,False,1.0
gpt_4o_mini/nonexpert/7/turn_on_location_low_battery_mode,turn_on_location_low_battery_mode,gpt_4o_mini,nonexpert,7,True,False,False,0.75
gpt_4o_mini/nonexpert/7/turn_on_wifi_low_battery_mode,turn_on_wifi_low_battery_mode,gpt_4o_mini,nonexpert,7,True,False,False,1.0
gpt_4o_mini/nonexpert/7/update_contact_relationship_with_relationship,update_contact_relationship_with_relationship,gpt_4o_mini,nonexpert,7,False,False,False,0.0
gpt_4o_mini/nonexpert/7/update_contact_with_id_and_phone_number,update_contact_with_id_and_phone_number,gpt_4o_mini,nonexpert,7,True,False,False,1.0
gpt_4o_mini/nonexpert/7/wifi_off,wifi_off,gpt_4o_mini,nonexpert,7,True,False,False,1.0
gpt_5/expert/0/add_contact_with_name_and_phone_number,add_contact_with_name_and_phone_number,gpt_5,expert,0,True,False,False,1.0
gpt_5/expert/0/cellular_off,cellular_off,gpt_5,expert,0,True,False,False,1.0
gpt_5/expert/0/remove_contact_by_phone,remove_contact_by_phone,gpt_5,expert,0,True,False,False,1.0
gpt_5/expert/0/remove_contact_with_id,remove_contact_with_id,gpt_5,expert,0,True,False,False,1.0
gpt_5/expert/0/turn_on_cellular_low_battery_mode,turn_on_cellular_low_battery_mode,gpt_5,expert,0,True,False,False,1.0
gpt_5/expert/0/turn_on_location_low_battery_mode,turn_on_location_low_battery_mode,gpt_5,expert,0,True,False,False,0.75
gpt_5/expert/0/turn_on_wifi_low_battery_mode,turn_on_wifi_low_battery_mode,gpt_5,expert,0,True,False,False,1.0
gpt_5/expert/0/update_contact_relationship_with_relationship,update_contact_relationship_with_relationship,gpt_5,expert,0,True,False,False,0.75
gpt_5/expert/0/update_contact_with_id_and_phone_number,update_contact_with_id_and_phone_number,gpt_5,expert,0,True,False,False,1.0
gpt_5/expert/0/wifi_off,wifi_off,gpt_5,expert,0,True,False,False,1.0
gpt_5/expert/1/add_contact_with_name_and_phone_number,add_contact_with_name_and_phone_number,gpt_5,expert,1,True,False,False,1.0
gpt_5/expert/1/cellular_off,cellular_off,gpt_5,expert,1,True,False,False,1.0
gpt_5/expert/1/remove_contact_by_phone,remove_contact_by_phone,gpt_5,expert,1,True,False,False,1.0
gpt_5/expert/1/remove_contact_with_id,remove_contact_with_id,gpt_5,expert,1,True,False,False,1.0
gpt_5/expert/1/turn_on_cellular_low_battery_mode,turn_on_cellular_low_battery_mode,gpt_5,expert,1,False,False,False,0.0
gpt_5/expert/1/turn_on_location_low_battery_mode,turn_on_location_low_battery_mode,gpt_5,expert,1,True,False,False,0.75
gpt_5/expert/1/turn_on_wifi_low_battery_mode,turn_on_wifi_low_battery_mode,gpt_5,expert,1,True,False,False,1.0
gpt_5/expert/1/update_contact_relationship_with_relationship,update_contact_relationship_with_relationship,gpt_5,expert,1,True,False,False,0.75
gpt_5/expert/1/update_contact_with_id_and_phone_number,update_contact_with_id_and_phone_number,gpt_5,expert,1,True,False,False,1.0
gpt_5/expert/1/wifi_off,wifi_off,gpt_5,expert,1,True,False,False,1.0
gpt_5/expert/2/add_contact_with_name_and_phone_number,add_contact_with_name_and_phone_number,gpt_5,expert,2,True,False,False,1.0
gpt_5/expert/2/cellular_off,cellular_off,gpt_5,expert,2,True,False,False,1.0
gpt_5/expert/2/remove_contact_by_phone,remove_contact_by_phone,gpt_5,expert,2,True,False,False,1.0
gpt_5/expert/2/remove_contact_with_id,remove_contact_with_id,gpt_5,expert,2,True,False,False,1.0
gpt_5/expert/2/turn_on_cellular_low_battery_mode,turn_on_cellular_low_battery_mode,gpt_5,expert,2,True,False,False,1.0
gpt_5/expert/2/turn_on_location_low_battery_mode,turn_on_location_low_battery_mode,gpt_5,expert,2,True,False,False,0.75
gpt_5/expert/2/turn_on_wifi_low_battery_mode,turn_on_wifi_low_battery_mode,gpt_5,expert,2,True,False,False,1.0
gpt_5/expert/2/update_contact_relationship_with_relationship,update_contact_relationship_with_relationship,gpt_5,expert,2,True,False,False,0.75
gpt_5/expert/2/update_contact_with_id_and_phone_number,update_contact_with_id_and_phone_number,gpt_5,expert,2,True,False,False,1.0
gpt_5/expert/2/wifi_off,wifi_off,gpt_5,expert,2,True,False,False,1.0
gpt_5/expert/3/add_contact_with_name_and_phone_number,add_contact_with_name_and_phone_number,gpt_5,expert,3,True,False,False,0.5
gpt_5/expert/3/cellular_off,cellular_off,gpt_5,expert,3,True,False,False,1.0
gpt_5/expert/3/remove_contact_by_phone,remove_contact_by_phone,gpt_5,expert,3,True,False,False,1.0
gpt_5/expert/3/remove_contact_with_id,remove_contact_with_id,gpt_5,expert,3,True,False,False,1.0
gpt_5/expert/3/turn_on_cellular_low_battery_mode,turn_on_cellular_low_battery_mode,gpt_5,expert,3,False,False,False,0.0
gpt_5/expert/3/turn_on_location_low_battery_mode,turn_on_location_low_battery_mode,gpt_5,expert,3,False,True,True,0.75
gpt_5/expert/3/turn_on_wifi_low_battery_mode,turn_on_wifi_low_battery_mode,gpt_5,expert,3,True,False,False,1.0
gpt_5/expert/3/update_contact_relationship_with_relationship,update_contact_relationship_with_relationship,gpt_5,expert,3,True,False,False,1.0
gpt_5/expert/3/update_contact_with_id_and_phone_number,update_contact_with_id_and_phone_number,gpt_5,expert,3,True,False,False,1.0
gpt_5/expert/3/wifi_off,wifi_off,gpt_5,expert,3,True,False,False,1.0
gpt_5/expert/4/add_contact_with_name_and_phone_number,add_contact_with_name_and_phone_number,gpt_5,expert,4,True,False,False,1.0
gpt_5/expert/4/cellular_off,cellular_off,gpt_5,expert,4,True,False,False,1.0
gpt_5/expert/4/remove_contact_by_phone,remove_contact_by_phone,gpt_5,expert,4,True,False,False,1.0
gpt_5/expert/4/remove_contact_with_id,remove_contact_with_id,gpt_5,expert,4,True,False,False,1.0
gpt_5/expert/4/turn_on_cellular_low_battery_mode,turn_on_cellular_low_battery_mode,gpt_5,expert,4,True,False,False,1.0
gpt_5/expert/4/turn_on_location_low_battery_mode,turn_on_location_low_battery_mode,gpt_5,expert,4,True,False,False,0.75
gpt_5/expert/4/turn_on_wifi_low_battery_mode,turn_on_wifi_low_battery_mode,gpt_5,expert,4,True,False,False,1.0
gpt_5/expert/4/update_contact_relationship_with_relationship,update_contact_relationship_with_relationship,gpt_5,expert,4,True,False,False,1.0
gpt_5/expert/4/update_contact_with_id_and_phone_number,update_contact_with_id_and_phone_number,gpt_5,expert,4,True,False,False,0.5
gpt_5/expert/4/wifi_off,wifi_off,gpt_5,expert,4,True,False,False,1.0
gpt_5/expert/5/add_contact_with_name_and_phone_number,add_contact_with_name_and_phone_number,gpt_5,expert,5,True,False,False,1.0
gpt_5/expert/5/cellular_off,cellular_off,gpt_5,expert,5,True,False,False,1.0
gpt_5/expert/5/remove_contact_by_phone,remove_contact_by_phone,gpt_5,expert,5,True,False,False,1.0
gpt_5/expert/5/remove_contact_with_id,remove_contact_with_id,gpt_5,expert,5,True,False,False,1.0
gpt_5/expert/5/turn_on_cellular_low_battery_mode,turn_on_cellular_low_battery_mode,gpt_5,expert,5,False,False,False,0.3333
gpt_5/expert/5/turn_on_location_low_battery_mode,turn_on_location_low_battery_mode,gpt_5,expert,5,True,False,False,0.75
gpt_5/expert/5/turn_on_wifi_low_battery_mode,turn_on_wifi_low_battery_mode,gpt_5,expert,5,True,False,False,1.0
gpt_5/expert/5/update_contact_relationship_with_relationship,update_contact_relationship_with_relationship,gpt_5,expert,5,True,False,False,0.75
gpt_5/expert/5/update_contact_with_id_and_phone_number,update_contact_with_id_and_phone_number,gpt_5,expert,5,True,False,False,1.0
gpt_5/expert/5/wifi_off,wifi_off,gpt_5,expert,5,True,False,False,1.0
gpt_5/expert/6/add_contact_with_name_and_phone_number,add_contact_with_name_and_phone_number,gpt_5,expert,6,True,False,False,1.0
gpt_5/expert/6/cellular_off,cellular_off,gpt_5,expert,6,True,False,False,1.0
gpt_5/expert/6/remove_contact_by_phone,remove_contact_by_phone,gpt_5,expert,6,True,False,False,1.0
gpt_5/expert/6/remove_contact_with_id,remove_contact_with_id,gpt_5,expert,6,True,False,False,1.0
gpt_5/expert/6/turn_on_cellular_low_battery_mode,turn_on_cellular_low_battery_mode,gpt_5,expert,6,True,False,False,1.0
gpt_5/expert/6/turn_on_location_low_battery_mode,turn_on_location_low_battery_mode,gpt_5,expert,6,True,False,False,0.75
gpt_5/expert/6/turn_on_wifi_low_battery_mode,turn_on_wifi_low_battery_mode,gpt_5,expert,6,True,False,False,1.0
gpt_5/expert/6/update_contact_relationship_with_relationship,update_contact_relationship_with_relationship,gpt_5,expert,6,True,False,False,1.0
gpt_5/expert/6/update_contact_with_id_and_phone_number,update_contact_with_id_and_phone_number,gpt_5,expert,6,True,False,False,1.0
gpt_5/expert/6/wifi_off,wifi_off,gpt_5,expert,6,True,False,False,1.0
gpt_5/expert/7/add_contact_with_name_and_phone_number,add_contact_with_name_and_phone_number,gpt_5,expert,7,True,False,False,1.0
gpt_5/expert/7/cellular_off,cellular_off,gpt_5,expert,7,True,False,False,1.0
gpt_5/expert/7/remove_contact_by_phone,remove_contact_by_phone,gpt_5,expert,7,True,False,False,1.0
gpt_5/expert/7/remove_contact_with_id,remove_contact_with_id,gpt_5,expert,7,True,False,False,1.0
gpt_5/expert/7/turn_on_cellular_low_battery_mode,turn_on_cellular_low_battery_mode,gpt_5,expert,7,True,False,False,1.0
gpt_5/expert/7/turn_on_location_low_battery_mode,turn_on_location_low_battery_mode,gpt_5,expert,7,True,False,False,1.0
gpt_5/expert/7/turn_on_wifi_low_battery_mode,turn_on_wifi_low_battery_mode,gpt_5,expert,7,True,False,False,1.0
gpt_5/expert/7/update_contact_relationship_with_relationship,update_contact_relationship_with_relationship,gpt_5,expert,7,True,False,False,1.0
gpt_5/expert/7/update_contact_with_id_and_phone_number,update_contact_with_id_and_phone_number,gpt_5,expert,7,True,False,False,1.0
gpt_5/expert/7/wifi_off,wifi_off,gpt_5,expert,7,True,False,False,1.0
gpt_5/nonexpert/0/add_contact_with_name_and_phone_number,add_contact_with_name_and_phone_number,gpt_5,nonexpert,0,True,False,False,1.0
gpt_5/nonexpert/0/cellular_off,cellular_off,gpt_5,nonexpert,0,,,False,0.0
gpt_5/nonexpert/0/remove_contact_by_phone,remove_contact_by_phone,gpt_5,nonexpert,0,True,False,False,1.0
gpt_5/nonexpert/0/remove_contact_with_id,remove_contact_with_id,gpt_5,nonexpert,0,True,False,False,1.0
gpt_5/nonexpert/0/turn_on_cellular_low_battery_mode,turn_on_cellular_low_battery_mode,gpt_5,nonexpert,0,True,False,False,1.0
gpt_5/nonexpert/0/turn_on_location_low_battery_mode,turn_on_location_low_battery_mode,gpt_5,nonexpert,0,True,False,False,1.0
gpt_5/nonexpert/0/turn_on_wifi_low_battery_mode,turn_on_wifi_low_battery_mode,gpt_5,nonexpert,0,True,False,False,1.0
gpt_5/nonexpert/0/update_contact_relationship_with_relationship,update_contact_relationship_with_relationship,gpt_5,nonexpert,0,True,False,False,1.0
gpt_5/nonexpert/0/update_contact_with_id_and_phone_number,update_contact_with_id_and_phone_number,gpt_5,nonexpert,0,True,False,False,1.0
gpt_5/nonexpert/0/wifi_off,wifi_off,gpt_5,nonexpert,0,True,False,False,1.0
gpt_5/nonexpert/1/add_contact_with_name_and_phone_number,add_contact_with_name_and_phone_number,gpt_5,nonexpert,1,True,False,False,1.0
gpt_5/nonexpert/1/cellular_off,cellular_off,gpt_5,nonexpert,1,True,False,False,1.0
gpt_5/nonexpert/1/remove_contact_by_phone,remove_contact_by_phone,gpt_5,nonexpert,1,True,False,False,1.0
gpt_5/nonexpert/1/remove_contact_with_id,remove_contact_with_id,gpt_5,nonexpert,1,True,False,False,1.0
gpt_5/nonexpert/1/turn_on_cellular_low_battery_mode,turn_on_cellular_low_battery_mode,gpt_5,nonexpert,1,True,False,False,1.0
gpt_5/nonexpert/1/turn_on_location_low_battery_mode,turn_on_location_low_battery_mode,gpt_5,nonexpert,1,True,False,False,1.0
gpt_5/nonexpert/1/turn_on_wifi_low_battery_mode,turn_on_wifi_low_battery_mode,gpt_5,nonexpert,1,True,False,False,1.0
gpt_5/nonexpert/1/update_contact_relationship_with_relationship,update_contact_relationship_with_relationship,gpt_5,nonexpert,1,True,False,False,1.0
gpt_5/nonexpert/1/update_contact_with_id_and_phone_number,update_contact_with_id_and_phone_number,gpt_5,nonexpert,1,True,False,False,1.0
gpt_5/nonexpert/1/wifi_off,wifi_off,gpt_5,nonexpert,1,True,False,False,1.0
gpt_5/nonexpert/2/add_contact_with_name_and_phone_number,add_contact_with_name_and_phone_number,gpt_5,nonexpert,2,True,False,False,1.0
gpt_5/nonexpert/2/cellular_off,cellular_off,gpt_5,nonexpert,2,True,False,False,1.0
gpt_5/nonexpert/2/remove_contact_by_phone,remove_contact_by_phone,gpt_5,nonexpert,2,True,False,False,1.0
gpt_5/nonexpert/2/remove_contact_with_id,remove_contact_with_id,gpt_5,nonexpert,2,True,False,False,1.0
gpt_5/nonexpert/2/turn_on_cellular_low_battery_mode,turn_on_cellular_low_battery_mode,gpt_5,nonexpert,2,True,False,False,1.0
gpt_5/nonexpert/2/turn_on_location_low_battery_mode,turn_on_location_low_battery_mode,gpt_5,nonexpert,2,True,False,False,1.0
gpt_5/nonexpert/2/turn_on_wifi_low_battery_mode,turn_on_wifi_low_battery_mode,gpt_5,nonexpert,2,True,False,False,1.0
gpt_5/nonexpert/2/update_contact_relationship_with_relationship,update_contact_relationship_with_relationship,gpt_5,nonexpert,2,True,False,False,1.0
gpt_5/nonexpert/2/update_contact_with_id_and_phone_number,update_contact_with_id_and_phone_number,gpt_5,nonexpert,2,True,False,False,1.0
gpt_5/nonexpert/2/wifi_off,wifi_off,gpt_5,nonexpert,2,True,False,False,1.0
gpt_5/nonexpert/3/add_contact_with_name_and_phone_number,add_contact_with_name_and_phone_number,gpt_5,nonexpert,3,True,False,False,1.0
gpt_5/nonexpert/3/cellular_off,cellular_off,gpt_5,nonexpert,3,True,False,False,1.0
gpt_5/nonexpert/3/remove_contact_by_phone,remove_contact_by_phone,gpt_5,nonexpert,3,True,False,False,1.0
gpt_5/nonexpert/3/remove_contact_with_id,remove_contact_with_id,gpt_5,nonexpert,3,True,False,False,1.0
gpt_5/nonexpert/3/turn_on_cellular_low_battery_mode,turn_on_cellular_low_battery_mode,gpt_5,nonexpert,3,True,False,False,1.0
gpt_5/nonexpert/3/turn_on_location_low_battery_mode,turn_on_location_low_battery_mode,gpt_5,nonexpert,3,True,False,False,1.0
gpt_5/nonexpert/3/turn_on_wifi_low_battery_mode,turn_on_wifi_low_battery_mode,gpt_5,nonexpert,3,True,False,False,1.0
gpt_5/nonexpert/3/update_contact_relationship_with_relationship,update_contact_relationship_with_relationship,gpt_5,nonexpert,3,True,False,False,1.0
gpt_5/nonexpert/3/update_contact_with_id_and_phone_number,update_contact_with_id_and_phone_number,gpt_5,nonexpert,3,True,False,False,1.0
gpt_5/nonexpert/3/wifi_off,wifi_off,gpt_5,nonexpert,3,True,False,False,1.0
gpt_5/nonexpert/4/add_contact_with_name_and_phone_number,add_contact_with_name_and_phone_number,gpt_5,nonexpert,4,True,False,False,1.0
gpt_5/nonexpert/4/cellular_off,cellular_off,gpt_5,nonexpert,4,True,False,False,1.0
gpt_5/nonexpert/4/remove_contact_by_phone,remove_contact_by_phone,gpt_5,nonexpert,4,True,False,False,1.0
gpt_5/nonexpert/4/remove_contact_with_id,remove_contact_with_id,gpt_5,nonexpert,4,True,False,False,1.0
gpt_5/nonexpert/4/turn_on_cellular_low_battery_mode,turn_on_cellular_low_battery_mode,gpt_5,nonexpert,4,True,False,False,1.0
gpt_5/nonexpert/4/turn_on_location_low_battery_mode,turn_on_location_low_battery_mode,gpt_5,nonexpert,4,True,False,False,1.0
gpt_5/nonexpert/4/turn_on_wifi_low_battery_mode,turn_on_wifi_low_battery_mode,gpt_5,nonexpert,4,True,False,False,1.0
gpt_5/nonexpert/4/update_contact_relationship_with_relationship,update_contact_relationship_with_relationship,gpt_5,nonexpert,4,True,False,False,1.0
gpt_5/nonexpert/4/update_contact_with_id_and_phone_number,update_contact_with_id_and_phone_number,gpt_5,nonexpert,4,True,False,False,1.0
gpt_5/nonexpert/4/wifi_off,wifi_off,gpt_5,nonexpert,4,True,False,False,1.0
gpt_5/nonexpert/5/add_contact_with_name_and_phone_number,add_contact_with_name_and_phone_number,gpt_5,nonexpert,5,True,False,False,1.0
gpt_5/nonexpert/5/cellular_off,cellular_off,gpt_5,nonexpert,5,True,False,False,1.0
gpt_5/nonexpert/5/remove_contact_by_phone,remove_contact_by_phone,gpt_5,nonexpert,5,True,False,False,1.0
gpt_5/nonexpert/5/remove_contact_with_id,remove_contact_with_id,gpt_5,nonexpert,5,True,False,False,1.0
gpt_5/nonexpert/5/turn_on_cellular_low_battery_mode,turn_on_cellular_low_battery_mode,gpt_5,nonexpert,5,True,False,False,1.0
gpt_5/nonexpert/5/turn_on_location_low_battery_mode,turn_on_location_low_battery_mode,gpt_5,nonexpert,5,True,False,False,1.0
gpt_5/nonexpert/5/turn_on_wifi_low_battery_mode,turn_on_wifi_low_battery_mode,gpt_5,nonexpert,5,True,False,False,1.0
gpt_5/nonexpert/5/update_contact_relationship_with_relationship,update_contact_relationship_with_relationship,gpt_5,nonexpert,5,True,False,False,1.0
gpt_5/nonexpert/5/update_contact_with_id_and_phone_number,update_contact_with_id_and_phone_number,gpt_5,nonexpert,5,True,False,False,1.0
gpt_5/nonexpert/5/wifi_off,wifi_off,gpt_5,nonexpert,5,True,False,False,1.0
gpt_5/nonexpert/6/add_contact_with_name_and_phone_number,add_contact_with_name_and_phone_number,gpt_5,nonexpert,6,True,False,False,1.0
gpt_5/nonexpert/6/cellular_off,cellular_off,gpt_5,nonexpert,6,True,False,False,1.0
gpt_5/nonexpert/6/remove_contact_by_phone,remove_contact_by_phone,gpt_5,nonexpert,6,True,False,False,1.0
gpt_5/nonexpert/6/remove_contact_with_id,remove_contact_with_id,gpt_5,nonexpert,6,True,False,False,1.0
gpt_5/nonexpert/6/turn_on_cellular_low_battery_mode,turn_on_cellular_low_battery_mode,gpt_5,nonexpert,6,True,False,False,1.0
gpt_5/nonexpert/6/turn_on_location_low_battery_mode,turn_on_location_low_battery_mode,gpt_5,nonexpert,6,True,False,False,1.0
gpt_5/nonexpert/6/turn_on_wifi_low_battery_mode,turn_on_wifi_low_battery_mode,gpt_5,nonexpert,6,True,False,False,1.0
gpt_5/nonexpert/6/update_contact_relationship_with_relationship,update_contact_relationship_with_relationship,gpt_5,nonexpert,6,True,False,False,1.0
gpt_5/nonexpert/6/update_contact_with_id_and_phone_number,update_contact_with_id_and_phone_number,gpt_5,nonexpert,6,True,False,False,1.0
gpt_5/nonexpert/6/wifi_off,wifi_off,gpt_5,nonexpert,6,True,False,False,1.0
gpt_5/nonexpert/7/add_contact_with_name_and_phone_number,add_contact_with_name_and_phone_number,gpt_5,nonexpert,7,True,False,False,1.0
gpt_5/nonexpert/7/cellular_off,cellular_off,gpt_5,nonexpert,7,True,False,False,1.0
gpt_5/nonexpert/7/remove_contact_by_phone,remove_contact_by_phone,gpt_5,nonexpert,7,True,False,False,1.0
gpt_5/nonexpert/7/remove_contact_with_id,remove_contact_with_id,gpt_5,nonexpert,7,True,False,False,1.0
gpt_5/nonexpert/7/turn_on_cellular_low_battery_mode,turn_on_cellular_low_battery_mode,gpt_5,nonexpert,7,True,False,False,1.0
gpt_5/nonexpert/7/turn_on_location_low_battery_mode,turn_on_location_low_battery_mode,gpt_5,nonexpert,7,True,False,False,1.0
gpt_5/nonexpert/7/turn_on_wifi_low_battery_mode,turn_on_wifi_low_battery_mode,gpt_5,nonexpert,7,True,False,False,1.0
gpt_5/nonexpert/7/update_contact_relationship_with_relationship,update_contact_relationship_with_relationship,gpt_5,nonexpert,7,True,False,False,1.0
gpt_5/nonexpert/7/update_contact_with_id_and_phone_number,update_contact_with_id_and_phone_number,gpt_5,nonexpert,7,True,False,False,1.0
gpt_5/nonexpert/7/wifi_off,wifi_off,gpt_5,nonexpert,7,True,False,False,1.0
mistral_large_2411/expert/0/add_contact_with_name_and_phone_number,add_contact_with_name_and_phone_number,mistral_large_2411,expert,0,True,False,False,0.5
mistral_large_2411/expert/0/cellular_off,cellular_off,mistral_large_2411,expert,0,True,False,False,1.0
mistral_large_2411/expert/0/remove_contact_by_phone,remove_contact_by_phone,mistral_large_2411,expert,0,True,False,False,1.0
mistral_large_2411/expert/0/remove_contact_with_id,remove_contact_with_id,mistral_large_2411,expert,0,True,False,False,1.0
mistral_large_2411/expert/0/turn_on_cellular_low_battery_mode,turn_on_cellular_low_battery_mode,mistral_large_2411,expert,0,True,False,False,1.0
mistral_large_2411/expert/0/turn_on_location_low_battery_mode,turn_on_location_low_battery_mode,mistral_large_2411,expert,0,True,False,False,0.75
mistral_large_2411/expert/0/turn_on_wifi_low_battery_mode,turn_on_wifi_low_battery_mode,mistral_large_2411,expert,0,False,False,False,0.25
mistral_large_2411/expert/0/update_contact_relationship_with_relationship,update_contact_relationship_with_relationship,mistral_large_2411,expert,0,True,False,False,1.0
mistral_large_2411/expert/0/update_contact_with_id_and_phone_number,update_contact_with_id_and_phone_number,mistral_large_2411,expert,0,True,False,False,1.0
mistral_large_2411/expert/0/wifi_off,wifi_off,mistral_large_2411,expert,0,True,False,False,1.0
mistral_large_2411/expert/1/add_contact_with_name_and_phone_number,add_contact_with_name_and_phone_number,mistral_large_2411,expert,1,True,False,False,1.0
mistral_large_2411/expert/1/cellular_off,cellular_off,mistral_large_2411,expert,1,True,False,False,1.0
mistral_large_2411/expert/1/remove_contact_by_phone,remove_contact_by_phone,mistral_large_2411,expert,1,True,False,False,1.0
mistral_large_2411/expert/1/remove_contact_with_id,remove_contact_with_id,mistral_large_2411,expert,1,True,False,False,1.0
mistral_large_2411/expert/1/turn_on_cellular_low_battery_mode,turn_on_cellular_low_battery_mode,mistral_large_2411,expert,1,False,False,False,0.3333
mistral_large_2411/expert/1/turn_on_location_low_battery_mode,turn_on_location_low_battery_mode,mistral_large_2411,expert,1,True,False,False,0.75
mistral_large_2411/expert/1/turn_on_wifi_low_battery_mode,turn_on_wifi_low_battery_mode,mistral_large_2411,expert,1,True,False,False,1.0
mistral_large_2411/expert/1/update_contact_relationship_with_relationship,update_contact_relationship_with_relationship,mistral_large_2411,expert,1,True,False,False,1.0
mistral_large_2411/expert/1/update_contact_with_id_and_phone_number,update_contact_with_id_and_phone_number,mistral_large_2411,expert,1,True,False,False,1.0
mistral_large_2411/expert/1/wifi_off,wifi_off,mistral_large_2411,expert,1,True,False,False,1.0
mistral_large_2411/expert/2/add_contact_with_name_and_phone_number,add_contact_with_name_and_phone_number,mistral_large_2411,expert,2,True,False,False,1.0
mistral_large_2411/expert/2/cellular_off,cellular_off,mistral_large_2411,expert,2,True,False,False,1.0
mistral_large_2411/expert/2/remove_contact_by_phone,remove_contact_by_phone,mistral_large_2411,expert,2,True,False,False,1.0
mistral_large_2411/expert/2/remove_contact_with_id,remove_contact_with_id,mistral_large_2411,expert,2,True,False,False,1.0
mistral_large_2411/expert/2/turn_on_cellular_low_battery_mode,turn_on_cellular_low_battery_mode,mistral_large_2411,expert,2,True,False,False,1.0
mistral_large_2411/expert/2/turn_on_location_low_battery_mode,turn_on_location_low_battery_mode,mistral_large_2411,expert,2,False,False,False,0.0
mistral_large_2411/expert/2/turn_on_wifi_low_battery_mode,turn_on_wifi_low_battery_mode,mistral_large_2411,expert,2,True,False,False,1.0
mistral_large_2411/expert/2/update_contact_relationship_with_relationship,update_contact_relationship_with_relationship,mistral_large_2411,expert,2,True,False,False,1.0
mistral_large_2411/expert/2/update_contact_with_id_and_phone_number,update_contact_with_id_and_phone_number,mistral_large_2411,expert,2,True,False,False,1.0
mistral_large_2411/expert/2/wifi_off,wifi_off,mistral_large_2411,expert,2,True,False,False,1.0
mistral_large_2411/expert/3/add_contact_with_name_and_phone_number,add_contact_with_name_and_phone_number,mistral_large_2411,expert,3,True,False,False,1.0
mistral_large_2411/expert/3/cellular_off,cellular_off,mistral_large_2411,expert,3,,,False,0.5
mistral_large_2411/expert/3/remove_contact_by_phone,remove_contact_by_phone,mistral_large_2411,expert,3,True,False,False,1.0
mistral_large_2411/expert/3/remove_contact_with_id,remove_contact_with_id,mistral_large_2411,expert,3,True,False,False,1.0
mistral_large_2411/expert/3/turn_on_cellular_low_battery_mode,turn_on_cellular_low_battery_mode,mistral_large_2411,expert,3,True,False,False,1.0
mistral_large_2411/expert/3/turn_on_location_low_battery_mode,turn_on_location_low_battery_mode,mistral_large_2411,expert,3,True,False,False,0.75
mistral_large_2411/expert/3/turn_on_wifi_low_battery_mode,turn_on_wifi_low_battery_mode,mistral_large_2411,expert,3,False,False,False,0.0
mistral_large_2411/expert/3/update_contact_relationship_with_relationship,update_contact_relationship_with_relationship,mistral_large_2411,expert,3,True,False,False,1.0
mistral_large_2411/expert/3/update_contact_with_id_and_phone_number,update_contact_with_id_and_phone_number,mistral_large_2411,expert,3,True,False,False,1.0
mistral_large_2411/expert/3/wifi_off,wifi_off,mistral_large_2411,expert,3,True,False,False,0.5
mistral_large_2411/expert/4/add_contact_with_name_and_phone_number,add_contact_with_name_and_phone_number,mistral_large_2411,expert,4,True,False,False,1.0
mistral_large_2411/expert/4/cellular_off,cellular_off,mistral_large_2411,expert,4,True,False,False,1.0
mistral_large_2411/expert/4/remove_contact_by_phone,remove_contact_by_phone,mistral_large_2411,expert,4,True,False,False,1.0
mistral_large_2411/expert/4/remove_contact_with_id,remove_contact_with_id,mistral_large_2411,expert,4,True,False,False,1.0
mistral_large_2411/expert/4/turn_on_cellular_low_battery_mode,turn_on_cellular_low_battery_mode,mistral_large_2411,expert,4,True,False,False,1.0
mistral_large_2411/expert/4/turn_on_location_low_battery_mode,turn_on_location_low_battery_mode,mistral_large_2411,expert,4,True,False,False,1.0
mistral_large_2411/expert/4/turn_on_wifi_low_battery_mode,turn_on_wifi_low_battery_mode,mistral_large_2411,expert,4,True,False,False,1.0
mistral_large_2411/expert/4/update_contact_relationship_with_relationship,update_contact_relationship_with_relationship,mistral_large_2411,expert,4,True,False,False,1.0
mistral_large_2411/expert/4/update_contact_with_id_and_phone_number,update_contact_with_id_and_phone_number,mistral_large_2411,expert,4,True,False,False,1.0
mistral_large_2411/expert/4/wifi_off,wifi_off,mistral_large_2411,expert,4,True,False,False,1.0
mistral_large_2411/expert/5/add_contact_with_name_and_phone_number,add_contact_with_name_and_phone_number,mistral_large_2411,expert,5,True,False,False,1.0
mistral_large_2411/expert/5/cellular_off,cellular_off,mistral_large_2411,expert,5,True,False,False,1.0
mistral_large_2411/expert/5/remove_contact_by_phone,remove_contact_by_phone,mistral_large_2411,expert,5,False,False,False,0.6667
mistral_large_2411/expert/5/remove_contact_with_id,remove_contact_with_id,mistral_large_2411,expert,5,True,False,False,1.0
mistral_large_2411/expert/5/turn_on_cellular_low_battery_mode,turn_on_cellular_low_battery_mode,mistral_large_2411,expert,5,True,False,False,1.0
mistral_large_2411/expert/5/turn_on_location_low_battery_mode,turn_on_location_low_battery_mode,mistral_large_2411,expert,5,True,False,False,0.75
mistral_large_2411/expert/5/turn_on_wifi_low_battery_mode,turn_on_wifi_low_battery_mode,mistral_large_2411,expert,5,True,False,False,1.0
mistral_large_2411/expert/5/update_contact_relationship_with_relationship,update_contact_relationship_with_relationship,mistral_large_2411,expert,5,True,False,False,1.0
mistral_large_2411/expert/5/update_contact_with_id_and_phone_number,update_contact_with_id_and_phone_number,mistral_large_2411,expert,5,True,False,False,1.0
mistral_large_2411/expert/5/wifi_off,wifi_off,mistral_large_2411,expert,5,True,False,False,1.0
mistral_large_2411/expert/6/add_contact_with_name_and_phone_number,add_contact_with_name_and_phone_number,mistral_large_2411,expert,6,True,False,False,1.0
mistral_large_2411/expert/6/cellular_off,cellular_off,mistral_large_2411,expert,6,True,False,False,1.0
mistral_large_2411/expert/6/remove_contact_by_phone,remove_contact_by_phone,mistral_large_2411,expert,6,True,False,False,1.0
mistral_large_2411/expert/6/remove_contact_with_id,remove_contact_with_id,mistral_large_2411,expert,6,True,False,False,1.0
mistral_large_2411/expert/6/turn_on_cellular_low_battery_mode,turn_on_cellular_low_battery_mode,mistral_large_2411,expert,6,True,False,False,1.0
mistral_large_2411/expert/6/turn_on_location_low_battery_mode,turn_on_location_low_battery_mode,mistral_large_2411,expert,6,True,False,False,0.75
mistral_large_2411/expert/6/turn_on_wifi_low_battery_mode,turn_on_wifi_low_battery_mode,mistral_large_2411,expert,6,True,False,False,1.0
mistral_large_2411/expert/6/update_contact_relationship_with_relationship,update_contact_relationship_with_relationship,mistral_large_2411,expert,6,False,False,False,0.5
mistral_large_2411/expert/6/update_contact_with_id_and_phone_number,update_contact_with_id_and_phone_number,mistral_large_2411,expert,6,True,False,False,1.0
mistral_large_2411/expert/6/wifi_off,wifi_off,mistral_large_2411,expert,6,True,False,False,1.0
mistral_large_2411/expert/7/add_contact_with_name_and_phone_number,add_contact_with_name_and_phone_number,mistral_large_2411,expert,7,True,False,False,1.0
mistral_large_2411/expert/7/cellular_off,cellular_off,mistral_large_2411,expert,7,True,False,False,1.0
mistral_large_2411/expert/7/remove_contact_by_phone,remove_contact_by_phone,mistral_large_2411,expert,7,True,False,False,1.0
mistral_large_2411/expert/7/remove_contact_with_id,remove_contact_with_id,mistral_large_2411,expert,7,True,False,False,1.0
mistral_large_2411/expert/7/turn_on_cellular_low_battery_mode,turn_on_cellular_low_battery_mode,mistral_large_2411,expert,7,True,False,False,1.0
mistral_large_2411/expert/7/turn_on_location_low_battery_mode,turn_on_location_low_battery_mode,mistral_large_2411,expert,7,True,False,False,0.75
mistral_large_2411/expert/7/turn_on_wifi_low_battery_mode,turn_on_wifi_low_battery_mode,mistral_large_2411,expert,7,True,False,False,1.0
mistral_large_2411/expert/7/update_contact_relationship_with_relationship,update_contact_relationship_with_relationship,mistral_large_2411,expert,7,False,False,False,0.5
mistral_large_2411/expert/7/update_contact_with_id_and_phone_number,update_contact_with_id_and_phone_number,mistral_large_2411,expert,7,True,False,False,1.0
mistral_large_2411/expert/7/wifi_off,wifi_off,mistral_large_2411,expert,7,True,False,False,1.0
mistral_large_2411/nonexpert/0/add_contact_with_name_and_phone_number,add_contact_with_name_and_phone_number,mistral_large_2411,nonexpert,0,True,False,False,1.0
mistral_large_2411/nonexpert/0/cellular_off,cellular_off,mistral_large_2411,nonexpert,0,True,False,False,1.0
mistral_large_2411/nonexpert/0/remove_contact_by_phone,remove_contact_by_phone,mistral_large_2411,nonexpert,0,True,False,False,1.0
mistral_large_2411/nonexpert/0/remove_contact_with_id,remove_contact_with_id,mistral_large_2411,nonexpert,0,True,False,False,1.0
mistral_large_2411/nonexpert/0/turn_on_cellular_low_battery_mode,turn_on_cellular_low_battery_mode,mistral_large_2411,nonexpert,0,True,False,False,1.0
mistral_large_2411/nonexpert/0/turn_on_location_low_battery_mode,turn_on_location_low_battery_mode,mistral_large_2411,nonexpert,0,True,False,False,0.75
mistral_large_2411/nonexpert/0/turn_on_wifi_low_battery_mode,turn_on_wifi_low_battery_mode,mistral_large_2411,nonexpert,0,True,False,False,1.0
mistral_large_2411/nonexpert/0/update_contact_relationship_with_relationship,update_contact_relationship_with_relationship,mistral_large_2411,nonexpert,0,True,False,False,1.0
mistral_large_2411/nonexpert/0/update_contact_with_id_and_phone_number,update_contact_with_id_and_phone_number,mistral_large_2411,nonexpert,0,True,False,False,0.5
mistral_large_2411/nonexpert/0/wifi_off,wifi_off,mistral_large_2411,nonexpert,0,True,False,False,1.0
mistral_large_2411/nonexpert/1/add_contact_with_name_and_phone_number,add_contact_with_name_and_phone_number,mistral_large_2411,nonexpert,1,False,False,False,0.0
mistral_large_2411/nonexpert/1/cellular_off,cellular_off,mistral_large_2411,nonexpert,1,True,False,False,1.0
mistral_large_2411/nonexpert/1/remove_contact_by_phone,remove_contact_by_phone,mistral_large_2411,nonexpert,1,True,False,False,1.0
mistral_large_2411/nonexpert/1/remove_contact_with_id,remove_contact_with_id,mistral_large_2411,nonexpert,1,True,False,False,0.5
mistral_large_2411/nonexpert/1/turn_on_cellular_low_battery_mode,turn_on_cellular_low_battery_mode,mistral_large_2411,nonexpert,1,False,False,False,0.0
mistral_large_2411/nonexpert/1/turn_on_location_low_battery_mode,turn_on_location_low_battery_mode,mistral_large_2411,nonexpert,1,True,False,False,0.75
mistral_large_2411/nonexpert/1/turn_on_wifi_low_battery_mode,turn_on_wifi_low_battery_mode,mistral_large_2411,nonexpert,1,True,False,False,1.0
mistral_large_2411/nonexpert/1/update_contact_relationship_with_relationship,update_contact_relationship_with_relationship,mistral_large_2411,nonexpert,1,True,False,False,0.75
mistral_large_2411/nonexpert/1/update_contact_with_id_and_phone_number,update_contact_with_id_and_phone_number,mistral_large_2411,nonexpert,1,True,False,False,1.0
mistral_large_2411/nonexpert/1/wifi_off,wifi_off,mistral_large_2411,nonexpert,1,True,False,False,1.0
mistral_large_2411/nonexpert/2/add_contact_with_name_and_phone_number,add_contact_with_name_and_phone_number,mistral_large_2411,nonexpert,2,False,False,False,0.0
mistral_large_2411/nonexpert/2/cellular_off,cellular_off,mistral_large_2411,nonexpert,2,True,False,False,1.0
mistral_large_2411/nonexpert/2/remove_contact_by_phone,remove_contact_by_phone,mistral_large_2411,nonexpert,2,True,False,False,1.0
mistral_large_2411/nonexpert/2/remove_contact_with_id,remove_contact_with_id,mistral_large_2411,nonexpert,2,True,False,False,0.5
mistral_large_2411/nonexpert/2/turn_on_cellular_low_battery_mode,turn_on_cellular_low_battery_mode,mistral_large_2411,nonexpert,2,True,False,False,1.0
mistral_large_2411/nonexpert/2/turn_on_location_low_battery_mode,turn_on_location_low_battery_mode,mistral_large_2411,nonexpert,2,True,False,False,1.0
mistral_large_2411/nonexpert/2/turn_on_wifi_low_battery_mode,turn_on_wifi_low_battery_mode,mistral_large_2411,nonexpert,2,False,False,False,0.25
mistral_large_2411/nonexpert/2/update_contact_relationship_with_relationship,update_contact_relationship_with_relationship,mistral_large_2411,nonexpert,2,True,False,False,1.0
mistral_large_2411/nonexpert/2/update_contact_with_id_and_phone_number,update_contact_with_id_and_phone_number,mistral_large_2411,nonexpert,2,True,False,False,1.0
mistral_large_2411/nonexpert/2/wifi_off,wifi_off,mistral_large_2411,nonexpert,2,True,False,False,1.0
mistral_large_2411/nonexpert/3/add_contact_with_name_and_phone_number,add_contact_with_name_and_phone_number,mistral_large_2411,nonexpert,3,False,False,False,0.0
mistral_large_2411/nonexpert/3/cellular_off,cellular_off,mistral_large_2411,nonexpert,3,True,False,False,1.0
mistral_large_2411/nonexpert/3/remove_contact_by_phone,remove_contact_by_phone,mistral_large_2411,nonexpert,3,True,False,False,1.0
mistral_large_2411/nonexpert/3/remove_contact_with_id,remove_contact_with_id,mistral_large_2411,nonexpert,3,True,False,False,1.0
mistral_large_2411/nonexpert/3/turn_on_cellular_low_battery_mode,turn_on_cellular_low_battery_mode,mistral_large_2411,nonexpert,3,True,False,False,1.0
mistral_large_2411/nonexpert/3/turn_on_location_low_battery_mode,turn_on_location_low_battery_mode,mistral_large_2411,nonexpert,3,True,False,False,0.75
mistral_large_2411/nonexpert/3/turn_on_wifi_low_battery_mode,turn_on_wifi_low_battery_mode,mistral_large_2411,nonexpert,3,True,False,False,1.0
mistral_large_2411/nonexpert/3/update_contact_relationship_with_relationship,update_contact_relationship_with_relationship,mistral_large_2411,nonexpert,3,False,False,False,0.5
mistral_large_2411/nonexpert/3/update_contact_with_id_and_phone_number,update_contact_with_id_and_phone_number,mistral_large_2411,nonexpert,3,True,False,False,1.0
mistral_large_2411/nonexpert/3/wifi_off,wifi_off,mistral_large_2411,nonexpert,3,True,False,False,1.0
mistral_large_2411/nonexpert/4/add_contact_with_name_and_phone_number,add_contact_with_name_and_phone_number,mistral_large_2411,nonexpert,4,,,False,0.0
mistral_large_2411/nonexpert/4/cellular_off,cellular_off,mistral_large_2411,nonexpert,4,True,False,False,1.0
mistral_large_2411/nonexpert/4/remove_contact_by_phone,remove_contact_by_phone,mistral_large_2411,nonexpert,4,True,False,False,1.0
mistral_large_2411/nonexpert/4/remove_contact_with_id,remove_contact_with_id,mistral_large_2411,nonexpert,4,True,False,False,1.0
mistral_large_2411/nonexpert/4/turn_on_cellular_low_battery_mode,turn_on_cellular_low_battery_mode,mistral_large_2411,nonexpert,4,True,False,False,1.0
mistral_large_2411/nonexpert/4/turn_on_location_low_battery_mode,turn_on_location_low_battery_mode,mistral_large_2411,nonexpert,4,True,False,False,0.75
mistral_large_2411/nonexpert/4/turn_on_wifi_low_battery_mode,turn_on_wifi_low_battery_mode,mistral_large_2411,nonexpert,4,True,False,False,1.0
mistral_large_2411/nonexpert/4/update_contact_relationship_with_relationship,update_contact_relationship_with_relationship,mistral_large_2411,nonexpert,4,True,False,False,1.0
mistral_large_2411/nonexpert/4/update_contact_with_id_and_phone_number,update_contact_with_id_and_phone_number,mistral_large_2411,nonexpert,4,True,False,False,0.5
mistral_large_2411/nonexpert/4/wifi_off,wifi_off,mistral_large_2411,nonexpert,4,True,False,False,1.0
mistral_large_2411/nonexpert/5/add_contact_with_name_and_phone_number,add_contact_with_name_and_phone_number,mistral_large_2411,nonexpert,5,,,False,0.0
mistral_large_2411/nonexpert/5/cellular_off,cellular_off,mistral_large_2411,nonexpert,5,True,False,False,1.0
mistral_large_2411/nonexpert/5/remove_contact_by_phone,remove_contact_by_phone,mistral_large_2411,nonexpert,5,True,False,False,1.0
mistral_large_2411/nonexpert/5/remove_contact_with_id,remove_contact_with_id,mistral_large_2411,nonexpert,5,True,False,False,1.0
mistral_large_2411/nonexpert/5/turn_on_cellular_low_battery_mode,turn_on_cellular_low_battery_mode,mistral_large_2411,nonexpert,5,True,False,False,1.0
mistral_large_2411/nonexpert/5/turn_on_location_low_battery_mode,turn_on_location_low_battery_mode,mistral_large_2411,nonexpert,5,True,False,False,1.0
mistral_large_2411/nonexpert/5/turn_on_wifi_low_battery_mode,turn_on_wifi_low_battery_mode,mistral_large_2411,nonexpert,5,True,False,False,1.0
mistral_large_2411/nonexpert/5/update_contact_relationship_with_relationship,update_contact_relationship_with_relationship,mistral_large_2411,nonexpert,5,True,False,False,1.0
mistral_large_2411/nonexpert/5/update_contact_with_id_and_phone_number,update_contact_with_id_and_phone_number,mistral_large_2411,nonexpert,5,True,False,False,1.0
mistral_large_2411/nonexpert/5/wifi_off,wifi_off,mistral_large_2411,nonexpert,5,True,False,False,1.0
mistral_large_2411/nonexpert/6/add_contact_with_name_and_phone_number,add_contact_with_name_and_phone_number,mistral_large_2411,nonexpert,6,False,False,False,0.0
mistral_large_2411/nonexpert/6/cellular_off,cellular_off,mistral_large_2411,nonexpert,6,True,False,False,1.0
mistral_large_2411/nonexpert/6/remove_contact_by_phone,remove_contact_by_phone,mistral_large_2411,nonexpert,6,False,False,False,0.6667
mistral_large_2411/nonexpert/6/remove_contact_with_id,remove_contact_with_id,mistral_large_2411,nonexpert,6,True,False,False,0.5
mistral_large_2411/nonexpert/6/turn_on_cellular_low_battery_mode,turn_on_cellular_low_battery_mode,mistral_large_2411,nonexpert,6,True,False,False,1.0
mistral_large_2411/nonexpert/6/turn_on_location_low_battery_mode,turn_on_location_low_battery_mode,mistral_large_2411,nonexpert,6,False,False,False,0.0
mistral_large_2411/nonexpert/6/turn_on_wifi_low_battery_mode,turn_on_wifi_low_battery_mode,mistral_large_2411,nonexpert,6,True,False,False,1.0
mistral_large_2411/nonexpert/6/update_contact_relationship_with_relationship,update_contact_relationship_with_relationship,mistral_large_2411,nonexpert,6,True,False,False,1.0
mistral_large_2411/nonexpert/6/update_contact_with_id_and_phone_number,update_contact_with_id_and_phone_number,mistral_large_2411,nonexpert,6,True,False,False,0.5
mistral_large_2411/nonexpert/6/wifi_off,wifi_off,mistral_large_2411,nonexpert,6,True,False,False,1.0
mistral_large_2411/nonexpert/7/add_contact_with_name_and_phone_number,add_contact_with_name_and_phone_number,mistral_large_2411,nonexpert,7,True,False,False,1.0
mistral_large_2411/nonexpert/7/cellular_off,cellular_off,mistral_large_2411,nonexpert,7,True,False,False,1.0
mistral_large_2411/nonexpert/7/remove_contact_by_phone,remove_contact_by_phone,mistral_large_2411,nonexpert,7,True,False,False,1.0
mistral_large_2411/nonexpert/7/remove_contact_with_id,remove_contact_with_id,mistral_large_2411,nonexpert,7,True,False,False,1.0
mistral_large_2411/nonexpert/7/turn_on_cellular_low_battery_mode,turn_on_cellular_low_battery_mode,mistral_large_2411,nonexpert,7,True,False,False,1.0
mistral_large_2411/nonexpert/7/turn_on_location_low_battery_mode,turn_on_location_low_battery_mode,mistral_large_2411,nonexpert,7,True,False,False,0.75
mistral_large_2411/nonexpert/7/turn_on_wifi_low_battery_mode,turn_on_wifi_low_battery_mode,mistral_large_2411,nonexpert,7,True,False,False,1.0
mistral_large_2411/nonexpert/7/update_contact_relationship_with_relationship,update_contact_relationship_with_relationship,mistral_large_2411,nonexpert,7,True,False,False,1.0
mistral_large_2411/nonexpert/7/update_contact_with_id_and_phone_number,update_contact_with_id_and_phone_number,mistral_large_2411,nonexpert,7,True,False,False,1.0
mistral_large_2411/nonexpert/7/wifi_off,wifi_off,mistral_large_2411,nonexpert,7,,,False,0.0
mistral_nemo/expert/0/add_contact_with_name_and_phone_number,add_contact_with_name_and_phone_number,mistral_nemo,expert,0,True,False,False,1.0
mistral_nemo/expert/0/cellular_off,cellular_off,mistral_nemo,expert,0,True,False,False,1.0
mistral_nemo/expert/0/remove_contact_by_phone,remove_contact_by_phone,mistral_nemo,expert,0,True,False,False,1.0
mistral_nemo/expert/0/remove_contact_with_id,remove_contact_with_id,mistral_nemo,expert,0,True,False,False,1.0
mistral_nemo/expert/0/turn_on_cellular_low_battery_mode,turn_on_cellular_low_battery_mode,mistral_nemo,expert,0,True,False,False,1.0
mistral_nemo/expert/0/turn_on_location_low_battery_mode,turn_on_location_low_battery_mode,mistral_nemo,expert,0,False,False,False,0.0
mistral_nemo/expert/0/turn_on_wifi_low_battery_mode,turn_on_wifi_low_battery_mode,mistral_nemo,expert,0,True,False,False,1.0
mistral_nemo/expert/0/update_contact_relationship_with_relationship,update_contact_relationship_with_relationship,mistral_nemo,expert,0,,,False,0.0
mistral_nemo/expert/0/update_contact_with_id_and_phone_number,update_contact_with_id_and_phone_number,mistral_nemo,expert,0,True,False,False,1.0
mistral_nemo/expert/0/wifi_off,wifi_off,mistral_nemo,expert,0,True,False,False,1.0
mistral_nemo/expert/1/add_contact_with_name_and_phone_number,add_contact_with_name_and_phone_number,mistral_nemo,expert,1,True,False,False,0.5
mistral_nemo/expert/1/cellular_off,cellular_off,mistral_nemo,expert,1,True,False,False,1.0
mistral_nemo/expert/1/remove_contact_by_phone,remove_contact_by_phone,mistral_nemo,expert,1,True,False,False,1.0
mistral_nemo/expert/1/remove_contact_with_id,remove_contact_with_id,mistral_nemo,expert,1,True,False,False,1.0
mistral_nemo/expert/1/turn_on_cellular_low_battery_mode,turn_on_cellular_low_battery_mode,mistral_nemo,expert,1,True,False,False,1.0
mistral_nemo/expert/1/turn_on_location_low_battery_mode,turn_on_location_low_battery_mode,mistral_nemo,expert,1,False,False,False,0.25
mistral_nemo/expert/1/turn_on_wifi_low_battery_mode,turn_on_wifi_low_battery_mode,mistral_nemo,expert,1,True,False,False,1.0
mistral_nemo/expert/1/update_contact_relationship_with_relationship,update_contact_relationship_with_relationship,mistral_nemo,expert,1,False,False,False,0.0
mistral_nemo/expert/1/update_contact_with_id_and_phone_number,update_contact_with_id_and_phone_number,mistral_nemo,expert,1,True,False,False,0.5
mistral_nemo/expert/1/wifi_off,wifi_off,mistral_nemo,expert,1,True,False,False,1.0
mistral_nemo/expert/2/add_contact_with_name_and_phone_number,add_contact_with_name_and_phone_number,mistral_nemo,expert,2,True,False,False,1.0
mistral_nemo/expert/2/cellular_off,cellular_off,mistral_nemo,expert,2,,,False,0.0
mistral_nemo/expert/2/remove_contact_by_phone,remove_contact_by_phone,mistral_nemo,expert,2,True,False,False,1.0
mistral_nemo/expert/2/remove_contact_with_id,remove_contact_with_id,mistral_nemo,expert,2,False,False,False,0.0
mistral_nemo/expert/2/turn_on_cellular_low_battery_mode,turn_on_cellular_low_battery_mode,mistral_nemo,expert,2,False,False,False,0.3333
mistral_nemo/expert/2/turn_on_location_low_battery_mode,turn_on_location_low_battery_mode,mistral_nemo,expert,2,True,False,False,0.75
mistral_nemo/expert/2/turn_on_wifi_low_battery_mode,turn_on_wifi_low_battery_mode,mistral_nemo,expert,2,True,False,False,1.0
mistral_nemo/expert/2/update_contact_relationship_with_relationship,update_contact_relationship_with_relationship,mistral_nemo,expert,2,True,False,False,0.75
mistral_nemo/expert/2/update_contact_with_id_and_phone_number,update_contact_with_id_and_phone_number,mistral_nemo,expert,2,True,False,False,1.0
mistral_nemo/expert/2/wifi_off,wifi_off,mistral_nemo,expert,2,True,False,False,1.0
mistral_nemo/expert/3/add_contact_with_name_and_phone_number,add_contact_with_name_and_phone_number,mistral_nemo,expert,3,True,False,False,0.5
mistral_nemo/expert/3/cellular_off,cellular_off,mistral_nemo,expert,3,True,False,False,1.0
mistral_nemo/expert/3/remove_contact_by_phone,remove_contact_by_phone,mistral_nemo,expert,3,True,False,False,1.0
mistral_nemo/expert/3/remove_contact_with_id,remove_contact_with_id,mistral_nemo,expert,3,True,False,False,1.0
mistral_nemo/expert/3/turn_on_cellular_low_battery_mode,turn_on_cellular_low_battery_mode,mistral_nemo,expert,3,False,False,False,0.3333
mistral_nemo/expert/3/turn_on_location_low_battery_mode,turn_on_location_low_battery_mode,mistral_nemo,expert,3,False,False,False,0.25
mistral_nemo/expert/3/turn_on_wifi_low_battery_mode,turn_on_wifi_low_battery_mode,mistral_nemo,expert,3,True,False,False,1.0
mistral_nemo/expert/3/update_contact_relationship_with_relationship,update_contact_relationship_with_relationship,mistral_nemo,expert,3,True,False,False,1.0
mistral_nemo/expert/3/update_contact_with_id_and_phone_number,update_contact_with_id_and_phone_number,mistral_nemo,expert,3,True,False,False,1.0
mistral_nemo/expert/3/wifi_off,wifi_off,mistral_nemo,expert,3,True,False,False,1.0
mistral_nemo/expert/4/add_contact_with_name_and_phone_number,add_contact_with_name_and_phone_number,mistral_nemo,expert,4,True,False,False,0.5
mistral_nemo/expert/4/cellular_off,cellular_off,mistral_nemo,expert,4,True,False,False,1.0
mistral_nemo/expert/4/remove_contact_by_phone,remove_contact_by_phone,mistral_nemo,expert,4,False,False,False,0.6667
mistral_nemo/expert/4/remove_contact_with_id,remove_contact_with_id,mistral_nemo,expert,4,True,False,False,1.0
mistral_nemo/expert/4/turn_on_cellular_low_battery_mode,turn_on_cellular_low_battery_mode,mistral_nemo,expert,4,True,False,False,1.0
mistral_nemo/expert/4/turn_on_location_low_battery_mode,turn_on_location_low_battery_mode,mistral_nemo,expert,4,False,False,False,0.0
mistral_nemo/expert/4/turn_on_wifi_low_battery_mode,turn_on_wifi_low_battery_mode,mistral_nemo,expert,4,True,False,False,0.75
mistral_nemo/expert/4/update_contact_relationship_with_relationship,update_contact_relationship_with_relationship,mistral_nemo,expert,4,True,False,False,1.0
mistral_nemo/expert/4/update_contact_with_id_and_phone_number,update_contact_with_id_and_phone_number,mistral_nemo,expert,4,True,False,False,1.0
mistral_nemo/expert/4/wifi_off,wifi_off,mistral_nemo,expert,4,True,False,False,1.0
mistral_nemo/expert/5/add_contact_with_name_and_phone_number,add_contact_with_name_and_phone_number,mistral_nemo,expert,5,True,False,False,0.5
mistral_nemo/expert/5/cellular_off,cellular_off,mistral_nemo,expert,5,True,False,False,1.0
mistral_nemo/expert/5/remove_contact_by_phone,remove_contact_by_phone,mistral_nemo,expert,5,True,False,False,1.0
mistral_nemo/expert/5/remove_contact_with_id,remove_contact_with_id,mistral_nemo,expert,5,True,False,False,1.0
mistral_nemo/expert/5/turn_on_cellular_low_battery_mode,turn_on_cellular_low_battery_mode,mistral_nemo,expert,5,True,False,False,1.0
mistral_nemo/expert/5/turn_on_location_low_battery_mode,turn_on_location_low_battery_mode,mistral_nemo,expert,5,True,False,False,0.75
mistral_nemo/expert/5/turn_on_wifi_low_battery_mode,turn_on_wifi_low_battery_mode,mistral_nemo,expert,5,True,False,False,1.0
mistral_nemo/expert/5/update_contact_relationship_with_relationship,update_contact_relationship_with_relationship,mistral_nemo,expert,5,False,False,False,0.0
mistral_nemo/expert/5/update_contact_with_id_and_phone_number,update_contact_with_id_and_phone_number,mistral_nemo,expert,5,True,False,False,1.0
mistral_nemo/expert/5/wifi_off,wifi_off,mistral_nemo,expert,5,True,False,False,1.0
mistral_nemo/expert/6/add_contact_with_name_and_phone_number,add_contact_with_name_and_phone_number,mistral_nemo,expert,6,True,False,False,1.0
mistral_nemo/expert/6/cellular_off,cellular_off,mistral_nemo,expert,6,True,False,False,1.0
mistral_nemo/expert/6/remove_contact_by_phone,remove_contact_by_phone,mistral_nemo,expert,6,True,False,False,1.0
mistral_nemo/expert/6/remove_contact_with_id,remove_contact_with_id,mistral_nemo,expert,6,True,False,False,1.0
mistral_nemo/expert/6/turn_on_cellular_low_battery_mode,turn_on_cellular_low_battery_mode,mistral_nemo,expert,6,True,False,False,1.0
mistral_nemo/expert/6/turn_on_location_low_battery_mode,turn_on_location_low_battery_mode,mistral_nemo,expert,6,False,False,False,0.0
mistral_nemo/expert/6/turn_on_wifi_low_battery_mode,turn_on_wifi_low_battery_mode,mistral_nemo,expert,6,True,False,False,1.0
mistral_nemo/expert/6/update_contact_relationship_with_relationship,update_contact_relationship_with_relationship,mistral_nemo,expert,6,True,False,False,1.0
mistral_nemo/expert/6/update_contact_with_id_and_phone_number,update_contact_with_id_and_phone_number,mistral_nemo,expert,6,True,False,False,1.0
mistral_nemo/expert/6/wifi_off,wifi_off,mistral_nemo,expert,6,True,False,False,1.0
mistral_nemo/expert/7/add_contact_with_name_and_phone_number,add_contact_with_name_and_phone_number,mistral_nemo,expert,7,True,False,False,0.5
mistral_nemo/expert/7/cellular_off,cellular_off,mistral_nemo,expert,7,True,False,False,1.0
mistral_nemo/expert/7/remove_contact_by_phone,remove_contact_by_phone,mistral_nemo,expert,7,True,False,False,1.0
mistral_nemo/expert/7/remove_contact_with_id,remove_contact_with_id,mistral_nemo,expert,7,True,False,False,1.0
mistral_nemo/expert/7/turn_on_cellular_low_battery_mode,turn_on_cellular_low_battery_mode,mistral_nemo,expert,7,True,False,False,1.0
mistral_nemo/expert/7/turn_on_location_low_battery_mode,turn_on_location_low_battery_mode,mistral_nemo,expert,7,False,False,False,0.25
mistral_nemo/expert/7/turn_on_wifi_low_battery_mode,turn_on_wifi_low_battery_mode,mistral_nemo,expert,7,False,False,False,0.25
mistral_nemo/expert/7/update_contact_relationship_with_relationship,update_contact_relationship_with_relationship,mistral_nemo,expert,7,False,False,False,0.0
mistral_nemo/expert/7/update_contact_with_id_and_phone_number,update_contact_with_id_and_phone_number,mistral_nemo,expert,7,True,False,False,1.0
mistral_nemo/expert/7/wifi_off,wifi_off,mistral_nemo,expert,7,True,False,False,1.0
mistral_nemo/nonexpert/0/add_contact_with_name_and_phone_number,add_contact_with_name_and_phone_number,mistral_nemo,nonexpert,0,False,False,False,0.5
mistral_nemo/nonexpert/0/cellular_off,cellular_off,mistral_nemo,nonexpert,0,True,False,False,1.0
mistral_nemo/nonexpert/0/remove_contact_by_phone,remove_contact_by_phone,mistral_nemo,nonexpert,0,True,False,False,1.0
mistral_nemo/nonexpert/0/remove_contact_with_id,remove_contact_with_id,mistral_nemo,nonexpert,0,True,False,False,1.0
mistral_nemo/nonexpert/0/turn_on_cellular_low_battery_mode,turn_on_cellular_low_battery_mode,mistral_nemo,nonexpert,0,False,False,False,0.6667
mistral_nemo/nonexpert/0/turn_on_location_low_battery_mode,turn_on_location_low_battery_mode,mistral_nemo,nonexpert,0,True,False,False,1.0
mistral_nemo/nonexpert/0/turn_on_wifi_low_battery_mode,turn_on_wifi_low_battery_mode,mistral_nemo,nonexpert,0,True,False,False,1.0
mistral_nemo/nonexpert/0/update_contact_relationship_with_relationship,update_contact_relationship_with_relationship,mistral_nemo,nonexpert,0,,,False,0.0
mistral_nemo/nonexpert/0/update_contact_with_id_and_phone_number,update_contact_with_id_and_phone_number,mistral_nemo,nonexpert,0,True,False,False,1.0
mistral_nemo/nonexpert/0/wifi_off,wifi_off,mistral_nemo,nonexpert,0,True,False,False,1.0
mistral_nemo/nonexpert/1/add_contact_with_name_and_phone_number,add_contact_with_name_and_phone_number,mistral_nemo,nonexpert,1,True,False,False,1.0
mistral_nemo/nonexpert/1/cellular_off,cellular_off,mistral_nemo,nonexpert,1,True,False,False,1.0
mistral_nemo/nonexpert/1/remove_contact_by_phone,remove_contact_by_phone,mistral_nemo,nonexpert,1,True,False,False,1.0
mistral_nemo/nonexpert/1/remove_contact_with_id,remove_contact_with_id,mistral_nemo,nonexpert,1,True,False,False,1.0
mistral_nemo/nonexpert/1/turn_on_cellular_low_battery_mode,turn_on_cellular_low_battery_mode,mistral_nemo,nonexpert,1,True,False,False,1.0
mistral_nemo/nonexpert/1/turn_on_location_low_battery_mode,turn_on_location_low_battery_mode,mistral_nemo,nonexpert,1,True,False,False,1.0
mistral_nemo/nonexpert/1/turn_on_wifi_low_battery_mode,turn_on_wifi_low_battery_mode,mistral_nemo,nonexpert,1,True,False,False,1.0
mistral_nemo/nonexpert/1/update_contact_relationship_with_relationship,update_contact_relationship_with_relationship,mistral_nemo,nonexpert,1,,,False,0.25
mistral_nemo/nonexpert/1/update_contact_with_id_and_phone_number,update_contact_with_id_and_phone_number,mistral_nemo,nonexpert,1,True,False,False,1.0
mistral_nemo/nonexpert/1/wifi_off,wifi_off,mistral_nemo,nonexpert,1,True,False,False,1.0
mistral_nemo/nonexpert/2/add_contact_with_name_and_phone_number,add_contact_with_name_and_phone_number,mistral_nemo,nonexpert,2,False,False,False,0.0
mistral_nemo/nonexpert/2/cellular_off,cellular_off,mistral_nemo,nonexpert,2,True,False,False,1.0
mistral_nemo/nonexpert/2/remove_contact_by_phone,remove_contact_by_phone,mistral_nemo,nonexpert,2,True,False,False,1.0
mistral_nemo/nonexpert/2/remove_contact_with_id,remove_contact_with_id,mistral_nemo,nonexpert,2,True,False,False,1.0
mistral_nemo/nonexpert/2/turn_on_cellular_low_battery_mode,turn_on_cellular_low_battery_mode,mistral_nemo,nonexpert,2,True,False,False,1.0
mistral_nemo/nonexpert/2/turn_on_location_low_battery_mode,turn_on_location_low_battery_mode,mistral_nemo,nonexpert,2,True,False,False,1.0
mistral_nemo/nonexpert/2/turn_on_wifi_low_battery_mode,turn_on_wifi_low_battery_mode,mistral_nemo,nonexpert,2,False,False,False,0.0
mistral_nemo/nonexpert/2/update_contact_relationship_with_relationship,update_contact_relationship_with_relationship,mistral_nemo,nonexpert,2,,,False,0.25
mistral_nemo/nonexpert/2/update_contact_with_id_and_phone_number,update_contact_with_id_and_phone_number,mistral_nemo,nonexpert,2,True,False,False,1.0
mistral_nemo/nonexpert/2/wifi_off,wifi_off,mistral_nemo,nonexpert,2,True,False,False,1.0
mistral_nemo/nonexpert/3/add_contact_with_name_and_phone_number,add_contact_with_name_and_phone_number,mistral_nemo,nonexpert,3,False,False,False,0.0
mistral_nemo/nonexpert/3/cellular_off,cellular_off,mistral_nemo,nonexpert,3,,,False,0.0
mistral_nemo/nonexpert/3/remove_contact_by_phone,remove_contact_by_phone,mistral_nemo,nonexpert,3,True,False,False,1.0
mistral_nemo/nonexpert/3/remove_contact_with_id,remove_contact_with_id,mistral_nemo,nonexpert,3,True,False,False,1.0
mistral_nemo/nonexpert/3/turn_on_cellular_low_battery_mode,turn_on_cellular_low_battery_mode,mistral_nemo,nonexpert,3,True,False,False,1.0
mistral_nemo/nonexpert/3/turn_on_location_low_battery_mode,turn_on_location_low_battery_mode,mistral_nemo,nonexpert,3,True,False,False,0.75
mistral_nemo/nonexpert/3/turn_on_wifi_low_battery_mode,turn_on_wifi_low_battery_mode,mistral_nemo,nonexpert,3,True,False,False,1.0
mistral_nemo/nonexpert/3/update_contact_relationship_with_relationship,update_contact_relationship_with_relationship,mistral_nemo,nonexpert,3,,,False,0.0
mistral_nemo/nonexpert/3/update_contact_with_id_and_phone_number,update_contact_with_id_and_phone_number,mistral_nemo,nonexpert,3,True,False,False,0.5
mistral_nemo/nonexpert/3/wifi_off,wifi_off,mistral_nemo,nonexpert,3,True,False,False,1.0
mistral_nemo/nonexpert/4/add_contact_with_name_and_phone_number,add_contact_with_name_and_phone_number,mistral_nemo,nonexpert,4,True,False,False,0.5
mistral_nemo/nonexpert/4/cellular_off,cellular_off,mistral_nemo,nonexpert,4,True,False,False,1.0
mistral_nemo/nonexpert/4/remove_contact_by_phone,remove_contact_by_phone,mistral_nemo,nonexpert,4,True,False,False,1.0
mistral_nemo/nonexpert/4/remove_contact_with_id,remove_contact_with_id,mistral_nemo,nonexpert,4,True,False,False,1.0
mistral_nemo/nonexpert/4/turn_on_cellular_low_battery_mode,turn_on_cellular_low_battery_mode,mistral_nemo,nonexpert,4,True,False,False,1.0
mistral_nemo/nonexpert/4/turn_on_location_low_battery_mode,turn_on_location_low_battery_mode,mistral_nemo,nonexpert,4,True,False,False,1.0
mistral_nemo/nonexpert/4/turn_on_wifi_low_battery_mode,turn_on_wifi_low_battery_mode,mistral_nemo,nonexpert,4,False,False,False,0.0
mistral_nemo/nonexpert/4/update_contact_relationship_with_relationship,update_contact_relationship_with_relationship,mistral_nemo,nonexpert,4,,,False,0.0
mistral_nemo/nonexpert/4/update_contact_with_id_and_phone_number,update_contact_with_id_and_phone_number,mistral_nemo,nonexpert,4,True,False,False,1.0
mistral_nemo/nonexpert/4/wifi_off,wifi_off,mistral_nemo,nonexpert,4,,,False,0.0
mistral_nemo/nonexpert/5/add_contact_with_name_and_phone_number,add_contact_with_name_and_phone_number,mistral_nemo,nonexpert,5,True,False,False,1.0
mistral_nemo/nonexpert/5/cellular_off,cellular_off,mistral_nemo,nonexpert,5,True,False,False,1.0
mistral_nemo/nonexpert/5/remove_contact_by_phone,remove_contact_by_phone,mistral_nemo,nonexpert,5,True,False,False,1.0
mistral_nemo/nonexpert/5/remove_contact_with_id,remove_contact_with_id,mistral_nemo,nonexpert,5,True,False,False,1.0
mistral_nemo/nonexpert/5/turn_on_cellular_low_battery_mode,turn_on_cellular_low_battery_mode,mistral_nemo,nonexpert,5,True,False,False,1.0
mistral_nemo/nonexpert/5/turn_on_location_low_battery_mode,turn_on_location_low_battery_mode,mistral_nemo,nonexpert,5,True,False,False,0.75
mistral_nemo/nonexpert/5/turn_on_wifi_low_battery_mode,turn_on_wifi_low_battery_mode,mistral_nemo,nonexpert,5,True,False,False,1.0
mistral_nemo/nonexpert/5/update_contact_relationship_with_relationship,update_contact_relationship_with_relationship,mistral_nemo,nonexpert,5,,,False,0.0
mistral_nemo/nonexpert/5/update_contact_with_id_and_phone_number,update_contact_with_id_and_phone_number,mistral_nemo,nonexpert,5,True,False,False,1.0
mistral_nemo/nonexpert/5/wifi_off,wifi_off,mistral_nemo,nonexpert,5,True,False,False,1.0
mistral_nemo/nonexpert/6/add_contact_with_name_and_phone_number,add_contact_with_name_and_phone_number,mistral_nemo,nonexpert,6,False,False,False,0.0
mistral_nemo/nonexpert/6/cellular_off,cellular_off,mistral_nemo,nonexpert,6,True,False,False,1.0
mistral_nemo/nonexpert/6/remove_contact_by_phone,remove_contact_by_phone,mistral_nemo,nonexpert,6,True,False,False,1.0
mistral_nemo/nonexpert/6/remove_contact_with_id,remove_contact_with_id,mistral_nemo,nonexpert,6,True,False,False,1.0
mistral_nemo/nonexpert/6/turn_on_cellular_low_battery_mode,turn_on_cellular_low_battery_mode,mistral_nemo,nonexpert,6,False,False,False,0.0
mistral_nemo/nonexpert/6/turn_on_location_low_battery_mode,turn_on_location_low_battery_mode,mistral_nemo,nonexpert,6,False,False,False,0.5
mistral_nemo/nonexpert/6/turn_on_wifi_low_battery_mode,turn_on_wifi_low_battery_mode,mistral_nemo,nonexpert,6,False,False,False,0.0
mistral_nemo/nonexpert/6/update_contact_relationship_with_relationship,update_contact_relationship_with_relationship,mistral_nemo,nonexpert,6,True,False,False,0.75
mistral_nemo/nonexpert/6/update_contact_with_id_and_phone_number,update_contact_with_id_and_phone_number,mistral_nemo,nonexpert,6,True,False,False,1.0
mistral_nemo/nonexpert/6/wifi_off,wifi_off,mistral_nemo,nonexpert,6,True,False,False,1.0
mistral_nemo/nonexpert/7/add_contact_with_name_and_phone_number,add_contact_with_name_and_phone_number,mistral_nemo,nonexpert,7,True,False,False,1.0
mistral_nemo/nonexpert/7/cellular_off,cellular_off,mistral_nemo,nonexpert,7,True,False,False,1.0
mistral_nemo/nonexpert/7/remove_contact_by_phone,remove_contact_by_phone,mistral_nemo,nonexpert,7,True,False,False,1.0
mistral_nemo/nonexpert/7/remove_contact_with_id,remove_contact_with_id,mistral_nemo,nonexpert,7,True,False,False,0.5
mistral_nemo/nonexpert/7/turn_on_cellular_low_battery_mode,turn_on_cellular_low_battery_mode,mistral_nemo,nonexpert,7,False,False,False,0.3333
mistral_nemo/nonexpert/7/turn_on_location_low_battery_mode,turn_on_location_low_battery_mode,mistral_nemo,nonexpert,7,True,False,False,0.75
mistral_nemo/nonexpert/7/turn_on_wifi_low_battery_mode,turn_on_wifi_low_battery_mode,mistral_nemo,nonexpert,7,False,False,False,0.0
mistral_nemo/nonexpert/7/update_contact_relationship_with_relationship,update_contact_relationship_with_relationship,mistral_nemo,nonexpert,7,True,False,False,1.0
mistral_nemo/nonexpert/7/update_contact_with_id_and_phone_number,update_contact_with_id_and_phone_number,mistral_nemo,nonexpert,7,False,False,False,0.0
mistral_nemo/nonexpert/7/wifi_off,wifi_off,mistral_nemo,nonexpert,7,True,False,False,1.0
