stream,condition,step,method,replicate,probe_count,credits_spent,budget_before,budget_after,planning_seconds,probe_seconds,tool_seconds,model_probe_cost_NOT_CURRENCY,payload_sha256,relevant_channels,stale_channels,semantic_mismatches,success,interface_failure,plan_follows_evidence,answer_value_correct,tool_trace_recomputed_equal,normative_reference_success_NOT_LLM,stale_propagation_consistent,stale_but_answer_correct,missing_call,finish_reason
0,overlap_matched,0,age_paced,primary,0,0,8,8,7.00005330145359e-06,1.8749851733446121e-06,0.0001445829402655363,0.0,f0be6a6df19de3ac1156b41bb2bc8a0451d8febc86f6ce64b4e34f3754623b15,"[0, 1]",[],0,True,False,True,True,True,True,False,False,False,stop
0,overlap_matched,0,bundle_myopic,primary,1,3,8,5,6.145890802145004e-05,1.8666964024305344e-05,0.00012754113413393497,0.15000000000000002,f0be6a6df19de3ac1156b41bb2bc8a0451d8febc86f6ce64b4e34f3754623b15,"[0, 1]",[],0,True,False,True,True,True,True,False,False,False,stop
0,overlap_matched,0,bundle_rollout,primary,0,0,8,8,0.010322249960154295,1.4666002243757248e-05,9.154086001217365e-05,0.0,f0be6a6df19de3ac1156b41bb2bc8a0451d8febc86f6ce64b4e34f3754623b15,"[0, 1]",[],0,True,False,True,True,True,True,False,False,False,stop
0,overlap_matched,0,recheck_joint,primary,0,0,8,8,0.08488691691309214,6.332993507385254e-06,6.466591730713844e-05,0.0,f0be6a6df19de3ac1156b41bb2bc8a0451d8febc86f6ce64b4e34f3754623b15,"[0, 1]",[],0,True,False,True,True,True,True,False,False,False,stop
0,overlap_matched,1,age_paced,primary,1,3,8,5,5.091610364615917e-05,1.6250181943178177e-05,3.8499943912029266e-05,0.15000000000000002,72a4f633eeb91ac1a7f62531cf82d0a450819e3623a084d4be3b09bb3823dd75,"[0, 1]",[],0,True,False,True,True,True,True,False,False,False,stop
0,overlap_matched,1,bundle_myopic,primary,1,3,5,2,2.691592089831829e-05,1.4666933566331863e-05,9.654182940721512e-05,0.15000000000000002,72a4f633eeb91ac1a7f62531cf82d0a450819e3623a084d4be3b09bb3823dd75,"[0, 1]",[],0,True,False,True,True,True,True,False,False,False,stop
0,overlap_matched,1,bundle_rollout,primary,1,3,8,5,0.005705459043383598,1.7666956409811974e-05,9.579211473464966e-05,0.15000000000000002,72a4f633eeb91ac1a7f62531cf82d0a450819e3623a084d4be3b09bb3823dd75,"[0, 1]",[],0,True,False,True,True,True,True,False,False,False,stop
0,overlap_matched,1,recheck_joint,primary,0,0,8,8,0.00013570883311331272,9.999843314290047e-06,0.00010395911522209644,0.0,72a4f633eeb91ac1a7f62531cf82d0a450819e3623a084d4be3b09bb3823dd75,"[0, 1]",[],0,True,False,True,True,True,True,False,False,False,stop
0,overlap_matched,2,age_paced,primary,1,3,5,2,5.4416945204138756e-05,1.7042038962244987e-05,9.02500469237566e-05,0.15000000000000002,0cf144e56370fb58e8233671a1984c7fc5fa5b8f2479e94260f176972b9992f9,"[0, 1]",[],0,True,False,True,True,True,True,False,False,False,stop
0,overlap_matched,2,bundle_myopic,primary,1,2,2,0,3.195879980921745e-05,9.499955922365189e-06,0.00010075001046061516,0.1,0cf144e56370fb58e8233671a1984c7fc5fa5b8f2479e94260f176972b9992f9,"[0, 1]",[],0,True,False,True,True,True,True,False,False,False,stop
0,overlap_matched,2,bundle_rollout,primary,0,0,5,5,0.001059416914358735,2.2498425096273422e-06,9.770807810127735e-05,0.0,0cf144e56370fb58e8233671a1984c7fc5fa5b8f2479e94260f176972b9992f9,"[0, 1]",[],0,True,False,True,True,True,True,False,False,False,stop
0,overlap_matched,2,recheck_joint,primary,1,3,8,5,0.00018029194325208664,1.1249911040067673e-05,0.00011362507939338684,0.15000000000000002,0cf144e56370fb58e8233671a1984c7fc5fa5b8f2479e94260f176972b9992f9,"[0, 1]",[],0,True,False,True,True,True,True,False,False,False,stop
0,overlap_matched,3,age_paced,primary,0,0,2,2,3.67090106010437e-05,9.125098586082458e-06,5.3208088502287865e-05,0.0,72a4f633eeb91ac1a7f62531cf82d0a450819e3623a084d4be3b09bb3823dd75,"[0, 1]",[],0,True,False,True,True,True,True,False,False,False,stop
0,overlap_matched,3,bundle_myopic,primary,0,0,0,0,5.729217082262039e-05,7.417052984237671e-06,0.00011337501928210258,0.0,72a4f633eeb91ac1a7f62531cf82d0a450819e3623a084d4be3b09bb3823dd75,"[0, 1]",[],0,True,False,True,True,True,True,False,False,False,stop
0,overlap_matched,3,bundle_myopic,repeat,0,0,0,0,0.0,0.0,8.337479084730148e-05,0.0,72a4f633eeb91ac1a7f62531cf82d0a450819e3623a084d4be3b09bb3823dd75,"[0, 1]",[],0,True,False,True,True,True,True,False,False,False,stop
0,overlap_matched,3,bundle_rollout,primary,0,0,5,5,0.0019892079290002584,5.958136171102524e-06,6.17089681327343e-05,0.0,72a4f633eeb91ac1a7f62531cf82d0a450819e3623a084d4be3b09bb3823dd75,"[0, 1]",[],0,True,False,True,True,True,True,False,False,False,stop
0,overlap_matched,3,recheck_joint,primary,0,0,5,5,0.00013445806689560413,7.00005330145359e-06,5.545886233448982e-05,0.0,72a4f633eeb91ac1a7f62531cf82d0a450819e3623a084d4be3b09bb3823dd75,"[0, 1]",[],0,True,False,True,True,True,True,False,False,False,stop
0,overlap_matched,3,recheck_joint,repeat,0,0,5,5,0.0,0.0,8.27498733997345e-05,0.0,72a4f633eeb91ac1a7f62531cf82d0a450819e3623a084d4be3b09bb3823dd75,"[0, 1]",[],0,True,False,True,True,True,True,False,False,False,stop
0,overlap_matched,4,age_paced,primary,0,0,2,2,1.4374963939189911e-05,4.708999767899513e-06,0.00011079083196818829,0.0,0cf144e56370fb58e8233671a1984c7fc5fa5b8f2479e94260f176972b9992f9,"[0, 1]",[],0,True,False,True,True,True,True,False,False,False,stop
0,overlap_matched,4,bundle_myopic,primary,0,0,0,0,3.74580267816782e-05,8.458038792014122e-06,5.654105916619301e-05,0.0,0cf144e56370fb58e8233671a1984c7fc5fa5b8f2479e94260f176972b9992f9,"[0, 1]",[],0,True,False,True,True,True,True,False,False,False,stop
0,overlap_matched,4,bundle_rollout,primary,1,3,5,2,0.0011632500682026148,1.0167015716433525e-05,0.00014220783486962318,0.15000000000000002,0cf144e56370fb58e8233671a1984c7fc5fa5b8f2479e94260f176972b9992f9,"[0, 1]",[],0,True,False,True,True,True,True,False,False,False,stop
0,overlap_matched,4,recheck_joint,primary,0,0,5,5,0.00014562485739588737,9.582843631505966e-06,5.925004370510578e-05,0.0,0cf144e56370fb58e8233671a1984c7fc5fa5b8f2479e94260f176972b9992f9,"[0, 1]",[],0,True,False,True,True,True,True,False,False,False,stop
0,overlap_matched,5,age_paced,primary,1,2,2,0,4.583294503390789e-05,1.195794902741909e-05,8.237501606345177e-05,0.1,f0be6a6df19de3ac1156b41bb2bc8a0451d8febc86f6ce64b4e34f3754623b15,"[0, 1]",[],0,True,False,True,True,True,True,False,False,False,stop
0,overlap_matched,5,bundle_myopic,primary,0,0,0,0,2.237502485513687e-05,3.250082954764366e-06,9.85830556601286e-05,0.0,f0be6a6df19de3ac1156b41bb2bc8a0451d8febc86f6ce64b4e34f3754623b15,"[0, 1]",[],0,True,False,True,True,True,True,False,False,False,stop
0,overlap_matched,5,bundle_rollout,primary,0,0,2,2,0.0003218750935047865,6.792135536670685e-06,7.733306847512722e-05,0.0,f0be6a6df19de3ac1156b41bb2bc8a0451d8febc86f6ce64b4e34f3754623b15,"[0, 1]",[],0,True,False,True,True,True,True,False,False,False,stop
0,overlap_matched,5,recheck_joint,primary,1,3,5,2,8.079200051724911e-05,8.5409265011549e-06,5.333404988050461e-05,0.15000000000000002,f0be6a6df19de3ac1156b41bb2bc8a0451d8febc86f6ce64b4e34f3754623b15,"[0, 1]",[],0,True,False,True,True,True,True,False,False,False,stop
0,overlap_matched,6,age_paced,primary,0,0,0,0,1.3333046808838844e-05,1.091696321964264e-05,0.00017933384515345097,0.0,03fc7b66cf453c0b74b155eeb49503943929e34f475488b182d166586789c8c5,"[0, 1, 2]",[2],1,False,False,True,False,True,False,True,False,False,stop
0,overlap_matched,6,bundle_myopic,primary,0,0,0,0,4.337495192885399e-05,1.1167023330926895e-05,0.00011266721412539482,0.0,e6a5554f5d2c6a56b0c21df9d25b61ab7effc16259bef38e977818535aaf41a5,"[0, 1, 2]",[],0,True,False,True,True,True,True,False,False,False,stop
0,overlap_matched,6,bundle_rollout,primary,1,2,2,0,0.00019029201939702034,9.499955922365189e-06,9.549991227686405e-05,0.1,e6a5554f5d2c6a56b0c21df9d25b61ab7effc16259bef38e977818535aaf41a5,"[0, 1, 2]",[],0,True,False,True,True,True,True,False,False,False,stop
0,overlap_matched,6,recheck_joint,primary,1,2,2,0,5.175010301172733e-05,1.1167023330926895e-05,0.00011254195123910904,0.1,e6a5554f5d2c6a56b0c21df9d25b61ab7effc16259bef38e977818535aaf41a5,"[0, 1, 2]",[],0,True,False,True,True,True,True,False,False,False,stop
0,overlap_matched,7,age_paced,primary,0,0,0,0,1.670815981924534e-05,7.750000804662704e-06,5.983305163681507e-05,0.0,8bcbbd9750ba56e68778d2a6e5981e1da76f2ba73f7350bfb3953a682b51458f,[2],[2],1,False,False,True,False,True,False,True,False,False,stop
0,overlap_matched,7,bundle_myopic,primary,0,0,0,0,3.300001844763756e-05,7.2910916060209274e-06,6.304099224507809e-05,0.0,2be17fd47d9b032148e5da0916632f480be57685986ed597e03b1ef24782c3e1,[2],[],0,True,False,True,True,True,True,False,False,False,stop
0,overlap_matched,7,bundle_rollout,primary,0,0,0,0,4.39169816672802e-05,2.150004729628563e-05,4.9457885324954987e-05,0.0,2be17fd47d9b032148e5da0916632f480be57685986ed597e03b1ef24782c3e1,[2],[],0,True,False,True,True,True,True,False,False,False,stop
0,overlap_matched,7,recheck_joint,primary,0,0,0,0,4.9083027988672256e-05,6.9588422775268555e-06,6.345892325043678e-05,0.0,2be17fd47d9b032148e5da0916632f480be57685986ed597e03b1ef24782c3e1,[2],[],0,True,False,True,True,True,True,False,False,False,stop
1,overlap_matched,0,age_paced,primary,0,0,8,8,2.6999972760677338e-05,6.292015314102173e-06,6.070802919566631e-05,0.0,50a2e0558729d301bdd63c0ef0aa63653437d49226663e3ecdbe4a3d184b2d78,[2],[],0,True,False,True,True,True,True,False,False,False,stop
1,overlap_matched,0,bundle_myopic,primary,1,2,8,6,4.7791050747036934e-05,1.2249918654561043e-05,5.962490104138851e-05,0.1,50a2e0558729d301bdd63c0ef0aa63653437d49226663e3ecdbe4a3d184b2d78,[2],[],0,True,False,True,True,True,True,False,False,False,stop
1,overlap_matched,0,bundle_rollout,primary,0,0,8,8,0.008658292004838586,5.541834980249405e-06,6.120884791016579e-05,0.0,50a2e0558729d301bdd63c0ef0aa63653437d49226663e3ecdbe4a3d184b2d78,[2],[],0,True,False,True,True,True,True,False,False,False,stop
1,overlap_matched,0,recheck_joint,primary,0,0,8,8,0.08634391613304615,4.124827682971954e-06,5.2374787628650665e-05,0.0,50a2e0558729d301bdd63c0ef0aa63653437d49226663e3ecdbe4a3d184b2d78,[2],[],0,True,False,True,True,True,True,False,False,False,stop
1,overlap_matched,1,age_paced,primary,1,2,8,6,5.8582983911037445e-05,1.233397051692009e-05,1.8459046259522438e-05,0.1,4b2cea6860d1857800aa0cb24aa3d5664bb49785ab6d9ea4a7c72315ddc12090,[2],[],0,True,False,True,True,True,True,False,False,False,stop
1,overlap_matched,1,bundle_myopic,primary,1,2,6,4,1.6582896932959557e-05,3.541819751262665e-06,7.041590288281441e-05,0.1,4b2cea6860d1857800aa0cb24aa3d5664bb49785ab6d9ea4a7c72315ddc12090,[2],[],0,True,False,True,True,True,True,False,False,False,stop
1,overlap_matched,1,bundle_rollout,primary,1,2,8,6,0.0032768750097602606,1.0499963536858559e-05,4.733284004032612e-05,0.1,4b2cea6860d1857800aa0cb24aa3d5664bb49785ab6d9ea4a7c72315ddc12090,[2],[],0,True,False,True,True,True,True,False,False,False,stop
1,overlap_matched,1,recheck_joint,primary,0,0,8,8,0.00024433317594230175,4.583969712257385e-06,5.491706542670727e-05,0.0,4b2cea6860d1857800aa0cb24aa3d5664bb49785ab6d9ea4a7c72315ddc12090,[2],[],0,True,False,True,True,True,True,False,False,False,stop
1,overlap_matched,2,age_paced,primary,1,3,6,3,2.791592851281166e-05,6.209127604961395e-06,6.758398376405239e-05,0.15000000000000002,32d820ffdc1a69b8e61fbeff9fda71fe59c946426827f050b3d55375613c3f5a,[2],[],0,True,False,True,True,True,True,False,False,False,stop
1,overlap_matched,2,bundle_myopic,primary,1,2,4,2,5.450006574392319e-05,2.0458130165934563e-05,5.820905789732933e-05,0.1,32d820ffdc1a69b8e61fbeff9fda71fe59c946426827f050b3d55375613c3f5a,[2],[],0,True,False,True,True,True,True,False,False,False,stop
1,overlap_matched,2,bundle_rollout,primary,0,0,6,6,0.0030390419997274876,1.0125106200575829e-05,3.383401781320572e-05,0.0,32d820ffdc1a69b8e61fbeff9fda71fe59c946426827f050b3d55375613c3f5a,[2],[],0,True,False,True,True,True,True,False,False,False,stop
1,overlap_matched,2,recheck_joint,primary,1,2,8,6,0.000128875020891428,6.3749030232429504e-06,2.3416941985487938e-05,0.1,32d820ffdc1a69b8e61fbeff9fda71fe59c946426827f050b3d55375613c3f5a,[2],[],0,True,False,True,True,True,True,False,False,False,stop
1,overlap_matched,3,age_paced,primary,1,2,3,1,4.566693678498268e-05,1.7792219296097755e-05,5.608401261270046e-05,0.1,72a4f633eeb91ac1a7f62531cf82d0a450819e3623a084d4be3b09bb3823dd75,"[0, 1]",[],0,True,False,True,True,True,True,False,False,False,stop
1,overlap_matched,3,bundle_myopic,primary,1,2,2,0,1.9333092495799065e-05,4.375120624899864e-06,0.0001300419680774212,0.1,72a4f633eeb91ac1a7f62531cf82d0a450819e3623a084d4be3b09bb3823dd75,"[0, 1]",[],0,True,False,True,True,True,True,False,False,False,stop
1,overlap_matched,3,bundle_myopic,repeat,0,0,2,0,0.0,0.0,9.537488222122192e-05,0.0,72a4f633eeb91ac1a7f62531cf82d0a450819e3623a084d4be3b09bb3823dd75,"[0, 1]",[],0,True,False,True,True,True,True,False,False,False,stop
1,overlap_matched,3,bundle_rollout,primary,1,3,6,3,0.003005084116011858,2.8041889891028404e-05,6.995885632932186e-05,0.15000000000000002,72a4f633eeb91ac1a7f62531cf82d0a450819e3623a084d4be3b09bb3823dd75,"[0, 1]",[],0,True,False,True,True,True,True,False,False,False,stop
1,overlap_matched,3,recheck_joint,primary,1,3,6,3,0.00013899989426136017,8.750008419156075e-06,9.929202497005463e-05,0.15000000000000002,72a4f633eeb91ac1a7f62531cf82d0a450819e3623a084d4be3b09bb3823dd75,"[0, 1]",[],0,True,False,True,True,True,True,False,False,False,stop
1,overlap_matched,3,recheck_joint,repeat,0,0,6,3,0.0,0.0,6.545800715684891e-05,0.0,72a4f633eeb91ac1a7f62531cf82d0a450819e3623a084d4be3b09bb3823dd75,"[0, 1]",[],0,True,False,True,True,True,True,False,False,False,stop
1,overlap_matched,4,age_paced,primary,0,0,1,1,1.995800994336605e-05,1.3082986697554588e-05,5.8999983593821526e-05,0.0,a19aba9cfa6016d091d8e442e474336065fe739124917be7369d87d346b952ff,[2],[],0,True,False,True,True,True,True,False,False,False,stop
1,overlap_matched,4,bundle_myopic,primary,0,0,0,0,3.2291049137711525e-05,7.458031177520752e-06,4.054093733429909e-05,0.0,a19aba9cfa6016d091d8e442e474336065fe739124917be7369d87d346b952ff,[2],[],0,True,False,True,True,True,True,False,False,False,stop
1,overlap_matched,4,bundle_rollout,primary,0,0,3,3,0.0005316659808158875,7.333001121878624e-06,9.929179213941097e-05,0.0,a19aba9cfa6016d091d8e442e474336065fe739124917be7369d87d346b952ff,[2],[],0,True,False,True,True,True,True,False,False,False,stop
1,overlap_matched,4,recheck_joint,primary,0,0,3,3,0.0002531250938773155,1.5333062037825584e-05,5.695805884897709e-05,0.0,a19aba9cfa6016d091d8e442e474336065fe739124917be7369d87d346b952ff,[2],[],0,True,False,True,True,True,True,False,False,False,stop
1,overlap_matched,5,age_paced,primary,0,0,1,1,1.5707919374108315e-05,3.3339019864797592e-06,4.720897413790226e-05,0.0,0cf144e56370fb58e8233671a1984c7fc5fa5b8f2479e94260f176972b9992f9,"[0, 1]",[0],1,False,False,True,False,True,False,True,False,False,stop
1,overlap_matched,5,bundle_myopic,primary,0,0,0,0,4.6584056690335274e-05,5.58304600417614e-06,6.545800715684891e-05,0.0,0cf144e56370fb58e8233671a1984c7fc5fa5b8f2479e94260f176972b9992f9,"[0, 1]",[0],1,False,False,True,False,True,False,True,False,False,stop
1,overlap_matched,5,bundle_rollout,primary,0,0,3,3,0.0004563331604003906,8.250121027231216e-06,3.0624913051724434e-05,0.0,0cf144e56370fb58e8233671a1984c7fc5fa5b8f2479e94260f176972b9992f9,"[0, 1]",[0],1,False,False,True,False,True,False,True,False,False,stop
1,overlap_matched,5,recheck_joint,primary,0,0,3,3,0.00011587492190301418,6.00004568696022e-06,3.791693598031998e-05,0.0,0cf144e56370fb58e8233671a1984c7fc5fa5b8f2479e94260f176972b9992f9,"[0, 1]",[0],1,False,False,True,False,True,False,True,False,False,stop
1,overlap_matched,6,age_paced,primary,0,0,1,1,6.792135536670685e-06,2.416083589196205e-06,6.616697646677494e-05,0.0,39c358cfdb4d77c63853d13f30e6d69ade3e9f85e10cf45fd89690ea3550ad79,[2],[],0,True,False,True,True,True,True,False,False,False,stop
1,overlap_matched,6,bundle_myopic,primary,0,0,0,0,3.0499882996082306e-05,6.207963451743126e-06,0.00012749992311000824,0.0,39c358cfdb4d77c63853d13f30e6d69ade3e9f85e10cf45fd89690ea3550ad79,[2],[],0,True,False,True,True,True,True,False,False,False,stop
1,overlap_matched,6,bundle_rollout,primary,1,2,3,1,0.0003197500482201576,2.8291018679738045e-05,7.045804522931576e-05,0.1,39c358cfdb4d77c63853d13f30e6d69ade3e9f85e10cf45fd89690ea3550ad79,[2],[],0,True,False,True,True,True,True,False,False,False,stop
1,overlap_matched,6,recheck_joint,primary,1,2,3,1,0.00034479214809834957,1.741712912917137e-05,5.3042080253362656e-05,0.1,39c358cfdb4d77c63853d13f30e6d69ade3e9f85e10cf45fd89690ea3550ad79,[2],[],0,True,False,True,True,True,True,False,False,False,stop
1,overlap_matched,7,age_paced,primary,0,0,1,1,1.5832949429750443e-05,4.958128556609154e-06,5.7499855756759644e-05,0.0,7cab6d5be11f19a43d7cb597fd386d8cae456f754c1e86ed6ec758f98ecb5bb6,[2],[2],1,False,False,True,False,True,False,True,False,False,stop
1,overlap_matched,7,bundle_myopic,primary,0,0,0,0,3.1916191801428795e-05,4.833796992897987e-06,5.737505853176117e-05,0.0,7cab6d5be11f19a43d7cb597fd386d8cae456f754c1e86ed6ec758f98ecb5bb6,[2],[2],1,False,False,True,False,True,False,True,False,False,stop
1,overlap_matched,7,bundle_rollout,primary,0,0,1,1,5.529215559363365e-05,1.2249918654561043e-05,2.8957845643162727e-05,0.0,7cab6d5be11f19a43d7cb597fd386d8cae456f754c1e86ed6ec758f98ecb5bb6,[2],[2],1,False,False,True,False,True,False,True,False,False,stop
1,overlap_matched,7,recheck_joint,primary,0,0,1,1,3.341608680784702e-05,2.2908207029104233e-06,3.308383747935295e-05,0.0,7cab6d5be11f19a43d7cb597fd386d8cae456f754c1e86ed6ec758f98ecb5bb6,[2],[2],1,False,False,True,False,True,False,True,False,False,stop
2,overlap_matched,0,age_paced,primary,0,0,8,8,3.100000321865082e-05,9.041046723723412e-06,7.879105396568775e-05,0.0,cbed94a1f34c8649e346a63b7a35f18311915516e062af00eb0f6010b68ea4b7,"[0, 1, 2]",[],0,True,False,True,True,True,True,False,False,False,stop
2,overlap_matched,0,bundle_myopic,primary,1,3,8,5,2.9166927561163902e-05,6.667105481028557e-06,6.816699169576168e-05,0.15000000000000002,cbed94a1f34c8649e346a63b7a35f18311915516e062af00eb0f6010b68ea4b7,"[0, 1, 2]",[],0,True,False,True,True,True,True,False,False,False,stop
2,overlap_matched,0,bundle_rollout,primary,0,0,8,8,0.010371417040005326,8.542090654373169e-06,0.00010579102672636509,0.0,cbed94a1f34c8649e346a63b7a35f18311915516e062af00eb0f6010b68ea4b7,"[0, 1, 2]",[],0,True,False,True,True,True,True,False,False,False,stop
2,overlap_matched,0,recheck_joint,primary,0,0,8,8,0.07701504207216203,8.125090971589088e-06,9.912485256791115e-05,0.0,cbed94a1f34c8649e346a63b7a35f18311915516e062af00eb0f6010b68ea4b7,"[0, 1, 2]",[],0,True,False,True,True,True,True,False,False,False,stop
2,overlap_matched,1,age_paced,primary,1,3,8,5,5.495804361999035e-05,1.2167030945420265e-05,0.00011279084719717503,0.15000000000000002,d66ca28152637575ae067e0f8b97b7701787eb5798c29d788763bd1e3d9dc448,"[0, 1, 2]",[],0,True,False,True,True,True,True,False,False,False,stop
2,overlap_matched,1,bundle_myopic,primary,1,3,5,2,4.4667162001132965e-05,1.3249926269054413e-05,9.395810775458813e-05,0.15000000000000002,d66ca28152637575ae067e0f8b97b7701787eb5798c29d788763bd1e3d9dc448,"[0, 1, 2]",[],0,True,False,True,True,True,True,False,False,False,stop
2,overlap_matched,1,bundle_rollout,primary,0,0,8,8,0.007368583930656314,1.337495632469654e-05,7.94590450823307e-05,0.0,d66ca28152637575ae067e0f8b97b7701787eb5798c29d788763bd1e3d9dc448,"[0, 1, 2]",[],0,True,False,True,True,True,True,False,False,False,stop
2,overlap_matched,1,recheck_joint,primary,0,0,8,8,0.0001409579999744892,8.041039109230042e-06,9.995908476412296e-05,0.0,d66ca28152637575ae067e0f8b97b7701787eb5798c29d788763bd1e3d9dc448,"[0, 1, 2]",[],0,True,False,True,True,True,True,False,False,False,stop
2,overlap_matched,2,age_paced,primary,1,2,5,3,3.6250101402401924e-05,1.0875053703784943e-05,0.00011024996638298035,0.1,1a62a398f5020de122540d50436f2f5342ce0915cabbf59f6649386d807e6da6,"[0, 1, 2]",[1],1,False,False,True,False,True,False,True,False,False,stop
2,overlap_matched,2,bundle_myopic,primary,1,2,2,0,4.054210148751736e-05,1.158309169113636e-05,7.479195483028889e-05,0.1,1a62a398f5020de122540d50436f2f5342ce0915cabbf59f6649386d807e6da6,"[0, 1, 2]",[1],1,False,False,True,False,True,False,True,False,False,stop
2,overlap_matched,2,bundle_rollout,primary,1,3,8,5,0.0034745410084724426,8.16606916487217e-06,0.00012574996799230576,0.15000000000000002,21343e7045d7f0585e068acd5626dc6ddd1ead346df65de3355da7dc650fdce6,"[0, 1, 2]",[],0,True,False,True,True,True,True,False,False,False,stop
2,overlap_matched,2,recheck_joint,primary,1,3,8,5,0.0002167089842259884,1.3917218893766403e-05,6.858306005597115e-05,0.15000000000000002,21343e7045d7f0585e068acd5626dc6ddd1ead346df65de3355da7dc650fdce6,"[0, 1, 2]",[],0,True,False,True,True,True,True,False,False,False,stop
2,overlap_matched,3,age_paced,primary,0,0,3,3,4.712492227554321e-05,9.834067896008492e-06,3.358302637934685e-05,0.0,3f893f94329848af4c07dcde51853bdb494df307a60ab9395e4f937e7acd7606,"[0, 1, 2]","[0, 1]",2,False,False,True,False,True,False,True,False,False,stop
2,overlap_matched,3,bundle_myopic,primary,0,0,0,0,3.520888276398182e-05,7.082941010594368e-06,4.733307287096977e-05,0.0,3f893f94329848af4c07dcde51853bdb494df307a60ab9395e4f937e7acd7606,"[0, 1, 2]","[0, 1]",2,False,False,True,False,True,False,True,False,False,stop
2,overlap_matched,3,bundle_myopic,repeat,0,0,0,0,0.0,0.0,3.4624943509697914e-05,0.0,3f893f94329848af4c07dcde51853bdb494df307a60ab9395e4f937e7acd7606,"[0, 1, 2]","[0, 1]",2,False,False,True,False,True,False,True,False,False,stop
2,overlap_matched,3,bundle_rollout,primary,1,2,5,3,0.0015239580534398556,1.8916791304945946e-05,9.529199451208115e-05,0.1,11b45a0bde7e6ea50334c8695dc50647138a246a1ceabe6206f776632a64c5a9,"[0, 1, 2]",[],0,True,False,True,True,True,True,False,False,False,stop
2,overlap_matched,3,recheck_joint,primary,1,2,5,3,8.070911280810833e-05,1.0750023648142815e-05,4.5625027269124985e-05,0.1,e5182f355eaba83d6983300a8800af49522f7cb16ebc81a82c20a1cb54aa4e1d,"[0, 1, 2]",[0],1,False,False,True,False,True,False,True,False,False,stop
2,overlap_matched,3,recheck_joint,repeat,0,0,5,3,0.0,0.0,4.641711711883545e-05,0.0,e5182f355eaba83d6983300a8800af49522f7cb16ebc81a82c20a1cb54aa4e1d,"[0, 1, 2]",[0],1,False,False,True,False,True,False,True,False,False,stop
2,overlap_matched,4,age_paced,primary,1,3,3,0,2.087489701807499e-05,5.709007382392883e-06,7.487484253942966e-05,0.15000000000000002,22150d0259d2280fc687961d6ec8f2303f0f03a2d36e2572b2fb77d051f81874,"[0, 1, 2]",[],0,True,False,True,True,True,True,False,False,False,stop
2,overlap_matched,4,bundle_myopic,primary,0,0,0,0,2.1625077351927757e-05,4.458008334040642e-06,6.054178811609745e-05,0.0,b8284a1aa9087330397cdcccd4e8d39f69362a4c6ae6d5bdbcb49d22b33ad63c,"[0, 1, 2]","[0, 1]",2,False,False,True,False,True,False,True,False,False,stop
2,overlap_matched,4,bundle_rollout,primary,0,0,3,3,0.0004569168668240309,1.400010660290718e-05,4.775007255375385e-05,0.0,22150d0259d2280fc687961d6ec8f2303f0f03a2d36e2572b2fb77d051f81874,"[0, 1, 2]",[],0,True,False,True,True,True,True,False,False,False,stop
2,overlap_matched,4,recheck_joint,primary,0,0,3,3,0.00011404207907617092,7.207971066236496e-06,4.008389078080654e-05,0.0,f9779495605f56b5192caabbe807ba64ff703ceb81bd189ebc6535db1905c472,"[0, 1, 2]",[0],1,False,False,True,False,True,False,True,False,False,stop
2,overlap_matched,5,age_paced,primary,0,0,0,0,2.791592851281166e-05,1.237494871020317e-05,0.000116333132609725,0.0,b3b63aae8f1014a30aa15910db87f08bc2ffe691cf1f65aa18108ac4b82d52ac,"[0, 1, 2]",[],0,True,False,True,True,True,True,False,False,False,stop
2,overlap_matched,5,bundle_myopic,primary,0,0,0,0,5.88330440223217e-05,6.95791095495224e-06,4.1458988562226295e-05,0.0,74f2ae899b2e2cdeab56f3c33bc9de590a50e4e1f54d6f71f2686b96b889b100,"[0, 1, 2]","[0, 1]",2,False,False,True,False,True,False,True,False,False,stop
2,overlap_matched,5,bundle_rollout,primary,1,3,3,0,0.00047262501902878284,1.4166813343763351e-05,9.300000965595245e-05,0.15000000000000002,b3b63aae8f1014a30aa15910db87f08bc2ffe691cf1f65aa18108ac4b82d52ac,"[0, 1, 2]",[],0,True,False,True,True,True,True,False,False,False,stop
2,overlap_matched,5,recheck_joint,primary,1,3,3,0,0.00014399993233382702,2.8999987989664078e-05,0.00010233302600681782,0.15000000000000002,b3b63aae8f1014a30aa15910db87f08bc2ffe691cf1f65aa18108ac4b82d52ac,"[0, 1, 2]",[],0,True,False,True,True,True,True,False,False,False,stop
2,overlap_matched,6,age_paced,primary,0,0,0,0,1.1124880984425545e-05,5.332985892891884e-06,0.00010170787572860718,0.0,f62fe69ffdfa61375a5d6c87c09e2ae14e35b9f23910e0cb8b6ffa031a64b1fe,[2],[],0,True,False,True,True,True,True,False,False,False,stop
2,overlap_matched,6,bundle_myopic,primary,0,0,0,0,3.229198046028614e-05,6.624963134527206e-06,3.5207951441407204e-05,0.0,f62fe69ffdfa61375a5d6c87c09e2ae14e35b9f23910e0cb8b6ffa031a64b1fe,[2],[],0,True,False,True,True,True,True,False,False,False,stop
2,overlap_matched,6,bundle_rollout,primary,0,0,0,0,9.658304043114185e-05,1.6167061403393745e-05,6.370805203914642e-05,0.0,f62fe69ffdfa61375a5d6c87c09e2ae14e35b9f23910e0cb8b6ffa031a64b1fe,[2],[],0,True,False,True,True,True,True,False,False,False,stop
2,overlap_matched,6,recheck_joint,primary,0,0,0,0,9.820819832384586e-05,1.0209158062934875e-05,7.983413524925709e-05,0.0,f62fe69ffdfa61375a5d6c87c09e2ae14e35b9f23910e0cb8b6ffa031a64b1fe,[2],[],0,True,False,True,True,True,True,False,False,False,stop
2,overlap_matched,7,age_paced,primary,0,0,0,0,1.6124919056892395e-05,6.542075425386429e-06,5.674990825355053e-05,0.0,2d02ce2ef90dff6415497df4df657cbb562b081f2fd37fedca0db34e191af7dd,[2],[],0,True,False,True,True,True,True,False,False,False,stop
2,overlap_matched,7,bundle_myopic,primary,0,0,0,0,1.3584038242697716e-05,2.583954483270645e-06,6.004190072417259e-05,0.0,2d02ce2ef90dff6415497df4df657cbb562b081f2fd37fedca0db34e191af7dd,[2],[],0,True,False,True,True,True,True,False,False,False,stop
2,overlap_matched,7,bundle_rollout,primary,0,0,0,0,4.887511022388935e-05,7.667113095521927e-06,5.7208118960261345e-05,0.0,2d02ce2ef90dff6415497df4df657cbb562b081f2fd37fedca0db34e191af7dd,[2],[],0,True,False,True,True,True,True,False,False,False,stop
2,overlap_matched,7,recheck_joint,primary,0,0,0,0,5.0582922995090485e-05,8.541857823729515e-06,2.491590566933155e-05,0.0,2d02ce2ef90dff6415497df4df657cbb562b081f2fd37fedca0db34e191af7dd,[2],[],0,True,False,True,True,True,True,False,False,False,stop
3,disjoint_matched,0,age_paced,primary,0,0,8,8,2.8416980057954788e-05,7.665948942303658e-06,8.350005373358727e-05,0.0,b7ebe1fb551155477b1c6667241c2b90184f6ac77c52e0eac89c873c54862f7c,"[0, 1]",[1],1,False,False,True,False,True,False,True,False,False,stop
3,disjoint_matched,0,bundle_myopic,primary,2,4,8,4,3.733299672603607e-05,1.4916062355041504e-05,9.725010022521019e-05,0.2,c259e57b620f10bc0f853105b9cbb8fde3009ff7d6aa4e4db95ff86ce8e141e3,"[0, 1]",[],0,True,False,True,True,True,True,False,False,False,stop
3,disjoint_matched,0,bundle_rollout,primary,0,0,8,8,0.009484291076660156,1.4750054106116295e-05,7.362500764429569e-05,0.0,b7ebe1fb551155477b1c6667241c2b90184f6ac77c52e0eac89c873c54862f7c,"[0, 1]",[1],1,False,False,True,False,True,False,True,False,False,stop
3,disjoint_matched,0,recheck_joint,primary,0,0,8,8,0.07169266603887081,6.583984941244125e-06,5.9582991525530815e-05,0.0,b7ebe1fb551155477b1c6667241c2b90184f6ac77c52e0eac89c873c54862f7c,"[0, 1]",[1],1,False,False,True,False,True,False,True,False,False,stop
3,disjoint_matched,1,age_paced,primary,1,2,8,6,5.8125006034970284e-05,1.0499963536858559e-05,7.112487219274044e-05,0.1,1fc4f8b78d9b3ec41d23840d18ff21871669f7b4f59c83875dc2052d4b9187e2,"[0, 1, 2]","[1, 2]",2,False,False,True,False,True,False,True,False,False,stop
3,disjoint_matched,1,bundle_myopic,primary,2,4,4,0,4.3042004108428955e-05,2.583395689725876e-05,9.862496517598629e-05,0.2,7e3f3d260add9a313d24ce4b81762110456538ef40d66b5ebfc6b687471b0028,"[0, 1, 2]",[],0,True,False,True,True,True,True,False,False,False,stop
3,disjoint_matched,1,bundle_rollout,primary,0,0,8,8,0.004630833165720105,9.37492586672306e-06,4.300009459257126e-05,0.0,1fc4f8b78d9b3ec41d23840d18ff21871669f7b4f59c83875dc2052d4b9187e2,"[0, 1, 2]","[1, 2]",2,False,False,True,False,True,False,True,False,False,stop
3,disjoint_matched,1,recheck_joint,primary,0,0,8,8,9.808316826820374e-05,3.833789378404617e-06,7.741712033748627e-05,0.0,1fc4f8b78d9b3ec41d23840d18ff21871669f7b4f59c83875dc2052d4b9187e2,"[0, 1, 2]","[1, 2]",2,False,False,True,False,True,False,True,False,False,stop
3,disjoint_matched,2,age_paced,primary,1,2,6,4,4.633399657905102e-05,1.2291129678487778e-05,8.604209870100021e-05,0.1,af601d7a25b5c05a8b64684e3a0e7b2317c98c02f699801bd2ec07c24b682374,"[0, 1, 2]",[2],1,False,False,True,False,True,False,True,False,False,stop
3,disjoint_matched,2,bundle_myopic,primary,0,0,0,0,3.487500362098217e-05,1.1833850294351578e-05,5.9125013649463654e-05,0.0,ef07f84d84582de17a57d0e14b1f0c00ed3450a0dbbdbf75065a18b7d6905b2e,"[0, 1, 2]",[],0,True,False,True,True,True,True,False,False,False,stop
3,disjoint_matched,2,bundle_rollout,primary,2,4,8,4,0.002217374974861741,1.4208024367690086e-05,0.00010050018317997456,0.2,70d2d4af60e46b93f07756d678250e5c3d8e3dcd51e93405354d1771d9712920,"[0, 1, 2]",[1],1,False,False,True,False,True,False,True,False,False,stop
3,disjoint_matched,2,recheck_joint,primary,1,2,8,6,5.75000885874033e-05,3.875000402331352e-06,0.00012029102072119713,0.1,9c662f1e2417f5d06484cb5b30f6a25b4b1f4a4e4b893afee3d74490b3db9f23,"[0, 1, 2]","[1, 2]",2,False,False,True,False,True,False,True,False,False,stop
3,disjoint_matched,3,age_paced,primary,1,2,4,2,7.112487219274044e-05,1.4082994312047958e-05,9.52079426497221e-05,0.1,7a98d3f24bf5e3d73b4a9d88236cfc7272b8054bc644211683f41e1126c9eb16,"[0, 1, 2]",[],0,True,False,True,True,True,True,False,False,False,stop
3,disjoint_matched,3,bundle_myopic,primary,0,0,0,0,2.0415987819433212e-05,4.125060513615608e-06,0.00013512512668967247,0.0,7a98d3f24bf5e3d73b4a9d88236cfc7272b8054bc644211683f41e1126c9eb16,"[0, 1, 2]",[],0,True,False,True,True,True,True,False,False,False,stop
3,disjoint_matched,3,bundle_myopic,repeat,0,0,0,0,0.0,0.0,0.00010904204100370407,0.0,7a98d3f24bf5e3d73b4a9d88236cfc7272b8054bc644211683f41e1126c9eb16,"[0, 1, 2]",[],0,True,False,True,True,True,True,False,False,False,stop
3,disjoint_matched,3,bundle_rollout,primary,1,2,4,2,0.0009192500729113817,1.4249933883547783e-05,0.00015770900063216686,0.1,7a98d3f24bf5e3d73b4a9d88236cfc7272b8054bc644211683f41e1126c9eb16,"[0, 1, 2]",[],0,True,False,True,True,True,True,False,False,False,stop
3,disjoint_matched,3,recheck_joint,primary,2,4,6,2,0.00013279193080961704,1.4417106285691261e-05,0.00011983397416770458,0.2,7a98d3f24bf5e3d73b4a9d88236cfc7272b8054bc644211683f41e1126c9eb16,"[0, 1, 2]",[],0,True,False,True,True,True,True,False,False,False,stop
3,disjoint_matched,3,recheck_joint,repeat,0,0,6,2,0.0,0.0,0.00016120797954499722,0.0,7a98d3f24bf5e3d73b4a9d88236cfc7272b8054bc644211683f41e1126c9eb16,"[0, 1, 2]",[],0,True,False,True,True,True,True,False,False,False,stop
3,disjoint_matched,4,age_paced,primary,0,0,2,2,3.14170029014349e-05,1.158309169113636e-05,8.475012145936489e-05,0.0,c259e57b620f10bc0f853105b9cbb8fde3009ff7d6aa4e4db95ff86ce8e141e3,"[0, 1]",[],0,True,False,True,True,True,True,False,False,False,stop
3,disjoint_matched,4,bundle_myopic,primary,0,0,0,0,1.9458122551441193e-05,4.58303838968277e-06,0.00015337509103119373,0.0,c259e57b620f10bc0f853105b9cbb8fde3009ff7d6aa4e4db95ff86ce8e141e3,"[0, 1]",[],0,True,False,True,True,True,True,False,False,False,stop
3,disjoint_matched,4,bundle_rollout,primary,0,0,2,2,0.0003892499953508377,1.1458061635494232e-05,8.291704580187798e-05,0.0,c259e57b620f10bc0f853105b9cbb8fde3009ff7d6aa4e4db95ff86ce8e141e3,"[0, 1]",[],0,True,False,True,True,True,True,False,False,False,stop
3,disjoint_matched,4,recheck_joint,primary,0,0,2,2,0.00014304183423519135,8.750008419156075e-06,5.4833944886922836e-05,0.0,c259e57b620f10bc0f853105b9cbb8fde3009ff7d6aa4e4db95ff86ce8e141e3,"[0, 1]",[],0,True,False,True,True,True,True,False,False,False,stop
3,disjoint_matched,5,age_paced,primary,1,2,2,0,8.599995635449886e-05,1.1499971151351929e-05,9.308289736509323e-05,0.1,c259e57b620f10bc0f853105b9cbb8fde3009ff7d6aa4e4db95ff86ce8e141e3,"[0, 1]",[],0,True,False,True,True,True,True,False,False,False,stop
3,disjoint_matched,5,bundle_myopic,primary,0,0,0,0,4.2084138840436935e-05,7.916940376162529e-06,9.658304043114185e-05,0.0,c259e57b620f10bc0f853105b9cbb8fde3009ff7d6aa4e4db95ff86ce8e141e3,"[0, 1]",[],0,True,False,True,True,True,True,False,False,False,stop
3,disjoint_matched,5,bundle_rollout,primary,1,2,2,0,0.0003547088708728552,2.3916829377412796e-05,9.949994273483753e-05,0.1,c259e57b620f10bc0f853105b9cbb8fde3009ff7d6aa4e4db95ff86ce8e141e3,"[0, 1]",[],0,True,False,True,True,True,True,False,False,False,stop
3,disjoint_matched,5,recheck_joint,primary,1,2,2,0,0.00011324998922646046,1.5333062037825584e-05,8.658296428620815e-05,0.1,c259e57b620f10bc0f853105b9cbb8fde3009ff7d6aa4e4db95ff86ce8e141e3,"[0, 1]",[],0,True,False,True,True,True,True,False,False,False,stop
3,disjoint_matched,6,age_paced,primary,0,0,0,0,1.1666910722851753e-05,6.8747904151678085e-06,8.52078665047884e-05,0.0,ef07f84d84582de17a57d0e14b1f0c00ed3450a0dbbdbf75065a18b7d6905b2e,"[0, 1, 2]",[2],1,False,False,True,False,True,False,True,False,False,stop
3,disjoint_matched,6,bundle_myopic,primary,0,0,0,0,3.670784644782543e-05,7.875030860304832e-06,9.545800276100636e-05,0.0,ef07f84d84582de17a57d0e14b1f0c00ed3450a0dbbdbf75065a18b7d6905b2e,"[0, 1, 2]",[2],1,False,False,True,False,True,False,True,False,False,stop
3,disjoint_matched,6,bundle_rollout,primary,0,0,0,0,5.920790135860443e-05,5.292007699608803e-06,8.616712875664234e-05,0.0,ef07f84d84582de17a57d0e14b1f0c00ed3450a0dbbdbf75065a18b7d6905b2e,"[0, 1, 2]",[2],1,False,False,True,False,True,False,True,False,False,stop
3,disjoint_matched,6,recheck_joint,primary,0,0,0,0,4.737498238682747e-05,6.95791095495224e-06,0.0001587909646332264,0.0,ef07f84d84582de17a57d0e14b1f0c00ed3450a0dbbdbf75065a18b7d6905b2e,"[0, 1, 2]",[2],1,False,False,True,False,True,False,True,False,False,stop
3,disjoint_matched,7,age_paced,primary,0,0,0,0,1.5333062037825584e-05,1.0666903108358383e-05,6.974977441132069e-05,0.0,3a23b293ba6d6d64a7f05b55a1e906f01176c071671efb6b4a2390203f261b01,"[0, 1, 2]",[2],1,False,False,True,False,True,False,True,False,False,stop
3,disjoint_matched,7,bundle_myopic,primary,0,0,0,0,1.9833911210298538e-05,4.041008651256561e-06,0.00015404191799461842,0.0,3a23b293ba6d6d64a7f05b55a1e906f01176c071671efb6b4a2390203f261b01,"[0, 1, 2]",[2],1,False,False,True,False,True,False,True,False,False,stop
3,disjoint_matched,7,bundle_rollout,primary,0,0,0,0,3.5499921068549156e-05,5.542067810893059e-06,9.929202497005463e-05,0.0,3a23b293ba6d6d64a7f05b55a1e906f01176c071671efb6b4a2390203f261b01,"[0, 1, 2]",[2],1,False,False,True,False,True,False,True,False,False,stop
3,disjoint_matched,7,recheck_joint,primary,0,0,0,0,9.820912964642048e-05,9.042210876941681e-06,9.570899419486523e-05,0.0,3a23b293ba6d6d64a7f05b55a1e906f01176c071671efb6b4a2390203f261b01,"[0, 1, 2]",[2],1,False,False,True,False,True,False,True,False,False,stop
4,disjoint_matched,0,age_paced,primary,0,0,8,8,5.7582976296544075e-05,1.891585998237133e-05,5.3416937589645386e-05,0.0,8a475052e6100d88ffa4f883ff1b4e1bcc07082b74aa831daa5dab5730b74878,[2],[2],1,False,False,True,False,True,False,True,False,False,stop
4,disjoint_matched,0,bundle_myopic,primary,1,2,8,6,3.674998879432678e-05,1.0249903425574303e-05,7.258309051394463e-05,0.1,3322931a6c6c9d41ed76302ab527f645f597141cea34285f5a7864619e4cb57a,[2],[],0,True,False,True,True,True,True,False,False,False,stop
4,disjoint_matched,0,bundle_rollout,primary,0,0,8,8,0.008049833122640848,1.1875061318278313e-05,4.354189150035381e-05,0.0,8a475052e6100d88ffa4f883ff1b4e1bcc07082b74aa831daa5dab5730b74878,[2],[2],1,False,False,True,False,True,False,True,False,False,stop
4,disjoint_matched,0,recheck_joint,primary,0,0,8,8,0.07117395801469684,6.166053935885429e-06,5.087489262223244e-05,0.0,8a475052e6100d88ffa4f883ff1b4e1bcc07082b74aa831daa5dab5730b74878,[2],[2],1,False,False,True,False,True,False,True,False,False,stop
4,disjoint_matched,1,age_paced,primary,1,2,8,6,4.9582915380597115e-05,1.2792181223630905e-05,4.950002767145634e-05,0.1,c5e5878d7f68174a1b5f3ae682b882c44ffb177f77a027cf6a7e5078fcc64986,[2],[],0,True,False,True,True,True,True,False,False,False,stop
4,disjoint_matched,1,bundle_myopic,primary,1,2,6,4,0.0001177499070763588,4.116701893508434e-05,5.362485535442829e-05,0.1,c5e5878d7f68174a1b5f3ae682b882c44ffb177f77a027cf6a7e5078fcc64986,[2],[],0,True,False,True,True,True,True,False,False,False,stop
4,disjoint_matched,1,bundle_rollout,primary,1,2,8,6,0.004494833992794156,2.233288250863552e-05,4.483410157263279e-05,0.1,c5e5878d7f68174a1b5f3ae682b882c44ffb177f77a027cf6a7e5078fcc64986,[2],[],0,True,False,True,True,True,True,False,False,False,stop
4,disjoint_matched,1,recheck_joint,primary,0,0,8,8,0.0001065409742295742,6.749993190169334e-06,6.879190914332867e-05,0.0,95f27affa79d150e7d900faa9b062e6d14269dad818e7db99a1341987006a67f,[2],[2],1,False,False,True,False,True,False,True,False,False,stop
4,disjoint_matched,2,age_paced,primary,2,4,6,2,5.5167125537991524e-05,1.491699367761612e-05,5.9625133872032166e-05,0.2,5910db0423b85d1e297cb3b9ccbbf34f61274918aafad5ca325541eb673c7e01,[2],[],0,True,False,True,True,True,True,False,False,False,stop
4,disjoint_matched,2,bundle_myopic,primary,1,2,4,2,4.075001925230026e-05,9.750016033649445e-06,5.1040900871157646e-05,0.1,5910db0423b85d1e297cb3b9ccbbf34f61274918aafad5ca325541eb673c7e01,[2],[],0,True,False,True,True,True,True,False,False,False,stop
4,disjoint_matched,2,bundle_rollout,primary,0,0,6,6,0.0031884578056633472,7.2910916060209274e-06,6.816699169576168e-05,0.0,5910db0423b85d1e297cb3b9ccbbf34f61274918aafad5ca325541eb673c7e01,[2],[],0,True,False,True,True,True,True,False,False,False,stop
4,disjoint_matched,2,recheck_joint,primary,1,2,8,6,0.0001873329747468233,1.4499993994832039e-05,8.570798672735691e-05,0.1,5910db0423b85d1e297cb3b9ccbbf34f61274918aafad5ca325541eb673c7e01,[2],[],0,True,False,True,True,True,True,False,False,False,stop
4,disjoint_matched,3,age_paced,primary,0,0,2,2,3.695813938975334e-05,5.708076059818268e-06,9.054108522832394e-05,0.0,f0be6a6df19de3ac1156b41bb2bc8a0451d8febc86f6ce64b4e34f3754623b15,"[0, 1]",[1],1,False,False,True,False,True,False,True,False,False,stop
4,disjoint_matched,3,bundle_myopic,primary,1,2,2,0,7.287506014108658e-05,1.0833144187927246e-05,9.529106318950653e-05,0.1,f0be6a6df19de3ac1156b41bb2bc8a0451d8febc86f6ce64b4e34f3754623b15,"[0, 1]",[1],1,False,False,True,False,True,False,True,False,False,stop
4,disjoint_matched,3,bundle_myopic,repeat,0,0,2,0,0.0,0.0,9.15410928428173e-05,0.0,f0be6a6df19de3ac1156b41bb2bc8a0451d8febc86f6ce64b4e34f3754623b15,"[0, 1]",[1],1,False,False,True,False,True,False,True,False,False,stop
4,disjoint_matched,3,bundle_rollout,primary,1,2,6,4,0.0025658339727669954,1.1833151802420616e-05,7.279100827872753e-05,0.1,f0be6a6df19de3ac1156b41bb2bc8a0451d8febc86f6ce64b4e34f3754623b15,"[0, 1]",[1],1,False,False,True,False,True,False,True,False,False,stop
4,disjoint_matched,3,recheck_joint,primary,2,4,6,2,0.00010816706344485283,1.3125129044055939e-05,8.537503890693188e-05,0.2,d99e53b1af927db02479a168b977117a64891f820f699a2ff6f1ee60fcdc5315,"[0, 1]",[],0,True,False,True,True,True,True,False,False,False,stop
4,disjoint_matched,3,recheck_joint,repeat,0,0,6,2,0.0,0.0,8.220807649195194e-05,0.0,d99e53b1af927db02479a168b977117a64891f820f699a2ff6f1ee60fcdc5315,"[0, 1]",[],0,True,False,True,True,True,True,False,False,False,stop
4,disjoint_matched,4,age_paced,primary,1,2,2,0,5.7499855756759644e-05,1.49579718708992e-05,8.999998681247234e-05,0.1,f0c7ba32a57ef8faee36b48672214131d8a8d00af2693d48b4fe12623a214806,"[0, 1]",[],0,True,False,True,True,True,True,False,False,False,stop
4,disjoint_matched,4,bundle_myopic,primary,0,0,0,0,2.4207867681980133e-05,5.084089934825897e-06,3.8499943912029266e-05,0.0,72a4f633eeb91ac1a7f62531cf82d0a450819e3623a084d4be3b09bb3823dd75,"[0, 1]",[1],1,False,False,True,False,True,False,True,False,False,stop
4,disjoint_matched,4,bundle_rollout,primary,1,2,4,2,0.0011069169268012047,3.1082890927791595e-05,9.6083153039217e-05,0.1,f0c7ba32a57ef8faee36b48672214131d8a8d00af2693d48b4fe12623a214806,"[0, 1]",[],0,True,False,True,True,True,True,False,False,False,stop
4,disjoint_matched,4,recheck_joint,primary,0,0,2,2,4.195794463157654e-05,2.624932676553726e-06,6.779120303690434e-05,0.0,f0c7ba32a57ef8faee36b48672214131d8a8d00af2693d48b4fe12623a214806,"[0, 1]",[],0,True,False,True,True,True,True,False,False,False,stop
4,disjoint_matched,5,age_paced,primary,0,0,0,0,1.1958880349993706e-05,5.958136171102524e-06,0.00010233302600681782,0.0,1fb05761727986242dba2afba4c6fabed7aaffcc0851157ed378fdfa500cbfdd,"[0, 1]",[],0,True,False,True,True,True,True,False,False,False,stop
4,disjoint_matched,5,bundle_myopic,primary,0,0,0,0,3.300001844763756e-05,6.58305361866951e-06,9.062513709068298e-05,0.0,0cf144e56370fb58e8233671a1984c7fc5fa5b8f2479e94260f176972b9992f9,"[0, 1]",[1],1,False,False,True,False,True,False,True,False,False,stop
4,disjoint_matched,5,bundle_rollout,primary,0,0,2,2,0.0004647918976843357,8.417060598731041e-06,0.000106374965980649,0.0,1fb05761727986242dba2afba4c6fabed7aaffcc0851157ed378fdfa500cbfdd,"[0, 1]",[],0,True,False,True,True,True,True,False,False,False,stop
4,disjoint_matched,5,recheck_joint,primary,0,0,2,2,0.00012500002048909664,8.624978363513947e-06,7.720896974205971e-05,0.0,1fb05761727986242dba2afba4c6fabed7aaffcc0851157ed378fdfa500cbfdd,"[0, 1]",[],0,True,False,True,True,True,True,False,False,False,stop
4,disjoint_matched,6,age_paced,primary,0,0,0,0,1.700012944638729e-05,7.6249707490205765e-06,7.258309051394463e-05,0.0,f0c7ba32a57ef8faee36b48672214131d8a8d00af2693d48b4fe12623a214806,"[0, 1]",[],0,True,False,True,True,True,True,False,False,False,stop
4,disjoint_matched,6,bundle_myopic,primary,0,0,0,0,5.095801316201687e-05,5.583977326750755e-06,5.587493069469929e-05,0.0,72a4f633eeb91ac1a7f62531cf82d0a450819e3623a084d4be3b09bb3823dd75,"[0, 1]",[1],1,False,False,True,False,True,False,True,False,False,stop
4,disjoint_matched,6,bundle_rollout,primary,1,2,2,0,0.00022945785894989967,1.5667174011468887e-05,6.862496957182884e-05,0.1,f0c7ba32a57ef8faee36b48672214131d8a8d00af2693d48b4fe12623a214806,"[0, 1]",[],0,True,False,True,True,True,True,False,False,False,stop
4,disjoint_matched,6,recheck_joint,primary,1,2,2,0,0.00015370803885161877,2.2249994799494743e-05,8.38330015540123e-05,0.1,f0c7ba32a57ef8faee36b48672214131d8a8d00af2693d48b4fe12623a214806,"[0, 1]",[],0,True,False,True,True,True,True,False,False,False,stop
4,disjoint_matched,7,age_paced,primary,0,0,0,0,2.4667009711265564e-05,7.1660615503787994e-06,6.35830219835043e-05,0.0,b09bb020ee5781e3d93afd146926ade76b150215c4285bfae28278f5108bf1c8,[2],[2],1,False,False,True,False,True,False,True,False,False,stop
4,disjoint_matched,7,bundle_myopic,primary,0,0,0,0,2.5582965463399887e-05,4.667090252041817e-06,6.52919989079237e-05,0.0,b09bb020ee5781e3d93afd146926ade76b150215c4285bfae28278f5108bf1c8,[2],[2],1,False,False,True,False,True,False,True,False,False,stop
4,disjoint_matched,7,bundle_rollout,primary,0,0,0,0,6.60410150885582e-05,4.667090252041817e-06,3.6499928683042526e-05,0.0,b09bb020ee5781e3d93afd146926ade76b150215c4285bfae28278f5108bf1c8,[2],[2],1,False,False,True,False,True,False,True,False,False,stop
4,disjoint_matched,7,recheck_joint,primary,0,0,0,0,4.258309490978718e-05,7.166992872953415e-06,0.00013512512668967247,0.0,b09bb020ee5781e3d93afd146926ade76b150215c4285bfae28278f5108bf1c8,[2],[2],1,False,False,True,False,True,False,True,False,False,stop
5,disjoint_matched,0,age_paced,primary,0,0,8,8,3.895815461874008e-05,7.2498805820941925e-06,9.733298793435097e-05,0.0,024ccc15d234bb59065b6d68bcce5fec9ec9450ffe4371b6c2bea4152d5d5d52,"[0, 1, 2]",[],0,True,False,True,True,True,True,False,False,False,stop
5,disjoint_matched,0,bundle_myopic,primary,2,4,8,4,4.370906390249729e-05,1.3208948075771332e-05,0.00010366598144173622,0.2,024ccc15d234bb59065b6d68bcce5fec9ec9450ffe4371b6c2bea4152d5d5d52,"[0, 1, 2]",[],0,True,False,True,True,True,True,False,False,False,stop
5,disjoint_matched,0,bundle_rollout,primary,0,0,8,8,0.008154249982908368,1.1082971468567848e-05,0.0001242088619619608,0.0,024ccc15d234bb59065b6d68bcce5fec9ec9450ffe4371b6c2bea4152d5d5d52,"[0, 1, 2]",[],0,True,False,True,True,True,True,False,False,False,stop
5,disjoint_matched,0,recheck_joint,primary,0,0,8,8,0.0728743749205023,7.709022611379623e-06,0.0001282910816371441,0.0,024ccc15d234bb59065b6d68bcce5fec9ec9450ffe4371b6c2bea4152d5d5d52,"[0, 1, 2]",[],0,True,False,True,True,True,True,False,False,False,stop
5,disjoint_matched,1,age_paced,primary,1,2,8,6,5.000014789402485e-05,1.3082986697554588e-05,4.762480966746807e-05,0.1,e2aee7286646a47ff9593af2db1749d24a014dc2ad2fb1fed7ccf8e2b3d0108a,"[0, 1, 2]",[],0,True,False,True,True,True,True,False,False,False,stop
5,disjoint_matched,1,bundle_myopic,primary,2,4,4,0,4.424992948770523e-05,1.3083918020129204e-05,8.233380503952503e-05,0.2,e2aee7286646a47ff9593af2db1749d24a014dc2ad2fb1fed7ccf8e2b3d0108a,"[0, 1, 2]",[],0,True,False,True,True,True,True,False,False,False,stop
5,disjoint_matched,1,bundle_rollout,primary,0,0,8,8,0.0026164581067860126,5.500158295035362e-06,8.254195563495159e-05,0.0,e2aee7286646a47ff9593af2db1749d24a014dc2ad2fb1fed7ccf8e2b3d0108a,"[0, 1, 2]",[],0,True,False,True,True,True,True,False,False,False,stop
5,disjoint_matched,1,recheck_joint,primary,0,0,8,8,0.0001460839994251728,5.124835297465324e-06,5.7582976296544075e-05,0.0,e2aee7286646a47ff9593af2db1749d24a014dc2ad2fb1fed7ccf8e2b3d0108a,"[0, 1, 2]",[],0,True,False,True,True,True,True,False,False,False,stop
5,disjoint_matched,2,age_paced,primary,1,2,6,4,2.295803278684616e-05,5.332985892891884e-06,4.5833876356482506e-05,0.1,e38144605a702d78910319835083184e0ff8acf09aa26f48bbb1fe90e500004c,"[0, 1, 2]",[],0,True,False,True,True,True,True,False,False,False,stop
5,disjoint_matched,2,bundle_myopic,primary,0,0,0,0,1.9083963707089424e-05,8.666887879371643e-06,4.5625027269124985e-05,0.0,92f9919a9720d0e5236476105e9172253c0f964664a3cf78115b9f96b2b1bad0,"[0, 1, 2]",[1],1,False,False,True,False,True,False,True,False,False,stop
5,disjoint_matched,2,bundle_rollout,primary,2,4,8,4,0.001977750100195408,6.292015314102173e-06,4.0250131860375404e-05,0.2,92f9919a9720d0e5236476105e9172253c0f964664a3cf78115b9f96b2b1bad0,"[0, 1, 2]",[1],1,False,False,True,False,True,False,True,False,False,stop
5,disjoint_matched,2,recheck_joint,primary,1,2,8,6,5.8625126257538795e-05,3.875000402331352e-06,7.691606879234314e-05,0.1,92f9919a9720d0e5236476105e9172253c0f964664a3cf78115b9f96b2b1bad0,"[0, 1, 2]",[1],1,False,False,True,False,True,False,True,False,False,stop
5,disjoint_matched,3,age_paced,primary,1,2,4,2,3.958307206630707e-05,1.1041993275284767e-05,7.200008258223534e-05,0.1,454578bf6590b252fac8d383130307be1cf7e16609c21a08755a3d271534d1eb,"[0, 1, 2]","[0, 1]",2,False,False,True,False,True,False,True,False,False,stop
5,disjoint_matched,3,bundle_myopic,primary,0,0,0,0,1.6582896932959557e-05,3.7918798625469208e-06,8.991709910333157e-05,0.0,dbc899968cc5041f520d1abf609ecde46e3dfab5d4ccb3858267fc93555cb095,"[0, 1, 2]",[0],1,False,False,True,False,True,False,True,False,False,stop
5,disjoint_matched,3,bundle_myopic,repeat,0,0,0,0,0.0,0.0,0.00010933284647762775,0.0,dbc899968cc5041f520d1abf609ecde46e3dfab5d4ccb3858267fc93555cb095,"[0, 1, 2]",[0],1,False,False,True,False,True,False,True,False,False,stop
5,disjoint_matched,3,bundle_rollout,primary,1,2,4,2,0.00043312483467161655,4.00003045797348e-06,4.0624989196658134e-05,0.1,dbc899968cc5041f520d1abf609ecde46e3dfab5d4ccb3858267fc93555cb095,"[0, 1, 2]",[0],1,False,False,True,False,True,False,True,False,False,stop
5,disjoint_matched,3,recheck_joint,primary,2,4,6,2,4.870910197496414e-05,5.917157977819443e-06,3.845803439617157e-05,0.2,dbc899968cc5041f520d1abf609ecde46e3dfab5d4ccb3858267fc93555cb095,"[0, 1, 2]",[0],1,False,False,True,False,True,False,True,False,False,stop
5,disjoint_matched,3,recheck_joint,repeat,0,0,6,2,0.0,0.0,4.4208019971847534e-05,0.0,dbc899968cc5041f520d1abf609ecde46e3dfab5d4ccb3858267fc93555cb095,"[0, 1, 2]",[0],1,False,False,True,False,True,False,True,False,False,stop
5,disjoint_matched,4,age_paced,primary,0,0,2,2,1.9416911527514458e-05,5.665933713316917e-06,6.879097782075405e-05,0.0,bd9a14355d20738ed769aaf8dbdc50af80af26ead7902fed74e8b797997b46b4,"[0, 1, 2]","[0, 1]",2,False,False,True,False,True,False,True,False,False,stop
5,disjoint_matched,4,bundle_myopic,primary,0,0,0,0,2.7333851903676987e-05,6.500165909528732e-06,5.316687747836113e-05,0.0,ad1f0387c1ac2dbd0bb9dd4f75c8dfc7044814d887ff8a16910351376c25aae9,"[0, 1, 2]",[0],1,False,False,True,False,True,False,True,False,False,stop
5,disjoint_matched,4,bundle_rollout,primary,0,0,2,2,0.00021804100833833218,4.834029823541641e-06,4.295818507671356e-05,0.0,ad1f0387c1ac2dbd0bb9dd4f75c8dfc7044814d887ff8a16910351376c25aae9,"[0, 1, 2]",[0],1,False,False,True,False,True,False,True,False,False,stop
5,disjoint_matched,4,recheck_joint,primary,0,0,2,2,6.479187868535519e-05,4.874775186181068e-06,5.766586400568485e-05,0.0,ad1f0387c1ac2dbd0bb9dd4f75c8dfc7044814d887ff8a16910351376c25aae9,"[0, 1, 2]",[0],1,False,False,True,False,True,False,True,False,False,stop
5,disjoint_matched,5,age_paced,primary,1,2,2,0,3.9624981582164764e-05,1.0458054021000862e-05,4.204106517136097e-05,0.1,0c563e1108bbaec273050b9dd13ea5c60dd924cad731fd393921b4956a05d496,"[0, 1, 2]",[1],1,False,False,True,False,True,False,True,False,False,stop
5,disjoint_matched,5,bundle_myopic,primary,0,0,0,0,1.2499978765845299e-05,2.4579931050539017e-06,9.054085239768028e-05,0.0,dbc899968cc5041f520d1abf609ecde46e3dfab5d4ccb3858267fc93555cb095,"[0, 1, 2]",[0],1,False,False,True,False,True,False,True,False,False,stop
5,disjoint_matched,5,bundle_rollout,primary,1,2,2,0,0.0001224998850375414,4.332978278398514e-06,0.00012562493793666363,0.1,d584104c20bfd7e8230cc807cc58ba71a8bf74c6735a2aec0e75822570715850,"[0, 1, 2]",[],0,True,False,True,True,True,True,False,False,False,stop
5,disjoint_matched,5,recheck_joint,primary,1,2,2,0,0.00010374980047345161,1.5208963304758072e-05,0.00011233310215175152,0.1,d584104c20bfd7e8230cc807cc58ba71a8bf74c6735a2aec0e75822570715850,"[0, 1, 2]",[],0,True,False,True,True,True,True,False,False,False,stop
5,disjoint_matched,6,age_paced,primary,0,0,0,0,1.77919864654541e-05,7.916940376162529e-06,9.454111568629742e-05,0.0,cd2de6d592c9cf1f4ae54c1bf77003b5ce0c6970c972a5d85961447f3bcf7a60,"[0, 1, 2]",[1],1,False,False,True,False,True,False,True,False,False,stop
5,disjoint_matched,6,bundle_myopic,primary,0,0,0,0,3.304099664092064e-05,7.750000804662704e-06,0.0001116250641644001,0.0,d02ed775a012f7d915d05301a9c5fea8784bdaa62ab472a98af6f13c99421d08,"[0, 1, 2]",[0],1,False,False,True,False,True,False,True,False,False,stop
5,disjoint_matched,6,bundle_rollout,primary,0,0,0,0,5.695805884897709e-05,5.37489540874958e-06,0.00013620802201330662,0.0,ce85f78dfe86bb811aff49e7403e78ee6a44135c85f95a6d89403153d6f8a2db,"[0, 1, 2]",[],0,True,False,True,True,True,True,False,False,False,stop
5,disjoint_matched,6,recheck_joint,primary,0,0,0,0,5.324999801814556e-05,9.666895493865013e-06,0.00010258285328745842,0.0,ce85f78dfe86bb811aff49e7403e78ee6a44135c85f95a6d89403153d6f8a2db,"[0, 1, 2]",[],0,True,False,True,True,True,True,False,False,False,stop
5,disjoint_matched,7,age_paced,primary,0,0,0,0,1.037493348121643e-05,3.791181370615959e-06,8.19170381873846e-05,0.0,74dc05a7058cf402bf888f02878b8728eddda6eabdea2c9b4bce598c335f436c,[2],[],0,True,False,True,True,True,True,False,False,False,stop
5,disjoint_matched,7,bundle_myopic,primary,0,0,0,0,3.25001310557127e-05,6.749993190169334e-06,3.404100425541401e-05,0.0,74dc05a7058cf402bf888f02878b8728eddda6eabdea2c9b4bce598c335f436c,[2],[],0,True,False,True,True,True,True,False,False,False,stop
5,disjoint_matched,7,bundle_rollout,primary,0,0,0,0,5.24159986525774e-05,7.250113412737846e-06,5.579204298555851e-05,0.0,74dc05a7058cf402bf888f02878b8728eddda6eabdea2c9b4bce598c335f436c,[2],[],0,True,False,True,True,True,True,False,False,False,stop
5,disjoint_matched,7,recheck_joint,primary,0,0,0,0,4.570791497826576e-05,7.292022928595543e-06,6.66249543428421e-05,0.0,74dc05a7058cf402bf888f02878b8728eddda6eabdea2c9b4bce598c335f436c,[2],[],0,True,False,True,True,True,True,False,False,False,stop
6,overlap_no_drift,0,age_paced,primary,0,0,8,8,3.2624928280711174e-05,8.832896128296852e-06,9.708316065371037e-05,0.0,f0be6a6df19de3ac1156b41bb2bc8a0451d8febc86f6ce64b4e34f3754623b15,"[0, 1]",[],0,True,False,True,True,True,True,False,False,False,stop
6,overlap_no_drift,0,bundle_myopic,primary,1,3,8,5,3.1667063012719154e-05,8.292030543088913e-06,0.00010212487541139126,0.15000000000000002,f0be6a6df19de3ac1156b41bb2bc8a0451d8febc86f6ce64b4e34f3754623b15,"[0, 1]",[],0,True,False,True,True,True,True,False,False,False,stop
6,overlap_no_drift,0,bundle_rollout,primary,0,0,8,8,0.008812000043690205,7.042195647954941e-06,0.00012699980288743973,0.0,f0be6a6df19de3ac1156b41bb2bc8a0451d8febc86f6ce64b4e34f3754623b15,"[0, 1]",[],0,True,False,True,True,True,True,False,False,False,stop
6,overlap_no_drift,0,recheck_joint,primary,0,0,8,8,0.08353637508116663,5.167210474610329e-06,0.00010079191997647285,0.0,f0be6a6df19de3ac1156b41bb2bc8a0451d8febc86f6ce64b4e34f3754623b15,"[0, 1]",[],0,True,False,True,True,True,True,False,False,False,stop
6,overlap_no_drift,1,age_paced,primary,1,2,8,6,4.854216240346432e-05,1.1167023330926895e-05,5.829101428389549e-05,0.1,0d76f0ce043bc9b299043eb237e8d5fd76a12182e05fb109cee3c82348bf1acc,[2],[],0,True,False,True,True,True,True,False,False,False,stop
6,overlap_no_drift,1,bundle_myopic,primary,1,2,5,3,4.787510260939598e-05,1.1499971151351929e-05,5.687493830919266e-05,0.1,0d76f0ce043bc9b299043eb237e8d5fd76a12182e05fb109cee3c82348bf1acc,[2],[],0,True,False,True,True,True,True,False,False,False,stop
6,overlap_no_drift,1,bundle_rollout,primary,1,2,8,6,0.005131500074639916,1.1416152119636536e-05,6.562517955899239e-05,0.1,0d76f0ce043bc9b299043eb237e8d5fd76a12182e05fb109cee3c82348bf1acc,[2],[],0,True,False,True,True,True,True,False,False,False,stop
6,overlap_no_drift,1,recheck_joint,primary,0,0,8,8,0.00011508306488394737,6.9998204708099365e-06,6.299978122115135e-05,0.0,0d76f0ce043bc9b299043eb237e8d5fd76a12182e05fb109cee3c82348bf1acc,[2],[],0,True,False,True,True,True,True,False,False,False,stop
6,overlap_no_drift,2,age_paced,primary,1,3,6,3,2.6708003133535385e-05,7.875030860304832e-06,6.220792420208454e-05,0.15000000000000002,35cc72c1ad36738987404e3ccee39d22b93bfff13ca1a1814027341fcaa2e368,[2],[],0,True,False,True,True,True,True,False,False,False,stop
6,overlap_no_drift,2,bundle_myopic,primary,1,2,3,1,4.61251474916935e-05,1.1249911040067673e-05,5.9125013649463654e-05,0.1,35cc72c1ad36738987404e3ccee39d22b93bfff13ca1a1814027341fcaa2e368,[2],[],0,True,False,True,True,True,True,False,False,False,stop
6,overlap_no_drift,2,bundle_rollout,primary,0,0,6,6,0.0029217498376965523,5.916925147175789e-06,7.570907473564148e-05,0.0,35cc72c1ad36738987404e3ccee39d22b93bfff13ca1a1814027341fcaa2e368,[2],[],0,True,False,True,True,True,True,False,False,False,stop
6,overlap_no_drift,2,recheck_joint,primary,1,2,8,6,0.00016516703180968761,1.5583820641040802e-05,2.9667047783732414e-05,0.1,35cc72c1ad36738987404e3ccee39d22b93bfff13ca1a1814027341fcaa2e368,[2],[],0,True,False,True,True,True,True,False,False,False,stop
6,overlap_no_drift,3,age_paced,primary,1,2,3,1,4.116701893508434e-05,1.095794141292572e-05,5.5958982557058334e-05,0.1,596d11d3dfa4bb7a97741fd9d96b230a0885236a06844a458e88932beee50bdc,[2],[],0,True,False,True,True,True,True,False,False,False,stop
6,overlap_no_drift,3,bundle_myopic,primary,0,0,1,1,3.1125033274292946e-05,4.749977961182594e-06,5.7499855756759644e-05,0.0,596d11d3dfa4bb7a97741fd9d96b230a0885236a06844a458e88932beee50bdc,[2],[],0,True,False,True,True,True,True,False,False,False,stop
6,overlap_no_drift,3,bundle_myopic,repeat,0,0,1,1,0.0,0.0,5.970802158117294e-05,0.0,596d11d3dfa4bb7a97741fd9d96b230a0885236a06844a458e88932beee50bdc,[2],[],0,True,False,True,True,True,True,False,False,False,stop
6,overlap_no_drift,3,bundle_rollout,primary,1,2,6,4,0.0029236250557005405,1.1750031262636185e-05,6.829202175140381e-05,0.1,596d11d3dfa4bb7a97741fd9d96b230a0885236a06844a458e88932beee50bdc,[2],[],0,True,False,True,True,True,True,False,False,False,stop
6,overlap_no_drift,3,recheck_joint,primary,0,0,6,6,0.00011858297511935234,7.416820153594017e-06,4.575005732476711e-05,0.0,596d11d3dfa4bb7a97741fd9d96b230a0885236a06844a458e88932beee50bdc,[2],[],0,True,False,True,True,True,True,False,False,False,stop
6,overlap_no_drift,3,recheck_joint,repeat,0,0,6,6,0.0,0.0,5.333288572728634e-05,0.0,596d11d3dfa4bb7a97741fd9d96b230a0885236a06844a458e88932beee50bdc,[2],[],0,True,False,True,True,True,True,False,False,False,stop
6,overlap_no_drift,4,age_paced,primary,0,0,1,1,1.6541918739676476e-05,8.124858140945435e-06,4.933308809995651e-05,0.0,29041e0be711898b226324406ec97b4364ded1921e242bbd9850f3813e59f67c,[2],[],0,True,False,True,True,True,True,False,False,False,stop
6,overlap_no_drift,4,bundle_myopic,primary,0,0,1,1,2.4166889488697052e-05,4.58303838968277e-06,5.8416975662112236e-05,0.0,29041e0be711898b226324406ec97b4364ded1921e242bbd9850f3813e59f67c,[2],[],0,True,False,True,True,True,True,False,False,False,stop
6,overlap_no_drift,4,bundle_rollout,primary,0,0,4,4,0.0011919171083718538,7.2498805820941925e-06,5.012517794966698e-05,0.0,29041e0be711898b226324406ec97b4364ded1921e242bbd9850f3813e59f67c,[2],[],0,True,False,True,True,True,True,False,False,False,stop
6,overlap_no_drift,4,recheck_joint,primary,1,2,6,4,0.00010554119944572449,1.1708121746778488e-05,6.0999998822808266e-05,0.1,29041e0be711898b226324406ec97b4364ded1921e242bbd9850f3813e59f67c,[2],[],0,True,False,True,True,True,True,False,False,False,stop
6,overlap_no_drift,5,age_paced,primary,0,0,1,1,1.2292061001062393e-05,5.332985892891884e-06,6.066705100238323e-05,0.0,8dcbed3421e6f12e5e9eaecc33b9ea4648b315be92a98ffd12cab2a2f949fc52,[2],[],0,True,False,True,True,True,True,False,False,False,stop
6,overlap_no_drift,5,bundle_myopic,primary,0,0,1,1,3.341701813042164e-05,7.166992872953415e-06,7.066596299409866e-05,0.0,8dcbed3421e6f12e5e9eaecc33b9ea4648b315be92a98ffd12cab2a2f949fc52,[2],[],0,True,False,True,True,True,True,False,False,False,stop
6,overlap_no_drift,5,bundle_rollout,primary,1,2,4,2,0.0008305839728564024,1.537497155368328e-05,5.5541982874274254e-05,0.1,8dcbed3421e6f12e5e9eaecc33b9ea4648b315be92a98ffd12cab2a2f949fc52,[2],[],0,True,False,True,True,True,True,False,False,False,stop
6,overlap_no_drift,5,recheck_joint,primary,0,0,4,4,0.00011729099787771702,8.292030543088913e-06,8.187489584088326e-05,0.0,8dcbed3421e6f12e5e9eaecc33b9ea4648b315be92a98ffd12cab2a2f949fc52,[2],[],0,True,False,True,True,True,True,False,False,False,stop
6,overlap_no_drift,6,age_paced,primary,0,0,1,1,9.333016350865364e-06,3.334134817123413e-06,7.679197005927563e-05,0.0,94b2aeadccc722cf2f50e992f147ac64e0eee92ab6276f726cb6fba3fdd3865a,[2],[],0,True,False,True,True,True,True,False,False,False,stop
6,overlap_no_drift,6,bundle_myopic,primary,0,0,1,1,3.133295103907585e-05,7.333001121878624e-06,6.749993190169334e-05,0.0,94b2aeadccc722cf2f50e992f147ac64e0eee92ab6276f726cb6fba3fdd3865a,[2],[],0,True,False,True,True,True,True,False,False,False,stop
6,overlap_no_drift,6,bundle_rollout,primary,0,0,2,2,0.0002388330176472664,9.167008101940155e-06,5.237502045929432e-05,0.0,94b2aeadccc722cf2f50e992f147ac64e0eee92ab6276f726cb6fba3fdd3865a,[2],[],0,True,False,True,True,True,True,False,False,False,stop
6,overlap_no_drift,6,recheck_joint,primary,1,2,4,2,0.00012616696767508984,1.1958880349993706e-05,3.087497316300869e-05,0.1,94b2aeadccc722cf2f50e992f147ac64e0eee92ab6276f726cb6fba3fdd3865a,[2],[],0,True,False,True,True,True,True,False,False,False,stop
6,overlap_no_drift,7,age_paced,primary,0,0,1,1,1.6165897250175476e-05,5.916925147175789e-06,5.8542005717754364e-05,0.0,4a4699b11b385458c3ab56822b82745c5cb1c0e596894ff619ce6edd2ff036f4,[2],[],0,True,False,True,True,True,True,False,False,False,stop
6,overlap_no_drift,7,bundle_myopic,primary,0,0,1,1,4.633399657905102e-05,6.458023563027382e-06,2.637505531311035e-05,0.0,4a4699b11b385458c3ab56822b82745c5cb1c0e596894ff619ce6edd2ff036f4,[2],[],0,True,False,True,True,True,True,False,False,False,stop
6,overlap_no_drift,7,bundle_rollout,primary,1,2,2,0,7.016584277153015e-05,1.0584015399217606e-05,5.6666089221835136e-05,0.1,4a4699b11b385458c3ab56822b82745c5cb1c0e596894ff619ce6edd2ff036f4,[2],[],0,True,False,True,True,True,True,False,False,False,stop
6,overlap_no_drift,7,recheck_joint,primary,1,2,2,0,6.345892325043678e-05,1.1750031262636185e-05,3.624986857175827e-05,0.1,4a4699b11b385458c3ab56822b82745c5cb1c0e596894ff619ce6edd2ff036f4,[2],[],0,True,False,True,True,True,True,False,False,False,stop
7,overlap_no_drift,0,age_paced,primary,0,0,8,8,3.495905548334122e-05,7.791910320520401e-06,6.691715680062771e-05,0.0,56a5f18c093ec5edc937ce17ec54bf6c068eb9ec06a59efcf33ed0b8f1b5e435,[2],[],0,True,False,True,True,True,True,False,False,False,stop
7,overlap_no_drift,0,bundle_myopic,primary,1,2,8,6,3.1041912734508514e-05,8.375151082873344e-06,6.483308970928192e-05,0.1,56a5f18c093ec5edc937ce17ec54bf6c068eb9ec06a59efcf33ed0b8f1b5e435,[2],[],0,True,False,True,True,True,True,False,False,False,stop
7,overlap_no_drift,0,bundle_rollout,primary,0,0,8,8,0.008945959154516459,7.750000804662704e-06,7.5541902333498e-05,0.0,56a5f18c093ec5edc937ce17ec54bf6c068eb9ec06a59efcf33ed0b8f1b5e435,[2],[],0,True,False,True,True,True,True,False,False,False,stop
7,overlap_no_drift,0,recheck_joint,primary,0,0,8,8,0.06673537497408688,3.5420525819063187e-06,4.358310252428055e-05,0.0,56a5f18c093ec5edc937ce17ec54bf6c068eb9ec06a59efcf33ed0b8f1b5e435,[2],[],0,True,False,True,True,True,True,False,False,False,stop
7,overlap_no_drift,1,age_paced,primary,1,3,8,5,3.3667078241705894e-05,8.208910003304482e-06,9.629200212657452e-05,0.15000000000000002,0cf144e56370fb58e8233671a1984c7fc5fa5b8f2479e94260f176972b9992f9,"[0, 1]",[],0,True,False,True,True,True,True,False,False,False,stop
7,overlap_no_drift,1,bundle_myopic,primary,1,3,6,3,4.254188388586044e-05,1.1791009455919266e-05,0.00011300016194581985,0.15000000000000002,0cf144e56370fb58e8233671a1984c7fc5fa5b8f2479e94260f176972b9992f9,"[0, 1]",[],0,True,False,True,True,True,True,False,False,False,stop
7,overlap_no_drift,1,bundle_rollout,primary,1,3,8,5,0.005730458069592714,1.237494871020317e-05,6.683287210762501e-05,0.15000000000000002,0cf144e56370fb58e8233671a1984c7fc5fa5b8f2479e94260f176972b9992f9,"[0, 1]",[],0,True,False,True,True,True,True,False,False,False,stop
7,overlap_no_drift,1,recheck_joint,primary,0,0,8,8,0.00025354092940688133,8.250121027231216e-06,0.00011937483213841915,0.0,0cf144e56370fb58e8233671a1984c7fc5fa5b8f2479e94260f176972b9992f9,"[0, 1]",[],0,True,False,True,True,True,True,False,False,False,stop
7,overlap_no_drift,2,age_paced,primary,1,3,5,2,4.795799031853676e-05,1.5083001926541328e-05,0.0001032920554280281,0.15000000000000002,72a4f633eeb91ac1a7f62531cf82d0a450819e3623a084d4be3b09bb3823dd75,"[0, 1]",[],0,True,False,True,True,True,True,False,False,False,stop
7,overlap_no_drift,2,bundle_myopic,primary,1,3,3,0,4.254188388586044e-05,1.595797948539257e-05,8.858297951519489e-05,0.15000000000000002,72a4f633eeb91ac1a7f62531cf82d0a450819e3623a084d4be3b09bb3823dd75,"[0, 1]",[],0,True,False,True,True,True,True,False,False,False,stop
7,overlap_no_drift,2,bundle_rollout,primary,0,0,5,5,0.0022822089958935976,2.4707987904548645e-05,7.762503810226917e-05,0.0,72a4f633eeb91ac1a7f62531cf82d0a450819e3623a084d4be3b09bb3823dd75,"[0, 1]",[],0,True,False,True,True,True,True,False,False,False,stop
7,overlap_no_drift,2,recheck_joint,primary,1,3,8,5,0.0003357499372214079,1.3249926269054413e-05,6.600003689527512e-05,0.15000000000000002,72a4f633eeb91ac1a7f62531cf82d0a450819e3623a084d4be3b09bb3823dd75,"[0, 1]",[],0,True,False,True,True,True,True,False,False,False,stop
7,overlap_no_drift,3,age_paced,primary,0,0,2,2,2.870894968509674e-05,7.542083039879799e-06,8.566584438085556e-05,0.0,0cf144e56370fb58e8233671a1984c7fc5fa5b8f2479e94260f176972b9992f9,"[0, 1]",[],0,True,False,True,True,True,True,False,False,False,stop
7,overlap_no_drift,3,bundle_myopic,primary,0,0,0,0,3.854092210531235e-05,6.4158812165260315e-06,6.599980406463146e-05,0.0,0cf144e56370fb58e8233671a1984c7fc5fa5b8f2479e94260f176972b9992f9,"[0, 1]",[],0,True,False,True,True,True,True,False,False,False,stop
7,overlap_no_drift,3,bundle_myopic,repeat,0,0,0,0,0.0,0.0,4.5666005462408066e-05,0.0,0cf144e56370fb58e8233671a1984c7fc5fa5b8f2479e94260f176972b9992f9,"[0, 1]",[],0,True,False,True,True,True,True,False,False,False,stop
7,overlap_no_drift,3,bundle_rollout,primary,0,0,5,5,0.0009921251330524683,2.666143700480461e-06,9.495881386101246e-05,0.0,0cf144e56370fb58e8233671a1984c7fc5fa5b8f2479e94260f176972b9992f9,"[0, 1]",[],0,True,False,True,True,True,True,False,False,False,stop
7,overlap_no_drift,3,recheck_joint,primary,0,0,5,5,0.00010529207065701485,6.666872650384903e-06,0.0001152500044554472,0.0,0cf144e56370fb58e8233671a1984c7fc5fa5b8f2479e94260f176972b9992f9,"[0, 1]",[],0,True,False,True,True,True,True,False,False,False,stop
7,overlap_no_drift,3,recheck_joint,repeat,0,0,5,5,0.0,0.0,9.329221211373806e-05,0.0,0cf144e56370fb58e8233671a1984c7fc5fa5b8f2479e94260f176972b9992f9,"[0, 1]",[],0,True,False,True,True,True,True,False,False,False,stop
7,overlap_no_drift,4,age_paced,primary,0,0,2,2,2.4958979338407516e-05,7.4589625000953674e-06,9.645894169807434e-05,0.0,72a4f633eeb91ac1a7f62531cf82d0a450819e3623a084d4be3b09bb3823dd75,"[0, 1]",[],0,True,False,True,True,True,True,False,False,False,stop
7,overlap_no_drift,4,bundle_myopic,primary,0,0,0,0,2.704095095396042e-05,8.16606916487217e-06,3.641704097390175e-05,0.0,72a4f633eeb91ac1a7f62531cf82d0a450819e3623a084d4be3b09bb3823dd75,"[0, 1]",[],0,True,False,True,True,True,True,False,False,False,stop
7,overlap_no_drift,4,bundle_rollout,primary,1,3,5,2,0.0007992500904947519,8.375151082873344e-06,8.570798672735691e-05,0.15000000000000002,72a4f633eeb91ac1a7f62531cf82d0a450819e3623a084d4be3b09bb3823dd75,"[0, 1]",[],0,True,False,True,True,True,True,False,False,False,stop
7,overlap_no_drift,4,recheck_joint,primary,0,0,5,5,0.00016229203902184963,6.4999330788850784e-06,9.90831758826971e-05,0.0,72a4f633eeb91ac1a7f62531cf82d0a450819e3623a084d4be3b09bb3823dd75,"[0, 1]",[],0,True,False,True,True,True,True,False,False,False,stop
7,overlap_no_drift,5,age_paced,primary,1,2,2,0,2.133287489414215e-05,5.791895091533661e-06,4.7541921958327293e-05,0.1,0cf144e56370fb58e8233671a1984c7fc5fa5b8f2479e94260f176972b9992f9,"[0, 1]",[],0,True,False,True,True,True,True,False,False,False,stop
7,overlap_no_drift,5,bundle_myopic,primary,0,0,0,0,2.537504769861698e-05,5.250098183751106e-06,6.704078987240791e-05,0.0,0cf144e56370fb58e8233671a1984c7fc5fa5b8f2479e94260f176972b9992f9,"[0, 1]",[],0,True,False,True,True,True,True,False,False,False,stop
7,overlap_no_drift,5,bundle_rollout,primary,0,0,2,2,0.00019795913249254227,6.500165909528732e-06,4.654098302125931e-05,0.0,0cf144e56370fb58e8233671a1984c7fc5fa5b8f2479e94260f176972b9992f9,"[0, 1]",[],0,True,False,True,True,True,True,False,False,False,stop
7,overlap_no_drift,5,recheck_joint,primary,1,3,5,2,0.00010970793664455414,7.792143151164055e-06,8.737505413591862e-05,0.15000000000000002,0cf144e56370fb58e8233671a1984c7fc5fa5b8f2479e94260f176972b9992f9,"[0, 1]",[],0,True,False,True,True,True,True,False,False,False,stop
7,overlap_no_drift,6,age_paced,primary,0,0,0,0,1.7249956727027893e-05,7.58306123316288e-06,5.5459095165133476e-05,0.0,0cf144e56370fb58e8233671a1984c7fc5fa5b8f2479e94260f176972b9992f9,"[0, 1]",[],0,True,False,True,True,True,True,False,False,False,stop
7,overlap_no_drift,6,bundle_myopic,primary,0,0,0,0,2.4582957848906517e-05,6.250105798244476e-06,6.237509660422802e-05,0.0,0cf144e56370fb58e8233671a1984c7fc5fa5b8f2479e94260f176972b9992f9,"[0, 1]",[],0,True,False,True,True,True,True,False,False,False,stop
7,overlap_no_drift,6,bundle_rollout,primary,1,2,2,0,0.00021291710436344147,1.033395528793335e-05,9.666616097092628e-05,0.1,0cf144e56370fb58e8233671a1984c7fc5fa5b8f2479e94260f176972b9992f9,"[0, 1]",[],0,True,False,True,True,True,True,False,False,False,stop
7,overlap_no_drift,6,recheck_joint,primary,0,0,2,2,4.866695962846279e-05,4.665926098823547e-06,6.995908915996552e-05,0.0,0cf144e56370fb58e8233671a1984c7fc5fa5b8f2479e94260f176972b9992f9,"[0, 1]",[],0,True,False,True,True,True,True,False,False,False,stop
7,overlap_no_drift,7,age_paced,primary,0,0,0,0,7.834052667021751e-06,3.915978595614433e-06,0.00011462508700788021,0.0,0dcda768032ee04cb8c16624f5f34b765d08f0203aad855f111195074c18ba50,"[0, 1, 2]",[],0,True,False,True,True,True,True,False,False,False,stop
7,overlap_no_drift,7,bundle_myopic,primary,0,0,0,0,2.408307045698166e-05,4.750210791826248e-06,3.487500362098217e-05,0.0,0dcda768032ee04cb8c16624f5f34b765d08f0203aad855f111195074c18ba50,"[0, 1, 2]",[],0,True,False,True,True,True,True,False,False,False,stop
7,overlap_no_drift,7,bundle_rollout,primary,0,0,0,0,2.5833025574684143e-05,4.708068445324898e-06,9.225006215274334e-05,0.0,0dcda768032ee04cb8c16624f5f34b765d08f0203aad855f111195074c18ba50,"[0, 1, 2]",[],0,True,False,True,True,True,True,False,False,False,stop
7,overlap_no_drift,7,recheck_joint,primary,1,2,2,0,7.224990986287594e-05,1.391698606312275e-05,8.695805445313454e-05,0.1,0dcda768032ee04cb8c16624f5f34b765d08f0203aad855f111195074c18ba50,"[0, 1, 2]",[],0,True,False,True,True,True,True,False,False,False,stop
8,overlap_no_drift,0,age_paced,primary,0,0,8,8,1.491699367761612e-05,3.833090886473656e-06,0.00010900013148784637,0.0,83ad5ed3f0a7de71fa552b05e50f97312ca59de68d9d4cd6ef9de6cf25800862,"[0, 1, 2]",[],0,True,False,True,True,True,True,False,False,False,stop
8,overlap_no_drift,0,bundle_myopic,primary,1,3,8,5,2.283393405377865e-05,5.166977643966675e-06,0.00011029187589883804,0.15000000000000002,83ad5ed3f0a7de71fa552b05e50f97312ca59de68d9d4cd6ef9de6cf25800862,"[0, 1, 2]",[],0,True,False,True,True,True,True,False,False,False,stop
8,overlap_no_drift,0,bundle_rollout,primary,0,0,8,8,0.008531916188076138,2.145790494978428e-05,5.7999975979328156e-05,0.0,83ad5ed3f0a7de71fa552b05e50f97312ca59de68d9d4cd6ef9de6cf25800862,"[0, 1, 2]",[],0,True,False,True,True,True,True,False,False,False,stop
8,overlap_no_drift,0,recheck_joint,primary,0,0,8,8,0.0851328750140965,4.084082320332527e-06,0.00017441599629819393,0.0,83ad5ed3f0a7de71fa552b05e50f97312ca59de68d9d4cd6ef9de6cf25800862,"[0, 1, 2]",[],0,True,False,True,True,True,True,False,False,False,stop
8,overlap_no_drift,1,age_paced,primary,1,3,8,5,6.154202856123447e-05,1.6582896932959557e-05,8.329213596880436e-05,0.15000000000000002,d2f8d5a46a1ae186b8ecc9335061eb5260e7caabdc12397f7aa06f0c95959052,"[0, 1, 2]",[],0,True,False,True,True,True,True,False,False,False,stop
8,overlap_no_drift,1,bundle_myopic,primary,1,3,5,2,5.02921175211668e-05,1.2208009138703346e-05,4.3665990233421326e-05,0.15000000000000002,d2f8d5a46a1ae186b8ecc9335061eb5260e7caabdc12397f7aa06f0c95959052,"[0, 1, 2]",[],0,True,False,True,True,True,True,False,False,False,stop
8,overlap_no_drift,1,bundle_rollout,primary,0,0,8,8,0.005421333014965057,7.207971066236496e-06,0.0001227078028023243,0.0,d2f8d5a46a1ae186b8ecc9335061eb5260e7caabdc12397f7aa06f0c95959052,"[0, 1, 2]",[],0,True,False,True,True,True,True,False,False,False,stop
8,overlap_no_drift,1,recheck_joint,primary,0,0,8,8,0.00010183383710682392,5.875015631318092e-06,9.674998000264168e-05,0.0,d2f8d5a46a1ae186b8ecc9335061eb5260e7caabdc12397f7aa06f0c95959052,"[0, 1, 2]",[],0,True,False,True,True,True,True,False,False,False,stop
8,overlap_no_drift,2,age_paced,primary,1,2,5,3,5.0999922677874565e-05,1.1375173926353455e-05,9.729200974106789e-05,0.1,e40d08e82002383ac4eba842db31c61d8e907aadcb5aac36a52e6e7397e2cff9,"[0, 1, 2]",[],0,True,False,True,True,True,True,False,False,False,stop
8,overlap_no_drift,2,bundle_myopic,primary,1,2,2,0,3.975001163780689e-05,1.2625008821487427e-05,0.00010579102672636509,0.1,e40d08e82002383ac4eba842db31c61d8e907aadcb5aac36a52e6e7397e2cff9,"[0, 1, 2]",[],0,True,False,True,True,True,True,False,False,False,stop
8,overlap_no_drift,2,bundle_rollout,primary,1,3,8,5,0.0023748339153826237,4.499917849898338e-06,0.00010683387517929077,0.15000000000000002,e40d08e82002383ac4eba842db31c61d8e907aadcb5aac36a52e6e7397e2cff9,"[0, 1, 2]",[],0,True,False,True,True,True,True,False,False,False,stop
8,overlap_no_drift,2,recheck_joint,primary,1,3,8,5,0.0001546249259263277,1.4625024050474167e-05,9.254203177988529e-05,0.15000000000000002,e40d08e82002383ac4eba842db31c61d8e907aadcb5aac36a52e6e7397e2cff9,"[0, 1, 2]",[],0,True,False,True,True,True,True,False,False,False,stop
8,overlap_no_drift,3,age_paced,primary,0,0,3,3,3.0082883313298225e-05,6.5409112721681595e-06,9.924988262355328e-05,0.0,e113667d159c2da9a8b0907c2e130b0ab409cad242098de3f45fc0d59ac84e6d,"[0, 1, 2]",[],0,True,False,True,True,True,True,False,False,False,stop
8,overlap_no_drift,3,bundle_myopic,primary,0,0,0,0,2.979184500873089e-05,6.417045369744301e-06,9.570899419486523e-05,0.0,e113667d159c2da9a8b0907c2e130b0ab409cad242098de3f45fc0d59ac84e6d,"[0, 1, 2]",[],0,True,False,True,True,True,True,False,False,False,stop
8,overlap_no_drift,3,bundle_myopic,repeat,0,0,0,0,0.0,0.0,0.00011233310215175152,0.0,e113667d159c2da9a8b0907c2e130b0ab409cad242098de3f45fc0d59ac84e6d,"[0, 1, 2]",[],0,True,False,True,True,True,True,False,False,False,stop
8,overlap_no_drift,3,bundle_rollout,primary,1,2,5,3,0.0018121670000255108,1.4250166714191437e-05,0.00012091686949133873,0.1,e113667d159c2da9a8b0907c2e130b0ab409cad242098de3f45fc0d59ac84e6d,"[0, 1, 2]",[],0,True,False,True,True,True,True,False,False,False,stop
8,overlap_no_drift,3,recheck_joint,primary,1,2,5,3,0.00019991700537502766,3.3499905839562416e-05,0.00011750007979571819,0.1,e113667d159c2da9a8b0907c2e130b0ab409cad242098de3f45fc0d59ac84e6d,"[0, 1, 2]",[],0,True,False,True,True,True,True,False,False,False,stop
8,overlap_no_drift,3,recheck_joint,repeat,0,0,5,3,0.0,0.0,9.78340394794941e-05,0.0,e113667d159c2da9a8b0907c2e130b0ab409cad242098de3f45fc0d59ac84e6d,"[0, 1, 2]",[],0,True,False,True,True,True,True,False,False,False,stop
8,overlap_no_drift,4,age_paced,primary,1,3,3,0,5.170912481844425e-05,1.3709068298339844e-05,0.00011041690595448017,0.15000000000000002,83ad5ed3f0a7de71fa552b05e50f97312ca59de68d9d4cd6ef9de6cf25800862,"[0, 1, 2]",[],0,True,False,True,True,True,True,False,False,False,stop
8,overlap_no_drift,4,bundle_myopic,primary,0,0,0,0,3.170897252857685e-05,6.749993190169334e-06,9.316718205809593e-05,0.0,83ad5ed3f0a7de71fa552b05e50f97312ca59de68d9d4cd6ef9de6cf25800862,"[0, 1, 2]",[],0,True,False,True,True,True,True,False,False,False,stop
8,overlap_no_drift,4,bundle_rollout,primary,0,0,3,3,0.0004985828418284655,9.207986295223236e-06,0.0001254160888493061,0.0,83ad5ed3f0a7de71fa552b05e50f97312ca59de68d9d4cd6ef9de6cf25800862,"[0, 1, 2]",[],0,True,False,True,True,True,True,False,False,False,stop
8,overlap_no_drift,4,recheck_joint,primary,0,0,3,3,7.933401502668858e-05,6.041955202817917e-06,0.00010379101149737835,0.0,83ad5ed3f0a7de71fa552b05e50f97312ca59de68d9d4cd6ef9de6cf25800862,"[0, 1, 2]",[],0,True,False,True,True,True,True,False,False,False,stop
8,overlap_no_drift,5,age_paced,primary,0,0,0,0,1.9582919776439667e-05,7.916940376162529e-06,0.00010358402505517006,0.0,ef07f84d84582de17a57d0e14b1f0c00ed3450a0dbbdbf75065a18b7d6905b2e,"[0, 1, 2]",[],0,True,False,True,True,True,True,False,False,False,stop
8,overlap_no_drift,5,bundle_myopic,primary,0,0,0,0,2.645794302225113e-05,5.708076059818268e-06,6.258394569158554e-05,0.0,ef07f84d84582de17a57d0e14b1f0c00ed3450a0dbbdbf75065a18b7d6905b2e,"[0, 1, 2]",[],0,True,False,True,True,True,True,False,False,False,stop
8,overlap_no_drift,5,bundle_rollout,primary,1,3,3,0,0.00041366717778146267,1.5666941180825233e-05,0.00011379201896488667,0.15000000000000002,ef07f84d84582de17a57d0e14b1f0c00ed3450a0dbbdbf75065a18b7d6905b2e,"[0, 1, 2]",[],0,True,False,True,True,True,True,False,False,False,stop
8,overlap_no_drift,5,recheck_joint,primary,1,3,3,0,9.174994193017483e-05,1.2625008821487427e-05,9.650015272200108e-05,0.15000000000000002,ef07f84d84582de17a57d0e14b1f0c00ed3450a0dbbdbf75065a18b7d6905b2e,"[0, 1, 2]",[],0,True,False,True,True,True,True,False,False,False,stop
8,overlap_no_drift,6,age_paced,primary,0,0,0,0,2.1458836272358894e-05,9.916024282574654e-06,0.00012179091572761536,0.0,f9779495605f56b5192caabbe807ba64ff703ceb81bd189ebc6535db1905c472,"[0, 1, 2]",[],0,True,False,True,True,True,True,False,False,False,stop
8,overlap_no_drift,6,bundle_myopic,primary,0,0,0,0,3.241701051592827e-05,6.958143785595894e-06,0.00010041682980954647,0.0,f9779495605f56b5192caabbe807ba64ff703ceb81bd189ebc6535db1905c472,"[0, 1, 2]",[],0,True,False,True,True,True,True,False,False,False,stop
8,overlap_no_drift,6,bundle_rollout,primary,0,0,0,0,0.0001052080187946558,6.082933396100998e-06,0.00010641687549650669,0.0,f9779495605f56b5192caabbe807ba64ff703ceb81bd189ebc6535db1905c472,"[0, 1, 2]",[],0,True,False,True,True,True,True,False,False,False,stop
8,overlap_no_drift,6,recheck_joint,primary,0,0,0,0,6.212503649294376e-05,7.1658287197351456e-06,0.00011079106479883194,0.0,f9779495605f56b5192caabbe807ba64ff703ceb81bd189ebc6535db1905c472,"[0, 1, 2]",[],0,True,False,True,True,True,True,False,False,False,stop
8,overlap_no_drift,7,age_paced,primary,0,0,0,0,1.3082986697554588e-05,6.749993190169334e-06,7.287506014108658e-05,0.0,e113667d159c2da9a8b0907c2e130b0ab409cad242098de3f45fc0d59ac84e6d,"[0, 1, 2]",[],0,True,False,True,True,True,True,False,False,False,stop
8,overlap_no_drift,7,bundle_myopic,primary,0,0,0,0,2.733292058110237e-05,4.917150363326073e-06,8.55419784784317e-05,0.0,e113667d159c2da9a8b0907c2e130b0ab409cad242098de3f45fc0d59ac84e6d,"[0, 1, 2]",[],0,True,False,True,True,True,True,False,False,False,stop
8,overlap_no_drift,7,bundle_rollout,primary,0,0,0,0,4.2041996493935585e-05,6.5409112721681595e-06,9.325006976723671e-05,0.0,e113667d159c2da9a8b0907c2e130b0ab409cad242098de3f45fc0d59ac84e6d,"[0, 1, 2]",[],0,True,False,True,True,True,True,False,False,False,stop
8,overlap_no_drift,7,recheck_joint,primary,0,0,0,0,3.975001163780689e-05,5.916925147175789e-06,9.637512266635895e-05,0.0,e113667d159c2da9a8b0907c2e130b0ab409cad242098de3f45fc0d59ac84e6d,"[0, 1, 2]",[],0,True,False,True,True,True,True,False,False,False,stop
9,overlap_underestimated,0,age_paced,primary,0,0,8,8,3.975001163780689e-05,9.667128324508667e-06,8.058315142989159e-05,0.0,95876a37034730867f004df13777716c65f5e7b3ce4f3ec69695fead86b9d45d,"[0, 1]",[],0,True,False,True,True,True,True,False,False,False,stop
9,overlap_underestimated,0,bundle_myopic,primary,1,3,8,5,4.708394408226013e-05,1.1625001206994057e-05,0.00011170795187354088,0.15000000000000002,95876a37034730867f004df13777716c65f5e7b3ce4f3ec69695fead86b9d45d,"[0, 1]",[],0,True,False,True,True,True,True,False,False,False,stop
9,overlap_underestimated,0,bundle_rollout,primary,0,0,8,8,0.008516167057678103,7.582828402519226e-06,9.379209950566292e-05,0.0,95876a37034730867f004df13777716c65f5e7b3ce4f3ec69695fead86b9d45d,"[0, 1]",[],0,True,False,True,True,True,True,False,False,False,stop
9,overlap_underestimated,0,recheck_joint,primary,0,0,8,8,0.08389304205775261,4.749977961182594e-06,9.191595017910004e-05,0.0,95876a37034730867f004df13777716c65f5e7b3ce4f3ec69695fead86b9d45d,"[0, 1]",[],0,True,False,True,True,True,True,False,False,False,stop
9,overlap_underestimated,1,age_paced,primary,1,3,8,5,5.475012585520744e-05,1.2916047126054764e-05,9.30421520024538e-05,0.15000000000000002,95876a37034730867f004df13777716c65f5e7b3ce4f3ec69695fead86b9d45d,"[0, 1]",[],0,True,False,True,True,True,True,False,False,False,stop
9,overlap_underestimated,1,bundle_myopic,primary,1,3,5,2,6.379187107086182e-05,1.3207783922553062e-05,0.0001285409089177847,0.15000000000000002,95876a37034730867f004df13777716c65f5e7b3ce4f3ec69695fead86b9d45d,"[0, 1]",[],0,True,False,True,True,True,True,False,False,False,stop
9,overlap_underestimated,1,bundle_rollout,primary,1,3,8,5,0.005484083201736212,1.5415949746966362e-05,9.05841588973999e-05,0.15000000000000002,95876a37034730867f004df13777716c65f5e7b3ce4f3ec69695fead86b9d45d,"[0, 1]",[],0,True,False,True,True,True,True,False,False,False,stop
9,overlap_underestimated,1,recheck_joint,primary,0,0,8,8,0.00027262489311397076,7.5409188866615295e-06,9.433296509087086e-05,0.0,95876a37034730867f004df13777716c65f5e7b3ce4f3ec69695fead86b9d45d,"[0, 1]",[],0,True,False,True,True,True,True,False,False,False,stop
9,overlap_underestimated,2,age_paced,primary,1,3,5,2,4.3999869376420975e-05,1.2083910405635834e-05,8.962512947618961e-05,0.15000000000000002,95876a37034730867f004df13777716c65f5e7b3ce4f3ec69695fead86b9d45d,"[0, 1]",[],0,True,False,True,True,True,True,False,False,False,stop
9,overlap_underestimated,2,bundle_myopic,primary,1,2,2,0,2.2625084966421127e-05,5.332985892891884e-06,9.695789776742458e-05,0.1,95876a37034730867f004df13777716c65f5e7b3ce4f3ec69695fead86b9d45d,"[0, 1]",[],0,True,False,True,True,True,True,False,False,False,stop
9,overlap_underestimated,2,bundle_rollout,primary,0,0,5,5,0.0022024589125066996,6.417045369744301e-06,6.095808930695057e-05,0.0,95876a37034730867f004df13777716c65f5e7b3ce4f3ec69695fead86b9d45d,"[0, 1]",[],0,True,False,True,True,True,True,False,False,False,stop
9,overlap_underestimated,2,recheck_joint,primary,1,3,8,5,9.225006215274334e-05,9.417068213224411e-06,5.079200491309166e-05,0.15000000000000002,95876a37034730867f004df13777716c65f5e7b3ce4f3ec69695fead86b9d45d,"[0, 1]",[],0,True,False,True,True,True,True,False,False,False,stop
9,overlap_underestimated,3,age_paced,primary,0,0,2,2,3.204098902642727e-05,9.95909795165062e-06,4.812516272068024e-05,0.0,95876a37034730867f004df13777716c65f5e7b3ce4f3ec69695fead86b9d45d,"[0, 1]",[0],1,False,False,True,False,True,False,True,False,False,stop
9,overlap_underestimated,3,bundle_myopic,primary,0,0,0,0,3.158394247293472e-05,6.792135536670685e-06,5.150004290044308e-05,0.0,95876a37034730867f004df13777716c65f5e7b3ce4f3ec69695fead86b9d45d,"[0, 1]",[0],1,False,False,True,False,True,False,True,False,False,stop
9,overlap_underestimated,3,bundle_myopic,repeat,0,0,0,0,0.0,0.0,4.916684702038765e-05,0.0,95876a37034730867f004df13777716c65f5e7b3ce4f3ec69695fead86b9d45d,"[0, 1]",[0],1,False,False,True,False,True,False,True,False,False,stop
9,overlap_underestimated,3,bundle_rollout,primary,0,0,5,5,0.002147875027731061,6.2498729676008224e-06,5.266699008643627e-05,0.0,95876a37034730867f004df13777716c65f5e7b3ce4f3ec69695fead86b9d45d,"[0, 1]",[0],1,False,False,True,False,True,False,True,False,False,stop
9,overlap_underestimated,3,recheck_joint,primary,0,0,5,5,9.087519720196724e-05,7.292022928595543e-06,4.900014027953148e-05,0.0,95876a37034730867f004df13777716c65f5e7b3ce4f3ec69695fead86b9d45d,"[0, 1]",[0],1,False,False,True,False,True,False,True,False,False,stop
9,overlap_underestimated,3,recheck_joint,repeat,0,0,5,5,0.0,0.0,4.4625019654631615e-05,0.0,95876a37034730867f004df13777716c65f5e7b3ce4f3ec69695fead86b9d45d,"[0, 1]",[0],1,False,False,True,False,True,False,True,False,False,stop
9,overlap_underestimated,4,age_paced,primary,0,0,2,2,1.7207814380526543e-05,4.207948222756386e-06,5.1999930292367935e-05,0.0,98fc3e448cb84f8b9a3b07457f78ecc653c8b1bf2ea215bd8691a33bcaf1efe2,[2],[2],1,False,False,True,False,True,False,True,False,False,stop
9,overlap_underestimated,4,bundle_myopic,primary,0,0,0,0,3.437488339841366e-05,7.5409188866615295e-06,3.9125094190239906e-05,0.0,98fc3e448cb84f8b9a3b07457f78ecc653c8b1bf2ea215bd8691a33bcaf1efe2,[2],[2],1,False,False,True,False,True,False,True,False,False,stop
9,overlap_underestimated,4,bundle_rollout,primary,1,2,5,3,0.0015653751324862242,8.79121944308281e-06,2.4665845558047295e-05,0.1,69da93b83401b7048c5c9c89c3704a810ad34041b6cd27f01e933096b43922bb,[2],[],0,True,False,True,True,True,True,False,False,False,stop
9,overlap_underestimated,4,recheck_joint,primary,1,2,5,3,0.00013625016435980797,3.2582785934209824e-05,7.500010542571545e-05,0.1,69da93b83401b7048c5c9c89c3704a810ad34041b6cd27f01e933096b43922bb,[2],[],0,True,False,True,True,True,True,False,False,False,stop
9,overlap_underestimated,5,age_paced,primary,1,2,2,0,1.5625031664967537e-05,3.833090886473656e-06,6.0957856476306915e-05,0.1,335798bd3db99a492e1f5da6ab859779d0b4852f7c71f5fd9100861f3c4e0493,[2],[],0,True,False,True,True,True,True,False,False,False,stop
9,overlap_underestimated,5,bundle_myopic,primary,0,0,0,0,1.3834098353981972e-05,2.5418121367692947e-06,2.016616053879261e-05,0.0,49a67d001444f782a027b643a2d6b90157549387ecb692d938cb6b9dae209881,[2],[2],1,False,False,True,False,True,False,True,False,False,stop
9,overlap_underestimated,5,bundle_rollout,primary,0,0,3,3,0.0004738341085612774,8.292030543088913e-06,5.450006574392319e-05,0.0,335798bd3db99a492e1f5da6ab859779d0b4852f7c71f5fd9100861f3c4e0493,[2],[],0,True,False,True,True,True,True,False,False,False,stop
9,overlap_underestimated,5,recheck_joint,primary,0,0,3,3,0.00011887494474649429,5.624955520033836e-06,1.6958918422460556e-05,0.0,335798bd3db99a492e1f5da6ab859779d0b4852f7c71f5fd9100861f3c4e0493,[2],[],0,True,False,True,True,True,True,False,False,False,stop
9,overlap_underestimated,6,age_paced,primary,0,0,0,0,5.500158295035362e-06,2.4170149117708206e-06,6.433296948671341e-05,0.0,5644b5156ba42494f4a47047da02e51a5bed82b5ec5c2a7d1dae0a64bd90649f,[2],[],0,True,False,True,True,True,True,False,False,False,stop
9,overlap_underestimated,6,bundle_myopic,primary,0,0,0,0,3.4125056117773056e-05,7.4158888310194016e-06,5.841720849275589e-05,0.0,1a5d159ee0dfbae664c07d9e96a9932c5fb617e42f88b96c56445c7604aed3b1,[2],[2],1,False,False,True,False,True,False,True,False,False,stop
9,overlap_underestimated,6,bundle_rollout,primary,1,2,3,1,0.0002954169176518917,1.3042008504271507e-05,5.77080063521862e-05,0.1,5644b5156ba42494f4a47047da02e51a5bed82b5ec5c2a7d1dae0a64bd90649f,[2],[],0,True,False,True,True,True,True,False,False,False,stop
9,overlap_underestimated,6,recheck_joint,primary,1,2,3,1,9.320792742073536e-05,1.0792165994644165e-05,6.487499922513962e-05,0.1,5644b5156ba42494f4a47047da02e51a5bed82b5ec5c2a7d1dae0a64bd90649f,[2],[],0,True,False,True,True,True,True,False,False,False,stop
9,overlap_underestimated,7,age_paced,primary,0,0,0,0,6.4999330788850784e-06,3.1669624149799347e-06,4.375004209578037e-05,0.0,89e8e85c48a285c3598763b909ec8150f906e00642ba2be522f4677488f123c2,"[0, 1]",[0],1,False,False,True,False,True,False,True,False,False,stop
9,overlap_underestimated,7,bundle_myopic,primary,0,0,0,0,2.3250002413988113e-05,4.875008016824722e-06,1.9124941900372505e-05,0.0,89e8e85c48a285c3598763b909ec8150f906e00642ba2be522f4677488f123c2,"[0, 1]",[0],1,False,False,True,False,True,False,True,False,False,stop
9,overlap_underestimated,7,bundle_rollout,primary,0,0,1,1,4.7584064304828644e-05,6.416812539100647e-06,4.991586320102215e-05,0.0,89e8e85c48a285c3598763b909ec8150f906e00642ba2be522f4677488f123c2,"[0, 1]",[0],1,False,False,True,False,True,False,True,False,False,stop
9,overlap_underestimated,7,recheck_joint,primary,0,0,1,1,4.9416907131671906e-05,6.875023245811462e-06,3.129197284579277e-05,0.0,89e8e85c48a285c3598763b909ec8150f906e00642ba2be522f4677488f123c2,"[0, 1]",[0],1,False,False,True,False,True,False,True,False,False,stop
10,overlap_underestimated,0,age_paced,primary,0,0,8,8,2.591707743704319e-05,6.125075742602348e-06,4.5833876356482506e-05,0.0,c54d74df8c1bf46a544a2f5ea939191c34265b7a9dd02c72cdf34dd2a8be0711,[2],[],0,True,False,True,True,True,True,False,False,False,stop
10,overlap_underestimated,0,bundle_myopic,primary,1,2,8,6,4.537519998848438e-05,1.5458790585398674e-05,6.712507456541061e-05,0.1,c54d74df8c1bf46a544a2f5ea939191c34265b7a9dd02c72cdf34dd2a8be0711,[2],[],0,True,False,True,True,True,True,False,False,False,stop
10,overlap_underestimated,0,bundle_rollout,primary,0,0,8,8,0.007858166936784983,8.207978680729866e-06,6.454205140471458e-05,0.0,c54d74df8c1bf46a544a2f5ea939191c34265b7a9dd02c72cdf34dd2a8be0711,[2],[],0,True,False,True,True,True,True,False,False,False,stop
10,overlap_underestimated,0,recheck_joint,primary,0,0,8,8,0.08883016603067517,4.292000085115433e-06,5.3416937589645386e-05,0.0,c54d74df8c1bf46a544a2f5ea939191c34265b7a9dd02c72cdf34dd2a8be0711,[2],[],0,True,False,True,True,True,True,False,False,False,stop
10,overlap_underestimated,1,age_paced,primary,1,2,8,6,5.091587081551552e-05,1.1084135621786118e-05,6.095808930695057e-05,0.1,00b85f1953cac5a0455550b615a6bad8830ec21730e632db9cf55c5032ab9370,[2],[],0,True,False,True,True,True,True,False,False,False,stop
10,overlap_underestimated,1,bundle_myopic,primary,1,2,6,4,7.341708987951279e-05,1.812516711652279e-05,5.670823156833649e-05,0.1,00b85f1953cac5a0455550b615a6bad8830ec21730e632db9cf55c5032ab9370,[2],[],0,True,False,True,True,True,True,False,False,False,stop
10,overlap_underestimated,1,bundle_rollout,primary,1,2,8,6,0.005669000092893839,1.8249964341521263e-05,7.30000901967287e-05,0.1,00b85f1953cac5a0455550b615a6bad8830ec21730e632db9cf55c5032ab9370,[2],[],0,True,False,True,True,True,True,False,False,False,stop
10,overlap_underestimated,1,recheck_joint,primary,0,0,8,8,0.0001067908015102148,6.417045369744301e-06,7.604202255606651e-05,0.0,00b85f1953cac5a0455550b615a6bad8830ec21730e632db9cf55c5032ab9370,[2],[],0,True,False,True,True,True,True,False,False,False,stop
10,overlap_underestimated,2,age_paced,primary,1,3,6,3,4.4667162001132965e-05,1.337495632469654e-05,4.8042042180895805e-05,0.15000000000000002,8bd9b1a70bbb8ce7dffd1e566b81c54e4536abca944e4553701283ab9dc78a24,[2],[],0,True,False,True,True,True,True,False,False,False,stop
10,overlap_underestimated,2,bundle_myopic,primary,1,2,4,2,5.0042057409882545e-05,1.174979843199253e-05,2.2500054910779e-05,0.1,8bd9b1a70bbb8ce7dffd1e566b81c54e4536abca944e4553701283ab9dc78a24,[2],[],0,True,False,True,True,True,True,False,False,False,stop
10,overlap_underestimated,2,bundle_rollout,primary,0,0,6,6,0.00333395809866488,7.916940376162529e-06,6.454088725149632e-05,0.0,8bd9b1a70bbb8ce7dffd1e566b81c54e4536abca944e4553701283ab9dc78a24,[2],[],0,True,False,True,True,True,True,False,False,False,stop
10,overlap_underestimated,2,recheck_joint,primary,1,2,8,6,7.64171127229929e-05,5.041947588324547e-06,5.4916832596063614e-05,0.1,8bd9b1a70bbb8ce7dffd1e566b81c54e4536abca944e4553701283ab9dc78a24,[2],[],0,True,False,True,True,True,True,False,False,False,stop
10,overlap_underestimated,3,age_paced,primary,1,2,3,1,5.562487058341503e-05,1.300009898841381e-05,3.195810131728649e-05,0.1,65ad915e09993fd137c8cb6255aaba01430df9dec53330a807658d1f0caeafbb,[2],[],0,True,False,True,True,True,True,False,False,False,stop
10,overlap_underestimated,3,bundle_myopic,primary,1,2,2,0,3.8250116631388664e-05,1.0415911674499512e-05,3.983289934694767e-05,0.1,65ad915e09993fd137c8cb6255aaba01430df9dec53330a807658d1f0caeafbb,[2],[],0,True,False,True,True,True,True,False,False,False,stop
10,overlap_underestimated,3,bundle_myopic,repeat,0,0,2,0,0.0,0.0,5.3541967645287514e-05,0.0,65ad915e09993fd137c8cb6255aaba01430df9dec53330a807658d1f0caeafbb,[2],[],0,True,False,True,True,True,True,False,False,False,stop
10,overlap_underestimated,3,bundle_rollout,primary,1,2,6,4,0.0023838328197598457,1.0207993909716606e-05,2.9833056032657623e-05,0.1,65ad915e09993fd137c8cb6255aaba01430df9dec53330a807658d1f0caeafbb,[2],[],0,True,False,True,True,True,True,False,False,False,stop
10,overlap_underestimated,3,recheck_joint,primary,0,0,6,6,0.00011899997480213642,6.875023245811462e-06,4.987511783838272e-05,0.0,65ad915e09993fd137c8cb6255aaba01430df9dec53330a807658d1f0caeafbb,[2],[],0,True,False,True,True,True,True,False,False,False,stop
10,overlap_underestimated,3,recheck_joint,repeat,0,0,6,6,0.0,0.0,5.575013346970081e-05,0.0,65ad915e09993fd137c8cb6255aaba01430df9dec53330a807658d1f0caeafbb,[2],[],0,True,False,True,True,True,True,False,False,False,stop
10,overlap_underestimated,4,age_paced,primary,0,0,1,1,1.1082971468567848e-05,3.915978595614433e-06,4.6625034883618355e-05,0.0,74a3e942527799b2f202ac4f6f598f7c8bcb4311c06463b2e7deb6d3d44c9223,[2],[],0,True,False,True,True,True,True,False,False,False,stop
10,overlap_underestimated,4,bundle_myopic,primary,0,0,0,0,2.537504769861698e-05,6.207963451743126e-06,6.087496876716614e-05,0.0,74a3e942527799b2f202ac4f6f598f7c8bcb4311c06463b2e7deb6d3d44c9223,[2],[],0,True,False,True,True,True,True,False,False,False,stop
10,overlap_underestimated,4,bundle_rollout,primary,0,0,4,4,0.0012115829158574343,6.041955202817917e-06,4.950002767145634e-05,0.0,74a3e942527799b2f202ac4f6f598f7c8bcb4311c06463b2e7deb6d3d44c9223,[2],[],0,True,False,True,True,True,True,False,False,False,stop
10,overlap_underestimated,4,recheck_joint,primary,1,2,6,4,3.8999831303954124e-05,4.583969712257385e-06,3.0416063964366913e-05,0.1,74a3e942527799b2f202ac4f6f598f7c8bcb4311c06463b2e7deb6d3d44c9223,[2],[],0,True,False,True,True,True,True,False,False,False,stop
10,overlap_underestimated,5,age_paced,primary,0,0,1,1,1.9625062122941017e-05,7.833121344447136e-06,4.7165900468826294e-05,0.0,d96482fb713c820462e78e2fbc2447ba9e93661c551cf856a0a8634ee487a10f,[2],[2],1,False,False,True,False,True,False,True,False,False,stop
10,overlap_underestimated,5,bundle_myopic,primary,0,0,0,0,3.579212352633476e-05,7.333001121878624e-06,5.400017835199833e-05,0.0,d96482fb713c820462e78e2fbc2447ba9e93661c551cf856a0a8634ee487a10f,[2],[2],1,False,False,True,False,True,False,True,False,False,stop
10,overlap_underestimated,5,bundle_rollout,primary,1,2,4,2,0.0008861660026013851,1.2499978765845299e-05,5.537504330277443e-05,0.1,b35af4883cee5ca8814b4be477b2ac9709986920f889e0ef2b758e130e29d7d9,[2],[],0,True,False,True,True,True,True,False,False,False,stop
10,overlap_underestimated,5,recheck_joint,primary,0,0,4,4,0.00013479101471602917,8.458038792014122e-06,6.983289495110512e-05,0.0,d96482fb713c820462e78e2fbc2447ba9e93661c551cf856a0a8634ee487a10f,[2],[2],1,False,False,True,False,True,False,True,False,False,stop
10,overlap_underestimated,6,age_paced,primary,0,0,1,1,1.4041084796190262e-05,8.041039109230042e-06,5.9999991208314896e-05,0.0,185d9f54a7ed6c8111e2bdf21f046ec12d1ce0455a4acbb464b656a814f685fa,"[0, 1, 2]","[1, 2]",2,False,False,True,False,True,False,True,False,False,stop
10,overlap_underestimated,6,bundle_myopic,primary,0,0,0,0,2.9165996238589287e-05,6.875023245811462e-06,1.7875107005238533e-05,0.0,7e3f3d260add9a313d24ce4b81762110456538ef40d66b5ebfc6b687471b0028,"[0, 1, 2]","[0, 2]",2,False,False,True,False,True,False,True,False,False,stop
10,overlap_underestimated,6,bundle_rollout,primary,1,2,2,0,0.00020433403551578522,1.2582866474986076e-05,8.329213596880436e-05,0.1,bd9a14355d20738ed769aaf8dbdc50af80af26ead7902fed74e8b797997b46b4,"[0, 1, 2]",[],0,True,False,True,True,True,True,False,False,False,stop
10,overlap_underestimated,6,recheck_joint,primary,1,3,4,1,4.529207944869995e-05,4.833098500967026e-06,0.00010629207827150822,0.15000000000000002,f633b921bd433b4fa92960b2c68a182377e4386ca4d4772f77e70c2f605b981d,"[0, 1, 2]",[2],1,False,False,True,False,True,False,True,False,False,stop
10,overlap_underestimated,7,age_paced,primary,0,0,1,1,2.0875129848718643e-05,7.458031177520752e-06,0.00010779197327792645,0.0,daff714b5465a2877a29b99f82217d1ee013adb13856d751422eaca96e25cb46,"[0, 1, 2]",[0],1,True,False,True,True,True,True,False,True,False,stop
10,overlap_underestimated,7,bundle_myopic,primary,0,0,0,0,1.3750046491622925e-05,2.62516550719738e-06,8.883397094905376e-05,0.0,e113667d159c2da9a8b0907c2e130b0ab409cad242098de3f45fc0d59ac84e6d,"[0, 1, 2]",[1],1,False,False,True,False,True,False,True,False,False,stop
10,overlap_underestimated,7,bundle_rollout,primary,0,0,0,0,5.387491546571255e-05,8.624978363513947e-06,0.00011479202657938004,0.0,dccd647476e23073ddbf0d13a6e437f0c2526eddb5a177f1fa28004a7ede1bad,"[0, 1, 2]","[0, 1, 2]",3,False,False,True,False,True,False,True,False,False,stop
10,overlap_underestimated,7,recheck_joint,primary,0,0,1,1,3.033410757780075e-05,4.540896043181419e-06,0.00012558395974338055,0.0,b3b63aae8f1014a30aa15910db87f08bc2ffe691cf1f65aa18108ac4b82d52ac,"[0, 1, 2]","[0, 1]",2,False,False,True,False,True,False,True,False,False,stop
11,overlap_underestimated,0,age_paced,primary,0,0,8,8,4.754099063575268e-05,4.666857421398163e-06,0.00013929116539657116,0.0,e4f50380b3e6c0b24414bb93231e7a9d5c1a427d6d7b2683ee85ebcc89858088,"[0, 1, 2]",[1],1,False,False,True,False,True,False,True,False,False,stop
11,overlap_underestimated,0,bundle_myopic,primary,1,3,8,5,4.4165877625346184e-05,1.3458076864480972e-05,0.00010066688992083073,0.15000000000000002,c4838cac8d90de615ecfebd0a35177b0efc7f52221c7c80651e61190244c796c,"[0, 1, 2]",[],0,True,False,True,True,True,True,False,False,False,stop
11,overlap_underestimated,0,bundle_rollout,primary,0,0,8,8,0.009122084127739072,7.95908272266388e-06,0.0001296249683946371,0.0,e4f50380b3e6c0b24414bb93231e7a9d5c1a427d6d7b2683ee85ebcc89858088,"[0, 1, 2]",[1],1,False,False,True,False,True,False,True,False,False,stop
11,overlap_underestimated,0,recheck_joint,primary,0,0,8,8,0.08474754192866385,4.417030140757561e-06,0.00012400001287460327,0.0,e4f50380b3e6c0b24414bb93231e7a9d5c1a427d6d7b2683ee85ebcc89858088,"[0, 1, 2]",[1],1,False,False,True,False,True,False,True,False,False,stop
11,overlap_underestimated,1,age_paced,primary,1,3,8,5,4.624994471669197e-05,9.875046089291573e-06,0.00015887501649558544,0.15000000000000002,ffd61fb7fef0439969e374d3314b51c25992115d770ee300742ff9b36d60b637,"[0, 1, 2]",[],0,True,False,True,True,True,True,False,False,False,stop
11,overlap_underestimated,1,bundle_myopic,primary,1,3,5,2,4.187505692243576e-05,1.13749410957098e-05,6.162491627037525e-05,0.15000000000000002,ffd61fb7fef0439969e374d3314b51c25992115d770ee300742ff9b36d60b637,"[0, 1, 2]",[],0,True,False,True,True,True,True,False,False,False,stop
11,overlap_underestimated,1,bundle_rollout,primary,0,0,8,8,0.005797334015369415,1.0999850928783417e-05,0.00011945795267820358,0.0,6220df2096a37e2be1f813036062f1cf6ddc25025be6a4fb823891ddbeaace24,"[0, 1, 2]",[1],1,False,False,True,False,True,False,True,False,False,stop
11,overlap_underestimated,1,recheck_joint,primary,0,0,8,8,0.00011958298273384571,6.416812539100647e-06,0.0001296659465879202,0.0,6220df2096a37e2be1f813036062f1cf6ddc25025be6a4fb823891ddbeaace24,"[0, 1, 2]",[1],1,False,False,True,False,True,False,True,False,False,stop
11,overlap_underestimated,2,age_paced,primary,1,3,5,2,4.466692917048931e-05,1.291697844862938e-05,3.441702574491501e-05,0.15000000000000002,72a4f633eeb91ac1a7f62531cf82d0a450819e3623a084d4be3b09bb3823dd75,"[0, 1]",[],0,True,False,True,True,True,True,False,False,False,stop
11,overlap_underestimated,2,bundle_myopic,primary,1,2,2,0,3.63329891115427e-05,1.0416144505143166e-05,9.224982932209969e-05,0.1,72a4f633eeb91ac1a7f62531cf82d0a450819e3623a084d4be3b09bb3823dd75,"[0, 1]",[],0,True,False,True,True,True,True,False,False,False,stop
11,overlap_underestimated,2,bundle_rollout,primary,1,3,8,5,0.005551000125706196,2.3541972041130066e-05,8.091586641967297e-05,0.15000000000000002,72a4f633eeb91ac1a7f62531cf82d0a450819e3623a084d4be3b09bb3823dd75,"[0, 1]",[],0,True,False,True,True,True,True,False,False,False,stop
11,overlap_underestimated,2,recheck_joint,primary,1,3,8,5,9.454181417822838e-05,5.749985575675964e-06,7.187481969594955e-05,0.15000000000000002,72a4f633eeb91ac1a7f62531cf82d0a450819e3623a084d4be3b09bb3823dd75,"[0, 1]",[],0,True,False,True,True,True,True,False,False,False,stop
11,overlap_underestimated,3,age_paced,primary,0,0,2,2,2.9999995604157448e-05,7.1660615503787994e-06,6.554089486598969e-05,0.0,ccb95cc1437cddbe29a3e9c699889d0e0e633076756a56e86605c401c96db99c,[2],[],0,True,False,True,True,True,True,False,False,False,stop
11,overlap_underestimated,3,bundle_myopic,primary,0,0,0,0,2.9959017410874367e-05,5.624955520033836e-06,7.370812818408012e-05,0.0,ccb95cc1437cddbe29a3e9c699889d0e0e633076756a56e86605c401c96db99c,[2],[],0,True,False,True,True,True,True,False,False,False,stop
11,overlap_underestimated,3,bundle_myopic,repeat,0,0,0,0,0.0,0.0,6.229104474186897e-05,0.0,ccb95cc1437cddbe29a3e9c699889d0e0e633076756a56e86605c401c96db99c,[2],[],0,True,False,True,True,True,True,False,False,False,stop
11,overlap_underestimated,3,bundle_rollout,primary,1,2,5,3,0.0017220410518348217,1.2916047126054764e-05,5.833408795297146e-05,0.1,ccb95cc1437cddbe29a3e9c699889d0e0e633076756a56e86605c401c96db99c,[2],[],0,True,False,True,True,True,True,False,False,False,stop
11,overlap_underestimated,3,recheck_joint,primary,1,2,5,3,5.833408795297146e-05,1.2499978765845299e-05,2.333289012312889e-05,0.1,ccb95cc1437cddbe29a3e9c699889d0e0e633076756a56e86605c401c96db99c,[2],[],0,True,False,True,True,True,True,False,False,False,stop
11,overlap_underestimated,3,recheck_joint,repeat,0,0,5,3,0.0,0.0,5.324999801814556e-05,0.0,ccb95cc1437cddbe29a3e9c699889d0e0e633076756a56e86605c401c96db99c,[2],[],0,True,False,True,True,True,True,False,False,False,stop
11,overlap_underestimated,4,age_paced,primary,0,0,2,2,2.883397974073887e-05,9.791925549507141e-06,4.954217001795769e-05,0.0,72a4f633eeb91ac1a7f62531cf82d0a450819e3623a084d4be3b09bb3823dd75,"[0, 1]",[0],1,False,False,True,False,True,False,True,False,False,stop
11,overlap_underestimated,4,bundle_myopic,primary,0,0,0,0,3.2207928597927094e-05,7.2089023888111115e-06,6.512482650578022e-05,0.0,72a4f633eeb91ac1a7f62531cf82d0a450819e3623a084d4be3b09bb3823dd75,"[0, 1]",[0],1,False,False,True,False,True,False,True,False,False,stop
11,overlap_underestimated,4,bundle_rollout,primary,0,0,3,3,0.00018245913088321686,2.2081658244132996e-06,8.595781400799751e-05,0.0,72a4f633eeb91ac1a7f62531cf82d0a450819e3623a084d4be3b09bb3823dd75,"[0, 1]",[0],1,False,False,True,False,True,False,True,False,False,stop
11,overlap_underestimated,4,recheck_joint,primary,0,0,3,3,6.3000014051795e-05,4.082918167114258e-06,2.6332912966609e-05,0.0,72a4f633eeb91ac1a7f62531cf82d0a450819e3623a084d4be3b09bb3823dd75,"[0, 1]",[0],1,False,False,True,False,True,False,True,False,False,stop
11,overlap_underestimated,5,age_paced,primary,1,2,2,0,5.38751482963562e-05,1.1875061318278313e-05,9.55001451075077e-05,0.1,c259e57b620f10bc0f853105b9cbb8fde3009ff7d6aa4e4db95ff86ce8e141e3,"[0, 1]",[],0,True,False,True,True,True,True,False,False,False,stop
11,overlap_underestimated,5,bundle_myopic,primary,0,0,0,0,2.833292819559574e-05,5.709007382392883e-06,8.316617459058762e-05,0.0,f0be6a6df19de3ac1156b41bb2bc8a0451d8febc86f6ce64b4e34f3754623b15,"[0, 1]",[0],1,True,False,True,True,True,True,False,True,False,stop
11,overlap_underestimated,5,bundle_rollout,primary,1,3,3,0,0.0003251249436289072,1.2208009138703346e-05,7.91249331086874e-05,0.15000000000000002,c259e57b620f10bc0f853105b9cbb8fde3009ff7d6aa4e4db95ff86ce8e141e3,"[0, 1]",[],0,True,False,True,True,True,True,False,False,False,stop
11,overlap_underestimated,5,recheck_joint,primary,1,3,3,0,9.94591973721981e-05,1.0166782885789871e-05,6.0165999457240105e-05,0.15000000000000002,c259e57b620f10bc0f853105b9cbb8fde3009ff7d6aa4e4db95ff86ce8e141e3,"[0, 1]",[],0,True,False,True,True,True,True,False,False,False,stop
11,overlap_underestimated,6,age_paced,primary,0,0,0,0,3.854208625853062e-05,7.541850209236145e-06,8.341693319380283e-05,0.0,475824d9a1760b3f9c8d926121b12e7350b557612d57902b038f651efa8493a1,"[0, 1]",[],0,True,False,True,True,True,True,False,False,False,stop
11,overlap_underestimated,6,bundle_myopic,primary,0,0,0,0,2.5583896785974503e-05,5.875015631318092e-06,0.00011258409358561039,0.0,0cf144e56370fb58e8233671a1984c7fc5fa5b8f2479e94260f176972b9992f9,"[0, 1]",[0],1,True,False,True,True,True,True,False,True,False,stop
11,overlap_underestimated,6,bundle_rollout,primary,0,0,0,0,7.183314301073551e-05,6.417045369744301e-06,8.470914326608181e-05,0.0,475824d9a1760b3f9c8d926121b12e7350b557612d57902b038f651efa8493a1,"[0, 1]",[],0,True,False,True,True,True,True,False,False,False,stop
11,overlap_underestimated,6,recheck_joint,primary,0,0,0,0,8.175009861588478e-05,7.0838723331689835e-06,8.324999362230301e-05,0.0,475824d9a1760b3f9c8d926121b12e7350b557612d57902b038f651efa8493a1,"[0, 1]",[],0,True,False,True,True,True,True,False,False,False,stop
11,overlap_underestimated,7,age_paced,primary,0,0,0,0,2.2459076717495918e-05,7.916009053587914e-06,5.704187788069248e-05,0.0,331aa457c56883a2ae1e07d5f16e23c9287735c5153b529db78476c5823169ea,[2],[2],1,False,False,True,False,True,False,True,False,False,stop
11,overlap_underestimated,7,bundle_myopic,primary,0,0,0,0,2.8582988306879997e-05,5.8747828006744385e-06,6.779120303690434e-05,0.0,331aa457c56883a2ae1e07d5f16e23c9287735c5153b529db78476c5823169ea,[2],[2],1,False,False,True,False,True,False,True,False,False,stop
11,overlap_underestimated,7,bundle_rollout,primary,0,0,0,0,5.412520840764046e-05,6.834045052528381e-06,6.625009700655937e-05,0.0,331aa457c56883a2ae1e07d5f16e23c9287735c5153b529db78476c5823169ea,[2],[2],1,False,False,True,False,True,False,True,False,False,stop
11,overlap_underestimated,7,recheck_joint,primary,0,0,0,0,3.9624981582164764e-05,6.292015314102173e-06,5.0916802138090134e-05,0.0,331aa457c56883a2ae1e07d5f16e23c9287735c5153b529db78476c5823169ea,[2],[2],1,False,False,True,False,True,False,True,False,False,stop
