file,path,reference,observed,abs_error,ulp_units
000_single_task_exact.json,records.0.predicted_task_error_after_receipts,0.22559999999999997,0.2256,2.7755575615628914e-17,1.0
000_single_task_exact.json,records.1.predicted_task_error_after_receipts,0.37779456,0.37779455999999995,5.551115123125783e-17,1.0
000_single_task_exact.json,records.3.predicted_task_error_after_receipts,0.22559999999999997,0.2256,2.7755575615628914e-17,1.0
000_single_task_exact.json,records.4.predicted_task_error_after_receipts,0.3777945599999999,0.37779455999999995,5.551115123125783e-17,1.0
001_single_task_exact.json,records.1.predicted_task_error_after_receipts,0.37779456,0.37779455999999995,5.551115123125783e-17,1.0
001_single_task_exact.json,records.6.predicted_task_error_after_receipts,0.22560000000000002,0.2256,2.7755575615628914e-17,1.0
004_single_task_exact.json,records.0.predicted_task_error_after_receipts,0.073446,0.07344600000000001,1.3877787807814457e-17,1.0
004_single_task_exact.json,records.3.predicted_task_error_after_receipts,0.40822039115828435,0.4082203911582843,5.551115123125783e-17,1.0
004_single_task_exact.json,records.4.predicted_task_error_after_receipts,0.36176778375936,0.36176778375936003,5.551115123125783e-17,1.0
004_single_task_exact.json,records.7.predicted_task_error_after_receipts,0.37779455999999995,0.3777945599999999,5.551115123125783e-17,1.0
005_single_task_exact.json,records.1.predicted_task_error_after_receipts,0.38036428108799997,0.3803642810879999,5.551115123125783e-17,1.0
005_single_task_exact.json,records.6.predicted_task_error_after_receipts,0.07349968545474969,0.0734996854547497,1.3877787807814457e-17,1.0
006_single_task_exact.json,records.6.predicted_task_error_after_receipts,0.47898250552319993,0.4789825055231999,5.551115123125783e-17,1.0
006_single_task_exact.json,records.7.predicted_task_error_after_receipts,0.5725456484408081,0.5725456484408082,1.1102230246251565e-16,1.0
007_single_task_exact.json,records.3.predicted_task_error_after_receipts,0.174225,0.17422500000000002,2.7755575615628914e-17,1.0
007_single_task_exact.json,records.4.predicted_task_error_after_receipts,0.3447126047999999,0.34471260479999993,5.551115123125783e-17,1.0
007_single_task_exact.json,records.7.predicted_task_error_after_receipts,0.4799334452104255,0.4799334452104256,5.551115123125783e-17,1.0
008_single_task_exact.json,records.1.predicted_task_error_after_receipts,0.43404104831999996,0.4340410483199999,5.551115123125783e-17,1.0
008_single_task_exact.json,records.4.predicted_task_error_after_receipts,0.48517875152812023,0.4851787515281202,5.551115123125783e-17,1.0
008_single_task_exact.json,records.7.predicted_task_error_after_receipts,0.41287157963467463,0.4128715796346745,1.1102230246251565e-16,2.0
009_single_task_exact.json,records.0.predicted_task_error_after_receipts,0.073446,0.07344600000000001,1.3877787807814457e-17,1.0
009_single_task_exact.json,records.3.predicted_task_error_after_receipts,0.1003999909471273,0.10039999094712729,1.3877787807814457e-17,1.0
009_single_task_exact.json,records.4.predicted_task_error_after_receipts,0.05761833097824141,0.057618330978241414,6.938893903907228e-18,1.0
010_single_task_exact.json,records.1.predicted_task_error_after_receipts,0.3127185599999999,0.31271856,5.551115123125783e-17,1.0
010_single_task_exact.json,records.6.predicted_task_error_after_receipts,0.17224412894638078,0.1722441289463808,2.7755575615628914e-17,1.0
011_single_task_exact.json,records.6.predicted_task_error_after_receipts,0.433968604913664,0.43396860491366396,5.551115123125783e-17,1.0
011_single_task_exact.json,records.7.predicted_task_error_after_receipts,0.49128621825296775,0.4912862182529677,5.551115123125783e-17,1.0
013_single_task_exact.json,records.0.predicted_task_error_after_receipts,0.27166799999999997,0.271668,5.551115123125783e-17,1.0
013_single_task_exact.json,records.2.predicted_task_error_after_receipts,0.26670797796863993,0.26670797796864,5.551115123125783e-17,1.0
014_single_task_exact.json,records.0.predicted_task_error_after_receipts,0.14065799999999998,0.140658,2.7755575615628914e-17,1.0
014_single_task_exact.json,records.4.predicted_task_error_after_receipts,0.17905246450780327,0.17905246450780324,2.7755575615628914e-17,1.0
014_single_task_exact.json,records.6.predicted_task_error_after_receipts,0.18626837348815148,0.18626837348815145,2.7755575615628914e-17,1.0
015_single_task_exact.json,records.0.predicted_task_error_after_receipts,0.22559999999999997,0.2256,2.7755575615628914e-17,1.0
015_single_task_exact.json,records.4.predicted_task_error_after_receipts,0.3127185599999999,0.31271856,5.551115123125783e-17,1.0
015_single_task_exact.json,records.6.predicted_task_error_after_receipts,0.18434999999999999,0.18435,2.7755575615628914e-17,1.0
016_single_task_exact.json,records.0.predicted_task_error_after_receipts,0.22559999999999997,0.2256,2.7755575615628914e-17,1.0
016_single_task_exact.json,records.7.predicted_task_error_after_receipts,0.34211671679999994,0.3421167168,5.551115123125783e-17,1.0
017_single_task_exact.json,records.6.predicted_task_error_after_receipts,0.11999999999999998,0.12,1.3877787807814457e-17,1.0
018_single_task_exact.json,records.4.predicted_task_error_after_receipts,0.17905246450780327,0.17905246450780324,2.7755575615628914e-17,1.0
018_single_task_exact.json,records.6.predicted_task_error_after_receipts,0.18626837348815148,0.18626837348815145,2.7755575615628914e-17,1.0
019_single_task_exact.json,records.0.predicted_task_error_after_receipts,0.27166799999999997,0.271668,5.551115123125783e-17,1.0
019_single_task_exact.json,records.7.predicted_task_error_after_receipts,0.5976673228779964,0.5976673228779965,1.1102230246251565e-16,1.0
020_single_task_exact.json,records.7.predicted_task_error_after_receipts,0.48833605584353257,0.4883360558435326,5.551115123125783e-17,1.0
021_single_task_exact.json,records.0.predicted_task_error_after_receipts,0.22559999999999997,0.2256,2.7755575615628914e-17,1.0
021_single_task_exact.json,records.1.predicted_task_error_after_receipts,0.37779456,0.37779455999999995,5.551115123125783e-17,1.0
021_single_task_exact.json,records.3.predicted_task_error_after_receipts,0.22559999999999997,0.2256,2.7755575615628914e-17,1.0
021_single_task_exact.json,records.4.predicted_task_error_after_receipts,0.3777945599999999,0.37779455999999995,5.551115123125783e-17,1.0
022_single_task_exact.json,records.6.predicted_task_error_after_receipts,0.11999999999999998,0.12,1.3877787807814457e-17,1.0
023_single_task_exact.json,records.4.predicted_task_error_after_receipts,0.17905246450780327,0.17905246450780324,2.7755575615628914e-17,1.0
023_single_task_exact.json,records.6.predicted_task_error_after_receipts,0.22560000000000002,0.2256,2.7755575615628914e-17,1.0
024_single_task_exact.json,records.7.predicted_task_error_after_receipts,0.5976673228779964,0.5976673228779965,1.1102230246251565e-16,1.0
025_single_task_exact.json,records.0.predicted_task_error_after_receipts,0.073446,0.07344600000000001,1.3877787807814457e-17,1.0
025_single_task_exact.json,records.3.predicted_task_error_after_receipts,0.1003999909471273,0.10039999094712729,1.3877787807814457e-17,1.0
025_single_task_exact.json,records.4.predicted_task_error_after_receipts,0.05761833097824141,0.057618330978241414,6.938893903907228e-18,1.0
026_single_task_exact.json,records.3.predicted_task_error_after_receipts,0.18434999999999999,0.18435,2.7755575615628914e-17,1.0
026_single_task_exact.json,records.4.predicted_task_error_after_receipts,0.3127185599999999,0.31271856,5.551115123125783e-17,1.0
027_single_task_exact.json,records.3.predicted_task_error_after_receipts,0.40822039115828435,0.4082203911582843,5.551115123125783e-17,1.0
028_single_task_exact.json,records.1.predicted_task_error_after_receipts,0.38142763084799997,0.3814276308479999,5.551115123125783e-17,1.0
029_single_task_exact.json,records.0.predicted_task_error_after_receipts,0.27166799999999997,0.271668,5.551115123125783e-17,1.0
030_single_task_exact.json,records.0.predicted_task_error_after_receipts,0.14065799999999998,0.140658,2.7755575615628914e-17,1.0
030_single_task_exact.json,records.4.predicted_task_error_after_receipts,0.17905246450780327,0.17905246450780324,2.7755575615628914e-17,1.0
030_single_task_exact.json,records.6.predicted_task_error_after_receipts,0.38800251474788344,0.3880025147478835,5.551115123125783e-17,1.0
030_single_task_exact.json,records.7.predicted_task_error_after_receipts,0.5076269759316081,0.507626975931608,1.1102230246251565e-16,1.0
031_single_task_exact.json,records.1.predicted_task_error_after_receipts,0.37779456,0.37779455999999995,5.551115123125783e-17,1.0
031_single_task_exact.json,records.4.predicted_task_error_after_receipts,0.48517875152812023,0.4851787515281202,5.551115123125783e-17,1.0
031_single_task_exact.json,records.6.predicted_task_error_after_receipts,0.38800251474788344,0.3880025147478835,5.551115123125783e-17,1.0
031_single_task_exact.json,records.7.predicted_task_error_after_receipts,0.5076269759316081,0.507626975931608,1.1102230246251565e-16,1.0
032_single_task_exact.json,records.3.predicted_task_error_after_receipts,0.18434999999999999,0.18435,2.7755575615628914e-17,1.0
032_single_task_exact.json,records.4.predicted_task_error_after_receipts,0.3127185599999999,0.31271856,5.551115123125783e-17,1.0
032_single_task_exact.json,records.6.predicted_task_error_after_receipts,0.22560000000000002,0.2256,2.7755575615628914e-17,1.0
033_single_task_exact.json,records.5.predicted_task_error_after_receipts,0.30577125756672,0.30577125756671997,5.551115123125783e-17,1.0
034_single_task_exact.json,records.1.predicted_task_error_after_receipts,0.45526936012799996,0.4552693601279999,5.551115123125783e-17,1.0
034_single_task_exact.json,records.3.predicted_task_error_after_receipts,0.37825059532800004,0.378250595328,5.551115123125783e-17,1.0
034_single_task_exact.json,records.4.predicted_task_error_after_receipts,0.5147047587582687,0.5147047587582688,1.1102230246251565e-16,1.0
035_single_task_exact.json,records.1.predicted_task_error_after_receipts,0.16844256,0.16844255999999996,2.7755575615628914e-17,1.0
035_single_task_exact.json,records.7.predicted_task_error_after_receipts,0.12000000000000001,0.12,1.3877787807814457e-17,1.0
036_single_task_exact.json,records.0.predicted_task_error_after_receipts,0.073446,0.07344600000000001,1.3877787807814457e-17,1.0
036_single_task_exact.json,records.3.predicted_task_error_after_receipts,0.1003999909471273,0.10039999094712729,1.3877787807814457e-17,1.0
036_single_task_exact.json,records.4.predicted_task_error_after_receipts,0.05761833097824141,0.057618330978241414,6.938893903907228e-18,1.0
036_single_task_exact.json,records.7.predicted_task_error_after_receipts,0.2664505728,0.26645057279999995,5.551115123125783e-17,1.0
037_single_task_exact.json,records.0.predicted_task_error_after_receipts,0.18434999999999999,0.18435,2.7755575615628914e-17,1.0
037_single_task_exact.json,records.1.predicted_task_error_after_receipts,0.31271855999999987,0.31271856,1.1102230246251565e-16,2.0
037_single_task_exact.json,records.4.predicted_task_error_after_receipts,0.3127185599999999,0.31271856,5.551115123125783e-17,1.0
037_single_task_exact.json,records.7.predicted_task_error_after_receipts,0.5252134091646438,0.5252134091646439,1.1102230246251565e-16,1.0
038_single_task_exact.json,records.3.predicted_task_error_after_receipts,0.22559999999999997,0.2256,2.7755575615628914e-17,1.0
038_single_task_exact.json,records.6.predicted_task_error_after_receipts,0.22560000000000002,0.2256,2.7755575615628914e-17,1.0
039_single_task_exact.json,records.3.predicted_task_error_after_receipts,0.37825059532800004,0.378250595328,5.551115123125783e-17,1.0
039_single_task_exact.json,records.4.predicted_task_error_after_receipts,0.5147047587582687,0.5147047587582688,1.1102230246251565e-16,1.0
039_single_task_exact.json,records.7.predicted_task_error_after_receipts,0.4752877674924673,0.47528776749246726,5.551115123125783e-17,1.0
040_single_task_exact.json,records.1.predicted_task_error_after_receipts,0.38036428108799997,0.3803642810879999,5.551115123125783e-17,1.0
040_single_task_exact.json,records.4.predicted_task_error_after_receipts,0.36176778375936003,0.36176778375936,5.551115123125783e-17,1.0
040_single_task_exact.json,records.6.predicted_task_error_after_receipts,0.27581748,0.27581747999999995,5.551115123125783e-17,1.0
040_single_task_exact.json,records.7.predicted_task_error_after_receipts,0.4093310506444799,0.40933105064447994,5.551115123125783e-17,1.0
041_single_task_exact.json,records.1.predicted_task_error_after_receipts,0.04077151795199999,0.040771517951999986,6.938893903907228e-18,1.0
042_single_task_exact.json,records.0.predicted_task_error_after_receipts,0.22559999999999997,0.2256,2.7755575615628914e-17,1.0
042_single_task_exact.json,records.1.predicted_task_error_after_receipts,0.37779456,0.37779455999999995,5.551115123125783e-17,1.0
042_single_task_exact.json,records.7.predicted_task_error_after_receipts,0.10494843720050073,0.10494843720050072,1.3877787807814457e-17,1.0
043_single_task_exact.json,records.6.predicted_task_error_after_receipts,0.11999999999999998,0.12,1.3877787807814457e-17,1.0
044_single_task_exact.json,records.0.predicted_task_error_after_receipts,0.23008799999999996,0.23008800000000001,5.551115123125783e-17,2.0
044_single_task_exact.json,records.1.predicted_task_error_after_receipts,0.38036428108799997,0.3803642810879999,5.551115123125783e-17,1.0
044_single_task_exact.json,records.3.predicted_task_error_after_receipts,0.40822039115828435,0.4082203911582843,5.551115123125783e-17,1.0
044_single_task_exact.json,records.6.predicted_task_error_after_receipts,0.31759871999999995,0.31759872,5.551115123125783e-17,1.0
044_single_task_exact.json,records.7.predicted_task_error_after_receipts,0.47597111196671993,0.4759711119667199,5.551115123125783e-17,1.0
045_single_task_exact.json,records.0.predicted_task_error_after_receipts,0.27166799999999997,0.271668,5.551115123125783e-17,1.0
045_single_task_exact.json,records.4.predicted_task_error_after_receipts,0.22810679999999997,0.2281068,2.7755575615628914e-17,1.0
046_single_task_exact.json,records.1.predicted_task_error_after_receipts,0.04077151795199999,0.040771517951999986,6.938893903907228e-18,1.0
046_single_task_exact.json,records.4.predicted_task_error_after_receipts,0.02114998392608047,0.021149983926080466,3.469446951953614e-18,1.0
047_single_task_exact.json,records.0.predicted_task_error_after_receipts,0.18434999999999999,0.18435,2.7755575615628914e-17,1.0
047_single_task_exact.json,records.1.predicted_task_error_after_receipts,0.31271855999999987,0.31271856,1.1102230246251565e-16,2.0
047_single_task_exact.json,records.3.predicted_task_error_after_receipts,0.22559999999999997,0.2256,2.7755575615628914e-17,1.0
047_single_task_exact.json,records.4.predicted_task_error_after_receipts,0.3777945599999999,0.37779455999999995,5.551115123125783e-17,1.0
047_single_task_exact.json,records.6.predicted_task_error_after_receipts,0.18434999999999999,0.18435,2.7755575615628914e-17,1.0
047_single_task_exact.json,records.7.predicted_task_error_after_receipts,0.3127185599999999,0.31271856,5.551115123125783e-17,1.0
048_single_task_exact.json,records.0.predicted_task_error_after_receipts,0.18434999999999999,0.18435,2.7755575615628914e-17,1.0
048_single_task_exact.json,records.1.predicted_task_error_after_receipts,0.31271855999999987,0.31271856,1.1102230246251565e-16,2.0
048_single_task_exact.json,records.3.predicted_task_error_after_receipts,0.1003999909471273,0.10039999094712729,1.3877787807814457e-17,1.0
048_single_task_exact.json,records.4.predicted_task_error_after_receipts,0.05761833097824141,0.057618330978241414,6.938893903907228e-18,1.0
049_single_task_exact.json,records.6.predicted_task_error_after_receipts,0.11999999999999998,0.12,1.3877787807814457e-17,1.0
050_single_task_exact.json,records.1.predicted_task_error_after_receipts,0.37779456,0.37779455999999995,5.551115123125783e-17,1.0
050_single_task_exact.json,records.5.predicted_task_error_after_receipts,0.24897128639999996,0.2489712864,2.7755575615628914e-17,1.0
051_single_task_exact.json,records.1.predicted_task_error_after_receipts,0.16844256,0.16844255999999996,2.7755575615628914e-17,1.0
051_single_task_exact.json,records.2.predicted_task_error_after_receipts,0.30352907593728,0.30352907593727996,5.551115123125783e-17,1.0
051_single_task_exact.json,records.5.predicted_task_error_after_receipts,0.22560000000000002,0.2256,2.7755575615628914e-17,1.0
051_single_task_exact.json,records.7.predicted_task_error_after_receipts,0.36685056000000005,0.36685056,5.551115123125783e-17,1.0
052_single_task_exact.json,records.4.predicted_task_error_after_receipts,0.21650752894463995,0.21650752894463998,2.7755575615628914e-17,1.0
053_single_task_exact.json,records.0.predicted_task_error_after_receipts,0.22559999999999997,0.2256,2.7755575615628914e-17,1.0
053_single_task_exact.json,records.1.predicted_task_error_after_receipts,0.37779456,0.37779455999999995,5.551115123125783e-17,1.0
054_single_task_exact.json,records.1.predicted_task_error_after_receipts,0.04077151795199999,0.040771517951999986,6.938893903907228e-18,1.0
054_single_task_exact.json,records.4.predicted_task_error_after_receipts,0.02114998392608047,0.021149983926080466,3.469446951953614e-18,1.0
055_single_task_exact.json,records.4.predicted_task_error_after_receipts,0.3441084288,0.3441084287999999,5.551115123125783e-17,1.0
056_single_task_exact.json,records.4.predicted_task_error_after_receipts,0.21412110041856,0.21412110041855997,2.7755575615628914e-17,1.0
058_single_task_exact.json,records.1.predicted_task_error_after_receipts,0.37779456,0.37779455999999995,5.551115123125783e-17,1.0
059_single_task_exact.json,records.4.predicted_task_error_after_receipts,0.34779102719999994,0.3477910272,5.551115123125783e-17,1.0
060_single_task_exact.json,records.1.predicted_task_error_after_receipts,0.45526936012799996,0.4552693601279999,5.551115123125783e-17,1.0
060_single_task_exact.json,records.3.predicted_task_error_after_receipts,0.37825059532800004,0.378250595328,5.551115123125783e-17,1.0
060_single_task_exact.json,records.7.predicted_task_error_after_receipts,0.4752877674924673,0.47528776749246726,5.551115123125783e-17,1.0
061_single_task_exact.json,records.3.predicted_task_error_after_receipts,0.319840544448,0.3198405444479999,5.551115123125783e-17,1.0
061_single_task_exact.json,records.6.predicted_task_error_after_receipts,0.334497296448,0.33449729644799997,5.551115123125783e-17,1.0
062_single_task_exact.json,records.2.predicted_task_error_after_receipts,0.26670797796863993,0.26670797796864,5.551115123125783e-17,1.0
062_single_task_exact.json,records.4.predicted_task_error_after_receipts,0.12000000000000001,0.12,1.3877787807814457e-17,1.0
063_single_task_exact.json,records.6.predicted_task_error_after_receipts,0.22560000000000002,0.2256,2.7755575615628914e-17,1.0
063_single_task_exact.json,records.7.predicted_task_error_after_receipts,0.37779456,0.37779455999999995,5.551115123125783e-17,1.0
000_single_task_rollout2.json,records.0.predicted_task_error_after_receipts,0.22559999999999997,0.2256,2.7755575615628914e-17,1.0
000_single_task_rollout2.json,records.1.predicted_task_error_after_receipts,0.37779456,0.37779455999999995,5.551115123125783e-17,1.0
000_single_task_rollout2.json,records.3.predicted_task_error_after_receipts,0.22559999999999997,0.2256,2.7755575615628914e-17,1.0
000_single_task_rollout2.json,records.4.predicted_task_error_after_receipts,0.3777945599999999,0.37779455999999995,5.551115123125783e-17,1.0
001_single_task_rollout2.json,records.1.predicted_task_error_after_receipts,0.37779456,0.37779455999999995,5.551115123125783e-17,1.0
001_single_task_rollout2.json,records.6.predicted_task_error_after_receipts,0.22560000000000002,0.2256,2.7755575615628914e-17,1.0
004_single_task_rollout2.json,records.0.predicted_task_error_after_receipts,0.073446,0.07344600000000001,1.3877787807814457e-17,1.0
004_single_task_rollout2.json,records.6.predicted_task_error_after_receipts,0.37825059532800004,0.378250595328,5.551115123125783e-17,1.0
005_single_task_rollout2.json,records.1.predicted_task_error_after_receipts,0.38036428108799997,0.3803642810879999,5.551115123125783e-17,1.0
005_single_task_rollout2.json,records.3.predicted_task_error_after_receipts,0.26031192767999994,0.26031192768,5.551115123125783e-17,1.0
005_single_task_rollout2.json,records.6.predicted_task_error_after_receipts,0.07349968545474969,0.0734996854547497,1.3877787807814457e-17,1.0
006_single_task_rollout2.json,records.2.predicted_task_error_after_receipts,0.052061063616,0.05206106361599999,6.938893903907228e-18,1.0
006_single_task_rollout2.json,records.5.predicted_task_error_after_receipts,0.2825064,0.28250639999999994,5.551115123125783e-17,1.0
006_single_task_rollout2.json,records.6.predicted_task_error_after_receipts,0.44083660984319994,0.4408366098432,5.551115123125783e-17,1.0
007_single_task_rollout2.json,records.3.predicted_task_error_after_receipts,0.174225,0.17422500000000002,2.7755575615628914e-17,1.0
007_single_task_rollout2.json,records.4.predicted_task_error_after_receipts,0.3447126047999999,0.34471260479999993,5.551115123125783e-17,1.0
007_single_task_rollout2.json,records.7.predicted_task_error_after_receipts,0.4799334452104255,0.4799334452104256,5.551115123125783e-17,1.0
008_single_task_rollout2.json,records.1.predicted_task_error_after_receipts,0.43404104831999996,0.4340410483199999,5.551115123125783e-17,1.0
008_single_task_rollout2.json,records.4.predicted_task_error_after_receipts,0.48517875152812023,0.4851787515281202,5.551115123125783e-17,1.0
008_single_task_rollout2.json,records.7.predicted_task_error_after_receipts,0.41287157963467463,0.4128715796346745,1.1102230246251565e-16,2.0
009_single_task_rollout2.json,records.0.predicted_task_error_after_receipts,0.073446,0.07344600000000001,1.3877787807814457e-17,1.0
009_single_task_rollout2.json,records.4.predicted_task_error_after_receipts,0.10494843720050073,0.10494843720050072,1.3877787807814457e-17,1.0
009_single_task_rollout2.json,records.5.predicted_task_error_after_receipts,0.14367994751141708,0.14367994751141705,2.7755575615628914e-17,1.0
010_single_task_rollout2.json,records.1.predicted_task_error_after_receipts,0.3127185599999999,0.31271856,5.551115123125783e-17,1.0
010_single_task_rollout2.json,records.6.predicted_task_error_after_receipts,0.17224412894638078,0.1722441289463808,2.7755575615628914e-17,1.0
011_single_task_rollout2.json,records.6.predicted_task_error_after_receipts,0.433968604913664,0.43396860491366396,5.551115123125783e-17,1.0
011_single_task_rollout2.json,records.7.predicted_task_error_after_receipts,0.49128621825296775,0.4912862182529677,5.551115123125783e-17,1.0
013_single_task_rollout2.json,records.0.predicted_task_error_after_receipts,0.27166799999999997,0.271668,5.551115123125783e-17,1.0
013_single_task_rollout2.json,records.1.predicted_task_error_after_receipts,0.3114732656639999,0.31147326566399997,5.551115123125783e-17,1.0
013_single_task_rollout2.json,records.3.predicted_task_error_after_receipts,0.16856445580799997,0.168564455808,2.7755575615628914e-17,1.0
013_single_task_rollout2.json,records.7.predicted_task_error_after_receipts,0.1873720923801527,0.18737209238015273,2.7755575615628914e-17,1.0
014_single_task_rollout2.json,records.0.predicted_task_error_after_receipts,0.14065799999999998,0.140658,2.7755575615628914e-17,1.0
014_single_task_rollout2.json,records.2.predicted_task_error_after_receipts,0.052061063616,0.05206106361599999,6.938893903907228e-18,1.0
014_single_task_rollout2.json,records.4.predicted_task_error_after_receipts,0.17905246450780327,0.17905246450780324,2.7755575615628914e-17,1.0
014_single_task_rollout2.json,records.6.predicted_task_error_after_receipts,0.18626837348815148,0.18626837348815145,2.7755575615628914e-17,1.0
015_single_task_rollout2.json,records.0.predicted_task_error_after_receipts,0.22559999999999997,0.2256,2.7755575615628914e-17,1.0
015_single_task_rollout2.json,records.4.predicted_task_error_after_receipts,0.3127185599999999,0.31271856,5.551115123125783e-17,1.0
015_single_task_rollout2.json,records.6.predicted_task_error_after_receipts,0.18434999999999999,0.18435,2.7755575615628914e-17,1.0
016_single_task_rollout2.json,records.0.predicted_task_error_after_receipts,0.22559999999999997,0.2256,2.7755575615628914e-17,1.0
016_single_task_rollout2.json,records.7.predicted_task_error_after_receipts,0.34211671679999994,0.3421167168,5.551115123125783e-17,1.0
017_single_task_rollout2.json,records.6.predicted_task_error_after_receipts,0.11999999999999998,0.12,1.3877787807814457e-17,1.0
018_single_task_rollout2.json,records.2.predicted_task_error_after_receipts,0.052061063616,0.05206106361599999,6.938893903907228e-18,1.0
018_single_task_rollout2.json,records.4.predicted_task_error_after_receipts,0.17905246450780327,0.17905246450780324,2.7755575615628914e-17,1.0
018_single_task_rollout2.json,records.6.predicted_task_error_after_receipts,0.18626837348815148,0.18626837348815145,2.7755575615628914e-17,1.0
019_single_task_rollout2.json,records.0.predicted_task_error_after_receipts,0.27166799999999997,0.271668,5.551115123125783e-17,1.0
019_single_task_rollout2.json,records.4.predicted_task_error_after_receipts,0.4100059968,0.41000599679999994,5.551115123125783e-17,1.0
020_single_task_rollout2.json,records.2.predicted_task_error_after_receipts,0.052061063616,0.05206106361599999,6.938893903907228e-18,1.0
020_single_task_rollout2.json,records.7.predicted_task_error_after_receipts,0.48833605584353257,0.4883360558435326,5.551115123125783e-17,1.0
021_single_task_rollout2.json,records.0.predicted_task_error_after_receipts,0.22559999999999997,0.2256,2.7755575615628914e-17,1.0
021_single_task_rollout2.json,records.1.predicted_task_error_after_receipts,0.37779456,0.37779455999999995,5.551115123125783e-17,1.0
021_single_task_rollout2.json,records.3.predicted_task_error_after_receipts,0.22559999999999997,0.2256,2.7755575615628914e-17,1.0
021_single_task_rollout2.json,records.4.predicted_task_error_after_receipts,0.3777945599999999,0.37779455999999995,5.551115123125783e-17,1.0
022_single_task_rollout2.json,records.6.predicted_task_error_after_receipts,0.11999999999999998,0.12,1.3877787807814457e-17,1.0
023_single_task_rollout2.json,records.2.predicted_task_error_after_receipts,0.052061063616,0.05206106361599999,6.938893903907228e-18,1.0
023_single_task_rollout2.json,records.4.predicted_task_error_after_receipts,0.17905246450780327,0.17905246450780324,2.7755575615628914e-17,1.0
023_single_task_rollout2.json,records.6.predicted_task_error_after_receipts,0.22560000000000002,0.2256,2.7755575615628914e-17,1.0
024_single_task_rollout2.json,records.5.predicted_task_error_after_receipts,0.3503065536,0.35030655359999996,5.551115123125783e-17,1.0
025_single_task_rollout2.json,records.0.predicted_task_error_after_receipts,0.073446,0.07344600000000001,1.3877787807814457e-17,1.0
025_single_task_rollout2.json,records.4.predicted_task_error_after_receipts,0.10494843720050073,0.10494843720050072,1.3877787807814457e-17,1.0
025_single_task_rollout2.json,records.5.predicted_task_error_after_receipts,0.14367994751141708,0.14367994751141705,2.7755575615628914e-17,1.0
026_single_task_rollout2.json,records.3.predicted_task_error_after_receipts,0.18434999999999999,0.18435,2.7755575615628914e-17,1.0
026_single_task_rollout2.json,records.4.predicted_task_error_after_receipts,0.3127185599999999,0.31271856,5.551115123125783e-17,1.0
027_single_task_rollout2.json,records.1.predicted_task_error_after_receipts,0.3441084288,0.3441084287999999,5.551115123125783e-17,1.0
027_single_task_rollout2.json,records.2.predicted_task_error_after_receipts,0.45709497611642874,0.4570949761164288,5.551115123125783e-17,1.0
027_single_task_rollout2.json,records.3.predicted_task_error_after_receipts,0.30330201756672,0.30330201756672004,5.551115123125783e-17,1.0
027_single_task_rollout2.json,records.5.predicted_task_error_after_receipts,0.11999999999999998,0.12,1.3877787807814457e-17,1.0
027_single_task_rollout2.json,records.7.predicted_task_error_after_receipts,0.11999999999999998,0.12,1.3877787807814457e-17,1.0
028_single_task_rollout2.json,records.1.predicted_task_error_after_receipts,0.38142763084799997,0.3814276308479999,5.551115123125783e-17,1.0
028_single_task_rollout2.json,records.5.predicted_task_error_after_receipts,0.2532374496,0.25323744959999994,5.551115123125783e-17,1.0
029_single_task_rollout2.json,records.0.predicted_task_error_after_receipts,0.27166799999999997,0.271668,5.551115123125783e-17,1.0
029_single_task_rollout2.json,records.4.predicted_task_error_after_receipts,0.41979342719999996,0.4197934271999999,5.551115123125783e-17,1.0
030_single_task_rollout2.json,records.0.predicted_task_error_after_receipts,0.14065799999999998,0.140658,2.7755575615628914e-17,1.0
030_single_task_rollout2.json,records.2.predicted_task_error_after_receipts,0.052061063616,0.05206106361599999,6.938893903907228e-18,1.0
030_single_task_rollout2.json,records.4.predicted_task_error_after_receipts,0.17905246450780327,0.17905246450780324,2.7755575615628914e-17,1.0
030_single_task_rollout2.json,records.6.predicted_task_error_after_receipts,0.38800251474788344,0.3880025147478835,5.551115123125783e-17,1.0
030_single_task_rollout2.json,records.7.predicted_task_error_after_receipts,0.5076269759316081,0.507626975931608,1.1102230246251565e-16,1.0
031_single_task_rollout2.json,records.1.predicted_task_error_after_receipts,0.37779456,0.37779455999999995,5.551115123125783e-17,1.0
031_single_task_rollout2.json,records.4.predicted_task_error_after_receipts,0.48517875152812023,0.4851787515281202,5.551115123125783e-17,1.0
031_single_task_rollout2.json,records.6.predicted_task_error_after_receipts,0.38800251474788344,0.3880025147478835,5.551115123125783e-17,1.0
031_single_task_rollout2.json,records.7.predicted_task_error_after_receipts,0.5076269759316081,0.507626975931608,1.1102230246251565e-16,1.0
032_single_task_rollout2.json,records.3.predicted_task_error_after_receipts,0.18434999999999999,0.18435,2.7755575615628914e-17,1.0
032_single_task_rollout2.json,records.4.predicted_task_error_after_receipts,0.3127185599999999,0.31271856,5.551115123125783e-17,1.0
032_single_task_rollout2.json,records.6.predicted_task_error_after_receipts,0.22560000000000002,0.2256,2.7755575615628914e-17,1.0
033_single_task_rollout2.json,records.2.predicted_task_error_after_receipts,0.5172792691507201,0.51727926915072,1.1102230246251565e-16,1.0
033_single_task_rollout2.json,records.4.predicted_task_error_after_receipts,0.34779102719999994,0.3477910272,5.551115123125783e-17,1.0
033_single_task_rollout2.json,records.6.predicted_task_error_after_receipts,0.4997729079772447,0.49977290797724466,5.551115123125783e-17,1.0
034_single_task_rollout2.json,records.1.predicted_task_error_after_receipts,0.45526936012799996,0.4552693601279999,5.551115123125783e-17,1.0
035_single_task_rollout2.json,records.3.predicted_task_error_after_receipts,0.253762230528,0.25376223052799995,5.551115123125783e-17,1.0
035_single_task_rollout2.json,records.4.predicted_task_error_after_receipts,0.36304152738424006,0.3630415273842401,5.551115123125783e-17,1.0
036_single_task_rollout2.json,records.0.predicted_task_error_after_receipts,0.073446,0.07344600000000001,1.3877787807814457e-17,1.0
037_single_task_rollout2.json,records.0.predicted_task_error_after_receipts,0.18434999999999999,0.18435,2.7755575615628914e-17,1.0
037_single_task_rollout2.json,records.1.predicted_task_error_after_receipts,0.31271855999999987,0.31271856,1.1102230246251565e-16,2.0
037_single_task_rollout2.json,records.4.predicted_task_error_after_receipts,0.3127185599999999,0.31271856,5.551115123125783e-17,1.0
037_single_task_rollout2.json,records.7.predicted_task_error_after_receipts,0.5252134091646438,0.5252134091646439,1.1102230246251565e-16,1.0
038_single_task_rollout2.json,records.5.predicted_task_error_after_receipts,0.22560000000000002,0.2256,2.7755575615628914e-17,1.0
038_single_task_rollout2.json,records.7.predicted_task_error_after_receipts,0.482337017856,0.48233701785599997,5.551115123125783e-17,1.0
039_single_task_rollout2.json,records.4.predicted_task_error_after_receipts,0.41979342719999996,0.4197934271999999,5.551115123125783e-17,1.0
039_single_task_rollout2.json,records.6.predicted_task_error_after_receipts,0.47290042757498874,0.4729004275749888,5.551115123125783e-17,1.0
040_single_task_rollout2.json,records.1.predicted_task_error_after_receipts,0.38036428108799997,0.3803642810879999,5.551115123125783e-17,1.0
040_single_task_rollout2.json,records.4.predicted_task_error_after_receipts,0.43825005234832587,0.4382500523483258,5.551115123125783e-17,1.0
040_single_task_rollout2.json,records.6.predicted_task_error_after_receipts,0.32933286508799997,0.329332865088,5.551115123125783e-17,1.0
040_single_task_rollout2.json,records.7.predicted_task_error_after_receipts,0.4447755581224058,0.44477555812240577,5.551115123125783e-17,1.0
041_single_task_rollout2.json,records.1.predicted_task_error_after_receipts,0.04077151795199999,0.040771517951999986,6.938893903907228e-18,1.0
042_single_task_rollout2.json,records.0.predicted_task_error_after_receipts,0.22559999999999997,0.2256,2.7755575615628914e-17,1.0
042_single_task_rollout2.json,records.1.predicted_task_error_after_receipts,0.37779456,0.37779455999999995,5.551115123125783e-17,1.0
042_single_task_rollout2.json,records.7.predicted_task_error_after_receipts,0.10494843720050073,0.10494843720050072,1.3877787807814457e-17,1.0
043_single_task_rollout2.json,records.6.predicted_task_error_after_receipts,0.11999999999999998,0.12,1.3877787807814457e-17,1.0
044_single_task_rollout2.json,records.0.predicted_task_error_after_receipts,0.23008799999999996,0.23008800000000001,5.551115123125783e-17,2.0
044_single_task_rollout2.json,records.1.predicted_task_error_after_receipts,0.38036428108799997,0.3803642810879999,5.551115123125783e-17,1.0
044_single_task_rollout2.json,records.4.predicted_task_error_after_receipts,0.43825005234832587,0.4382500523483258,5.551115123125783e-17,1.0
045_single_task_rollout2.json,records.0.predicted_task_error_after_receipts,0.27166799999999997,0.271668,5.551115123125783e-17,1.0
046_single_task_rollout2.json,records.1.predicted_task_error_after_receipts,0.04077151795199999,0.040771517951999986,6.938893903907228e-18,1.0
046_single_task_rollout2.json,records.4.predicted_task_error_after_receipts,0.0650430181886101,0.06504301818861011,1.3877787807814457e-17,1.0
047_single_task_rollout2.json,records.0.predicted_task_error_after_receipts,0.18434999999999999,0.18435,2.7755575615628914e-17,1.0
047_single_task_rollout2.json,records.1.predicted_task_error_after_receipts,0.31271855999999987,0.31271856,1.1102230246251565e-16,2.0
047_single_task_rollout2.json,records.3.predicted_task_error_after_receipts,0.22559999999999997,0.2256,2.7755575615628914e-17,1.0
047_single_task_rollout2.json,records.4.predicted_task_error_after_receipts,0.3777945599999999,0.37779455999999995,5.551115123125783e-17,1.0
047_single_task_rollout2.json,records.6.predicted_task_error_after_receipts,0.18434999999999999,0.18435,2.7755575615628914e-17,1.0
047_single_task_rollout2.json,records.7.predicted_task_error_after_receipts,0.3127185599999999,0.31271856,5.551115123125783e-17,1.0
048_single_task_rollout2.json,records.0.predicted_task_error_after_receipts,0.18434999999999999,0.18435,2.7755575615628914e-17,1.0
048_single_task_rollout2.json,records.1.predicted_task_error_after_receipts,0.31271855999999987,0.31271856,1.1102230246251565e-16,2.0
048_single_task_rollout2.json,records.4.predicted_task_error_after_receipts,0.10494843720050073,0.10494843720050072,1.3877787807814457e-17,1.0
048_single_task_rollout2.json,records.5.predicted_task_error_after_receipts,0.14367994751141708,0.14367994751141705,2.7755575615628914e-17,1.0
049_single_task_rollout2.json,records.6.predicted_task_error_after_receipts,0.11999999999999998,0.12,1.3877787807814457e-17,1.0
050_single_task_rollout2.json,records.1.predicted_task_error_after_receipts,0.37779456,0.37779455999999995,5.551115123125783e-17,1.0
050_single_task_rollout2.json,records.5.predicted_task_error_after_receipts,0.24897128639999996,0.2489712864,2.7755575615628914e-17,1.0
051_single_task_rollout2.json,records.6.predicted_task_error_after_receipts,0.36685056000000005,0.36685056,5.551115123125783e-17,1.0
051_single_task_rollout2.json,records.7.predicted_task_error_after_receipts,0.47401957785599996,0.4740195778559999,5.551115123125783e-17,1.0
052_single_task_rollout2.json,records.1.predicted_task_error_after_receipts,0.3114732656639999,0.31147326566399997,5.551115123125783e-17,1.0
052_single_task_rollout2.json,records.3.predicted_task_error_after_receipts,0.21146516966400003,0.21146516966399997,5.551115123125783e-17,2.0
053_single_task_rollout2.json,records.0.predicted_task_error_after_receipts,0.22559999999999997,0.2256,2.7755575615628914e-17,1.0
053_single_task_rollout2.json,records.1.predicted_task_error_after_receipts,0.37779456,0.37779455999999995,5.551115123125783e-17,1.0
054_single_task_rollout2.json,records.2.predicted_task_error_after_receipts,0.050055766753075194,0.05005576675307519,6.938893903907228e-18,1.0
054_single_task_rollout2.json,records.6.predicted_task_error_after_receipts,0.036542784347244776,0.03654278434724477,6.938893903907228e-18,1.0
054_single_task_rollout2.json,records.7.predicted_task_error_after_receipts,0.047578241799967357,0.04757824179996736,6.938893903907228e-18,1.0
055_single_task_rollout2.json,records.4.predicted_task_error_after_receipts,0.3441084288,0.3441084287999999,5.551115123125783e-17,1.0
056_single_task_rollout2.json,records.4.predicted_task_error_after_receipts,0.21412110041856,0.21412110041855997,2.7755575615628914e-17,1.0
057_single_task_rollout2.json,records.1.predicted_task_error_after_receipts,0.3114732656639999,0.31147326566399997,5.551115123125783e-17,1.0
057_single_task_rollout2.json,records.4.predicted_task_error_after_receipts,0.233256,0.23325599999999996,2.7755575615628914e-17,1.0
057_single_task_rollout2.json,records.6.predicted_task_error_after_receipts,0.2986726656,0.29867266559999994,5.551115123125783e-17,1.0
058_single_task_rollout2.json,records.1.predicted_task_error_after_receipts,0.37779456,0.37779455999999995,5.551115123125783e-17,1.0
059_single_task_rollout2.json,records.4.predicted_task_error_after_receipts,0.34779102719999994,0.3477910272,5.551115123125783e-17,1.0
060_single_task_rollout2.json,records.1.predicted_task_error_after_receipts,0.45526936012799996,0.4552693601279999,5.551115123125783e-17,1.0
060_single_task_rollout2.json,records.6.predicted_task_error_after_receipts,0.4750057845838848,0.47500578458388476,5.551115123125783e-17,1.0
060_single_task_rollout2.json,records.7.predicted_task_error_after_receipts,0.54576106241254,0.5457610624125401,1.1102230246251565e-16,1.0
061_single_task_rollout2.json,records.3.predicted_task_error_after_receipts,0.319840544448,0.3198405444479999,5.551115123125783e-17,1.0
061_single_task_rollout2.json,records.6.predicted_task_error_after_receipts,0.334497296448,0.33449729644799997,5.551115123125783e-17,1.0
062_single_task_rollout2.json,records.1.predicted_task_error_after_receipts,0.3114732656639999,0.31147326566399997,5.551115123125783e-17,1.0
062_single_task_rollout2.json,records.5.predicted_task_error_after_receipts,0.11999999999999998,0.12,1.3877787807814457e-17,1.0
063_single_task_rollout2.json,records.6.predicted_task_error_after_receipts,0.22560000000000002,0.2256,2.7755575615628914e-17,1.0
063_single_task_rollout2.json,records.7.predicted_task_error_after_receipts,0.37779456,0.37779455999999995,5.551115123125783e-17,1.0
000_single_task_myopic.json,records.2.predicted_task_error_after_receipts,0.22559999999999997,0.2256,2.7755575615628914e-17,1.0
000_single_task_myopic.json,records.6.predicted_task_error_after_receipts,0.60715150886915,0.6071515088691501,1.1102230246251565e-16,1.0
002_single_task_myopic.json,records.4.predicted_task_error_after_receipts,0.3732237311999999,0.37322373119999985,5.551115123125783e-17,1.0
002_single_task_myopic.json,records.6.predicted_task_error_after_receipts,0.42677402714112006,0.42677402714112,5.551115123125783e-17,1.0
003_single_task_myopic.json,records.6.predicted_task_error_after_receipts,0.5467188276089691,0.5467188276089692,1.1102230246251565e-16,1.0
004_single_task_myopic.json,records.0.predicted_task_error_after_receipts,0.073446,0.07344600000000001,1.3877787807814457e-17,1.0
005_single_task_myopic.json,records.4.predicted_task_error_after_receipts,0.4188357207521279,0.418835720752128,1.1102230246251565e-16,2.0
005_single_task_myopic.json,records.5.predicted_task_error_after_receipts,0.48757540235948427,0.4875754023594843,5.551115123125783e-17,1.0
007_single_task_myopic.json,records.2.predicted_task_error_after_receipts,0.26954747999999995,0.26954748,5.551115123125783e-17,1.0
007_single_task_myopic.json,records.3.predicted_task_error_after_receipts,0.40505969864448,0.40505969864447994,5.551115123125783e-17,1.0
007_single_task_myopic.json,records.4.predicted_task_error_after_receipts,0.4960470386803256,0.49604703868032557,5.551115123125783e-17,1.0
007_single_task_myopic.json,records.7.predicted_task_error_after_receipts,0.6340437000198772,0.6340437000198773,1.1102230246251565e-16,1.0
008_single_task_myopic.json,records.4.predicted_task_error_after_receipts,0.48517875152812023,0.4851787515281202,5.551115123125783e-17,1.0
008_single_task_myopic.json,records.6.predicted_task_error_after_receipts,0.6363589990526567,0.6363589990526568,1.1102230246251565e-16,1.0
009_single_task_myopic.json,records.0.predicted_task_error_after_receipts,0.073446,0.07344600000000001,1.3877787807814457e-17,1.0
009_single_task_myopic.json,records.3.predicted_task_error_after_receipts,0.1003999909471273,0.10039999094712729,1.3877787807814457e-17,1.0
010_single_task_myopic.json,records.7.predicted_task_error_after_receipts,0.531008975114557,0.5310089751145569,1.1102230246251565e-16,1.0
011_single_task_myopic.json,records.7.predicted_task_error_after_receipts,0.7262921729249748,0.7262921729249747,1.1102230246251565e-16,1.0
012_single_task_myopic.json,records.1.predicted_task_error_after_receipts,0.31759871999999995,0.31759872,5.551115123125783e-17,1.0
012_single_task_myopic.json,records.5.predicted_task_error_after_receipts,0.21120000000000003,0.2112,2.7755575615628914e-17,1.0
012_single_task_myopic.json,records.7.predicted_task_error_after_receipts,0.33318911999999995,0.33318912,5.551115123125783e-17,1.0
013_single_task_myopic.json,records.2.predicted_task_error_after_receipts,0.14903999999999998,0.14904,2.7755575615628914e-17,1.0
013_single_task_myopic.json,records.3.predicted_task_error_after_receipts,0.24855059500799997,0.248550595008,2.7755575615628914e-17,1.0
013_single_task_myopic.json,records.4.predicted_task_error_after_receipts,0.32192767449926857,0.3219276744992685,5.551115123125783e-17,1.0
013_single_task_myopic.json,records.6.predicted_task_error_after_receipts,0.4172753352365527,0.41727533523655264,5.551115123125783e-17,1.0
013_single_task_myopic.json,records.7.predicted_task_error_after_receipts,0.4479130186818124,0.4479130186818123,5.551115123125783e-17,1.0
014_single_task_myopic.json,records.2.predicted_task_error_after_receipts,0.052061063616,0.05206106361599999,6.938893903907228e-18,1.0
014_single_task_myopic.json,records.4.predicted_task_error_after_receipts,0.17905246450780327,0.17905246450780324,2.7755575615628914e-17,1.0
015_single_task_myopic.json,records.4.predicted_task_error_after_receipts,0.3731101056,0.37311010559999996,5.551115123125783e-17,1.0
016_single_task_myopic.json,records.5.predicted_task_error_after_receipts,0.21120000000000003,0.2112,2.7755575615628914e-17,1.0
018_single_task_myopic.json,records.3.predicted_task_error_after_receipts,0.16717395614638078,0.1671739561463808,2.7755575615628914e-17,1.0
019_single_task_myopic.json,records.1.predicted_task_error_after_receipts,0.3116956799999999,0.31169568,5.551115123125783e-17,1.0
019_single_task_myopic.json,records.3.predicted_task_error_after_receipts,0.365236704768,0.36523670476799996,5.551115123125783e-17,1.0
019_single_task_myopic.json,records.4.predicted_task_error_after_receipts,0.49995021529050304,0.4999502152905031,5.551115123125783e-17,1.0
019_single_task_myopic.json,records.6.predicted_task_error_after_receipts,0.6511801059607483,0.6511801059607484,1.1102230246251565e-16,1.0
019_single_task_myopic.json,records.7.predicted_task_error_after_receipts,0.6939701848945872,0.6939701848945871,1.1102230246251565e-16,1.0
020_single_task_myopic.json,records.0.predicted_task_error_after_receipts,0.023475,0.023475000000000003,3.469446951953614e-18,1.0
020_single_task_myopic.json,records.2.predicted_task_error_after_receipts,0.052061063616,0.05206106361599999,6.938893903907228e-18,1.0
020_single_task_myopic.json,records.5.predicted_task_error_after_receipts,0.2678422127513715,0.26784221275137143,5.551115123125783e-17,1.0
020_single_task_myopic.json,records.6.predicted_task_error_after_receipts,0.6900315741734168,0.6900315741734167,1.1102230246251565e-16,1.0
021_single_task_myopic.json,records.2.predicted_task_error_after_receipts,0.22559999999999997,0.2256,2.7755575615628914e-17,1.0
023_single_task_myopic.json,records.3.predicted_task_error_after_receipts,0.16717395614638078,0.1671739561463808,2.7755575615628914e-17,1.0
023_single_task_myopic.json,records.6.predicted_task_error_after_receipts,0.6023473555251501,0.6023473555251502,1.1102230246251565e-16,1.0
023_single_task_myopic.json,records.7.predicted_task_error_after_receipts,0.6407155635522612,0.6407155635522611,1.1102230246251565e-16,1.0
024_single_task_myopic.json,records.3.predicted_task_error_after_receipts,0.365236704768,0.36523670476799996,5.551115123125783e-17,1.0
024_single_task_myopic.json,records.4.predicted_task_error_after_receipts,0.49995021529050304,0.4999502152905031,5.551115123125783e-17,1.0
024_single_task_myopic.json,records.6.predicted_task_error_after_receipts,0.6511801059607485,0.6511801059607484,1.1102230246251565e-16,1.0
025_single_task_myopic.json,records.0.predicted_task_error_after_receipts,0.073446,0.07344600000000001,1.3877787807814457e-17,1.0
025_single_task_myopic.json,records.3.predicted_task_error_after_receipts,0.1003999909471273,0.10039999094712729,1.3877787807814457e-17,1.0
025_single_task_myopic.json,records.6.predicted_task_error_after_receipts,0.11077873174819093,0.11077873174819092,1.3877787807814457e-17,1.0
025_single_task_myopic.json,records.7.predicted_task_error_after_receipts,0.14721777465423588,0.1472177746542359,2.7755575615628914e-17,1.0
026_single_task_myopic.json,records.0.predicted_task_error_after_receipts,0.073125,0.07312500000000001,1.3877787807814457e-17,1.0
026_single_task_myopic.json,records.3.predicted_task_error_after_receipts,0.23325599999999996,0.233256,2.7755575615628914e-17,1.0
027_single_task_myopic.json,records.3.predicted_task_error_after_receipts,0.25002558719999995,0.2500255872,5.551115123125783e-17,1.0
027_single_task_myopic.json,records.4.predicted_task_error_after_receipts,0.16571208493608958,0.1657120849360896,2.7755575615628914e-17,1.0
027_single_task_myopic.json,records.5.predicted_task_error_after_receipts,0.3732237311999999,0.37322373119999996,5.551115123125783e-17,1.0
027_single_task_myopic.json,records.7.predicted_task_error_after_receipts,0.42677402714112,0.42677402714112006,5.551115123125783e-17,1.0
028_single_task_myopic.json,records.4.predicted_task_error_after_receipts,0.4605581324418047,0.46055813244180477,5.551115123125783e-17,1.0
029_single_task_myopic.json,records.1.predicted_task_error_after_receipts,0.3116956799999999,0.31169568,5.551115123125783e-17,1.0
029_single_task_myopic.json,records.3.predicted_task_error_after_receipts,0.365236704768,0.36523670476799996,5.551115123125783e-17,1.0
029_single_task_myopic.json,records.6.predicted_task_error_after_receipts,0.6511801059607483,0.6511801059607484,1.1102230246251565e-16,1.0
029_single_task_myopic.json,records.7.predicted_task_error_after_receipts,0.6939701848945872,0.6939701848945871,1.1102230246251565e-16,1.0
030_single_task_myopic.json,records.2.predicted_task_error_after_receipts,0.052061063616,0.05206106361599999,6.938893903907228e-18,1.0
030_single_task_myopic.json,records.4.predicted_task_error_after_receipts,0.17905246450780327,0.17905246450780324,2.7755575615628914e-17,1.0
030_single_task_myopic.json,records.5.predicted_task_error_after_receipts,0.6035883877538796,0.6035883877538795,1.1102230246251565e-16,1.0
030_single_task_myopic.json,records.6.predicted_task_error_after_receipts,0.655041726461986,0.6550417264619859,1.1102230246251565e-16,1.0
030_single_task_myopic.json,records.7.predicted_task_error_after_receipts,0.6917437496487042,0.6917437496487043,1.1102230246251565e-16,1.0
031_single_task_myopic.json,records.2.predicted_task_error_after_receipts,0.3300827519999999,0.330082752,5.551115123125783e-17,1.0
031_single_task_myopic.json,records.5.predicted_task_error_after_receipts,0.6312180066235825,0.6312180066235824,1.1102230246251565e-16,1.0
031_single_task_myopic.json,records.6.predicted_task_error_after_receipts,0.6758596161533184,0.6758596161533182,1.1102230246251565e-16,1.0
031_single_task_myopic.json,records.7.predicted_task_error_after_receipts,0.7074610193268839,0.7074610193268838,1.1102230246251565e-16,1.0
032_single_task_myopic.json,records.0.predicted_task_error_after_receipts,0.073125,0.07312500000000001,1.3877787807814457e-17,1.0
032_single_task_myopic.json,records.3.predicted_task_error_after_receipts,0.23325599999999996,0.233256,2.7755575615628914e-17,1.0
032_single_task_myopic.json,records.6.predicted_task_error_after_receipts,0.4848440597014978,0.48484405970149785,5.551115123125783e-17,1.0
033_single_task_myopic.json,records.7.predicted_task_error_after_receipts,0.6082992905723289,0.608299290572329,1.1102230246251565e-16,1.0
034_single_task_myopic.json,records.2.predicted_task_error_after_receipts,0.35496527999999994,0.35496528,5.551115123125783e-17,1.0
034_single_task_myopic.json,records.4.predicted_task_error_after_receipts,0.5990932075531291,0.5990932075531292,1.1102230246251565e-16,1.0
034_single_task_myopic.json,records.5.predicted_task_error_after_receipts,0.6634448786092756,0.6634448786092755,1.1102230246251565e-16,1.0
035_single_task_myopic.json,records.1.predicted_task_error_after_receipts,0.16844256,0.16844255999999996,2.7755575615628914e-17,1.0
035_single_task_myopic.json,records.3.predicted_task_error_after_receipts,0.253762230528,0.25376223052799995,5.551115123125783e-17,1.0
035_single_task_myopic.json,records.4.predicted_task_error_after_receipts,0.21412110041856,0.21412110041855997,2.7755575615628914e-17,1.0
035_single_task_myopic.json,records.6.predicted_task_error_after_receipts,0.33318911999999995,0.33318912,5.551115123125783e-17,1.0
036_single_task_myopic.json,records.0.predicted_task_error_after_receipts,0.073446,0.07344600000000001,1.3877787807814457e-17,1.0
036_single_task_myopic.json,records.3.predicted_task_error_after_receipts,0.1003999909471273,0.10039999094712729,1.3877787807814457e-17,1.0
036_single_task_myopic.json,records.5.predicted_task_error_after_receipts,0.06173984904439224,0.06173984904439223,6.938893903907228e-18,1.0
037_single_task_myopic.json,records.3.predicted_task_error_after_receipts,0.23325599999999996,0.233256,2.7755575615628914e-17,1.0
037_single_task_myopic.json,records.5.predicted_task_error_after_receipts,0.42659477139456004,0.42659477139456,5.551115123125783e-17,1.0
039_single_task_myopic.json,records.2.predicted_task_error_after_receipts,0.305856,0.30585599999999996,5.551115123125783e-17,1.0
039_single_task_myopic.json,records.4.predicted_task_error_after_receipts,0.5990932075531291,0.5990932075531292,1.1102230246251565e-16,1.0
039_single_task_myopic.json,records.5.predicted_task_error_after_receipts,0.6634448786092756,0.6634448786092755,1.1102230246251565e-16,1.0
040_single_task_myopic.json,records.5.predicted_task_error_after_receipts,0.5361069321236066,0.5361069321236065,1.1102230246251565e-16,1.0
041_single_task_myopic.json,records.1.predicted_task_error_after_receipts,0.04077151795199999,0.040771517951999986,6.938893903907228e-18,1.0
041_single_task_myopic.json,records.7.predicted_task_error_after_receipts,0.37311010559999996,0.3731101056,5.551115123125783e-17,1.0
042_single_task_myopic.json,records.3.predicted_task_error_after_receipts,0.26888100000000004,0.268881,5.551115123125783e-17,1.0
042_single_task_myopic.json,records.5.predicted_task_error_after_receipts,0.2165386642026169,0.21653866420261686,2.7755575615628914e-17,1.0
042_single_task_myopic.json,records.6.predicted_task_error_after_receipts,0.2275544550264045,0.22755445502640448,2.7755575615628914e-17,1.0
044_single_task_myopic.json,records.3.predicted_task_error_after_receipts,0.38832030720000005,0.3883203072,5.551115123125783e-17,1.0
044_single_task_myopic.json,records.5.predicted_task_error_after_receipts,0.6101541101980481,0.610154110198048,1.1102230246251565e-16,1.0
045_single_task_myopic.json,records.1.predicted_task_error_after_receipts,0.3116956799999999,0.31169568,5.551115123125783e-17,1.0
046_single_task_myopic.json,records.1.predicted_task_error_after_receipts,0.04077151795199999,0.040771517951999986,6.938893903907228e-18,1.0
046_single_task_myopic.json,records.4.predicted_task_error_after_receipts,0.0650430181886101,0.06504301818861011,1.3877787807814457e-17,1.0
047_single_task_myopic.json,records.3.predicted_task_error_after_receipts,0.30585599999999996,0.305856,5.551115123125783e-17,1.0
047_single_task_myopic.json,records.6.predicted_task_error_after_receipts,0.5820587646383554,0.5820587646383555,1.1102230246251565e-16,1.0
048_single_task_myopic.json,records.2.predicted_task_error_after_receipts,0.01995,0.019950000000000002,3.469446951953614e-18,1.0
048_single_task_myopic.json,records.6.predicted_task_error_after_receipts,0.1890339679924173,0.18903396799241728,2.7755575615628914e-17,1.0
050_single_task_myopic.json,records.3.predicted_task_error_after_receipts,0.3331891199999999,0.33318911999999995,5.551115123125783e-17,1.0
050_single_task_myopic.json,records.7.predicted_task_error_after_receipts,0.7332557991016857,0.7332557991016858,1.1102230246251565e-16,1.0
051_single_task_myopic.json,records.1.predicted_task_error_after_receipts,0.16844256,0.16844255999999996,2.7755575615628914e-17,1.0
052_single_task_myopic.json,records.3.predicted_task_error_after_receipts,0.21146516966400003,0.21146516966399997,5.551115123125783e-17,2.0
052_single_task_myopic.json,records.5.predicted_task_error_after_receipts,0.4115853964838673,0.41158539648386727,5.551115123125783e-17,1.0
052_single_task_myopic.json,records.7.predicted_task_error_after_receipts,0.7248457628527923,0.7248457628527925,1.1102230246251565e-16,1.0
053_single_task_myopic.json,records.3.predicted_task_error_after_receipts,0.3331891199999999,0.33318911999999995,5.551115123125783e-17,1.0
054_single_task_myopic.json,records.2.predicted_task_error_after_receipts,0.050055766753075194,0.05005576675307519,6.938893903907228e-18,1.0
054_single_task_myopic.json,records.5.predicted_task_error_after_receipts,0.06841520724412951,0.0684152072441295,1.3877787807814457e-17,1.0
054_single_task_myopic.json,records.7.predicted_task_error_after_receipts,0.07362343583616802,0.07362343583616804,1.3877787807814457e-17,1.0
055_single_task_myopic.json,records.3.predicted_task_error_after_receipts,0.329332865088,0.32933286508799997,5.551115123125783e-17,1.0
056_single_task_myopic.json,records.2.predicted_task_error_after_receipts,0.0258172752,0.025817275199999996,3.469446951953614e-18,1.0
056_single_task_myopic.json,records.4.predicted_task_error_after_receipts,0.24420128220610557,0.2442012822061056,2.7755575615628914e-17,1.0
056_single_task_myopic.json,records.5.predicted_task_error_after_receipts,0.35158569264195144,0.3515856926419514,5.551115123125783e-17,1.0
057_single_task_myopic.json,records.2.predicted_task_error_after_receipts,0.0443529312,0.044352931199999994,6.938893903907228e-18,1.0
057_single_task_myopic.json,records.4.predicted_task_error_after_receipts,0.18434999999999999,0.18434999999999996,2.7755575615628914e-17,1.0
057_single_task_myopic.json,records.5.predicted_task_error_after_receipts,0.3127185599999999,0.31271856,5.551115123125783e-17,1.0
057_single_task_myopic.json,records.6.predicted_task_error_after_receipts,0.40349912025599993,0.403499120256,5.551115123125783e-17,1.0
059_single_task_myopic.json,records.5.predicted_task_error_after_receipts,0.6038227577782368,0.6038227577782367,1.1102230246251565e-16,1.0
059_single_task_myopic.json,records.7.predicted_task_error_after_receipts,0.4840478439074704,0.48404784390747035,5.551115123125783e-17,1.0
060_single_task_myopic.json,records.3.predicted_task_error_after_receipts,0.5029062112972799,0.50290621129728,1.1102230246251565e-16,1.0
060_single_task_myopic.json,records.4.predicted_task_error_after_receipts,0.5990932075531291,0.5990932075531292,1.1102230246251565e-16,1.0
060_single_task_myopic.json,records.5.predicted_task_error_after_receipts,0.6634448786092756,0.6634448786092755,1.1102230246251565e-16,1.0
060_single_task_myopic.json,records.6.predicted_task_error_after_receipts,0.7075764050287828,0.7075764050287827,1.1102230246251565e-16,1.0
061_single_task_myopic.json,records.2.predicted_task_error_after_receipts,0.2399660928,0.23996609279999997,2.7755575615628914e-17,1.0
061_single_task_myopic.json,records.5.predicted_task_error_after_receipts,0.4892094414178434,0.48920944141784345,5.551115123125783e-17,1.0
061_single_task_myopic.json,records.7.predicted_task_error_after_receipts,0.5965148340288172,0.5965148340288171,1.1102230246251565e-16,1.0
062_single_task_myopic.json,records.4.predicted_task_error_after_receipts,0.2112,0.21119999999999997,2.7755575615628914e-17,1.0
062_single_task_myopic.json,records.6.predicted_task_error_after_receipts,0.33318912000000006,0.33318912,5.551115123125783e-17,1.0
063_single_task_myopic.json,records.0.predicted_task_error_after_receipts,0.073125,0.07312500000000001,1.3877787807814457e-17,1.0
063_single_task_myopic.json,records.4.predicted_task_error_after_receipts,0.4324678656,0.43246786559999995,5.551115123125783e-17,1.0
063_single_task_myopic.json,records.6.predicted_task_error_after_receipts,0.5820587646383554,0.5820587646383555,1.1102230246251565e-16,1.0
000_single_single_effect_exact.json,records.0.predicted_task_error_after_receipts,0.22559999999999997,0.2256,2.7755575615628914e-17,1.0
000_single_single_effect_exact.json,records.1.predicted_task_error_after_receipts,0.37779456,0.37779455999999995,5.551115123125783e-17,1.0
000_single_single_effect_exact.json,records.3.predicted_task_error_after_receipts,0.22559999999999997,0.2256,2.7755575615628914e-17,1.0
000_single_single_effect_exact.json,records.4.predicted_task_error_after_receipts,0.3777945599999999,0.37779455999999995,5.551115123125783e-17,1.0
001_single_single_effect_exact.json,records.1.predicted_task_error_after_receipts,0.37779456,0.37779455999999995,5.551115123125783e-17,1.0
001_single_single_effect_exact.json,records.6.predicted_task_error_after_receipts,0.22560000000000002,0.2256,2.7755575615628914e-17,1.0
004_single_single_effect_exact.json,records.0.predicted_task_error_after_receipts,0.073446,0.07344600000000001,1.3877787807814457e-17,1.0
004_single_single_effect_exact.json,records.3.predicted_task_error_after_receipts,0.40822039115828435,0.4082203911582843,5.551115123125783e-17,1.0
004_single_single_effect_exact.json,records.4.predicted_task_error_after_receipts,0.36176778375936,0.36176778375936003,5.551115123125783e-17,1.0
004_single_single_effect_exact.json,records.7.predicted_task_error_after_receipts,0.37779455999999995,0.3777945599999999,5.551115123125783e-17,1.0
005_single_single_effect_exact.json,records.1.predicted_task_error_after_receipts,0.38036428108799997,0.3803642810879999,5.551115123125783e-17,1.0
005_single_single_effect_exact.json,records.5.predicted_task_error_after_receipts,0.3179573548580044,0.31795735485800447,5.551115123125783e-17,1.0
005_single_single_effect_exact.json,records.6.predicted_task_error_after_receipts,0.035443281305382913,0.03544328130538291,6.938893903907228e-18,1.0
006_single_single_effect_exact.json,records.6.predicted_task_error_after_receipts,0.47898250552319993,0.4789825055231999,5.551115123125783e-17,1.0
006_single_single_effect_exact.json,records.7.predicted_task_error_after_receipts,0.5725456484408081,0.5725456484408082,1.1102230246251565e-16,1.0
007_single_single_effect_exact.json,records.3.predicted_task_error_after_receipts,0.174225,0.17422500000000002,2.7755575615628914e-17,1.0
007_single_single_effect_exact.json,records.4.predicted_task_error_after_receipts,0.3447126047999999,0.34471260479999993,5.551115123125783e-17,1.0
007_single_single_effect_exact.json,records.7.predicted_task_error_after_receipts,0.4799334452104255,0.4799334452104256,5.551115123125783e-17,1.0
008_single_single_effect_exact.json,records.1.predicted_task_error_after_receipts,0.43404104831999996,0.4340410483199999,5.551115123125783e-17,1.0
008_single_single_effect_exact.json,records.4.predicted_task_error_after_receipts,0.48517875152812023,0.4851787515281202,5.551115123125783e-17,1.0
008_single_single_effect_exact.json,records.7.predicted_task_error_after_receipts,0.41287157963467463,0.4128715796346745,1.1102230246251565e-16,2.0
009_single_single_effect_exact.json,records.0.predicted_task_error_after_receipts,0.073446,0.07344600000000001,1.3877787807814457e-17,1.0
009_single_single_effect_exact.json,records.3.predicted_task_error_after_receipts,0.1003999909471273,0.10039999094712729,1.3877787807814457e-17,1.0
009_single_single_effect_exact.json,records.4.predicted_task_error_after_receipts,0.05761833097824141,0.057618330978241414,6.938893903907228e-18,1.0
010_single_single_effect_exact.json,records.1.predicted_task_error_after_receipts,0.3127185599999999,0.31271856,5.551115123125783e-17,1.0
010_single_single_effect_exact.json,records.6.predicted_task_error_after_receipts,0.17224412894638078,0.1722441289463808,2.7755575615628914e-17,1.0
011_single_single_effect_exact.json,records.6.predicted_task_error_after_receipts,0.433968604913664,0.43396860491366396,5.551115123125783e-17,1.0
011_single_single_effect_exact.json,records.7.predicted_task_error_after_receipts,0.49128621825296775,0.4912862182529677,5.551115123125783e-17,1.0
013_single_single_effect_exact.json,records.0.predicted_task_error_after_receipts,0.27166799999999997,0.271668,5.551115123125783e-17,1.0
013_single_single_effect_exact.json,records.2.predicted_task_error_after_receipts,0.26670797796863993,0.26670797796864,5.551115123125783e-17,1.0
014_single_single_effect_exact.json,records.0.predicted_task_error_after_receipts,0.14065799999999998,0.140658,2.7755575615628914e-17,1.0
014_single_single_effect_exact.json,records.4.predicted_task_error_after_receipts,0.17905246450780327,0.17905246450780324,2.7755575615628914e-17,1.0
014_single_single_effect_exact.json,records.6.predicted_task_error_after_receipts,0.18626837348815148,0.18626837348815145,2.7755575615628914e-17,1.0
015_single_single_effect_exact.json,records.0.predicted_task_error_after_receipts,0.22559999999999997,0.2256,2.7755575615628914e-17,1.0
015_single_single_effect_exact.json,records.4.predicted_task_error_after_receipts,0.3127185599999999,0.31271856,5.551115123125783e-17,1.0
015_single_single_effect_exact.json,records.6.predicted_task_error_after_receipts,0.18434999999999999,0.18435,2.7755575615628914e-17,1.0
016_single_single_effect_exact.json,records.0.predicted_task_error_after_receipts,0.22559999999999997,0.2256,2.7755575615628914e-17,1.0
016_single_single_effect_exact.json,records.7.predicted_task_error_after_receipts,0.34211671679999994,0.3421167168,5.551115123125783e-17,1.0
017_single_single_effect_exact.json,records.6.predicted_task_error_after_receipts,0.11999999999999998,0.12,1.3877787807814457e-17,1.0
018_single_single_effect_exact.json,records.4.predicted_task_error_after_receipts,0.17905246450780327,0.17905246450780324,2.7755575615628914e-17,1.0
018_single_single_effect_exact.json,records.6.predicted_task_error_after_receipts,0.18626837348815148,0.18626837348815145,2.7755575615628914e-17,1.0
019_single_single_effect_exact.json,records.0.predicted_task_error_after_receipts,0.27166799999999997,0.271668,5.551115123125783e-17,1.0
019_single_single_effect_exact.json,records.7.predicted_task_error_after_receipts,0.5976673228779964,0.5976673228779965,1.1102230246251565e-16,1.0
020_single_single_effect_exact.json,records.7.predicted_task_error_after_receipts,0.48833605584353257,0.4883360558435326,5.551115123125783e-17,1.0
021_single_single_effect_exact.json,records.0.predicted_task_error_after_receipts,0.22559999999999997,0.2256,2.7755575615628914e-17,1.0
021_single_single_effect_exact.json,records.1.predicted_task_error_after_receipts,0.37779456,0.37779455999999995,5.551115123125783e-17,1.0
021_single_single_effect_exact.json,records.3.predicted_task_error_after_receipts,0.22559999999999997,0.2256,2.7755575615628914e-17,1.0
021_single_single_effect_exact.json,records.4.predicted_task_error_after_receipts,0.3777945599999999,0.37779455999999995,5.551115123125783e-17,1.0
022_single_single_effect_exact.json,records.6.predicted_task_error_after_receipts,0.11999999999999998,0.12,1.3877787807814457e-17,1.0
023_single_single_effect_exact.json,records.4.predicted_task_error_after_receipts,0.17905246450780327,0.17905246450780324,2.7755575615628914e-17,1.0
023_single_single_effect_exact.json,records.6.predicted_task_error_after_receipts,0.22560000000000002,0.2256,2.7755575615628914e-17,1.0
024_single_single_effect_exact.json,records.7.predicted_task_error_after_receipts,0.5976673228779964,0.5976673228779965,1.1102230246251565e-16,1.0
025_single_single_effect_exact.json,records.0.predicted_task_error_after_receipts,0.073446,0.07344600000000001,1.3877787807814457e-17,1.0
025_single_single_effect_exact.json,records.3.predicted_task_error_after_receipts,0.1003999909471273,0.10039999094712729,1.3877787807814457e-17,1.0
025_single_single_effect_exact.json,records.4.predicted_task_error_after_receipts,0.05761833097824141,0.057618330978241414,6.938893903907228e-18,1.0
025_single_single_effect_exact.json,records.6.predicted_task_error_after_receipts,0.0230177402714112,0.023017740271411197,3.469446951953614e-18,1.0
026_single_single_effect_exact.json,records.3.predicted_task_error_after_receipts,0.18434999999999999,0.18435,2.7755575615628914e-17,1.0
026_single_single_effect_exact.json,records.4.predicted_task_error_after_receipts,0.3127185599999999,0.31271856,5.551115123125783e-17,1.0
027_single_single_effect_exact.json,records.3.predicted_task_error_after_receipts,0.40822039115828435,0.4082203911582843,5.551115123125783e-17,1.0
028_single_single_effect_exact.json,records.1.predicted_task_error_after_receipts,0.38142763084799997,0.3814276308479999,5.551115123125783e-17,1.0
029_single_single_effect_exact.json,records.0.predicted_task_error_after_receipts,0.27166799999999997,0.271668,5.551115123125783e-17,1.0
030_single_single_effect_exact.json,records.0.predicted_task_error_after_receipts,0.14065799999999998,0.140658,2.7755575615628914e-17,1.0
030_single_single_effect_exact.json,records.4.predicted_task_error_after_receipts,0.17905246450780327,0.17905246450780324,2.7755575615628914e-17,1.0
030_single_single_effect_exact.json,records.6.predicted_task_error_after_receipts,0.38800251474788344,0.3880025147478835,5.551115123125783e-17,1.0
030_single_single_effect_exact.json,records.7.predicted_task_error_after_receipts,0.5076269759316081,0.507626975931608,1.1102230246251565e-16,1.0
031_single_single_effect_exact.json,records.1.predicted_task_error_after_receipts,0.37779456,0.37779455999999995,5.551115123125783e-17,1.0
031_single_single_effect_exact.json,records.4.predicted_task_error_after_receipts,0.48517875152812023,0.4851787515281202,5.551115123125783e-17,1.0
031_single_single_effect_exact.json,records.6.predicted_task_error_after_receipts,0.38800251474788344,0.3880025147478835,5.551115123125783e-17,1.0
031_single_single_effect_exact.json,records.7.predicted_task_error_after_receipts,0.5076269759316081,0.507626975931608,1.1102230246251565e-16,1.0
032_single_single_effect_exact.json,records.3.predicted_task_error_after_receipts,0.18434999999999999,0.18435,2.7755575615628914e-17,1.0
032_single_single_effect_exact.json,records.4.predicted_task_error_after_receipts,0.3127185599999999,0.31271856,5.551115123125783e-17,1.0
032_single_single_effect_exact.json,records.6.predicted_task_error_after_receipts,0.22560000000000002,0.2256,2.7755575615628914e-17,1.0
033_single_single_effect_exact.json,records.5.predicted_task_error_after_receipts,0.30577125756672,0.30577125756671997,5.551115123125783e-17,1.0
034_single_single_effect_exact.json,records.1.predicted_task_error_after_receipts,0.45526936012799996,0.4552693601279999,5.551115123125783e-17,1.0
034_single_single_effect_exact.json,records.3.predicted_task_error_after_receipts,0.37825059532800004,0.378250595328,5.551115123125783e-17,1.0
034_single_single_effect_exact.json,records.4.predicted_task_error_after_receipts,0.5147047587582687,0.5147047587582688,1.1102230246251565e-16,1.0
035_single_single_effect_exact.json,records.3.predicted_task_error_after_receipts,0.253762230528,0.25376223052799995,5.551115123125783e-17,1.0
035_single_single_effect_exact.json,records.4.predicted_task_error_after_receipts,0.36304152738424006,0.3630415273842401,5.551115123125783e-17,1.0
036_single_single_effect_exact.json,records.0.predicted_task_error_after_receipts,0.073446,0.07344600000000001,1.3877787807814457e-17,1.0
036_single_single_effect_exact.json,records.3.predicted_task_error_after_receipts,0.1003999909471273,0.10039999094712729,1.3877787807814457e-17,1.0
036_single_single_effect_exact.json,records.4.predicted_task_error_after_receipts,0.05761833097824141,0.057618330978241414,6.938893903907228e-18,1.0
036_single_single_effect_exact.json,records.7.predicted_task_error_after_receipts,0.33469858252799994,0.334698582528,5.551115123125783e-17,1.0
037_single_single_effect_exact.json,records.0.predicted_task_error_after_receipts,0.18434999999999999,0.18435,2.7755575615628914e-17,1.0
037_single_single_effect_exact.json,records.1.predicted_task_error_after_receipts,0.31271855999999987,0.31271856,1.1102230246251565e-16,2.0
037_single_single_effect_exact.json,records.4.predicted_task_error_after_receipts,0.3127185599999999,0.31271856,5.551115123125783e-17,1.0
037_single_single_effect_exact.json,records.7.predicted_task_error_after_receipts,0.5252134091646438,0.5252134091646439,1.1102230246251565e-16,1.0
038_single_single_effect_exact.json,records.3.predicted_task_error_after_receipts,0.22559999999999997,0.2256,2.7755575615628914e-17,1.0
038_single_single_effect_exact.json,records.6.predicted_task_error_after_receipts,0.22560000000000002,0.2256,2.7755575615628914e-17,1.0
039_single_single_effect_exact.json,records.3.predicted_task_error_after_receipts,0.37825059532800004,0.378250595328,5.551115123125783e-17,1.0
039_single_single_effect_exact.json,records.4.predicted_task_error_after_receipts,0.5147047587582687,0.5147047587582688,1.1102230246251565e-16,1.0
039_single_single_effect_exact.json,records.7.predicted_task_error_after_receipts,0.4752877674924673,0.47528776749246726,5.551115123125783e-17,1.0
040_single_single_effect_exact.json,records.1.predicted_task_error_after_receipts,0.38036428108799997,0.3803642810879999,5.551115123125783e-17,1.0
040_single_single_effect_exact.json,records.4.predicted_task_error_after_receipts,0.36176778375936003,0.36176778375936,5.551115123125783e-17,1.0
040_single_single_effect_exact.json,records.6.predicted_task_error_after_receipts,0.27581748,0.27581747999999995,5.551115123125783e-17,1.0
040_single_single_effect_exact.json,records.7.predicted_task_error_after_receipts,0.4093310506444799,0.40933105064447994,5.551115123125783e-17,1.0
041_single_single_effect_exact.json,records.1.predicted_task_error_after_receipts,0.04077151795199999,0.040771517951999986,6.938893903907228e-18,1.0
042_single_single_effect_exact.json,records.0.predicted_task_error_after_receipts,0.22559999999999997,0.2256,2.7755575615628914e-17,1.0
042_single_single_effect_exact.json,records.1.predicted_task_error_after_receipts,0.37779456,0.37779455999999995,5.551115123125783e-17,1.0
042_single_single_effect_exact.json,records.7.predicted_task_error_after_receipts,0.10494843720050073,0.10494843720050072,1.3877787807814457e-17,1.0
043_single_single_effect_exact.json,records.6.predicted_task_error_after_receipts,0.11999999999999998,0.12,1.3877787807814457e-17,1.0
044_single_single_effect_exact.json,records.0.predicted_task_error_after_receipts,0.23008799999999996,0.23008800000000001,5.551115123125783e-17,2.0
044_single_single_effect_exact.json,records.1.predicted_task_error_after_receipts,0.38036428108799997,0.3803642810879999,5.551115123125783e-17,1.0
044_single_single_effect_exact.json,records.3.predicted_task_error_after_receipts,0.40822039115828435,0.4082203911582843,5.551115123125783e-17,1.0
044_single_single_effect_exact.json,records.6.predicted_task_error_after_receipts,0.31759871999999995,0.31759872,5.551115123125783e-17,1.0
044_single_single_effect_exact.json,records.7.predicted_task_error_after_receipts,0.47597111196671993,0.4759711119667199,5.551115123125783e-17,1.0
045_single_single_effect_exact.json,records.0.predicted_task_error_after_receipts,0.27166799999999997,0.271668,5.551115123125783e-17,1.0
045_single_single_effect_exact.json,records.4.predicted_task_error_after_receipts,0.22810679999999997,0.2281068,2.7755575615628914e-17,1.0
046_single_single_effect_exact.json,records.1.predicted_task_error_after_receipts,0.04077151795199999,0.040771517951999986,6.938893903907228e-18,1.0
046_single_single_effect_exact.json,records.4.predicted_task_error_after_receipts,0.02114998392608047,0.021149983926080466,3.469446951953614e-18,1.0
047_single_single_effect_exact.json,records.0.predicted_task_error_after_receipts,0.18434999999999999,0.18435,2.7755575615628914e-17,1.0
047_single_single_effect_exact.json,records.1.predicted_task_error_after_receipts,0.31271855999999987,0.31271856,1.1102230246251565e-16,2.0
047_single_single_effect_exact.json,records.3.predicted_task_error_after_receipts,0.22559999999999997,0.2256,2.7755575615628914e-17,1.0
047_single_single_effect_exact.json,records.4.predicted_task_error_after_receipts,0.3777945599999999,0.37779455999999995,5.551115123125783e-17,1.0
047_single_single_effect_exact.json,records.6.predicted_task_error_after_receipts,0.18434999999999999,0.18435,2.7755575615628914e-17,1.0
047_single_single_effect_exact.json,records.7.predicted_task_error_after_receipts,0.3127185599999999,0.31271856,5.551115123125783e-17,1.0
048_single_single_effect_exact.json,records.0.predicted_task_error_after_receipts,0.18434999999999999,0.18435,2.7755575615628914e-17,1.0
048_single_single_effect_exact.json,records.1.predicted_task_error_after_receipts,0.31271855999999987,0.31271856,1.1102230246251565e-16,2.0
048_single_single_effect_exact.json,records.3.predicted_task_error_after_receipts,0.1003999909471273,0.10039999094712729,1.3877787807814457e-17,1.0
048_single_single_effect_exact.json,records.4.predicted_task_error_after_receipts,0.05761833097824141,0.057618330978241414,6.938893903907228e-18,1.0
049_single_single_effect_exact.json,records.6.predicted_task_error_after_receipts,0.11999999999999998,0.12,1.3877787807814457e-17,1.0
050_single_single_effect_exact.json,records.1.predicted_task_error_after_receipts,0.37779456,0.37779455999999995,5.551115123125783e-17,1.0
050_single_single_effect_exact.json,records.5.predicted_task_error_after_receipts,0.24897128639999996,0.2489712864,2.7755575615628914e-17,1.0
052_single_single_effect_exact.json,records.4.predicted_task_error_after_receipts,0.21650752894463995,0.21650752894463998,2.7755575615628914e-17,1.0
053_single_single_effect_exact.json,records.0.predicted_task_error_after_receipts,0.22559999999999997,0.2256,2.7755575615628914e-17,1.0
053_single_single_effect_exact.json,records.1.predicted_task_error_after_receipts,0.37779456,0.37779455999999995,5.551115123125783e-17,1.0
054_single_single_effect_exact.json,records.1.predicted_task_error_after_receipts,0.04077151795199999,0.040771517951999986,6.938893903907228e-18,1.0
054_single_single_effect_exact.json,records.4.predicted_task_error_after_receipts,0.02114998392608047,0.021149983926080466,3.469446951953614e-18,1.0
055_single_single_effect_exact.json,records.4.predicted_task_error_after_receipts,0.3441084288,0.3441084287999999,5.551115123125783e-17,1.0
056_single_single_effect_exact.json,records.4.predicted_task_error_after_receipts,0.21412110041856,0.21412110041855997,2.7755575615628914e-17,1.0
058_single_single_effect_exact.json,records.1.predicted_task_error_after_receipts,0.37779456,0.37779455999999995,5.551115123125783e-17,1.0
059_single_single_effect_exact.json,records.4.predicted_task_error_after_receipts,0.34779102719999994,0.3477910272,5.551115123125783e-17,1.0
060_single_single_effect_exact.json,records.1.predicted_task_error_after_receipts,0.45526936012799996,0.4552693601279999,5.551115123125783e-17,1.0
060_single_single_effect_exact.json,records.3.predicted_task_error_after_receipts,0.37825059532800004,0.378250595328,5.551115123125783e-17,1.0
060_single_single_effect_exact.json,records.7.predicted_task_error_after_receipts,0.4752877674924673,0.47528776749246726,5.551115123125783e-17,1.0
061_single_single_effect_exact.json,records.3.predicted_task_error_after_receipts,0.319840544448,0.3198405444479999,5.551115123125783e-17,1.0
061_single_single_effect_exact.json,records.6.predicted_task_error_after_receipts,0.334497296448,0.33449729644799997,5.551115123125783e-17,1.0
062_single_single_effect_exact.json,records.2.predicted_task_error_after_receipts,0.26670797796863993,0.26670797796864,5.551115123125783e-17,1.0
062_single_single_effect_exact.json,records.4.predicted_task_error_after_receipts,0.12000000000000001,0.12,1.3877787807814457e-17,1.0
063_single_single_effect_exact.json,records.6.predicted_task_error_after_receipts,0.22560000000000002,0.2256,2.7755575615628914e-17,1.0
063_single_single_effect_exact.json,records.7.predicted_task_error_after_receipts,0.37779456,0.37779455999999995,5.551115123125783e-17,1.0
000_single_any_exact.json,records.0.predicted_task_error_after_receipts,0.22559999999999997,0.2256,2.7755575615628914e-17,1.0
000_single_any_exact.json,records.1.predicted_task_error_after_receipts,0.37779456,0.37779455999999995,5.551115123125783e-17,1.0
000_single_any_exact.json,records.3.predicted_task_error_after_receipts,0.22559999999999997,0.2256,2.7755575615628914e-17,1.0
000_single_any_exact.json,records.4.predicted_task_error_after_receipts,0.3777945599999999,0.37779455999999995,5.551115123125783e-17,1.0
001_single_any_exact.json,records.1.predicted_task_error_after_receipts,0.37779456,0.37779455999999995,5.551115123125783e-17,1.0
001_single_any_exact.json,records.6.predicted_task_error_after_receipts,0.22560000000000002,0.2256,2.7755575615628914e-17,1.0
004_single_any_exact.json,records.0.predicted_task_error_after_receipts,0.073446,0.07344600000000001,1.3877787807814457e-17,1.0
005_single_any_exact.json,records.1.predicted_task_error_after_receipts,0.38036428108799997,0.3803642810879999,5.551115123125783e-17,1.0
005_single_any_exact.json,records.7.predicted_task_error_after_receipts,0.5361069321236066,0.5361069321236065,1.1102230246251565e-16,1.0
006_single_any_exact.json,records.2.predicted_task_error_after_receipts,0.052061063616,0.05206106361599999,6.938893903907228e-18,1.0
006_single_any_exact.json,records.7.predicted_task_error_after_receipts,0.5851821561028222,0.5851821561028223,1.1102230246251565e-16,1.0
007_single_any_exact.json,records.6.predicted_task_error_after_receipts,0.4605581324418047,0.46055813244180477,5.551115123125783e-17,1.0
008_single_any_exact.json,records.1.predicted_task_error_after_receipts,0.43404104831999996,0.4340410483199999,5.551115123125783e-17,1.0
009_single_any_exact.json,records.0.predicted_task_error_after_receipts,0.073446,0.07344600000000001,1.3877787807814457e-17,1.0
009_single_any_exact.json,records.6.predicted_task_error_after_receipts,0.4188357207521279,0.418835720752128,1.1102230246251565e-16,2.0
010_single_any_exact.json,records.1.predicted_task_error_after_receipts,0.3127185599999999,0.31271856,5.551115123125783e-17,1.0
010_single_any_exact.json,records.6.predicted_task_error_after_receipts,0.17224412894638078,0.1722441289463808,2.7755575615628914e-17,1.0
011_single_any_exact.json,records.6.predicted_task_error_after_receipts,0.433968604913664,0.43396860491366396,5.551115123125783e-17,1.0
011_single_any_exact.json,records.7.predicted_task_error_after_receipts,0.49128621825296775,0.4912862182529677,5.551115123125783e-17,1.0
013_single_any_exact.json,records.0.predicted_task_error_after_receipts,0.27166799999999997,0.271668,5.551115123125783e-17,1.0
013_single_any_exact.json,records.1.predicted_task_error_after_receipts,0.3114732656639999,0.31147326566399997,5.551115123125783e-17,1.0
013_single_any_exact.json,records.2.predicted_task_error_after_receipts,0.16671361132799997,0.166713611328,2.7755575615628914e-17,1.0
013_single_any_exact.json,records.5.predicted_task_error_after_receipts,0.1552987008,0.15529870079999997,2.7755575615628914e-17,1.0
013_single_any_exact.json,records.7.predicted_task_error_after_receipts,0.32421413507530306,0.3242141350753031,5.551115123125783e-17,1.0
014_single_any_exact.json,records.0.predicted_task_error_after_receipts,0.14065799999999998,0.140658,2.7755575615628914e-17,1.0
014_single_any_exact.json,records.2.predicted_task_error_after_receipts,0.052061063616,0.05206106361599999,6.938893903907228e-18,1.0
014_single_any_exact.json,records.4.predicted_task_error_after_receipts,0.023475,0.023475000000000003,3.469446951953614e-18,1.0
015_single_any_exact.json,records.0.predicted_task_error_after_receipts,0.22559999999999997,0.2256,2.7755575615628914e-17,1.0
015_single_any_exact.json,records.4.predicted_task_error_after_receipts,0.3127185599999999,0.31271856,5.551115123125783e-17,1.0
015_single_any_exact.json,records.6.predicted_task_error_after_receipts,0.18434999999999999,0.18435,2.7755575615628914e-17,1.0
016_single_any_exact.json,records.0.predicted_task_error_after_receipts,0.22559999999999997,0.2256,2.7755575615628914e-17,1.0
016_single_any_exact.json,records.7.predicted_task_error_after_receipts,0.34211671679999994,0.3421167168,5.551115123125783e-17,1.0
017_single_any_exact.json,records.6.predicted_task_error_after_receipts,0.11999999999999998,0.12,1.3877787807814457e-17,1.0
018_single_any_exact.json,records.2.predicted_task_error_after_receipts,0.052061063616,0.05206106361599999,6.938893903907228e-18,1.0
018_single_any_exact.json,records.5.predicted_task_error_after_receipts,0.1552987008,0.15529870079999997,2.7755575615628914e-17,1.0
018_single_any_exact.json,records.7.predicted_task_error_after_receipts,0.32421413507530306,0.3242141350753031,5.551115123125783e-17,1.0
019_single_any_exact.json,records.0.predicted_task_error_after_receipts,0.27166799999999997,0.271668,5.551115123125783e-17,1.0
019_single_any_exact.json,records.7.predicted_task_error_after_receipts,0.5976673228779964,0.5976673228779965,1.1102230246251565e-16,1.0
020_single_any_exact.json,records.2.predicted_task_error_after_receipts,0.052061063616,0.05206106361599999,6.938893903907228e-18,1.0
020_single_any_exact.json,records.4.predicted_task_error_after_receipts,0.023475,0.023475000000000003,3.469446951953614e-18,1.0
021_single_any_exact.json,records.0.predicted_task_error_after_receipts,0.22559999999999997,0.2256,2.7755575615628914e-17,1.0
021_single_any_exact.json,records.1.predicted_task_error_after_receipts,0.37779456,0.37779455999999995,5.551115123125783e-17,1.0
021_single_any_exact.json,records.3.predicted_task_error_after_receipts,0.22559999999999997,0.2256,2.7755575615628914e-17,1.0
021_single_any_exact.json,records.4.predicted_task_error_after_receipts,0.3777945599999999,0.37779455999999995,5.551115123125783e-17,1.0
022_single_any_exact.json,records.6.predicted_task_error_after_receipts,0.11999999999999998,0.12,1.3877787807814457e-17,1.0
023_single_any_exact.json,records.2.predicted_task_error_after_receipts,0.052061063616,0.05206106361599999,6.938893903907228e-18,1.0
024_single_any_exact.json,records.7.predicted_task_error_after_receipts,0.5976673228779964,0.5976673228779965,1.1102230246251565e-16,1.0
025_single_any_exact.json,records.0.predicted_task_error_after_receipts,0.073446,0.07344600000000001,1.3877787807814457e-17,1.0
026_single_any_exact.json,records.3.predicted_task_error_after_receipts,0.18434999999999999,0.18435,2.7755575615628914e-17,1.0
026_single_any_exact.json,records.4.predicted_task_error_after_receipts,0.3127185599999999,0.31271856,5.551115123125783e-17,1.0
028_single_any_exact.json,records.1.predicted_task_error_after_receipts,0.38142763084799997,0.3814276308479999,5.551115123125783e-17,1.0
029_single_any_exact.json,records.0.predicted_task_error_after_receipts,0.27166799999999997,0.271668,5.551115123125783e-17,1.0
029_single_any_exact.json,records.7.predicted_task_error_after_receipts,0.5976673228779964,0.5976673228779965,1.1102230246251565e-16,1.0
030_single_any_exact.json,records.0.predicted_task_error_after_receipts,0.14065799999999998,0.140658,2.7755575615628914e-17,1.0
030_single_any_exact.json,records.2.predicted_task_error_after_receipts,0.052061063616,0.05206106361599999,6.938893903907228e-18,1.0
030_single_any_exact.json,records.7.predicted_task_error_after_receipts,0.5851821561028222,0.5851821561028223,1.1102230246251565e-16,1.0
031_single_any_exact.json,records.1.predicted_task_error_after_receipts,0.37779456,0.37779455999999995,5.551115123125783e-17,1.0
031_single_any_exact.json,records.7.predicted_task_error_after_receipts,0.5851821561028222,0.5851821561028223,1.1102230246251565e-16,1.0
032_single_any_exact.json,records.3.predicted_task_error_after_receipts,0.18434999999999999,0.18435,2.7755575615628914e-17,1.0
032_single_any_exact.json,records.4.predicted_task_error_after_receipts,0.3127185599999999,0.31271856,5.551115123125783e-17,1.0
032_single_any_exact.json,records.6.predicted_task_error_after_receipts,0.22560000000000002,0.2256,2.7755575615628914e-17,1.0
033_single_any_exact.json,records.2.predicted_task_error_after_receipts,0.5172792691507201,0.51727926915072,1.1102230246251565e-16,1.0
033_single_any_exact.json,records.6.predicted_task_error_after_receipts,0.5465859332579327,0.5465859332579328,1.1102230246251565e-16,1.0
034_single_any_exact.json,records.1.predicted_task_error_after_receipts,0.45526936012799996,0.4552693601279999,5.551115123125783e-17,1.0
034_single_any_exact.json,records.7.predicted_task_error_after_receipts,0.6139014428299653,0.6139014428299654,1.1102230246251565e-16,1.0
036_single_any_exact.json,records.0.predicted_task_error_after_receipts,0.073446,0.07344600000000001,1.3877787807814457e-17,1.0
036_single_any_exact.json,records.2.predicted_task_error_after_receipts,0.16671361132799997,0.166713611328,2.7755575615628914e-17,1.0
036_single_any_exact.json,records.4.predicted_task_error_after_receipts,0.023475,0.023475000000000003,3.469446951953614e-18,1.0
036_single_any_exact.json,records.5.predicted_task_error_after_receipts,0.0404867952,0.040486795199999995,6.938893903907228e-18,1.0
037_single_any_exact.json,records.0.predicted_task_error_after_receipts,0.18434999999999999,0.18435,2.7755575615628914e-17,1.0
037_single_any_exact.json,records.1.predicted_task_error_after_receipts,0.31271855999999987,0.31271856,1.1102230246251565e-16,2.0
037_single_any_exact.json,records.4.predicted_task_error_after_receipts,0.3127185599999999,0.31271856,5.551115123125783e-17,1.0
037_single_any_exact.json,records.7.predicted_task_error_after_receipts,0.5252134091646438,0.5252134091646439,1.1102230246251565e-16,1.0
038_single_any_exact.json,records.3.predicted_task_error_after_receipts,0.22559999999999997,0.2256,2.7755575615628914e-17,1.0
038_single_any_exact.json,records.6.predicted_task_error_after_receipts,0.22560000000000002,0.2256,2.7755575615628914e-17,1.0
039_single_any_exact.json,records.4.predicted_task_error_after_receipts,0.41979342719999996,0.4197934271999999,5.551115123125783e-17,1.0
039_single_any_exact.json,records.6.predicted_task_error_after_receipts,0.47290042757498874,0.4729004275749888,5.551115123125783e-17,1.0
040_single_any_exact.json,records.1.predicted_task_error_after_receipts,0.38036428108799997,0.3803642810879999,5.551115123125783e-17,1.0
040_single_any_exact.json,records.7.predicted_task_error_after_receipts,0.5361069321236066,0.5361069321236065,1.1102230246251565e-16,1.0
041_single_any_exact.json,records.1.predicted_task_error_after_receipts,0.04077151795199999,0.040771517951999986,6.938893903907228e-18,1.0
041_single_any_exact.json,records.2.predicted_task_error_after_receipts,0.052061063616,0.05206106361599999,6.938893903907228e-18,1.0
041_single_any_exact.json,records.4.predicted_task_error_after_receipts,0.23325599999999996,0.233256,2.7755575615628914e-17,1.0
041_single_any_exact.json,records.6.predicted_task_error_after_receipts,0.18434999999999999,0.18435,2.7755575615628914e-17,1.0
042_single_any_exact.json,records.0.predicted_task_error_after_receipts,0.22559999999999997,0.2256,2.7755575615628914e-17,1.0
042_single_any_exact.json,records.1.predicted_task_error_after_receipts,0.37779456,0.37779455999999995,5.551115123125783e-17,1.0
042_single_any_exact.json,records.7.predicted_task_error_after_receipts,0.17076564609798361,0.17076564609798367,5.551115123125783e-17,2.0
043_single_any_exact.json,records.6.predicted_task_error_after_receipts,0.11999999999999998,0.12,1.3877787807814457e-17,1.0
044_single_any_exact.json,records.0.predicted_task_error_after_receipts,0.23008799999999996,0.23008800000000001,5.551115123125783e-17,2.0
044_single_any_exact.json,records.1.predicted_task_error_after_receipts,0.38036428108799997,0.3803642810879999,5.551115123125783e-17,1.0
045_single_any_exact.json,records.0.predicted_task_error_after_receipts,0.27166799999999997,0.271668,5.551115123125783e-17,1.0
045_single_any_exact.json,records.6.predicted_task_error_after_receipts,0.4188357207521279,0.418835720752128,1.1102230246251565e-16,2.0
045_single_any_exact.json,records.7.predicted_task_error_after_receipts,0.48757540235948427,0.4875754023594843,5.551115123125783e-17,1.0
046_single_any_exact.json,records.1.predicted_task_error_after_receipts,0.04077151795199999,0.040771517951999986,6.938893903907228e-18,1.0
046_single_any_exact.json,records.2.predicted_task_error_after_receipts,0.052061063616,0.05206106361599999,6.938893903907228e-18,1.0
047_single_any_exact.json,records.0.predicted_task_error_after_receipts,0.18434999999999999,0.18435,2.7755575615628914e-17,1.0
047_single_any_exact.json,records.1.predicted_task_error_after_receipts,0.31271855999999987,0.31271856,1.1102230246251565e-16,2.0
047_single_any_exact.json,records.3.predicted_task_error_after_receipts,0.22559999999999997,0.2256,2.7755575615628914e-17,1.0
047_single_any_exact.json,records.4.predicted_task_error_after_receipts,0.3777945599999999,0.37779455999999995,5.551115123125783e-17,1.0
047_single_any_exact.json,records.6.predicted_task_error_after_receipts,0.18434999999999999,0.18435,2.7755575615628914e-17,1.0
047_single_any_exact.json,records.7.predicted_task_error_after_receipts,0.3127185599999999,0.31271856,5.551115123125783e-17,1.0
048_single_any_exact.json,records.0.predicted_task_error_after_receipts,0.18434999999999999,0.18435,2.7755575615628914e-17,1.0
048_single_any_exact.json,records.1.predicted_task_error_after_receipts,0.31271855999999987,0.31271856,1.1102230246251565e-16,2.0
048_single_any_exact.json,records.2.predicted_task_error_after_receipts,0.16671361132799997,0.166713611328,2.7755575615628914e-17,1.0
048_single_any_exact.json,records.7.predicted_task_error_after_receipts,0.4216042698832205,0.4216042698832204,5.551115123125783e-17,1.0
049_single_any_exact.json,records.6.predicted_task_error_after_receipts,0.11999999999999998,0.12,1.3877787807814457e-17,1.0
050_single_any_exact.json,records.1.predicted_task_error_after_receipts,0.37779456,0.37779455999999995,5.551115123125783e-17,1.0
050_single_any_exact.json,records.6.predicted_task_error_after_receipts,0.41979342719999996,0.4197934271999999,5.551115123125783e-17,1.0
051_single_any_exact.json,records.4.predicted_task_error_after_receipts,0.23325599999999996,0.233256,2.7755575615628914e-17,1.0
051_single_any_exact.json,records.6.predicted_task_error_after_receipts,0.22560000000000002,0.2256,2.7755575615628914e-17,1.0
052_single_any_exact.json,records.1.predicted_task_error_after_receipts,0.3114732656639999,0.31147326566399997,5.551115123125783e-17,1.0
052_single_any_exact.json,records.7.predicted_task_error_after_receipts,0.5361069321236066,0.5361069321236065,1.1102230246251565e-16,1.0
053_single_any_exact.json,records.0.predicted_task_error_after_receipts,0.22559999999999997,0.2256,2.7755575615628914e-17,1.0
053_single_any_exact.json,records.1.predicted_task_error_after_receipts,0.37779456,0.37779455999999995,5.551115123125783e-17,1.0
053_single_any_exact.json,records.7.predicted_task_error_after_receipts,0.21120000000000003,0.2112,2.7755575615628914e-17,1.0
054_single_any_exact.json,records.1.predicted_task_error_after_receipts,0.04077151795199999,0.040771517951999986,6.938893903907228e-18,1.0
054_single_any_exact.json,records.2.predicted_task_error_after_receipts,0.052061063616,0.05206106361599999,6.938893903907228e-18,1.0
054_single_any_exact.json,records.6.predicted_task_error_after_receipts,0.05191797225707519,0.051917972257075194,6.938893903907228e-18,1.0
054_single_any_exact.json,records.7.predicted_task_error_after_receipts,0.05976871019255698,0.05976871019255697,6.938893903907228e-18,1.0
055_single_any_exact.json,records.5.predicted_task_error_after_receipts,0.38832030720000005,0.3883203072,5.551115123125783e-17,1.0
055_single_any_exact.json,records.7.predicted_task_error_after_receipts,0.6101541101980481,0.610154110198048,1.1102230246251565e-16,1.0
056_single_any_exact.json,records.7.predicted_task_error_after_receipts,0.32421413507530306,0.3242141350753031,5.551115123125783e-17,1.0
057_single_any_exact.json,records.1.predicted_task_error_after_receipts,0.3114732656639999,0.31147326566399997,5.551115123125783e-17,1.0
057_single_any_exact.json,records.4.predicted_task_error_after_receipts,0.23325600000000002,0.233256,2.7755575615628914e-17,1.0
058_single_any_exact.json,records.1.predicted_task_error_after_receipts,0.37779456,0.37779455999999995,5.551115123125783e-17,1.0
059_single_any_exact.json,records.5.predicted_task_error_after_receipts,0.41979342719999996,0.4197934271999999,5.551115123125783e-17,1.0
060_single_any_exact.json,records.1.predicted_task_error_after_receipts,0.45526936012799996,0.4552693601279999,5.551115123125783e-17,1.0
061_single_any_exact.json,records.7.predicted_task_error_after_receipts,0.5361069321236066,0.5361069321236065,1.1102230246251565e-16,1.0
062_single_any_exact.json,records.1.predicted_task_error_after_receipts,0.3114732656639999,0.31147326566399997,5.551115123125783e-17,1.0
062_single_any_exact.json,records.2.predicted_task_error_after_receipts,0.16671361132799997,0.166713611328,2.7755575615628914e-17,1.0
063_single_any_exact.json,records.6.predicted_task_error_after_receipts,0.22560000000000002,0.2256,2.7755575615628914e-17,1.0
063_single_any_exact.json,records.7.predicted_task_error_after_receipts,0.37779456,0.37779455999999995,5.551115123125783e-17,1.0
000_single_semantic_exact.json,records.0.predicted_task_error_after_receipts,0.22559999999999997,0.2256,2.7755575615628914e-17,1.0
000_single_semantic_exact.json,records.1.predicted_task_error_after_receipts,0.37779456,0.37779455999999995,5.551115123125783e-17,1.0
000_single_semantic_exact.json,records.4.predicted_task_error_after_receipts,0.30585599999999996,0.305856,5.551115123125783e-17,1.0
000_single_semantic_exact.json,records.7.predicted_task_error_after_receipts,0.30585599999999996,0.305856,5.551115123125783e-17,1.0
001_single_semantic_exact.json,records.1.predicted_task_error_after_receipts,0.37779456,0.37779455999999995,5.551115123125783e-17,1.0
001_single_semantic_exact.json,records.7.predicted_task_error_after_receipts,0.30585599999999996,0.305856,5.551115123125783e-17,1.0
004_single_semantic_exact.json,records.0.predicted_task_error_after_receipts,0.073446,0.07344600000000001,1.3877787807814457e-17,1.0
004_single_semantic_exact.json,records.7.predicted_task_error_after_receipts,0.47401957785599996,0.4740195778559999,5.551115123125783e-17,1.0
005_single_semantic_exact.json,records.1.predicted_task_error_after_receipts,0.38036428108799997,0.3803642810879999,5.551115123125783e-17,1.0
005_single_semantic_exact.json,records.4.predicted_task_error_after_receipts,0.22810679999999997,0.2281068,2.7755575615628914e-17,1.0
005_single_semantic_exact.json,records.7.predicted_task_error_after_receipts,0.51684745516275,0.5168474551627501,1.1102230246251565e-16,1.0
006_single_semantic_exact.json,records.2.predicted_task_error_after_receipts,0.052061063616,0.05206106361599999,6.938893903907228e-18,1.0
006_single_semantic_exact.json,records.5.predicted_task_error_after_receipts,0.2825064,0.28250639999999994,5.551115123125783e-17,1.0
006_single_semantic_exact.json,records.6.predicted_task_error_after_receipts,0.44083660984319994,0.4408366098432,5.551115123125783e-17,1.0
007_single_semantic_exact.json,records.4.predicted_task_error_after_receipts,0.26954747999999995,0.26954748,5.551115123125783e-17,1.0
007_single_semantic_exact.json,records.6.predicted_task_error_after_receipts,0.43402635445248,0.43402635445247995,5.551115123125783e-17,1.0
008_single_semantic_exact.json,records.1.predicted_task_error_after_receipts,0.43404104831999996,0.4340410483199999,5.551115123125783e-17,1.0
008_single_semantic_exact.json,records.5.predicted_task_error_after_receipts,0.2825064,0.28250639999999994,5.551115123125783e-17,1.0
008_single_semantic_exact.json,records.7.predicted_task_error_after_receipts,0.4572006184867744,0.45720061848677446,5.551115123125783e-17,1.0
009_single_semantic_exact.json,records.0.predicted_task_error_after_receipts,0.073446,0.07344600000000001,1.3877787807814457e-17,1.0
009_single_semantic_exact.json,records.4.predicted_task_error_after_receipts,0.07346196,0.07346195999999999,1.3877787807814457e-17,1.0
009_single_semantic_exact.json,records.6.predicted_task_error_after_receipts,0.4016190521088,0.40161905210879995,5.551115123125783e-17,1.0
009_single_semantic_exact.json,records.7.predicted_task_error_after_receipts,0.33318912,0.33318911999999995,5.551115123125783e-17,1.0
010_single_semantic_exact.json,records.1.predicted_task_error_after_receipts,0.3127185599999999,0.31271856,5.551115123125783e-17,1.0
010_single_semantic_exact.json,records.7.predicted_task_error_after_receipts,0.25911218776046174,0.2591121877604617,5.551115123125783e-17,1.0
011_single_semantic_exact.json,records.7.predicted_task_error_after_receipts,0.2664505728,0.26645057279999995,5.551115123125783e-17,1.0
013_single_semantic_exact.json,records.0.predicted_task_error_after_receipts,0.27166799999999997,0.271668,5.551115123125783e-17,1.0
013_single_semantic_exact.json,records.1.predicted_task_error_after_receipts,0.3114732656639999,0.31147326566399997,5.551115123125783e-17,1.0
013_single_semantic_exact.json,records.2.predicted_task_error_after_receipts,0.16671361132799997,0.166713611328,2.7755575615628914e-17,1.0
013_single_semantic_exact.json,records.7.predicted_task_error_after_receipts,0.25911218776046174,0.2591121877604617,5.551115123125783e-17,1.0
014_single_semantic_exact.json,records.0.predicted_task_error_after_receipts,0.14065799999999998,0.140658,2.7755575615628914e-17,1.0
014_single_semantic_exact.json,records.2.predicted_task_error_after_receipts,0.052061063616,0.05206106361599999,6.938893903907228e-18,1.0
014_single_semantic_exact.json,records.7.predicted_task_error_after_receipts,0.25911218776046174,0.2591121877604617,5.551115123125783e-17,1.0
015_single_semantic_exact.json,records.0.predicted_task_error_after_receipts,0.22559999999999997,0.2256,2.7755575615628914e-17,1.0
015_single_semantic_exact.json,records.4.predicted_task_error_after_receipts,0.23325599999999996,0.233256,2.7755575615628914e-17,1.0
015_single_semantic_exact.json,records.7.predicted_task_error_after_receipts,0.23325599999999996,0.233256,2.7755575615628914e-17,1.0
016_single_semantic_exact.json,records.0.predicted_task_error_after_receipts,0.22559999999999997,0.2256,2.7755575615628914e-17,1.0
016_single_semantic_exact.json,records.7.predicted_task_error_after_receipts,0.34211671679999994,0.3421167168,5.551115123125783e-17,1.0
018_single_semantic_exact.json,records.2.predicted_task_error_after_receipts,0.052061063616,0.05206106361599999,6.938893903907228e-18,1.0
018_single_semantic_exact.json,records.7.predicted_task_error_after_receipts,0.25911218776046174,0.2591121877604617,5.551115123125783e-17,1.0
019_single_semantic_exact.json,records.0.predicted_task_error_after_receipts,0.27166799999999997,0.271668,5.551115123125783e-17,1.0
019_single_semantic_exact.json,records.4.predicted_task_error_after_receipts,0.34714967999999996,0.34714968,5.551115123125783e-17,1.0
020_single_semantic_exact.json,records.2.predicted_task_error_after_receipts,0.052061063616,0.05206106361599999,6.938893903907228e-18,1.0
020_single_semantic_exact.json,records.6.predicted_task_error_after_receipts,0.47122218582528,0.47122218582527997,5.551115123125783e-17,1.0
020_single_semantic_exact.json,records.7.predicted_task_error_after_receipts,0.576706572040502,0.5767065720405019,1.1102230246251565e-16,1.0
021_single_semantic_exact.json,records.0.predicted_task_error_after_receipts,0.22559999999999997,0.2256,2.7755575615628914e-17,1.0
021_single_semantic_exact.json,records.1.predicted_task_error_after_receipts,0.37779456,0.37779455999999995,5.551115123125783e-17,1.0
023_single_semantic_exact.json,records.2.predicted_task_error_after_receipts,0.052061063616,0.05206106361599999,6.938893903907228e-18,1.0
023_single_semantic_exact.json,records.6.predicted_task_error_after_receipts,0.36685055999999994,0.36685056,5.551115123125783e-17,1.0
023_single_semantic_exact.json,records.7.predicted_task_error_after_receipts,0.47401957785599996,0.4740195778559999,5.551115123125783e-17,1.0
024_single_semantic_exact.json,records.4.predicted_task_error_after_receipts,0.34714967999999996,0.34714968,5.551115123125783e-17,1.0
024_single_semantic_exact.json,records.5.predicted_task_error_after_receipts,0.29310336,0.2931033599999999,5.551115123125783e-17,1.0
025_single_semantic_exact.json,records.0.predicted_task_error_after_receipts,0.073446,0.07344600000000001,1.3877787807814457e-17,1.0
026_single_semantic_exact.json,records.4.predicted_task_error_after_receipts,0.23325599999999996,0.233256,2.7755575615628914e-17,1.0
027_single_semantic_exact.json,records.4.predicted_task_error_after_receipts,0.07346196,0.07346195999999999,1.3877787807814457e-17,1.0
027_single_semantic_exact.json,records.7.predicted_task_error_after_receipts,0.12000000000000001,0.12,1.3877787807814457e-17,1.0
028_single_semantic_exact.json,records.1.predicted_task_error_after_receipts,0.38142763084799997,0.3814276308479999,5.551115123125783e-17,1.0
029_single_semantic_exact.json,records.0.predicted_task_error_after_receipts,0.27166799999999997,0.271668,5.551115123125783e-17,1.0
030_single_semantic_exact.json,records.0.predicted_task_error_after_receipts,0.14065799999999998,0.140658,2.7755575615628914e-17,1.0
030_single_semantic_exact.json,records.2.predicted_task_error_after_receipts,0.052061063616,0.05206106361599999,6.938893903907228e-18,1.0
030_single_semantic_exact.json,records.5.predicted_task_error_after_receipts,0.2825064,0.28250639999999994,5.551115123125783e-17,1.0
030_single_semantic_exact.json,records.6.predicted_task_error_after_receipts,0.44083660984319994,0.4408366098432,5.551115123125783e-17,1.0
031_single_semantic_exact.json,records.1.predicted_task_error_after_receipts,0.37779456,0.37779455999999995,5.551115123125783e-17,1.0
031_single_semantic_exact.json,records.5.predicted_task_error_after_receipts,0.2825064,0.28250639999999994,5.551115123125783e-17,1.0
031_single_semantic_exact.json,records.6.predicted_task_error_after_receipts,0.44083660984319994,0.4408366098432,5.551115123125783e-17,1.0
032_single_semantic_exact.json,records.4.predicted_task_error_after_receipts,0.23325599999999996,0.233256,2.7755575615628914e-17,1.0
032_single_semantic_exact.json,records.7.predicted_task_error_after_receipts,0.30585599999999996,0.305856,5.551115123125783e-17,1.0
033_single_semantic_exact.json,records.4.predicted_task_error_after_receipts,0.26954747999999995,0.26954748,5.551115123125783e-17,1.0
033_single_semantic_exact.json,records.7.predicted_task_error_after_receipts,0.576706572040502,0.5767065720405019,1.1102230246251565e-16,1.0
034_single_semantic_exact.json,records.1.predicted_task_error_after_receipts,0.45526936012799996,0.4552693601279999,5.551115123125783e-17,1.0
034_single_semantic_exact.json,records.7.predicted_task_error_after_receipts,0.576706572040502,0.5767065720405019,1.1102230246251565e-16,1.0
035_single_semantic_exact.json,records.5.predicted_task_error_after_receipts,0.2825064,0.28250639999999994,5.551115123125783e-17,1.0
035_single_semantic_exact.json,records.7.predicted_task_error_after_receipts,0.33318912,0.33318911999999995,5.551115123125783e-17,1.0
036_single_semantic_exact.json,records.0.predicted_task_error_after_receipts,0.073446,0.07344600000000001,1.3877787807814457e-17,1.0
036_single_semantic_exact.json,records.2.predicted_task_error_after_receipts,0.16671361132799997,0.166713611328,2.7755575615628914e-17,1.0
037_single_semantic_exact.json,records.0.predicted_task_error_after_receipts,0.18434999999999999,0.18435,2.7755575615628914e-17,1.0
037_single_semantic_exact.json,records.1.predicted_task_error_after_receipts,0.31271855999999987,0.31271856,1.1102230246251565e-16,2.0
037_single_semantic_exact.json,records.4.predicted_task_error_after_receipts,0.23325600000000002,0.233256,2.7755575615628914e-17,1.0
038_single_semantic_exact.json,records.4.predicted_task_error_after_receipts,0.30585599999999996,0.305856,5.551115123125783e-17,1.0
038_single_semantic_exact.json,records.7.predicted_task_error_after_receipts,0.30585599999999996,0.305856,5.551115123125783e-17,1.0
039_single_semantic_exact.json,records.7.predicted_task_error_after_receipts,0.51684745516275,0.5168474551627501,1.1102230246251565e-16,1.0
040_single_semantic_exact.json,records.1.predicted_task_error_after_receipts,0.38036428108799997,0.3803642810879999,5.551115123125783e-17,1.0
040_single_semantic_exact.json,records.7.predicted_task_error_after_receipts,0.5168474551627501,0.51684745516275,1.1102230246251565e-16,1.0
041_single_semantic_exact.json,records.1.predicted_task_error_after_receipts,0.04077151795199999,0.040771517951999986,6.938893903907228e-18,1.0
041_single_semantic_exact.json,records.2.predicted_task_error_after_receipts,0.052061063616,0.05206106361599999,6.938893903907228e-18,1.0
041_single_semantic_exact.json,records.4.predicted_task_error_after_receipts,0.23325599999999996,0.233256,2.7755575615628914e-17,1.0
042_single_semantic_exact.json,records.0.predicted_task_error_after_receipts,0.22559999999999997,0.2256,2.7755575615628914e-17,1.0
042_single_semantic_exact.json,records.1.predicted_task_error_after_receipts,0.37779456,0.37779455999999995,5.551115123125783e-17,1.0
042_single_semantic_exact.json,records.5.predicted_task_error_after_receipts,0.086478,0.08647799999999999,1.3877787807814457e-17,1.0
044_single_semantic_exact.json,records.0.predicted_task_error_after_receipts,0.23008799999999996,0.23008800000000001,5.551115123125783e-17,2.0
044_single_semantic_exact.json,records.1.predicted_task_error_after_receipts,0.38036428108799997,0.3803642810879999,5.551115123125783e-17,1.0
045_single_semantic_exact.json,records.0.predicted_task_error_after_receipts,0.27166799999999997,0.271668,5.551115123125783e-17,1.0
045_single_semantic_exact.json,records.4.predicted_task_error_after_receipts,0.22810679999999997,0.2281068,2.7755575615628914e-17,1.0
045_single_semantic_exact.json,records.6.predicted_task_error_after_receipts,0.4016190521088,0.40161905210879995,5.551115123125783e-17,1.0
046_single_semantic_exact.json,records.1.predicted_task_error_after_receipts,0.04077151795199999,0.040771517951999986,6.938893903907228e-18,1.0
046_single_semantic_exact.json,records.2.predicted_task_error_after_receipts,0.052061063616,0.05206106361599999,6.938893903907228e-18,1.0
046_single_semantic_exact.json,records.4.predicted_task_error_after_receipts,0.07346196,0.07346195999999999,1.3877787807814457e-17,1.0
046_single_semantic_exact.json,records.6.predicted_task_error_after_receipts,0.26670797796863993,0.26670797796864,5.551115123125783e-17,1.0
046_single_semantic_exact.json,records.7.predicted_task_error_after_receipts,0.36588441792480797,0.365884417924808,5.551115123125783e-17,1.0
047_single_semantic_exact.json,records.0.predicted_task_error_after_receipts,0.18434999999999999,0.18435,2.7755575615628914e-17,1.0
047_single_semantic_exact.json,records.1.predicted_task_error_after_receipts,0.31271855999999987,0.31271856,1.1102230246251565e-16,2.0
047_single_semantic_exact.json,records.7.predicted_task_error_after_receipts,0.23325600000000002,0.233256,2.7755575615628914e-17,1.0
048_single_semantic_exact.json,records.0.predicted_task_error_after_receipts,0.18434999999999999,0.18435,2.7755575615628914e-17,1.0
048_single_semantic_exact.json,records.1.predicted_task_error_after_receipts,0.31271855999999987,0.31271856,1.1102230246251565e-16,2.0
048_single_semantic_exact.json,records.2.predicted_task_error_after_receipts,0.16671361132799997,0.166713611328,2.7755575615628914e-17,1.0
048_single_semantic_exact.json,records.4.predicted_task_error_after_receipts,0.07346196,0.07346195999999999,1.3877787807814457e-17,1.0
048_single_semantic_exact.json,records.6.predicted_task_error_after_receipts,0.26670797796863993,0.26670797796864,5.551115123125783e-17,1.0
048_single_semantic_exact.json,records.7.predicted_task_error_after_receipts,0.36588441792480797,0.365884417924808,5.551115123125783e-17,1.0
050_single_semantic_exact.json,records.1.predicted_task_error_after_receipts,0.37779456,0.37779455999999995,5.551115123125783e-17,1.0
050_single_semantic_exact.json,records.6.predicted_task_error_after_receipts,0.41979342719999996,0.4197934271999999,5.551115123125783e-17,1.0
051_single_semantic_exact.json,records.4.predicted_task_error_after_receipts,0.23325599999999996,0.233256,2.7755575615628914e-17,1.0
051_single_semantic_exact.json,records.7.predicted_task_error_after_receipts,0.30585599999999996,0.305856,5.551115123125783e-17,1.0
052_single_semantic_exact.json,records.1.predicted_task_error_after_receipts,0.3114732656639999,0.31147326566399997,5.551115123125783e-17,1.0
052_single_semantic_exact.json,records.4.predicted_task_error_after_receipts,0.26911764000000005,0.26911764,5.551115123125783e-17,1.0
052_single_semantic_exact.json,records.7.predicted_task_error_after_receipts,0.5168474551627501,0.51684745516275,1.1102230246251565e-16,1.0
053_single_semantic_exact.json,records.0.predicted_task_error_after_receipts,0.22559999999999997,0.2256,2.7755575615628914e-17,1.0
053_single_semantic_exact.json,records.1.predicted_task_error_after_receipts,0.37779456,0.37779455999999995,5.551115123125783e-17,1.0
054_single_semantic_exact.json,records.1.predicted_task_error_after_receipts,0.04077151795199999,0.040771517951999986,6.938893903907228e-18,1.0
054_single_semantic_exact.json,records.2.predicted_task_error_after_receipts,0.052061063616,0.05206106361599999,6.938893903907228e-18,1.0
054_single_semantic_exact.json,records.4.predicted_task_error_after_receipts,0.025238519999999997,0.02523852,3.469446951953614e-18,1.0
054_single_semantic_exact.json,records.6.predicted_task_error_after_receipts,0.05197976170752,0.05197976170751999,6.938893903907228e-18,1.0
054_single_semantic_exact.json,records.7.predicted_task_error_after_receipts,0.06000885622656663,0.060008856226566626,6.938893903907228e-18,1.0
055_single_semantic_exact.json,records.4.predicted_task_error_after_receipts,0.26861087999999994,0.26861088,5.551115123125783e-17,1.0
055_single_semantic_exact.json,records.7.predicted_task_error_after_receipts,0.51684745516275,0.5168474551627501,1.1102230246251565e-16,1.0
056_single_semantic_exact.json,records.5.predicted_task_error_after_receipts,0.2825064,0.28250639999999994,5.551115123125783e-17,1.0
056_single_semantic_exact.json,records.6.predicted_task_error_after_receipts,0.44083660984319994,0.4408366098432,5.551115123125783e-17,1.0
056_single_semantic_exact.json,records.7.predicted_task_error_after_receipts,0.25911218776046174,0.2591121877604617,5.551115123125783e-17,1.0
057_single_semantic_exact.json,records.1.predicted_task_error_after_receipts,0.3114732656639999,0.31147326566399997,5.551115123125783e-17,1.0
057_single_semantic_exact.json,records.4.predicted_task_error_after_receipts,0.23325600000000002,0.233256,2.7755575615628914e-17,1.0
057_single_semantic_exact.json,records.7.predicted_task_error_after_receipts,0.30585599999999996,0.305856,5.551115123125783e-17,1.0
058_single_semantic_exact.json,records.1.predicted_task_error_after_receipts,0.37779456,0.37779455999999995,5.551115123125783e-17,1.0
058_single_semantic_exact.json,records.5.predicted_task_error_after_receipts,0.11999999999999998,0.11999999999999997,1.3877787807814457e-17,1.0
058_single_semantic_exact.json,records.7.predicted_task_error_after_receipts,0.12000000000000001,0.12,1.3877787807814457e-17,1.0
059_single_semantic_exact.json,records.7.predicted_task_error_after_receipts,0.4287858825712593,0.42878588257125916,1.6653345369377348e-16,3.0
060_single_semantic_exact.json,records.1.predicted_task_error_after_receipts,0.45526936012799996,0.4552693601279999,5.551115123125783e-17,1.0
061_single_semantic_exact.json,records.7.predicted_task_error_after_receipts,0.5168474551627501,0.51684745516275,1.1102230246251565e-16,1.0
062_single_semantic_exact.json,records.1.predicted_task_error_after_receipts,0.3114732656639999,0.31147326566399997,5.551115123125783e-17,1.0
062_single_semantic_exact.json,records.2.predicted_task_error_after_receipts,0.16671361132799997,0.166713611328,2.7755575615628914e-17,1.0
000_single_age_paced.json,records.0.predicted_task_error_after_receipts,0.22559999999999997,0.2256,2.7755575615628914e-17,1.0
002_single_age_paced.json,records.4.predicted_task_error_after_receipts,0.12,0.11999999999999997,2.7755575615628914e-17,2.0
002_single_age_paced.json,records.6.predicted_task_error_after_receipts,0.28051200000000004,0.280512,5.551115123125783e-17,1.0
002_single_age_paced.json,records.7.predicted_task_error_after_receipts,0.33318912,0.33318911999999995,5.551115123125783e-17,1.0
003_single_age_paced.json,records.1.predicted_task_error_after_receipts,0.29310336,0.2931033599999999,5.551115123125783e-17,1.0
003_single_age_paced.json,records.6.predicted_task_error_after_receipts,0.43294924471220725,0.4329492447122073,5.551115123125783e-17,1.0
003_single_age_paced.json,records.7.predicted_task_error_after_receipts,0.48795116449587594,0.48795116449587606,1.1102230246251565e-16,2.0
004_single_age_paced.json,records.0.predicted_task_error_after_receipts,0.073446,0.07344600000000001,1.3877787807814457e-17,1.0
004_single_age_paced.json,records.3.predicted_task_error_after_receipts,0.30585599999999996,0.305856,5.551115123125783e-17,1.0
004_single_age_paced.json,records.7.predicted_task_error_after_receipts,0.50559887917056,0.5055988791705599,1.1102230246251565e-16,1.0
005_single_age_paced.json,records.2.predicted_task_error_after_receipts,0.21019572,0.21019571999999997,2.7755575615628914e-17,1.0
006_single_age_paced.json,records.5.predicted_task_error_after_receipts,0.33948086399999994,0.339480864,5.551115123125783e-17,1.0
006_single_age_paced.json,records.7.predicted_task_error_after_receipts,0.5690720499638705,0.5690720499638706,1.1102230246251565e-16,1.0
007_single_age_paced.json,records.2.predicted_task_error_after_receipts,0.21580596,0.21580596000000002,2.7755575615628914e-17,1.0
008_single_age_paced.json,records.1.predicted_task_error_after_receipts,0.2825064,0.28250639999999994,5.551115123125783e-17,1.0
008_single_age_paced.json,records.5.predicted_task_error_after_receipts,0.33948086399999994,0.339480864,5.551115123125783e-17,1.0
008_single_age_paced.json,records.7.predicted_task_error_after_receipts,0.48501588716866856,0.4850158871686686,5.551115123125783e-17,1.0
009_single_age_paced.json,records.0.predicted_task_error_after_receipts,0.073446,0.07344600000000001,1.3877787807814457e-17,1.0
009_single_age_paced.json,records.4.predicted_task_error_after_receipts,0.085231965696,0.08523196569599999,1.3877787807814457e-17,1.0
009_single_age_paced.json,records.5.predicted_task_error_after_receipts,0.13635017279999997,0.1363501728,2.7755575615628914e-17,1.0
009_single_age_paced.json,records.6.predicted_task_error_after_receipts,0.44129769240268796,0.441297692402688,5.551115123125783e-17,1.0
009_single_age_paced.json,records.7.predicted_task_error_after_receipts,0.33318912,0.33318911999999995,5.551115123125783e-17,1.0
010_single_age_paced.json,records.4.predicted_task_error_after_receipts,0.30716255500799994,0.307162555008,5.551115123125783e-17,1.0
010_single_age_paced.json,records.6.predicted_task_error_after_receipts,0.17224412894638078,0.1722441289463808,2.7755575615628914e-17,1.0
011_single_age_paced.json,records.7.predicted_task_error_after_receipts,0.6227866739963435,0.6227866739963436,1.1102230246251565e-16,1.0
012_single_age_paced.json,records.5.predicted_task_error_after_receipts,0.2112,0.21119999999999997,2.7755575615628914e-17,1.0
013_single_age_paced.json,records.0.predicted_task_error_after_receipts,0.27166799999999997,0.271668,5.551115123125783e-17,1.0
013_single_age_paced.json,records.2.predicted_task_error_after_receipts,0.23571119999999998,0.2357112,2.7755575615628914e-17,1.0
013_single_age_paced.json,records.6.predicted_task_error_after_receipts,0.17224412894638078,0.1722441289463808,2.7755575615628914e-17,1.0
014_single_age_paced.json,records.0.predicted_task_error_after_receipts,0.14065799999999998,0.140658,2.7755575615628914e-17,1.0
014_single_age_paced.json,records.4.predicted_task_error_after_receipts,0.30716255500799994,0.307162555008,5.551115123125783e-17,1.0
014_single_age_paced.json,records.6.predicted_task_error_after_receipts,0.17224412894638078,0.1722441289463808,2.7755575615628914e-17,1.0
015_single_age_paced.json,records.0.predicted_task_error_after_receipts,0.22559999999999997,0.2256,2.7755575615628914e-17,1.0
015_single_age_paced.json,records.5.predicted_task_error_after_receipts,0.37311010559999996,0.3731101055999999,5.551115123125783e-17,1.0
015_single_age_paced.json,records.7.predicted_task_error_after_receipts,0.5004825797014979,0.5004825797014978,1.1102230246251565e-16,1.0
016_single_age_paced.json,records.0.predicted_task_error_after_receipts,0.22559999999999997,0.2256,2.7755575615628914e-17,1.0
016_single_age_paced.json,records.5.predicted_task_error_after_receipts,0.2112,0.21119999999999997,2.7755575615628914e-17,1.0
018_single_age_paced.json,records.6.predicted_task_error_after_receipts,0.17224412894638078,0.1722441289463808,2.7755575615628914e-17,1.0
019_single_age_paced.json,records.0.predicted_task_error_after_receipts,0.27166799999999997,0.271668,5.551115123125783e-17,1.0
019_single_age_paced.json,records.4.predicted_task_error_after_receipts,0.4618488775679999,0.46184887756799997,5.551115123125783e-17,1.0
020_single_age_paced.json,records.4.predicted_task_error_after_receipts,0.30716255500799994,0.307162555008,5.551115123125783e-17,1.0
021_single_age_paced.json,records.0.predicted_task_error_after_receipts,0.22559999999999997,0.2256,2.7755575615628914e-17,1.0
023_single_age_paced.json,records.7.predicted_task_error_after_receipts,0.50559887917056,0.5055988791705599,1.1102230246251565e-16,1.0
024_single_age_paced.json,records.1.predicted_task_error_after_receipts,0.29310336,0.2931033599999999,5.551115123125783e-17,1.0
024_single_age_paced.json,records.4.predicted_task_error_after_receipts,0.4618488775679999,0.46184887756799997,5.551115123125783e-17,1.0
024_single_age_paced.json,records.5.predicted_task_error_after_receipts,0.3503065536,0.35030655359999996,5.551115123125783e-17,1.0
025_single_age_paced.json,records.0.predicted_task_error_after_receipts,0.073446,0.07344600000000001,1.3877787807814457e-17,1.0
025_single_age_paced.json,records.4.predicted_task_error_after_receipts,0.085231965696,0.08523196569599999,1.3877787807814457e-17,1.0
026_single_age_paced.json,records.5.predicted_task_error_after_receipts,0.37311010559999996,0.3731101055999999,5.551115123125783e-17,1.0
027_single_age_paced.json,records.2.predicted_task_error_after_receipts,0.21019572,0.21019571999999997,2.7755575615628914e-17,1.0
027_single_age_paced.json,records.4.predicted_task_error_after_receipts,0.085231965696,0.08523196569599999,1.3877787807814457e-17,1.0
027_single_age_paced.json,records.7.predicted_task_error_after_receipts,0.33318912,0.33318911999999995,5.551115123125783e-17,1.0
028_single_age_paced.json,records.2.predicted_task_error_after_receipts,0.21580596,0.21580596000000002,2.7755575615628914e-17,1.0
029_single_age_paced.json,records.0.predicted_task_error_after_receipts,0.27166799999999997,0.271668,5.551115123125783e-17,1.0
030_single_age_paced.json,records.0.predicted_task_error_after_receipts,0.14065799999999998,0.140658,2.7755575615628914e-17,1.0
030_single_age_paced.json,records.5.predicted_task_error_after_receipts,0.33948086399999994,0.339480864,5.551115123125783e-17,1.0
031_single_age_paced.json,records.5.predicted_task_error_after_receipts,0.33948086399999994,0.339480864,5.551115123125783e-17,1.0
032_single_age_paced.json,records.5.predicted_task_error_after_receipts,0.37311010559999996,0.3731101055999999,5.551115123125783e-17,1.0
033_single_age_paced.json,records.3.predicted_task_error_after_receipts,0.17354699999999998,0.173547,2.7755575615628914e-17,1.0
034_single_age_paced.json,records.3.predicted_task_error_after_receipts,0.30585599999999996,0.305856,5.551115123125783e-17,1.0
035_single_age_paced.json,records.1.predicted_task_error_after_receipts,0.2825064,0.28250639999999994,5.551115123125783e-17,1.0
035_single_age_paced.json,records.2.predicted_task_error_after_receipts,0.17665055999999998,0.17665056,2.7755575615628914e-17,1.0
035_single_age_paced.json,records.5.predicted_task_error_after_receipts,0.33948086399999994,0.339480864,5.551115123125783e-17,1.0
035_single_age_paced.json,records.7.predicted_task_error_after_receipts,0.33318912,0.33318911999999995,5.551115123125783e-17,1.0
036_single_age_paced.json,records.0.predicted_task_error_after_receipts,0.073446,0.07344600000000001,1.3877787807814457e-17,1.0
036_single_age_paced.json,records.2.predicted_task_error_after_receipts,0.23571119999999998,0.2357112,2.7755575615628914e-17,1.0
036_single_age_paced.json,records.4.predicted_task_error_after_receipts,0.30716255500799994,0.307162555008,5.551115123125783e-17,1.0
036_single_age_paced.json,records.6.predicted_task_error_after_receipts,0.42598712034017283,0.4259871203401728,5.551115123125783e-17,1.0
036_single_age_paced.json,records.7.predicted_task_error_after_receipts,0.48501588716866856,0.4850158871686686,5.551115123125783e-17,1.0
037_single_age_paced.json,records.0.predicted_task_error_after_receipts,0.18434999999999999,0.18435,2.7755575615628914e-17,1.0
037_single_age_paced.json,records.7.predicted_task_error_after_receipts,0.6474257606448718,0.6474257606448717,1.1102230246251565e-16,1.0
038_single_age_paced.json,records.5.predicted_task_error_after_receipts,0.37311010559999996,0.3731101055999999,5.551115123125783e-17,1.0
038_single_age_paced.json,records.7.predicted_task_error_after_receipts,0.5004825797014979,0.5004825797014978,1.1102230246251565e-16,1.0
039_single_age_paced.json,records.3.predicted_task_error_after_receipts,0.30585599999999996,0.305856,5.551115123125783e-17,1.0
039_single_age_paced.json,records.6.predicted_task_error_after_receipts,0.47290042757498874,0.4729004275749888,5.551115123125783e-17,1.0
040_single_age_paced.json,records.5.predicted_task_error_after_receipts,0.3659871744,0.36598717439999995,5.551115123125783e-17,1.0
040_single_age_paced.json,records.7.predicted_task_error_after_receipts,0.5457233023678499,0.54572330236785,1.1102230246251565e-16,1.0
041_single_age_paced.json,records.4.predicted_task_error_after_receipts,0.26888100000000004,0.268881,5.551115123125783e-17,1.0
041_single_age_paced.json,records.5.predicted_task_error_after_receipts,0.37311010559999996,0.3731101055999999,5.551115123125783e-17,1.0
042_single_age_paced.json,records.0.predicted_task_error_after_receipts,0.22559999999999997,0.2256,2.7755575615628914e-17,1.0
044_single_age_paced.json,records.0.predicted_task_error_after_receipts,0.23008799999999996,0.23008800000000001,5.551115123125783e-17,2.0
044_single_age_paced.json,records.3.predicted_task_error_after_receipts,0.30585599999999996,0.305856,5.551115123125783e-17,1.0
044_single_age_paced.json,records.7.predicted_task_error_after_receipts,0.5982589835071582,0.5982589835071583,1.1102230246251565e-16,1.0
045_single_age_paced.json,records.0.predicted_task_error_after_receipts,0.27166799999999997,0.271668,5.551115123125783e-17,1.0
045_single_age_paced.json,records.4.predicted_task_error_after_receipts,0.4618488775679999,0.46184887756799997,5.551115123125783e-17,1.0
045_single_age_paced.json,records.6.predicted_task_error_after_receipts,0.44129769240268796,0.441297692402688,5.551115123125783e-17,1.0
046_single_age_paced.json,records.2.predicted_task_error_after_receipts,0.014498039999999998,0.01449804,1.734723475976807e-18,1.0
046_single_age_paced.json,records.4.predicted_task_error_after_receipts,0.085231965696,0.08523196569599999,1.3877787807814457e-17,1.0
046_single_age_paced.json,records.5.predicted_task_error_after_receipts,0.13635017279999997,0.1363501728,2.7755575615628914e-17,1.0
046_single_age_paced.json,records.6.predicted_task_error_after_receipts,0.27252883765616637,0.2725288376561664,5.551115123125783e-17,1.0
047_single_age_paced.json,records.0.predicted_task_error_after_receipts,0.18434999999999999,0.18435,2.7755575615628914e-17,1.0
048_single_age_paced.json,records.0.predicted_task_error_after_receipts,0.18434999999999999,0.18435,2.7755575615628914e-17,1.0
048_single_age_paced.json,records.4.predicted_task_error_after_receipts,0.085231965696,0.08523196569599999,1.3877787807814457e-17,1.0
048_single_age_paced.json,records.5.predicted_task_error_after_receipts,0.13635017279999997,0.1363501728,2.7755575615628914e-17,1.0
048_single_age_paced.json,records.6.predicted_task_error_after_receipts,0.27252883765616637,0.2725288376561664,5.551115123125783e-17,1.0
051_single_age_paced.json,records.1.predicted_task_error_after_receipts,0.2825064,0.28250639999999994,5.551115123125783e-17,1.0
051_single_age_paced.json,records.2.predicted_task_error_after_receipts,0.17665055999999998,0.17665056,2.7755575615628914e-17,1.0
052_single_age_paced.json,records.2.predicted_task_error_after_receipts,0.23571119999999998,0.2357112,2.7755575615628914e-17,1.0
052_single_age_paced.json,records.7.predicted_task_error_after_receipts,0.5457233023678499,0.54572330236785,1.1102230246251565e-16,1.0
053_single_age_paced.json,records.0.predicted_task_error_after_receipts,0.22559999999999997,0.2256,2.7755575615628914e-17,1.0
053_single_age_paced.json,records.4.predicted_task_error_after_receipts,0.11999999999999998,0.11999999999999997,1.3877787807814457e-17,1.0
053_single_age_paced.json,records.7.predicted_task_error_after_receipts,0.33318912,0.33318911999999995,5.551115123125783e-17,1.0
054_single_age_paced.json,records.2.predicted_task_error_after_receipts,0.014498039999999998,0.01449804,1.734723475976807e-18,1.0
054_single_age_paced.json,records.7.predicted_task_error_after_receipts,0.06507824704067063,0.06507824704067064,1.3877787807814457e-17,1.0
055_single_age_paced.json,records.2.predicted_task_error_after_receipts,0.21019572,0.21019571999999997,2.7755575615628914e-17,1.0
055_single_age_paced.json,records.6.predicted_task_error_after_receipts,0.47290042757498874,0.4729004275749888,5.551115123125783e-17,1.0
056_single_age_paced.json,records.1.predicted_task_error_after_receipts,0.29310336,0.2931033599999999,5.551115123125783e-17,1.0
056_single_age_paced.json,records.2.predicted_task_error_after_receipts,0.23571119999999998,0.2357112,2.7755575615628914e-17,1.0
056_single_age_paced.json,records.5.predicted_task_error_after_receipts,0.33948086399999994,0.339480864,5.551115123125783e-17,1.0
057_single_age_paced.json,records.5.predicted_task_error_after_receipts,0.37311010559999996,0.3731101055999999,5.551115123125783e-17,1.0
058_single_age_paced.json,records.7.predicted_task_error_after_receipts,0.33318911999999995,0.33318912,5.551115123125783e-17,1.0
059_single_age_paced.json,records.6.predicted_task_error_after_receipts,0.4691905072840428,0.4691905072840429,5.551115123125783e-17,1.0
060_single_age_paced.json,records.4.predicted_task_error_after_receipts,0.4726196129279999,0.472619612928,5.551115123125783e-17,1.0
060_single_age_paced.json,records.6.predicted_task_error_after_receipts,0.4750057845838848,0.47500578458388476,5.551115123125783e-17,1.0
060_single_age_paced.json,records.7.predicted_task_error_after_receipts,0.54576106241254,0.5457610624125401,1.1102230246251565e-16,1.0
061_single_age_paced.json,records.1.predicted_task_error_after_receipts,0.29310336,0.2931033599999999,5.551115123125783e-17,1.0
061_single_age_paced.json,records.2.predicted_task_error_after_receipts,0.19032552,0.19032551999999997,2.7755575615628914e-17,1.0
061_single_age_paced.json,records.5.predicted_task_error_after_receipts,0.3659871744,0.36598717439999995,5.551115123125783e-17,1.0
061_single_age_paced.json,records.7.predicted_task_error_after_receipts,0.5457233023678499,0.54572330236785,1.1102230246251565e-16,1.0
062_single_age_paced.json,records.2.predicted_task_error_after_receipts,0.23571119999999998,0.2357112,2.7755575615628914e-17,1.0
062_single_age_paced.json,records.4.predicted_task_error_after_receipts,0.11999999999999998,0.11999999999999997,1.3877787807814457e-17,1.0
062_single_age_paced.json,records.7.predicted_task_error_after_receipts,0.33318912,0.33318911999999995,5.551115123125783e-17,1.0
063_single_age_paced.json,records.4.predicted_task_error_after_receipts,0.305856,0.30585599999999996,5.551115123125783e-17,1.0
000_single_never.json,records.0.predicted_task_error_after_receipts,0.22559999999999997,0.2256,2.7755575615628914e-17,1.0
000_single_never.json,records.1.predicted_task_error_after_receipts,0.37779456,0.37779455999999995,5.551115123125783e-17,1.0
000_single_never.json,records.4.predicted_task_error_after_receipts,0.60715150886915,0.6071515088691501,1.1102230246251565e-16,1.0
000_single_never.json,records.6.predicted_task_error_after_receipts,0.6714119840399907,0.6714119840399906,1.1102230246251565e-16,1.0
001_single_never.json,records.1.predicted_task_error_after_receipts,0.37779456,0.37779455999999995,5.551115123125783e-17,1.0
001_single_never.json,records.4.predicted_task_error_after_receipts,0.60715150886915,0.6071515088691501,1.1102230246251565e-16,1.0
002_single_never.json,records.5.predicted_task_error_after_receipts,0.4036500357119999,0.403650035712,5.551115123125783e-17,1.0
002_single_never.json,records.6.predicted_task_error_after_receipts,0.42677402714111995,0.42677402714112,5.551115123125783e-17,1.0
003_single_never.json,records.5.predicted_task_error_after_receipts,0.7131059975907544,0.7131059975907543,1.1102230246251565e-16,1.0
003_single_never.json,records.6.predicted_task_error_after_receipts,0.7382657392714818,0.7382657392714816,1.1102230246251565e-16,1.0
004_single_never.json,records.0.predicted_task_error_after_receipts,0.073446,0.07344600000000001,1.3877787807814457e-17,1.0
004_single_never.json,records.4.predicted_task_error_after_receipts,0.5995077327144419,0.5995077327144418,1.1102230246251565e-16,1.0
004_single_never.json,records.5.predicted_task_error_after_receipts,0.6343267631438995,0.6343267631438994,1.1102230246251565e-16,1.0
005_single_never.json,records.1.predicted_task_error_after_receipts,0.38036428108799997,0.3803642810879999,5.551115123125783e-17,1.0
005_single_never.json,records.4.predicted_task_error_after_receipts,0.5421295021251279,0.542129502125128,1.1102230246251565e-16,1.0
005_single_never.json,records.7.predicted_task_error_after_receipts,0.6779700186944139,0.6779700186944138,1.1102230246251565e-16,1.0
006_single_never.json,records.3.predicted_task_error_after_receipts,0.6155529327399767,0.6155529327399766,1.1102230246251565e-16,1.0
006_single_never.json,records.5.predicted_task_error_after_receipts,0.7003041952252503,0.7003041952252504,1.1102230246251565e-16,1.0
008_single_never.json,records.1.predicted_task_error_after_receipts,0.43404104831999996,0.4340410483199999,5.551115123125783e-17,1.0
008_single_never.json,records.3.predicted_task_error_after_receipts,0.6155529327399767,0.6155529327399766,1.1102230246251565e-16,1.0
008_single_never.json,records.5.predicted_task_error_after_receipts,0.7003041952252503,0.7003041952252504,1.1102230246251565e-16,1.0
009_single_never.json,records.0.predicted_task_error_after_receipts,0.073446,0.07344600000000001,1.3877787807814457e-17,1.0
009_single_never.json,records.4.predicted_task_error_after_receipts,0.20482432133127437,0.20482432133127434,2.7755575615628914e-17,1.0
009_single_never.json,records.5.predicted_task_error_after_receipts,0.21834554825111271,0.21834554825111274,2.7755575615628914e-17,1.0
009_single_never.json,records.6.predicted_task_error_after_receipts,0.5992031315832457,0.5992031315832456,1.1102230246251565e-16,1.0
010_single_never.json,records.1.predicted_task_error_after_receipts,0.3127185599999999,0.31271856,5.551115123125783e-17,1.0
010_single_never.json,records.2.predicted_task_error_after_receipts,0.40349912025599993,0.403499120256,5.551115123125783e-17,1.0
010_single_never.json,records.4.predicted_task_error_after_receipts,0.20482432133127437,0.20482432133127434,2.7755575615628914e-17,1.0
010_single_never.json,records.5.predicted_task_error_after_receipts,0.21834554825111271,0.21834554825111274,2.7755575615628914e-17,1.0
010_single_never.json,records.7.predicted_task_error_after_receipts,0.23564264086639544,0.23564264086639541,2.7755575615628914e-17,1.0
011_single_never.json,records.5.predicted_task_error_after_receipts,0.4036500357119999,0.403650035712,5.551115123125783e-17,1.0
011_single_never.json,records.6.predicted_task_error_after_receipts,0.7382657392714818,0.7382657392714816,1.1102230246251565e-16,1.0
012_single_never.json,records.5.predicted_task_error_after_receipts,0.4036500357119999,0.403650035712,5.551115123125783e-17,1.0
012_single_never.json,records.6.predicted_task_error_after_receipts,0.42677402714111995,0.42677402714112,5.551115123125783e-17,1.0
013_single_never.json,records.0.predicted_task_error_after_receipts,0.27166799999999997,0.271668,5.551115123125783e-17,1.0
013_single_never.json,records.1.predicted_task_error_after_receipts,0.3114732656639999,0.31147326566399997,5.551115123125783e-17,1.0
013_single_never.json,records.3.predicted_task_error_after_receipts,0.4639513573716139,0.46395135737161386,5.551115123125783e-17,1.0
013_single_never.json,records.4.predicted_task_error_after_receipts,0.5098793455855464,0.5098793455855465,1.1102230246251565e-16,1.0
013_single_never.json,records.7.predicted_task_error_after_receipts,0.5866629369888589,0.586662936988859,1.1102230246251565e-16,1.0
014_single_never.json,records.0.predicted_task_error_after_receipts,0.14065799999999998,0.140658,2.7755575615628914e-17,1.0
014_single_never.json,records.3.predicted_task_error_after_receipts,0.37369161503458254,0.3736916150345826,5.551115123125783e-17,1.0
014_single_never.json,records.4.predicted_task_error_after_receipts,0.4152835986632333,0.41528359866323333,5.551115123125783e-17,1.0
014_single_never.json,records.5.predicted_task_error_after_receipts,0.4464727810865862,0.4464727810865863,5.551115123125783e-17,1.0
014_single_never.json,records.6.predicted_task_error_after_receipts,0.4699407917576214,0.46994079175762143,5.551115123125783e-17,1.0
015_single_never.json,records.0.predicted_task_error_after_receipts,0.22559999999999997,0.2256,2.7755575615628914e-17,1.0
016_single_never.json,records.0.predicted_task_error_after_receipts,0.22559999999999997,0.2256,2.7755575615628914e-17,1.0
016_single_never.json,records.5.predicted_task_error_after_receipts,0.4036500357119999,0.403650035712,5.551115123125783e-17,1.0
016_single_never.json,records.6.predicted_task_error_after_receipts,0.7382657392714818,0.7382657392714816,1.1102230246251565e-16,1.0
017_single_never.json,records.7.predicted_task_error_after_receipts,0.7684216540370755,0.7684216540370756,1.1102230246251565e-16,1.0
018_single_never.json,records.3.predicted_task_error_after_receipts,0.37369161503458254,0.3736916150345826,5.551115123125783e-17,1.0
018_single_never.json,records.4.predicted_task_error_after_receipts,0.4152835986632333,0.41528359866323333,5.551115123125783e-17,1.0
018_single_never.json,records.5.predicted_task_error_after_receipts,0.4464727810865862,0.4464727810865863,5.551115123125783e-17,1.0
018_single_never.json,records.6.predicted_task_error_after_receipts,0.4699407917576214,0.46994079175762143,5.551115123125783e-17,1.0
019_single_never.json,records.0.predicted_task_error_after_receipts,0.27166799999999997,0.271668,5.551115123125783e-17,1.0
019_single_never.json,records.3.predicted_task_error_after_receipts,0.6271240013947709,0.627124001394771,1.1102230246251565e-16,1.0
019_single_never.json,records.6.predicted_task_error_after_receipts,0.7382657392714818,0.7382657392714816,1.1102230246251565e-16,1.0
019_single_never.json,records.7.predicted_task_error_after_receipts,0.7564186883869933,0.7564186883869934,1.1102230246251565e-16,1.0
020_single_never.json,records.7.predicted_task_error_after_receipts,0.7709946722681498,0.7709946722681497,1.1102230246251565e-16,1.0
021_single_never.json,records.0.predicted_task_error_after_receipts,0.22559999999999997,0.2256,2.7755575615628914e-17,1.0
021_single_never.json,records.1.predicted_task_error_after_receipts,0.37779456,0.37779455999999995,5.551115123125783e-17,1.0
021_single_never.json,records.3.predicted_task_error_after_receipts,0.5553632503136255,0.5553632503136257,1.1102230246251565e-16,1.0
021_single_never.json,records.4.predicted_task_error_after_receipts,0.60715150886915,0.6071515088691501,1.1102230246251565e-16,1.0
023_single_never.json,records.3.predicted_task_error_after_receipts,0.37369161503458254,0.3736916150345826,5.551115123125783e-17,1.0
023_single_never.json,records.4.predicted_task_error_after_receipts,0.4152835986632333,0.41528359866323333,5.551115123125783e-17,1.0
024_single_never.json,records.2.predicted_task_error_after_receipts,0.5531731589730632,0.5531731589730631,1.1102230246251565e-16,1.0
024_single_never.json,records.5.predicted_task_error_after_receipts,0.7131059975907544,0.7131059975907543,1.1102230246251565e-16,1.0
024_single_never.json,records.6.predicted_task_error_after_receipts,0.7382657392714818,0.7382657392714816,1.1102230246251565e-16,1.0
025_single_never.json,records.0.predicted_task_error_after_receipts,0.073446,0.07344600000000001,1.3877787807814457e-17,1.0
025_single_never.json,records.4.predicted_task_error_after_receipts,0.20482432133127437,0.20482432133127434,2.7755575615628914e-17,1.0
025_single_never.json,records.5.predicted_task_error_after_receipts,0.21834554825111271,0.21834554825111274,2.7755575615628914e-17,1.0
025_single_never.json,records.7.predicted_task_error_after_receipts,0.23564264086639544,0.23564264086639541,2.7755575615628914e-17,1.0
026_single_never.json,records.3.predicted_task_error_after_receipts,0.4685764806598656,0.46857648065986557,5.551115123125783e-17,1.0
027_single_never.json,records.3.predicted_task_error_after_receipts,0.5507441346138575,0.5507441346138576,1.1102230246251565e-16,1.0
028_single_never.json,records.1.predicted_task_error_after_receipts,0.38142763084799997,0.3814276308479999,5.551115123125783e-17,1.0
028_single_never.json,records.3.predicted_task_error_after_receipts,0.4685764806598656,0.46857648065986557,5.551115123125783e-17,1.0
028_single_never.json,records.4.predicted_task_error_after_receipts,0.5956440867489978,0.5956440867489977,1.1102230246251565e-16,1.0
029_single_never.json,records.0.predicted_task_error_after_receipts,0.27166799999999997,0.271668,5.551115123125783e-17,1.0
029_single_never.json,records.3.predicted_task_error_after_receipts,0.6271240013947709,0.627124001394771,1.1102230246251565e-16,1.0
029_single_never.json,records.4.predicted_task_error_after_receipts,0.689625472425732,0.6896254724257321,1.1102230246251565e-16,1.0
029_single_never.json,records.6.predicted_task_error_after_receipts,0.7382657392714818,0.7382657392714816,1.1102230246251565e-16,1.0
029_single_never.json,records.7.predicted_task_error_after_receipts,0.7564186883869933,0.7564186883869934,1.1102230246251565e-16,1.0
030_single_never.json,records.0.predicted_task_error_after_receipts,0.14065799999999998,0.140658,2.7755575615628914e-17,1.0
030_single_never.json,records.3.predicted_task_error_after_receipts,0.37369161503458254,0.3736916150345826,5.551115123125783e-17,1.0
030_single_never.json,records.4.predicted_task_error_after_receipts,0.4152835986632333,0.41528359866323333,5.551115123125783e-17,1.0
031_single_never.json,records.1.predicted_task_error_after_receipts,0.37779456,0.37779455999999995,5.551115123125783e-17,1.0
031_single_never.json,records.2.predicted_task_error_after_receipts,0.5428280122078002,0.5428280122078003,1.1102230246251565e-16,1.0
031_single_never.json,records.3.predicted_task_error_after_receipts,0.6155529327399767,0.6155529327399766,1.1102230246251565e-16,1.0
032_single_never.json,records.3.predicted_task_error_after_receipts,0.4685764806598656,0.46857648065986557,5.551115123125783e-17,1.0
034_single_never.json,records.1.predicted_task_error_after_receipts,0.45526936012799996,0.4552693601279999,5.551115123125783e-17,1.0
034_single_never.json,records.4.predicted_task_error_after_receipts,0.6928431811960334,0.6928431811960335,1.1102230246251565e-16,1.0
034_single_never.json,records.7.predicted_task_error_after_receipts,0.7709946722681498,0.7709946722681497,1.1102230246251565e-16,1.0
035_single_never.json,records.2.predicted_task_error_after_receipts,0.41596753568632006,0.4159675356863201,5.551115123125783e-17,1.0
035_single_never.json,records.3.predicted_task_error_after_receipts,0.476692597447919,0.4766925974479189,5.551115123125783e-17,1.0
035_single_never.json,records.5.predicted_task_error_after_receipts,0.550088367477353,0.5500883674773531,1.1102230246251565e-16,1.0
036_single_never.json,records.0.predicted_task_error_after_receipts,0.073446,0.07344600000000001,1.3877787807814457e-17,1.0
036_single_never.json,records.3.predicted_task_error_after_receipts,0.1862742359572431,0.18627423595724313,2.7755575615628914e-17,1.0
036_single_never.json,records.5.predicted_task_error_after_receipts,0.21834554825111271,0.21834554825111274,2.7755575615628914e-17,1.0
036_single_never.json,records.7.predicted_task_error_after_receipts,0.6169310588835738,0.6169310588835739,1.1102230246251565e-16,1.0
037_single_never.json,records.0.predicted_task_error_after_receipts,0.18434999999999999,0.18435,2.7755575615628914e-17,1.0
037_single_never.json,records.1.predicted_task_error_after_receipts,0.31271855999999987,0.31271856,1.1102230246251565e-16,2.0
037_single_never.json,records.2.predicted_task_error_after_receipts,0.40349912025599993,0.403499120256,5.551115123125783e-17,1.0
037_single_never.json,records.3.predicted_task_error_after_receipts,0.4685764806598656,0.46857648065986557,5.551115123125783e-17,1.0
037_single_never.json,records.5.predicted_task_error_after_receipts,0.5503367652570991,0.5503367652570992,1.1102230246251565e-16,1.0
037_single_never.json,records.7.predicted_task_error_after_receipts,0.6169310588835738,0.6169310588835739,1.1102230246251565e-16,1.0
038_single_never.json,records.3.predicted_task_error_after_receipts,0.4685764806598656,0.46857648065986557,5.551115123125783e-17,1.0
040_single_never.json,records.1.predicted_task_error_after_receipts,0.38036428108799997,0.3803642810879999,5.551115123125783e-17,1.0
040_single_never.json,records.4.predicted_task_error_after_receipts,0.5995077327144419,0.5995077327144418,1.1102230246251565e-16,1.0
040_single_never.json,records.5.predicted_task_error_after_receipts,0.6343267631438995,0.6343267631438994,1.1102230246251565e-16,1.0
040_single_never.json,records.7.predicted_task_error_after_receipts,0.6779700186944139,0.6779700186944138,1.1102230246251565e-16,1.0
041_single_never.json,records.1.predicted_task_error_after_receipts,0.04077151795199999,0.040771517951999986,6.938893903907228e-18,1.0
041_single_never.json,records.3.predicted_task_error_after_receipts,0.4685764806598656,0.46857648065986557,5.551115123125783e-17,1.0
042_single_never.json,records.0.predicted_task_error_after_receipts,0.22559999999999997,0.2256,2.7755575615628914e-17,1.0
042_single_never.json,records.1.predicted_task_error_after_receipts,0.37779456,0.37779455999999995,5.551115123125783e-17,1.0
042_single_never.json,records.3.predicted_task_error_after_receipts,0.5553632503136255,0.5553632503136257,1.1102230246251565e-16,1.0
042_single_never.json,records.4.predicted_task_error_after_receipts,0.5098793455855464,0.5098793455855465,1.1102230246251565e-16,1.0
042_single_never.json,records.7.predicted_task_error_after_receipts,0.5866629369888589,0.586662936988859,1.1102230246251565e-16,1.0
043_single_never.json,records.5.predicted_task_error_after_receipts,0.4036500357119999,0.403650035712,5.551115123125783e-17,1.0
043_single_never.json,records.6.predicted_task_error_after_receipts,0.42677402714111995,0.42677402714112,5.551115123125783e-17,1.0
044_single_never.json,records.0.predicted_task_error_after_receipts,0.23008799999999996,0.23008800000000001,5.551115123125783e-17,2.0
044_single_never.json,records.1.predicted_task_error_after_receipts,0.38036428108799997,0.3803642810879999,5.551115123125783e-17,1.0
044_single_never.json,records.4.predicted_task_error_after_receipts,0.5995077327144419,0.5995077327144418,1.1102230246251565e-16,1.0
044_single_never.json,records.5.predicted_task_error_after_receipts,0.6343267631438995,0.6343267631438994,1.1102230246251565e-16,1.0
044_single_never.json,records.7.predicted_task_error_after_receipts,0.6779700186944139,0.6779700186944138,1.1102230246251565e-16,1.0
045_single_never.json,records.0.predicted_task_error_after_receipts,0.27166799999999997,0.271668,5.551115123125783e-17,1.0
045_single_never.json,records.3.predicted_task_error_after_receipts,0.6271240013947709,0.627124001394771,1.1102230246251565e-16,1.0
045_single_never.json,records.6.predicted_task_error_after_receipts,0.7382657392714818,0.7382657392714816,1.1102230246251565e-16,1.0
045_single_never.json,records.7.predicted_task_error_after_receipts,0.7564186883869933,0.7564186883869934,1.1102230246251565e-16,1.0
046_single_never.json,records.1.predicted_task_error_after_receipts,0.04077151795199999,0.040771517951999986,6.938893903907228e-18,1.0
046_single_never.json,records.4.predicted_task_error_after_receipts,0.0650430181886101,0.06504301818861011,1.3877787807814457e-17,1.0
047_single_never.json,records.0.predicted_task_error_after_receipts,0.18434999999999999,0.18435,2.7755575615628914e-17,1.0
047_single_never.json,records.1.predicted_task_error_after_receipts,0.31271855999999987,0.31271856,1.1102230246251565e-16,2.0
047_single_never.json,records.2.predicted_task_error_after_receipts,0.40349912025599993,0.403499120256,5.551115123125783e-17,1.0
047_single_never.json,records.3.predicted_task_error_after_receipts,0.4685764806598656,0.46857648065986557,5.551115123125783e-17,1.0
047_single_never.json,records.5.predicted_task_error_after_receipts,0.5503367652570991,0.5503367652570992,1.1102230246251565e-16,1.0
048_single_never.json,records.0.predicted_task_error_after_receipts,0.18434999999999999,0.18435,2.7755575615628914e-17,1.0
048_single_never.json,records.1.predicted_task_error_after_receipts,0.31271855999999987,0.31271856,1.1102230246251565e-16,2.0
048_single_never.json,records.3.predicted_task_error_after_receipts,0.1862742359572431,0.18627423595724313,2.7755575615628914e-17,1.0
048_single_never.json,records.5.predicted_task_error_after_receipts,0.21834554825111271,0.21834554825111274,2.7755575615628914e-17,1.0
048_single_never.json,records.6.predicted_task_error_after_receipts,0.22828487766847333,0.22828487766847336,2.7755575615628914e-17,1.0
048_single_never.json,records.7.predicted_task_error_after_receipts,0.23564264086639544,0.23564264086639541,2.7755575615628914e-17,1.0
050_single_never.json,records.1.predicted_task_error_after_receipts,0.37779456,0.37779455999999995,5.551115123125783e-17,1.0
050_single_never.json,records.7.predicted_task_error_after_receipts,0.7684216540370755,0.7684216540370756,1.1102230246251565e-16,1.0
051_single_never.json,records.2.predicted_task_error_after_receipts,0.41596753568632006,0.4159675356863201,5.551115123125783e-17,1.0
051_single_never.json,records.3.predicted_task_error_after_receipts,0.4685764806598656,0.46857648065986557,5.551115123125783e-17,1.0
052_single_never.json,records.1.predicted_task_error_after_receipts,0.3114732656639999,0.31147326566399997,5.551115123125783e-17,1.0
052_single_never.json,records.3.predicted_task_error_after_receipts,0.4639513573716139,0.46395135737161386,5.551115123125783e-17,1.0
052_single_never.json,records.5.predicted_task_error_after_receipts,0.5434705089547814,0.5434705089547813,1.1102230246251565e-16,1.0
053_single_never.json,records.0.predicted_task_error_after_receipts,0.22559999999999997,0.2256,2.7755575615628914e-17,1.0
053_single_never.json,records.1.predicted_task_error_after_receipts,0.37779456,0.37779455999999995,5.551115123125783e-17,1.0
053_single_never.json,records.5.predicted_task_error_after_receipts,0.4036500357119999,0.403650035712,5.551115123125783e-17,1.0
053_single_never.json,records.6.predicted_task_error_after_receipts,0.42677402714111995,0.42677402714112,5.551115123125783e-17,1.0
054_single_never.json,records.1.predicted_task_error_after_receipts,0.04077151795199999,0.040771517951999986,6.938893903907228e-18,1.0
054_single_never.json,records.4.predicted_task_error_after_receipts,0.0650430181886101,0.06504301818861011,1.3877787807814457e-17,1.0
055_single_never.json,records.3.predicted_task_error_after_receipts,0.6386965719466862,0.6386965719466863,1.1102230246251565e-16,1.0
055_single_never.json,records.6.predicted_task_error_after_receipts,0.7502929513883704,0.7502929513883703,1.1102230246251565e-16,1.0
056_single_never.json,records.4.predicted_task_error_after_receipts,0.5421295021251279,0.542129502125128,1.1102230246251565e-16,1.0
056_single_never.json,records.6.predicted_task_error_after_receipts,0.5992031315832457,0.5992031315832456,1.1102230246251565e-16,1.0
056_single_never.json,records.7.predicted_task_error_after_receipts,0.23564264086639544,0.23564264086639541,2.7755575615628914e-17,1.0
057_single_never.json,records.1.predicted_task_error_after_receipts,0.3114732656639999,0.31147326566399997,5.551115123125783e-17,1.0
057_single_never.json,records.4.predicted_task_error_after_receipts,0.60715150886915,0.6071515088691501,1.1102230246251565e-16,1.0
057_single_never.json,records.6.predicted_task_error_after_receipts,0.6714119840399907,0.6714119840399906,1.1102230246251565e-16,1.0
058_single_never.json,records.1.predicted_task_error_after_receipts,0.37779456,0.37779455999999995,5.551115123125783e-17,1.0
059_single_never.json,records.4.predicted_task_error_after_receipts,0.689625472425732,0.6896254724257321,1.1102230246251565e-16,1.0
059_single_never.json,records.5.predicted_task_error_after_receipts,0.7251143747943872,0.7251143747943873,1.1102230246251565e-16,1.0
059_single_never.json,records.7.predicted_task_error_after_receipts,0.5866629369888589,0.586662936988859,1.1102230246251565e-16,1.0
060_single_never.json,records.1.predicted_task_error_after_receipts,0.45526936012799996,0.4552693601279999,5.551115123125783e-17,1.0
060_single_never.json,records.4.predicted_task_error_after_receipts,0.6928431811960334,0.6928431811960335,1.1102230246251565e-16,1.0
060_single_never.json,records.7.predicted_task_error_after_receipts,0.7709946722681498,0.7709946722681497,1.1102230246251565e-16,1.0
061_single_never.json,records.2.predicted_task_error_after_receipts,0.4319203889210573,0.4319203889210572,5.551115123125783e-17,1.0
061_single_never.json,records.4.predicted_task_error_after_receipts,0.5995077327144419,0.5995077327144418,1.1102230246251565e-16,1.0
061_single_never.json,records.5.predicted_task_error_after_receipts,0.6343267631438995,0.6343267631438994,1.1102230246251565e-16,1.0
061_single_never.json,records.7.predicted_task_error_after_receipts,0.6779700186944139,0.6779700186944138,1.1102230246251565e-16,1.0
062_single_never.json,records.1.predicted_task_error_after_receipts,0.3114732656639999,0.31147326566399997,5.551115123125783e-17,1.0
063_single_never.json,records.3.predicted_task_error_after_receipts,0.4685764806598656,0.46857648065986557,5.551115123125783e-17,1.0
063_single_never.json,records.5.predicted_task_error_after_receipts,0.5503367652570991,0.5503367652570992,1.1102230246251565e-16,1.0
000_shared_task_exact.json,records.0.predicted_task_error_after_receipts,0.22559999999999997,0.2256,2.7755575615628914e-17,1.0
000_shared_task_exact.json,records.2.predicted_task_error_after_receipts,0.22559999999999997,0.2256,2.7755575615628914e-17,1.0
000_shared_task_exact.json,records.5.predicted_task_error_after_receipts,0.22559999999999997,0.2256,2.7755575615628914e-17,1.0
001_shared_task_exact.json,records.5.predicted_task_error_after_receipts,0.22560000000000002,0.2256,2.7755575615628914e-17,1.0
001_shared_task_exact.json,records.7.predicted_task_error_after_receipts,0.36685056000000005,0.36685056,5.551115123125783e-17,1.0
004_shared_task_exact.json,records.0.predicted_task_error_after_receipts,0.073446,0.07344600000000001,1.3877787807814457e-17,1.0
004_shared_task_exact.json,records.6.predicted_task_error_after_receipts,0.37825059532800004,0.378250595328,5.551115123125783e-17,1.0
005_shared_task_exact.json,records.1.predicted_task_error_after_receipts,0.38036428108799997,0.3803642810879999,5.551115123125783e-17,1.0
005_shared_task_exact.json,records.3.predicted_task_error_after_receipts,0.26031192767999994,0.26031192768,5.551115123125783e-17,1.0
005_shared_task_exact.json,records.6.predicted_task_error_after_receipts,0.035443281305382913,0.03544328130538291,6.938893903907228e-18,1.0
006_shared_task_exact.json,records.6.predicted_task_error_after_receipts,0.3300827519999999,0.330082752,5.551115123125783e-17,1.0
008_shared_task_exact.json,records.1.predicted_task_error_after_receipts,0.43404104831999996,0.4340410483199999,5.551115123125783e-17,1.0
008_shared_task_exact.json,records.6.predicted_task_error_after_receipts,0.24760079999999998,0.24760079999999995,2.7755575615628914e-17,1.0
008_shared_task_exact.json,records.7.predicted_task_error_after_receipts,0.3684830934527999,0.36848309345279995,5.551115123125783e-17,1.0
009_shared_task_exact.json,records.0.predicted_task_error_after_receipts,0.073446,0.07344600000000001,1.3877787807814457e-17,1.0
009_shared_task_exact.json,records.3.predicted_task_error_after_receipts,0.1003999909471273,0.10039999094712729,1.3877787807814457e-17,1.0
010_shared_task_exact.json,records.1.predicted_task_error_after_receipts,0.3127185599999999,0.31271856,5.551115123125783e-17,1.0
010_shared_task_exact.json,records.7.predicted_task_error_after_receipts,0.24608084928430074,0.24608084928430077,2.7755575615628914e-17,1.0
011_shared_task_exact.json,records.6.predicted_task_error_after_receipts,0.433968604913664,0.43396860491366396,5.551115123125783e-17,1.0
011_shared_task_exact.json,records.7.predicted_task_error_after_receipts,0.49128621825296775,0.4912862182529677,5.551115123125783e-17,1.0
013_shared_task_exact.json,records.0.predicted_task_error_after_receipts,0.27166799999999997,0.271668,5.551115123125783e-17,1.0
013_shared_task_exact.json,records.2.predicted_task_error_after_receipts,0.26670797796863993,0.26670797796864,5.551115123125783e-17,1.0
014_shared_task_exact.json,records.0.predicted_task_error_after_receipts,0.14065799999999998,0.140658,2.7755575615628914e-17,1.0
014_shared_task_exact.json,records.4.predicted_task_error_after_receipts,0.17905246450780327,0.17905246450780324,2.7755575615628914e-17,1.0
014_shared_task_exact.json,records.6.predicted_task_error_after_receipts,0.18626837348815148,0.18626837348815145,2.7755575615628914e-17,1.0
015_shared_task_exact.json,records.0.predicted_task_error_after_receipts,0.22559999999999997,0.2256,2.7755575615628914e-17,1.0
015_shared_task_exact.json,records.3.predicted_task_error_after_receipts,0.3127185599999999,0.31271856,5.551115123125783e-17,1.0
015_shared_task_exact.json,records.5.predicted_task_error_after_receipts,0.18434999999999999,0.18435,2.7755575615628914e-17,1.0
016_shared_task_exact.json,records.0.predicted_task_error_after_receipts,0.22559999999999997,0.2256,2.7755575615628914e-17,1.0
016_shared_task_exact.json,records.7.predicted_task_error_after_receipts,0.34211671679999994,0.3421167168,5.551115123125783e-17,1.0
017_shared_task_exact.json,records.6.predicted_task_error_after_receipts,0.11999999999999998,0.12,1.3877787807814457e-17,1.0
018_shared_task_exact.json,records.4.predicted_task_error_after_receipts,0.17905246450780327,0.17905246450780324,2.7755575615628914e-17,1.0
018_shared_task_exact.json,records.6.predicted_task_error_after_receipts,0.18626837348815148,0.18626837348815145,2.7755575615628914e-17,1.0
019_shared_task_exact.json,records.0.predicted_task_error_after_receipts,0.27166799999999997,0.271668,5.551115123125783e-17,1.0
019_shared_task_exact.json,records.4.predicted_task_error_after_receipts,0.4100059968,0.41000599679999994,5.551115123125783e-17,1.0
019_shared_task_exact.json,records.6.predicted_task_error_after_receipts,0.34211671679999994,0.3421167168,5.551115123125783e-17,1.0
020_shared_task_exact.json,records.7.predicted_task_error_after_receipts,0.48833605584353257,0.4883360558435326,5.551115123125783e-17,1.0
021_shared_task_exact.json,records.0.predicted_task_error_after_receipts,0.22559999999999997,0.2256,2.7755575615628914e-17,1.0
021_shared_task_exact.json,records.2.predicted_task_error_after_receipts,0.22559999999999997,0.2256,2.7755575615628914e-17,1.0
021_shared_task_exact.json,records.7.predicted_task_error_after_receipts,0.4823370178559999,0.48233701785599997,5.551115123125783e-17,1.0
022_shared_task_exact.json,records.6.predicted_task_error_after_receipts,0.11999999999999998,0.12,1.3877787807814457e-17,1.0
023_shared_task_exact.json,records.4.predicted_task_error_after_receipts,0.17905246450780327,0.17905246450780324,2.7755575615628914e-17,1.0
023_shared_task_exact.json,records.6.predicted_task_error_after_receipts,0.22560000000000002,0.2256,2.7755575615628914e-17,1.0
024_shared_task_exact.json,records.6.predicted_task_error_after_receipts,0.34211671679999994,0.3421167168,5.551115123125783e-17,1.0
024_shared_task_exact.json,records.7.predicted_task_error_after_receipts,0.4857300559085567,0.4857300559085568,5.551115123125783e-17,1.0
025_shared_task_exact.json,records.0.predicted_task_error_after_receipts,0.073446,0.07344600000000001,1.3877787807814457e-17,1.0
025_shared_task_exact.json,records.3.predicted_task_error_after_receipts,0.1003999909471273,0.10039999094712729,1.3877787807814457e-17,1.0
026_shared_task_exact.json,records.3.predicted_task_error_after_receipts,0.18434999999999999,0.18435,2.7755575615628914e-17,1.0
028_shared_task_exact.json,records.1.predicted_task_error_after_receipts,0.38142763084799997,0.3814276308479999,5.551115123125783e-17,1.0
028_shared_task_exact.json,records.6.predicted_task_error_after_receipts,0.26954747999999995,0.26954748,5.551115123125783e-17,1.0
028_shared_task_exact.json,records.7.predicted_task_error_after_receipts,0.40505969864448,0.40505969864447994,5.551115123125783e-17,1.0
029_shared_task_exact.json,records.0.predicted_task_error_after_receipts,0.27166799999999997,0.271668,5.551115123125783e-17,1.0
029_shared_task_exact.json,records.4.predicted_task_error_after_receipts,0.41979342719999996,0.4197934271999999,5.551115123125783e-17,1.0
029_shared_task_exact.json,records.6.predicted_task_error_after_receipts,0.34211671679999994,0.3421167168,5.551115123125783e-17,1.0
030_shared_task_exact.json,records.0.predicted_task_error_after_receipts,0.14065799999999998,0.140658,2.7755575615628914e-17,1.0
030_shared_task_exact.json,records.4.predicted_task_error_after_receipts,0.17905246450780327,0.17905246450780324,2.7755575615628914e-17,1.0
030_shared_task_exact.json,records.6.predicted_task_error_after_receipts,0.38800251474788344,0.3880025147478835,5.551115123125783e-17,1.0
030_shared_task_exact.json,records.7.predicted_task_error_after_receipts,0.5076269759316081,0.507626975931608,1.1102230246251565e-16,1.0
031_shared_task_exact.json,records.2.predicted_task_error_after_receipts,0.3300827519999999,0.330082752,5.551115123125783e-17,1.0
031_shared_task_exact.json,records.5.predicted_task_error_after_receipts,0.30263519999999994,0.3026352,5.551115123125783e-17,1.0
032_shared_task_exact.json,records.3.predicted_task_error_after_receipts,0.18434999999999999,0.18435,2.7755575615628914e-17,1.0
032_shared_task_exact.json,records.7.predicted_task_error_after_receipts,0.22560000000000002,0.2256,2.7755575615628914e-17,1.0
034_shared_task_exact.json,records.1.predicted_task_error_after_receipts,0.45526936012799996,0.4552693601279999,5.551115123125783e-17,1.0
034_shared_task_exact.json,records.3.predicted_task_error_after_receipts,0.37825059532800004,0.378250595328,5.551115123125783e-17,1.0
035_shared_task_exact.json,records.1.predicted_task_error_after_receipts,0.16844256,0.16844255999999996,2.7755575615628914e-17,1.0
035_shared_task_exact.json,records.7.predicted_task_error_after_receipts,0.11999999999999998,0.12,1.3877787807814457e-17,1.0
036_shared_task_exact.json,records.0.predicted_task_error_after_receipts,0.073446,0.07344600000000001,1.3877787807814457e-17,1.0
036_shared_task_exact.json,records.3.predicted_task_error_after_receipts,0.1003999909471273,0.10039999094712729,1.3877787807814457e-17,1.0
036_shared_task_exact.json,records.5.predicted_task_error_after_receipts,0.0268454777981952,0.026845477798195197,3.469446951953614e-18,1.0
036_shared_task_exact.json,records.7.predicted_task_error_after_receipts,0.2664505728,0.26645057279999995,5.551115123125783e-17,1.0
037_shared_task_exact.json,records.0.predicted_task_error_after_receipts,0.18434999999999999,0.18435,2.7755575615628914e-17,1.0
037_shared_task_exact.json,records.1.predicted_task_error_after_receipts,0.31271855999999987,0.31271856,1.1102230246251565e-16,2.0
037_shared_task_exact.json,records.7.predicted_task_error_after_receipts,0.41402445158930057,0.4140244515893005,5.551115123125783e-17,1.0
038_shared_task_exact.json,records.3.predicted_task_error_after_receipts,0.22559999999999997,0.2256,2.7755575615628914e-17,1.0
038_shared_task_exact.json,records.5.predicted_task_error_after_receipts,0.22560000000000002,0.2256,2.7755575615628914e-17,1.0
039_shared_task_exact.json,records.3.predicted_task_error_after_receipts,0.37825059532800004,0.378250595328,5.551115123125783e-17,1.0
040_shared_task_exact.json,records.1.predicted_task_error_after_receipts,0.38036428108799997,0.3803642810879999,5.551115123125783e-17,1.0
041_shared_task_exact.json,records.1.predicted_task_error_after_receipts,0.04077151795199999,0.040771517951999986,6.938893903907228e-18,1.0
041_shared_task_exact.json,records.6.predicted_task_error_after_receipts,0.18434999999999999,0.18435,2.7755575615628914e-17,1.0
041_shared_task_exact.json,records.7.predicted_task_error_after_receipts,0.1287,0.12869999999999998,2.7755575615628914e-17,1.0
042_shared_task_exact.json,records.0.predicted_task_error_after_receipts,0.22559999999999997,0.2256,2.7755575615628914e-17,1.0
042_shared_task_exact.json,records.5.predicted_task_error_after_receipts,0.1003999909471273,0.10039999094712729,1.3877787807814457e-17,1.0
043_shared_task_exact.json,records.6.predicted_task_error_after_receipts,0.11999999999999998,0.12,1.3877787807814457e-17,1.0
044_shared_task_exact.json,records.0.predicted_task_error_after_receipts,0.23008799999999996,0.23008800000000001,5.551115123125783e-17,2.0
044_shared_task_exact.json,records.1.predicted_task_error_after_receipts,0.38036428108799997,0.3803642810879999,5.551115123125783e-17,1.0
044_shared_task_exact.json,records.4.predicted_task_error_after_receipts,0.38832030720000005,0.3883203072,5.551115123125783e-17,1.0
045_shared_task_exact.json,records.0.predicted_task_error_after_receipts,0.27166799999999997,0.271668,5.551115123125783e-17,1.0
045_shared_task_exact.json,records.7.predicted_task_error_after_receipts,0.3249456193493729,0.32494561934937294,5.551115123125783e-17,1.0
046_shared_task_exact.json,records.1.predicted_task_error_after_receipts,0.04077151795199999,0.040771517951999986,6.938893903907228e-18,1.0
046_shared_task_exact.json,records.4.predicted_task_error_after_receipts,0.0650430181886101,0.06504301818861011,1.3877787807814457e-17,1.0
047_shared_task_exact.json,records.0.predicted_task_error_after_receipts,0.18434999999999999,0.18435,2.7755575615628914e-17,1.0
047_shared_task_exact.json,records.1.predicted_task_error_after_receipts,0.31271855999999987,0.31271856,1.1102230246251565e-16,2.0
047_shared_task_exact.json,records.3.predicted_task_error_after_receipts,0.22559999999999997,0.2256,2.7755575615628914e-17,1.0
048_shared_task_exact.json,records.0.predicted_task_error_after_receipts,0.18434999999999999,0.18435,2.7755575615628914e-17,1.0
048_shared_task_exact.json,records.1.predicted_task_error_after_receipts,0.31271855999999987,0.31271856,1.1102230246251565e-16,2.0
048_shared_task_exact.json,records.3.predicted_task_error_after_receipts,0.1003999909471273,0.10039999094712729,1.3877787807814457e-17,1.0
048_shared_task_exact.json,records.7.predicted_task_error_after_receipts,0.07350276094560976,0.07350276094560977,1.3877787807814457e-17,1.0
049_shared_task_exact.json,records.6.predicted_task_error_after_receipts,0.11999999999999998,0.12,1.3877787807814457e-17,1.0
050_shared_task_exact.json,records.5.predicted_task_error_after_receipts,0.24897128639999996,0.2489712864,2.7755575615628914e-17,1.0
050_shared_task_exact.json,records.6.predicted_task_error_after_receipts,0.4944076066947071,0.49440760669470707,5.551115123125783e-17,1.0
051_shared_task_exact.json,records.1.predicted_task_error_after_receipts,0.16844256,0.16844255999999996,2.7755575615628914e-17,1.0
051_shared_task_exact.json,records.2.predicted_task_error_after_receipts,0.30352907593728,0.30352907593727996,5.551115123125783e-17,1.0
051_shared_task_exact.json,records.4.predicted_task_error_after_receipts,0.22560000000000005,0.2256,5.551115123125783e-17,2.0
051_shared_task_exact.json,records.6.predicted_task_error_after_receipts,0.22560000000000002,0.2256,2.7755575615628914e-17,1.0
052_shared_task_exact.json,records.4.predicted_task_error_after_receipts,0.21650752894463995,0.21650752894463998,2.7755575615628914e-17,1.0
053_shared_task_exact.json,records.0.predicted_task_error_after_receipts,0.22559999999999997,0.2256,2.7755575615628914e-17,1.0
054_shared_task_exact.json,records.1.predicted_task_error_after_receipts,0.04077151795199999,0.040771517951999986,6.938893903907228e-18,1.0
054_shared_task_exact.json,records.4.predicted_task_error_after_receipts,0.0650430181886101,0.06504301818861011,1.3877787807814457e-17,1.0
055_shared_task_exact.json,records.3.predicted_task_error_after_receipts,0.329332865088,0.32933286508799997,5.551115123125783e-17,1.0
056_shared_task_exact.json,records.2.predicted_task_error_after_receipts,0.0258172752,0.025817275199999996,3.469446951953614e-18,1.0
056_shared_task_exact.json,records.6.predicted_task_error_after_receipts,0.22921826760176023,0.22921826760176026,2.7755575615628914e-17,1.0
057_shared_task_exact.json,records.6.predicted_task_error_after_receipts,0.22559999999999997,0.2256,2.7755575615628914e-17,1.0
057_shared_task_exact.json,records.7.predicted_task_error_after_receipts,0.3777945599999999,0.37779455999999995,5.551115123125783e-17,1.0
059_shared_task_exact.json,records.4.predicted_task_error_after_receipts,0.34779102719999994,0.3477910272,5.551115123125783e-17,1.0
059_shared_task_exact.json,records.6.predicted_task_error_after_receipts,0.38817625731072003,0.38817625731072,5.551115123125783e-17,1.0
060_shared_task_exact.json,records.1.predicted_task_error_after_receipts,0.45526936012799996,0.4552693601279999,5.551115123125783e-17,1.0
060_shared_task_exact.json,records.3.predicted_task_error_after_receipts,0.37825059532800004,0.378250595328,5.551115123125783e-17,1.0
060_shared_task_exact.json,records.6.predicted_task_error_after_receipts,0.27581748,0.27581747999999995,5.551115123125783e-17,1.0
060_shared_task_exact.json,records.7.predicted_task_error_after_receipts,0.4093310506444799,0.40933105064447994,5.551115123125783e-17,1.0
061_shared_task_exact.json,records.2.predicted_task_error_after_receipts,0.2399660928,0.23996609279999997,2.7755575615628914e-17,1.0
061_shared_task_exact.json,records.3.predicted_task_error_after_receipts,0.42302007016980475,0.4230200701698047,5.551115123125783e-17,1.0
061_shared_task_exact.json,records.6.predicted_task_error_after_receipts,0.34471260479999993,0.3447126048,5.551115123125783e-17,1.0
062_shared_task_exact.json,records.2.predicted_task_error_after_receipts,0.26670797796863993,0.26670797796864,5.551115123125783e-17,1.0
062_shared_task_exact.json,records.4.predicted_task_error_after_receipts,0.12000000000000001,0.12,1.3877787807814457e-17,1.0
063_shared_task_exact.json,records.5.predicted_task_error_after_receipts,0.22560000000000002,0.2256,2.7755575615628914e-17,1.0
000_shared_task_rollout2.json,records.0.predicted_task_error_after_receipts,0.22559999999999997,0.2256,2.7755575615628914e-17,1.0
000_shared_task_rollout2.json,records.2.predicted_task_error_after_receipts,0.22559999999999997,0.2256,2.7755575615628914e-17,1.0
001_shared_task_rollout2.json,records.4.predicted_task_error_after_receipts,0.4324678656,0.43246786559999995,5.551115123125783e-17,1.0
001_shared_task_rollout2.json,records.6.predicted_task_error_after_receipts,0.22560000000000002,0.2256,2.7755575615628914e-17,1.0
004_shared_task_rollout2.json,records.0.predicted_task_error_after_receipts,0.073446,0.07344600000000001,1.3877787807814457e-17,1.0
005_shared_task_rollout2.json,records.1.predicted_task_error_after_receipts,0.38036428108799997,0.3803642810879999,5.551115123125783e-17,1.0
005_shared_task_rollout2.json,records.3.predicted_task_error_after_receipts,0.26031192767999994,0.26031192768,5.551115123125783e-17,1.0
005_shared_task_rollout2.json,records.6.predicted_task_error_after_receipts,0.07349968545474969,0.0734996854547497,1.3877787807814457e-17,1.0
006_shared_task_rollout2.json,records.6.predicted_task_error_after_receipts,0.3300827519999999,0.330082752,5.551115123125783e-17,1.0
007_shared_task_rollout2.json,records.3.predicted_task_error_after_receipts,0.174225,0.17422500000000002,2.7755575615628914e-17,1.0
007_shared_task_rollout2.json,records.4.predicted_task_error_after_receipts,0.3447126047999999,0.34471260479999993,5.551115123125783e-17,1.0
007_shared_task_rollout2.json,records.7.predicted_task_error_after_receipts,0.43825005234832587,0.4382500523483258,5.551115123125783e-17,1.0
008_shared_task_rollout2.json,records.1.predicted_task_error_after_receipts,0.43404104831999996,0.4340410483199999,5.551115123125783e-17,1.0
008_shared_task_rollout2.json,records.6.predicted_task_error_after_receipts,0.2664505728,0.26645057279999995,5.551115123125783e-17,1.0
009_shared_task_rollout2.json,records.0.predicted_task_error_after_receipts,0.073446,0.07344600000000001,1.3877787807814457e-17,1.0
009_shared_task_rollout2.json,records.3.predicted_task_error_after_receipts,0.0220818912,0.022081891199999995,3.469446951953614e-18,1.0
010_shared_task_rollout2.json,records.1.predicted_task_error_after_receipts,0.3127185599999999,0.31271856,5.551115123125783e-17,1.0
010_shared_task_rollout2.json,records.7.predicted_task_error_after_receipts,0.24608084928430074,0.24608084928430077,2.7755575615628914e-17,1.0
011_shared_task_rollout2.json,records.6.predicted_task_error_after_receipts,0.433968604913664,0.43396860491366396,5.551115123125783e-17,1.0
011_shared_task_rollout2.json,records.7.predicted_task_error_after_receipts,0.49128621825296775,0.4912862182529677,5.551115123125783e-17,1.0
013_shared_task_rollout2.json,records.0.predicted_task_error_after_receipts,0.27166799999999997,0.271668,5.551115123125783e-17,1.0
013_shared_task_rollout2.json,records.1.predicted_task_error_after_receipts,0.3114732656639999,0.31147326566399997,5.551115123125783e-17,1.0
013_shared_task_rollout2.json,records.2.predicted_task_error_after_receipts,0.16671361132799997,0.166713611328,2.7755575615628914e-17,1.0
013_shared_task_rollout2.json,records.7.predicted_task_error_after_receipts,0.24608084928430074,0.24608084928430077,2.7755575615628914e-17,1.0
014_shared_task_rollout2.json,records.0.predicted_task_error_after_receipts,0.14065799999999998,0.140658,2.7755575615628914e-17,1.0
014_shared_task_rollout2.json,records.7.predicted_task_error_after_receipts,0.24903355175131997,0.24903355175131994,2.7755575615628914e-17,1.0
015_shared_task_rollout2.json,records.0.predicted_task_error_after_receipts,0.22559999999999997,0.2256,2.7755575615628914e-17,1.0
015_shared_task_rollout2.json,records.4.predicted_task_error_after_receipts,0.3460351056,0.34603510559999995,5.551115123125783e-17,1.0
015_shared_task_rollout2.json,records.6.predicted_task_error_after_receipts,0.18434999999999999,0.18435,2.7755575615628914e-17,1.0
016_shared_task_rollout2.json,records.0.predicted_task_error_after_receipts,0.22559999999999997,0.2256,2.7755575615628914e-17,1.0
016_shared_task_rollout2.json,records.7.predicted_task_error_after_receipts,0.34211671679999994,0.3421167168,5.551115123125783e-17,1.0
017_shared_task_rollout2.json,records.6.predicted_task_error_after_receipts,0.11999999999999998,0.12,1.3877787807814457e-17,1.0
019_shared_task_rollout2.json,records.0.predicted_task_error_after_receipts,0.27166799999999997,0.271668,5.551115123125783e-17,1.0
019_shared_task_rollout2.json,records.4.predicted_task_error_after_receipts,0.4100059968,0.41000599679999994,5.551115123125783e-17,1.0
019_shared_task_rollout2.json,records.6.predicted_task_error_after_receipts,0.34211671679999994,0.3421167168,5.551115123125783e-17,1.0
021_shared_task_rollout2.json,records.0.predicted_task_error_after_receipts,0.22559999999999997,0.2256,2.7755575615628914e-17,1.0
021_shared_task_rollout2.json,records.2.predicted_task_error_after_receipts,0.22559999999999997,0.2256,2.7755575615628914e-17,1.0
021_shared_task_rollout2.json,records.4.predicted_task_error_after_receipts,0.36685056000000005,0.36685056,5.551115123125783e-17,1.0
021_shared_task_rollout2.json,records.6.predicted_task_error_after_receipts,0.12000000000000001,0.12,1.3877787807814457e-17,1.0
022_shared_task_rollout2.json,records.6.predicted_task_error_after_receipts,0.11999999999999998,0.12,1.3877787807814457e-17,1.0
023_shared_task_rollout2.json,records.6.predicted_task_error_after_receipts,0.22560000000000002,0.2256,2.7755575615628914e-17,1.0
024_shared_task_rollout2.json,records.6.predicted_task_error_after_receipts,0.34211671679999994,0.3421167168,5.551115123125783e-17,1.0
024_shared_task_rollout2.json,records.7.predicted_task_error_after_receipts,0.4857300559085567,0.4857300559085568,5.551115123125783e-17,1.0
025_shared_task_rollout2.json,records.0.predicted_task_error_after_receipts,0.073446,0.07344600000000001,1.3877787807814457e-17,1.0
025_shared_task_rollout2.json,records.3.predicted_task_error_after_receipts,0.0220818912,0.022081891199999995,3.469446951953614e-18,1.0
026_shared_task_rollout2.json,records.3.predicted_task_error_after_receipts,0.23325599999999996,0.233256,2.7755575615628914e-17,1.0
028_shared_task_rollout2.json,records.1.predicted_task_error_after_receipts,0.38142763084799997,0.3814276308479999,5.551115123125783e-17,1.0
028_shared_task_rollout2.json,records.7.predicted_task_error_after_receipts,0.4230200701698047,0.42302007016980475,5.551115123125783e-17,1.0
029_shared_task_rollout2.json,records.0.predicted_task_error_after_receipts,0.27166799999999997,0.271668,5.551115123125783e-17,1.0
029_shared_task_rollout2.json,records.4.predicted_task_error_after_receipts,0.41979342719999996,0.4197934271999999,5.551115123125783e-17,1.0
029_shared_task_rollout2.json,records.6.predicted_task_error_after_receipts,0.34211671679999994,0.3421167168,5.551115123125783e-17,1.0
030_shared_task_rollout2.json,records.0.predicted_task_error_after_receipts,0.14065799999999998,0.140658,2.7755575615628914e-17,1.0
030_shared_task_rollout2.json,records.6.predicted_task_error_after_receipts,0.38800251474788344,0.3880025147478835,5.551115123125783e-17,1.0
030_shared_task_rollout2.json,records.7.predicted_task_error_after_receipts,0.5076269759316081,0.507626975931608,1.1102230246251565e-16,1.0
031_shared_task_rollout2.json,records.2.predicted_task_error_after_receipts,0.3300827519999999,0.330082752,5.551115123125783e-17,1.0
031_shared_task_rollout2.json,records.5.predicted_task_error_after_receipts,0.30263519999999994,0.3026352,5.551115123125783e-17,1.0
032_shared_task_rollout2.json,records.3.predicted_task_error_after_receipts,0.23325599999999996,0.233256,2.7755575615628914e-17,1.0
032_shared_task_rollout2.json,records.6.predicted_task_error_after_receipts,0.22560000000000002,0.2256,2.7755575615628914e-17,1.0
034_shared_task_rollout2.json,records.1.predicted_task_error_after_receipts,0.45526936012799996,0.4552693601279999,5.551115123125783e-17,1.0
035_shared_task_rollout2.json,records.3.predicted_task_error_after_receipts,0.253762230528,0.25376223052799995,5.551115123125783e-17,1.0
035_shared_task_rollout2.json,records.4.predicted_task_error_after_receipts,0.36304152738424006,0.3630415273842401,5.551115123125783e-17,1.0
036_shared_task_rollout2.json,records.0.predicted_task_error_after_receipts,0.073446,0.07344600000000001,1.3877787807814457e-17,1.0
036_shared_task_rollout2.json,records.3.predicted_task_error_after_receipts,0.0220818912,0.022081891199999995,3.469446951953614e-18,1.0
036_shared_task_rollout2.json,records.4.predicted_task_error_after_receipts,0.038625707962675206,0.0386257079626752,6.938893903907228e-18,1.0
036_shared_task_rollout2.json,records.7.predicted_task_error_after_receipts,0.2828748094582771,0.28287480945827703,5.551115123125783e-17,1.0
037_shared_task_rollout2.json,records.0.predicted_task_error_after_receipts,0.18434999999999999,0.18435,2.7755575615628914e-17,1.0
037_shared_task_rollout2.json,records.1.predicted_task_error_after_receipts,0.31271855999999987,0.31271856,1.1102230246251565e-16,2.0
037_shared_task_rollout2.json,records.4.predicted_task_error_after_receipts,0.23325600000000002,0.233256,2.7755575615628914e-17,1.0
037_shared_task_rollout2.json,records.7.predicted_task_error_after_receipts,0.5252134091646438,0.5252134091646439,1.1102230246251565e-16,1.0
038_shared_task_rollout2.json,records.3.predicted_task_error_after_receipts,0.37779455999999995,0.3777945599999999,5.551115123125783e-17,1.0
038_shared_task_rollout2.json,records.5.predicted_task_error_after_receipts,0.22560000000000002,0.2256,2.7755575615628914e-17,1.0
038_shared_task_rollout2.json,records.7.predicted_task_error_after_receipts,0.482337017856,0.48233701785599997,5.551115123125783e-17,1.0
039_shared_task_rollout2.json,records.4.predicted_task_error_after_receipts,0.41979342719999996,0.4197934271999999,5.551115123125783e-17,1.0
039_shared_task_rollout2.json,records.6.predicted_task_error_after_receipts,0.30481034879999996,0.3048103488,5.551115123125783e-17,1.0
039_shared_task_rollout2.json,records.7.predicted_task_error_after_receipts,0.42886010910842876,0.4288601091084287,5.551115123125783e-17,1.0
040_shared_task_rollout2.json,records.1.predicted_task_error_after_receipts,0.38036428108799997,0.3803642810879999,5.551115123125783e-17,1.0
040_shared_task_rollout2.json,records.7.predicted_task_error_after_receipts,0.4051271880268799,0.40512718802687997,5.551115123125783e-17,1.0
041_shared_task_rollout2.json,records.1.predicted_task_error_after_receipts,0.04077151795199999,0.040771517951999986,6.938893903907228e-18,1.0
042_shared_task_rollout2.json,records.0.predicted_task_error_after_receipts,0.22559999999999997,0.2256,2.7755575615628914e-17,1.0
042_shared_task_rollout2.json,records.3.predicted_task_error_after_receipts,0.23325599999999996,0.233256,2.7755575615628914e-17,1.0
043_shared_task_rollout2.json,records.6.predicted_task_error_after_receipts,0.11999999999999998,0.12,1.3877787807814457e-17,1.0
044_shared_task_rollout2.json,records.0.predicted_task_error_after_receipts,0.23008799999999996,0.23008800000000001,5.551115123125783e-17,2.0
044_shared_task_rollout2.json,records.1.predicted_task_error_after_receipts,0.38036428108799997,0.3803642810879999,5.551115123125783e-17,1.0
044_shared_task_rollout2.json,records.7.predicted_task_error_after_receipts,0.4998906831667199,0.49989068316672,5.551115123125783e-17,1.0
045_shared_task_rollout2.json,records.0.predicted_task_error_after_receipts,0.27166799999999997,0.271668,5.551115123125783e-17,1.0
045_shared_task_rollout2.json,records.6.predicted_task_error_after_receipts,0.253762230528,0.25376223052799995,5.551115123125783e-17,1.0
045_shared_task_rollout2.json,records.7.predicted_task_error_after_receipts,0.36304152738424006,0.3630415273842401,5.551115123125783e-17,1.0
046_shared_task_rollout2.json,records.1.predicted_task_error_after_receipts,0.04077151795199999,0.040771517951999986,6.938893903907228e-18,1.0
046_shared_task_rollout2.json,records.4.predicted_task_error_after_receipts,0.0650430181886101,0.06504301818861011,1.3877787807814457e-17,1.0
047_shared_task_rollout2.json,records.0.predicted_task_error_after_receipts,0.18434999999999999,0.18435,2.7755575615628914e-17,1.0
047_shared_task_rollout2.json,records.1.predicted_task_error_after_receipts,0.31271855999999987,0.31271856,1.1102230246251565e-16,2.0
047_shared_task_rollout2.json,records.4.predicted_task_error_after_receipts,0.305856,0.30585599999999996,5.551115123125783e-17,1.0
047_shared_task_rollout2.json,records.6.predicted_task_error_after_receipts,0.18434999999999999,0.18435,2.7755575615628914e-17,1.0
047_shared_task_rollout2.json,records.7.predicted_task_error_after_receipts,0.3127185599999999,0.31271856,5.551115123125783e-17,1.0
048_shared_task_rollout2.json,records.0.predicted_task_error_after_receipts,0.18434999999999999,0.18435,2.7755575615628914e-17,1.0
048_shared_task_rollout2.json,records.1.predicted_task_error_after_receipts,0.31271855999999987,0.31271856,1.1102230246251565e-16,2.0
048_shared_task_rollout2.json,records.3.predicted_task_error_after_receipts,0.0220818912,0.022081891199999995,3.469446951953614e-18,1.0
048_shared_task_rollout2.json,records.7.predicted_task_error_after_receipts,0.07350276094560976,0.07350276094560977,1.3877787807814457e-17,1.0
049_shared_task_rollout2.json,records.6.predicted_task_error_after_receipts,0.11999999999999998,0.12,1.3877787807814457e-17,1.0
050_shared_task_rollout2.json,records.5.predicted_task_error_after_receipts,0.24897128639999996,0.2489712864,2.7755575615628914e-17,1.0
050_shared_task_rollout2.json,records.6.predicted_task_error_after_receipts,0.4944076066947071,0.49440760669470707,5.551115123125783e-17,1.0
052_shared_task_rollout2.json,records.1.predicted_task_error_after_receipts,0.3114732656639999,0.31147326566399997,5.551115123125783e-17,1.0
052_shared_task_rollout2.json,records.4.predicted_task_error_after_receipts,0.26911764000000005,0.26911764,5.551115123125783e-17,1.0
053_shared_task_rollout2.json,records.0.predicted_task_error_after_receipts,0.22559999999999997,0.2256,2.7755575615628914e-17,1.0
053_shared_task_rollout2.json,records.4.predicted_task_error_after_receipts,0.11999999999999998,0.11999999999999997,1.3877787807814457e-17,1.0
054_shared_task_rollout2.json,records.2.predicted_task_error_after_receipts,0.050055766753075194,0.05005576675307519,6.938893903907228e-18,1.0
054_shared_task_rollout2.json,records.5.predicted_task_error_after_receipts,0.06841520724412951,0.0684152072441295,1.3877787807814457e-17,1.0
054_shared_task_rollout2.json,records.7.predicted_task_error_after_receipts,0.07362343583616802,0.07362343583616804,1.3877787807814457e-17,1.0
055_shared_task_rollout2.json,records.4.predicted_task_error_after_receipts,0.3441084288,0.3441084287999999,5.551115123125783e-17,1.0
055_shared_task_rollout2.json,records.7.predicted_task_error_after_receipts,0.43825005234832587,0.4382500523483258,5.551115123125783e-17,1.0
056_shared_task_rollout2.json,records.3.predicted_task_error_after_receipts,0.026257129151999997,0.026257129152,3.469446951953614e-18,1.0
056_shared_task_rollout2.json,records.4.predicted_task_error_after_receipts,0.36304152738424006,0.3630415273842401,5.551115123125783e-17,1.0
056_shared_task_rollout2.json,records.7.predicted_task_error_after_receipts,0.1552987008,0.15529870079999997,2.7755575615628914e-17,1.0
057_shared_task_rollout2.json,records.1.predicted_task_error_after_receipts,0.3114732656639999,0.31147326566399997,5.551115123125783e-17,1.0
058_shared_task_rollout2.json,records.6.predicted_task_error_after_receipts,0.2112,0.21119999999999997,2.7755575615628914e-17,1.0
059_shared_task_rollout2.json,records.4.predicted_task_error_after_receipts,0.34779102719999994,0.3477910272,5.551115123125783e-17,1.0
059_shared_task_rollout2.json,records.6.predicted_task_error_after_receipts,0.38817625731072003,0.38817625731072,5.551115123125783e-17,1.0
060_shared_task_rollout2.json,records.1.predicted_task_error_after_receipts,0.45526936012799996,0.4552693601279999,5.551115123125783e-17,1.0
060_shared_task_rollout2.json,records.7.predicted_task_error_after_receipts,0.43053764968980474,0.4305376496898048,5.551115123125783e-17,1.0
061_shared_task_rollout2.json,records.3.predicted_task_error_after_receipts,0.319840544448,0.3198405444479999,5.551115123125783e-17,1.0
061_shared_task_rollout2.json,records.6.predicted_task_error_after_receipts,0.26954748,0.26954747999999995,5.551115123125783e-17,1.0
062_shared_task_rollout2.json,records.1.predicted_task_error_after_receipts,0.3114732656639999,0.31147326566399997,5.551115123125783e-17,1.0
062_shared_task_rollout2.json,records.2.predicted_task_error_after_receipts,0.16671361132799997,0.166713611328,2.7755575615628914e-17,1.0
062_shared_task_rollout2.json,records.7.predicted_task_error_after_receipts,0.12000000000000001,0.12,1.3877787807814457e-17,1.0
063_shared_task_rollout2.json,records.4.predicted_task_error_after_receipts,0.4324678656,0.43246786559999995,5.551115123125783e-17,1.0
063_shared_task_rollout2.json,records.6.predicted_task_error_after_receipts,0.22560000000000002,0.2256,2.7755575615628914e-17,1.0
063_shared_task_rollout2.json,records.7.predicted_task_error_after_receipts,0.37779456,0.37779455999999995,5.551115123125783e-17,1.0
000_shared_task_myopic.json,records.3.predicted_task_error_after_receipts,0.30585599999999996,0.305856,5.551115123125783e-17,1.0
000_shared_task_myopic.json,records.4.predicted_task_error_after_receipts,0.4324678655999999,0.43246786559999995,5.551115123125783e-17,1.0
000_shared_task_myopic.json,records.7.predicted_task_error_after_receipts,0.626221994484554,0.6262219944845541,1.1102230246251565e-16,1.0
001_shared_task_myopic.json,records.3.predicted_task_error_after_receipts,0.22559999999999997,0.2256,2.7755575615628914e-17,1.0
001_shared_task_myopic.json,records.7.predicted_task_error_after_receipts,0.60715150886915,0.6071515088691501,1.1102230246251565e-16,1.0
003_shared_task_myopic.json,records.3.predicted_task_error_after_receipts,0.11999999999999998,0.11999999999999997,1.3877787807814457e-17,1.0
003_shared_task_myopic.json,records.5.predicted_task_error_after_receipts,0.4851843223422195,0.48518432234221953,5.551115123125783e-17,1.0
004_shared_task_myopic.json,records.0.predicted_task_error_after_receipts,0.073446,0.07344600000000001,1.3877787807814457e-17,1.0
005_shared_task_myopic.json,records.2.predicted_task_error_after_receipts,0.26861087999999994,0.26861088,5.551115123125783e-17,1.0
005_shared_task_myopic.json,records.6.predicted_task_error_after_receipts,0.19523690103348249,0.1952369010334825,2.7755575615628914e-17,1.0
005_shared_task_myopic.json,records.7.predicted_task_error_after_receipts,0.5976938365824775,0.5976938365824777,1.1102230246251565e-16,1.0
007_shared_task_myopic.json,records.2.predicted_task_error_after_receipts,0.26954747999999995,0.26954748,5.551115123125783e-17,1.0
007_shared_task_myopic.json,records.4.predicted_task_error_after_receipts,0.38575842327828475,0.3857584232782848,5.551115123125783e-17,1.0
007_shared_task_myopic.json,records.6.predicted_task_error_after_receipts,0.5456481060868875,0.5456481060868876,1.1102230246251565e-16,1.0
008_shared_task_myopic.json,records.6.predicted_task_error_after_receipts,0.657586951514607,0.6575869515146069,1.1102230246251565e-16,1.0
008_shared_task_myopic.json,records.7.predicted_task_error_after_receipts,0.6949536987377852,0.6949536987377853,1.1102230246251565e-16,1.0
009_shared_task_myopic.json,records.0.predicted_task_error_after_receipts,0.073446,0.07344600000000001,1.3877787807814457e-17,1.0
009_shared_task_myopic.json,records.3.predicted_task_error_after_receipts,0.1003999909471273,0.10039999094712729,1.3877787807814457e-17,1.0
010_shared_task_myopic.json,records.7.predicted_task_error_after_receipts,0.531008975114557,0.5310089751145569,1.1102230246251565e-16,1.0
011_shared_task_myopic.json,records.7.predicted_task_error_after_receipts,0.7262921729249748,0.7262921729249747,1.1102230246251565e-16,1.0
012_shared_task_myopic.json,records.4.predicted_task_error_after_receipts,0.21119999999999997,0.2112,2.7755575615628914e-17,1.0
013_shared_task_myopic.json,records.2.predicted_task_error_after_receipts,0.14903999999999998,0.14904,2.7755575615628914e-17,1.0
013_shared_task_myopic.json,records.3.predicted_task_error_after_receipts,0.24855059500799997,0.248550595008,2.7755575615628914e-17,1.0
013_shared_task_myopic.json,records.4.predicted_task_error_after_receipts,0.32192767449926857,0.3219276744992685,5.551115123125783e-17,1.0
013_shared_task_myopic.json,records.6.predicted_task_error_after_receipts,0.4172753352365527,0.41727533523655264,5.551115123125783e-17,1.0
013_shared_task_myopic.json,records.7.predicted_task_error_after_receipts,0.4479130186818124,0.4479130186818123,5.551115123125783e-17,1.0
014_shared_task_myopic.json,records.2.predicted_task_error_after_receipts,0.052061063616,0.05206106361599999,6.938893903907228e-18,1.0
014_shared_task_myopic.json,records.4.predicted_task_error_after_receipts,0.17905246450780327,0.17905246450780324,2.7755575615628914e-17,1.0
015_shared_task_myopic.json,records.4.predicted_task_error_after_receipts,0.3460351056,0.34603510559999995,5.551115123125783e-17,1.0
015_shared_task_myopic.json,records.6.predicted_task_error_after_receipts,0.4848440597014978,0.48484405970149785,5.551115123125783e-17,1.0
015_shared_task_myopic.json,records.7.predicted_task_error_after_receipts,0.5273945478890252,0.5273945478890251,1.1102230246251565e-16,1.0
016_shared_task_myopic.json,records.6.predicted_task_error_after_receipts,0.6685939404317978,0.6685939404317977,1.1102230246251565e-16,1.0
016_shared_task_myopic.json,records.7.predicted_task_error_after_receipts,0.7067905277287962,0.7067905277287961,1.1102230246251565e-16,1.0
018_shared_task_myopic.json,records.3.predicted_task_error_after_receipts,0.16717395614638078,0.1671739561463808,2.7755575615628914e-17,1.0
019_shared_task_myopic.json,records.3.predicted_task_error_after_receipts,0.4100059968,0.41000599679999994,5.551115123125783e-17,1.0
019_shared_task_myopic.json,records.6.predicted_task_error_after_receipts,0.6685939404317978,0.6685939404317977,1.1102230246251565e-16,1.0
019_shared_task_myopic.json,records.7.predicted_task_error_after_receipts,0.706790527728796,0.7067905277287961,1.1102230246251565e-16,1.0
020_shared_task_myopic.json,records.0.predicted_task_error_after_receipts,0.023475,0.023475000000000003,3.469446951953614e-18,1.0
020_shared_task_myopic.json,records.2.predicted_task_error_after_receipts,0.052061063616,0.05206106361599999,6.938893903907228e-18,1.0
020_shared_task_myopic.json,records.5.predicted_task_error_after_receipts,0.2678422127513715,0.26784221275137143,5.551115123125783e-17,1.0
020_shared_task_myopic.json,records.6.predicted_task_error_after_receipts,0.6900315741734168,0.6900315741734167,1.1102230246251565e-16,1.0
021_shared_task_myopic.json,records.3.predicted_task_error_after_receipts,0.30585599999999996,0.305856,5.551115123125783e-17,1.0
023_shared_task_myopic.json,records.3.predicted_task_error_after_receipts,0.16717395614638078,0.1671739561463808,2.7755575615628914e-17,1.0
023_shared_task_myopic.json,records.6.predicted_task_error_after_receipts,0.6023473555251501,0.6023473555251502,1.1102230246251565e-16,1.0
023_shared_task_myopic.json,records.7.predicted_task_error_after_receipts,0.6407155635522612,0.6407155635522611,1.1102230246251565e-16,1.0
024_shared_task_myopic.json,records.6.predicted_task_error_after_receipts,0.6685939404317978,0.6685939404317977,1.1102230246251565e-16,1.0
024_shared_task_myopic.json,records.7.predicted_task_error_after_receipts,0.7067905277287962,0.7067905277287961,1.1102230246251565e-16,1.0
025_shared_task_myopic.json,records.0.predicted_task_error_after_receipts,0.073446,0.07344600000000001,1.3877787807814457e-17,1.0
025_shared_task_myopic.json,records.3.predicted_task_error_after_receipts,0.1003999909471273,0.10039999094712729,1.3877787807814457e-17,1.0
025_shared_task_myopic.json,records.6.predicted_task_error_after_receipts,0.07349968545474969,0.0734996854547497,1.3877787807814457e-17,1.0
025_shared_task_myopic.json,records.7.predicted_task_error_after_receipts,0.1217140415642878,0.12171404156428782,1.3877787807814457e-17,1.0
026_shared_task_myopic.json,records.3.predicted_task_error_after_receipts,0.23325599999999996,0.233256,2.7755575615628914e-17,1.0
027_shared_task_myopic.json,records.3.predicted_task_error_after_receipts,0.26861087999999994,0.26861088,5.551115123125783e-17,1.0
028_shared_task_myopic.json,records.2.predicted_task_error_after_receipts,0.174225,0.17422500000000002,2.7755575615628914e-17,1.0
029_shared_task_myopic.json,records.3.predicted_task_error_after_receipts,0.4100059968,0.41000599679999994,5.551115123125783e-17,1.0
029_shared_task_myopic.json,records.6.predicted_task_error_after_receipts,0.6685939404317978,0.6685939404317977,1.1102230246251565e-16,1.0
029_shared_task_myopic.json,records.7.predicted_task_error_after_receipts,0.706790527728796,0.7067905277287961,1.1102230246251565e-16,1.0
030_shared_task_myopic.json,records.2.predicted_task_error_after_receipts,0.052061063616,0.05206106361599999,6.938893903907228e-18,1.0
030_shared_task_myopic.json,records.4.predicted_task_error_after_receipts,0.17905246450780327,0.17905246450780324,2.7755575615628914e-17,1.0
030_shared_task_myopic.json,records.5.predicted_task_error_after_receipts,0.6035883877538796,0.6035883877538795,1.1102230246251565e-16,1.0
030_shared_task_myopic.json,records.6.predicted_task_error_after_receipts,0.655041726461986,0.6550417264619859,1.1102230246251565e-16,1.0
030_shared_task_myopic.json,records.7.predicted_task_error_after_receipts,0.6917437496487042,0.6917437496487043,1.1102230246251565e-16,1.0
031_shared_task_myopic.json,records.4.predicted_task_error_after_receipts,0.524764407877632,0.5247644078776319,1.1102230246251565e-16,1.0
032_shared_task_myopic.json,records.3.predicted_task_error_after_receipts,0.23325599999999996,0.233256,2.7755575615628914e-17,1.0
032_shared_task_myopic.json,records.6.predicted_task_error_after_receipts,0.4848440597014978,0.48484405970149785,5.551115123125783e-17,1.0
033_shared_task_myopic.json,records.7.predicted_task_error_after_receipts,0.6082992905723289,0.608299290572329,1.1102230246251565e-16,1.0
034_shared_task_myopic.json,records.5.predicted_task_error_after_receipts,0.6139014428299653,0.6139014428299654,1.1102230246251565e-16,1.0
035_shared_task_myopic.json,records.5.predicted_task_error_after_receipts,0.40991747360218816,0.4099174736021882,5.551115123125783e-17,1.0
035_shared_task_myopic.json,records.7.predicted_task_error_after_receipts,0.42677402714112,0.42677402714112006,5.551115123125783e-17,1.0
036_shared_task_myopic.json,records.0.predicted_task_error_after_receipts,0.073446,0.07344600000000001,1.3877787807814457e-17,1.0
036_shared_task_myopic.json,records.3.predicted_task_error_after_receipts,0.1003999909471273,0.10039999094712729,1.3877787807814457e-17,1.0
037_shared_task_myopic.json,records.3.predicted_task_error_after_receipts,0.23325599999999996,0.233256,2.7755575615628914e-17,1.0
037_shared_task_myopic.json,records.5.predicted_task_error_after_receipts,0.42659477139456004,0.42659477139456,5.551115123125783e-17,1.0
038_shared_task_myopic.json,records.3.predicted_task_error_after_receipts,0.22559999999999997,0.2256,2.7755575615628914e-17,1.0
038_shared_task_myopic.json,records.7.predicted_task_error_after_receipts,0.60715150886915,0.6071515088691501,1.1102230246251565e-16,1.0
039_shared_task_myopic.json,records.5.predicted_task_error_after_receipts,0.6139014428299653,0.6139014428299654,1.1102230246251565e-16,1.0
040_shared_task_myopic.json,records.3.predicted_task_error_after_receipts,0.3356631744,0.33566317439999993,5.551115123125783e-17,1.0
040_shared_task_myopic.json,records.4.predicted_task_error_after_receipts,0.4514345011749888,0.45143450117498884,5.551115123125783e-17,1.0
041_shared_task_myopic.json,records.1.predicted_task_error_after_receipts,0.04077151795199999,0.040771517951999986,6.938893903907228e-18,1.0
042_shared_task_myopic.json,records.3.predicted_task_error_after_receipts,0.23325599999999996,0.233256,2.7755575615628914e-17,1.0
042_shared_task_myopic.json,records.5.predicted_task_error_after_receipts,0.20979541674540456,0.20979541674540453,2.7755575615628914e-17,1.0
042_shared_task_myopic.json,records.7.predicted_task_error_after_receipts,0.23160626525518122,0.23160626525518124,2.7755575615628914e-17,1.0
044_shared_task_myopic.json,records.2.predicted_task_error_after_receipts,0.31759871999999995,0.31759872,5.551115123125783e-17,1.0
044_shared_task_myopic.json,records.4.predicted_task_error_after_receipts,0.4855147189174272,0.48551471891742726,5.551115123125783e-17,1.0
044_shared_task_myopic.json,records.5.predicted_task_error_after_receipts,0.5844430391820382,0.5844430391820383,1.1102230246251565e-16,1.0
044_shared_task_myopic.json,records.6.predicted_task_error_after_receipts,0.6514334290440441,0.651433429044044,1.1102230246251565e-16,1.0
044_shared_task_myopic.json,records.7.predicted_task_error_after_receipts,0.6978080045484396,0.6978080045484395,1.1102230246251565e-16,1.0
045_shared_task_myopic.json,records.3.predicted_task_error_after_receipts,0.4100059968,0.41000599679999994,5.551115123125783e-17,1.0
045_shared_task_myopic.json,records.6.predicted_task_error_after_receipts,0.6685939404317978,0.6685939404317977,1.1102230246251565e-16,1.0
045_shared_task_myopic.json,records.7.predicted_task_error_after_receipts,0.706790527728796,0.7067905277287961,1.1102230246251565e-16,1.0
046_shared_task_myopic.json,records.1.predicted_task_error_after_receipts,0.04077151795199999,0.040771517951999986,6.938893903907228e-18,1.0
046_shared_task_myopic.json,records.4.predicted_task_error_after_receipts,0.0650430181886101,0.06504301818861011,1.3877787807814457e-17,1.0
047_shared_task_myopic.json,records.3.predicted_task_error_after_receipts,0.30585599999999996,0.305856,5.551115123125783e-17,1.0
047_shared_task_myopic.json,records.6.predicted_task_error_after_receipts,0.5820587646383554,0.5820587646383555,1.1102230246251565e-16,1.0
048_shared_task_myopic.json,records.2.predicted_task_error_after_receipts,0.01995,0.019950000000000002,3.469446951953614e-18,1.0
048_shared_task_myopic.json,records.6.predicted_task_error_after_receipts,0.1890339679924173,0.18903396799241728,2.7755575615628914e-17,1.0
052_shared_task_myopic.json,records.3.predicted_task_error_after_receipts,0.21146516966400003,0.21146516966399997,5.551115123125783e-17,2.0
052_shared_task_myopic.json,records.5.predicted_task_error_after_receipts,0.4115853964838673,0.41158539648386727,5.551115123125783e-17,1.0
052_shared_task_myopic.json,records.7.predicted_task_error_after_receipts,0.7248457628527923,0.7248457628527925,1.1102230246251565e-16,1.0
054_shared_task_myopic.json,records.2.predicted_task_error_after_receipts,0.050055766753075194,0.05005576675307519,6.938893903907228e-18,1.0
054_shared_task_myopic.json,records.5.predicted_task_error_after_receipts,0.06841520724412951,0.0684152072441295,1.3877787807814457e-17,1.0
054_shared_task_myopic.json,records.7.predicted_task_error_after_receipts,0.07362343583616802,0.07362343583616804,1.3877787807814457e-17,1.0
055_shared_task_myopic.json,records.2.predicted_task_error_after_receipts,0.174225,0.17422500000000002,2.7755575615628914e-17,1.0
055_shared_task_myopic.json,records.3.predicted_task_error_after_receipts,0.3441084288,0.3441084287999999,5.551115123125783e-17,1.0
055_shared_task_myopic.json,records.6.predicted_task_error_after_receipts,0.5879398934277483,0.5879398934277482,1.1102230246251565e-16,1.0
056_shared_task_myopic.json,records.3.predicted_task_error_after_receipts,0.25904895206399997,0.2590489520639999,5.551115123125783e-17,1.0
056_shared_task_myopic.json,records.6.predicted_task_error_after_receipts,0.6645385413288433,0.6645385413288432,1.1102230246251565e-16,1.0
057_shared_task_myopic.json,records.2.predicted_task_error_after_receipts,0.0443529312,0.044352931199999994,6.938893903907228e-18,1.0
057_shared_task_myopic.json,records.4.predicted_task_error_after_receipts,0.18434999999999999,0.18434999999999996,2.7755575615628914e-17,1.0
057_shared_task_myopic.json,records.5.predicted_task_error_after_receipts,0.3127185599999999,0.31271856,5.551115123125783e-17,1.0
057_shared_task_myopic.json,records.6.predicted_task_error_after_receipts,0.40349912025599993,0.403499120256,5.551115123125783e-17,1.0
058_shared_task_myopic.json,records.4.predicted_task_error_after_receipts,0.37322373119999985,0.37322373119999996,1.1102230246251565e-16,2.0
059_shared_task_myopic.json,records.5.predicted_task_error_after_receipts,0.6038227577782368,0.6038227577782367,1.1102230246251565e-16,1.0
059_shared_task_myopic.json,records.7.predicted_task_error_after_receipts,0.4840478439074704,0.48404784390747035,5.551115123125783e-17,1.0
061_shared_task_myopic.json,records.3.predicted_task_error_after_receipts,0.34471260479999993,0.3447126048,5.551115123125783e-17,1.0
061_shared_task_myopic.json,records.7.predicted_task_error_after_receipts,0.6213314668936673,0.6213314668936671,1.1102230246251565e-16,1.0
062_shared_task_myopic.json,records.4.predicted_task_error_after_receipts,0.2112,0.21119999999999997,2.7755575615628914e-17,1.0
062_shared_task_myopic.json,records.6.predicted_task_error_after_receipts,0.33318912000000006,0.33318912,5.551115123125783e-17,1.0
063_shared_task_myopic.json,records.4.predicted_task_error_after_receipts,0.4324678656,0.43246786559999995,5.551115123125783e-17,1.0
063_shared_task_myopic.json,records.6.predicted_task_error_after_receipts,0.5820587646383554,0.5820587646383555,1.1102230246251565e-16,1.0
000_shared_single_effect_exact.json,records.0.predicted_task_error_after_receipts,0.22559999999999997,0.2256,2.7755575615628914e-17,1.0
000_shared_single_effect_exact.json,records.2.predicted_task_error_after_receipts,0.22559999999999997,0.2256,2.7755575615628914e-17,1.0
000_shared_single_effect_exact.json,records.5.predicted_task_error_after_receipts,0.22559999999999997,0.2256,2.7755575615628914e-17,1.0
001_shared_single_effect_exact.json,records.5.predicted_task_error_after_receipts,0.22560000000000002,0.2256,2.7755575615628914e-17,1.0
001_shared_single_effect_exact.json,records.7.predicted_task_error_after_receipts,0.36685056000000005,0.36685056,5.551115123125783e-17,1.0
004_shared_single_effect_exact.json,records.0.predicted_task_error_after_receipts,0.073446,0.07344600000000001,1.3877787807814457e-17,1.0
004_shared_single_effect_exact.json,records.6.predicted_task_error_after_receipts,0.37825059532800004,0.378250595328,5.551115123125783e-17,1.0
005_shared_single_effect_exact.json,records.1.predicted_task_error_after_receipts,0.38036428108799997,0.3803642810879999,5.551115123125783e-17,1.0
005_shared_single_effect_exact.json,records.3.predicted_task_error_after_receipts,0.26031192767999994,0.26031192768,5.551115123125783e-17,1.0
005_shared_single_effect_exact.json,records.6.predicted_task_error_after_receipts,0.035443281305382913,0.03544328130538291,6.938893903907228e-18,1.0
006_shared_single_effect_exact.json,records.6.predicted_task_error_after_receipts,0.3300827519999999,0.330082752,5.551115123125783e-17,1.0
008_shared_single_effect_exact.json,records.1.predicted_task_error_after_receipts,0.43404104831999996,0.4340410483199999,5.551115123125783e-17,1.0
008_shared_single_effect_exact.json,records.6.predicted_task_error_after_receipts,0.24760079999999998,0.24760079999999995,2.7755575615628914e-17,1.0
008_shared_single_effect_exact.json,records.7.predicted_task_error_after_receipts,0.3684830934527999,0.36848309345279995,5.551115123125783e-17,1.0
009_shared_single_effect_exact.json,records.0.predicted_task_error_after_receipts,0.073446,0.07344600000000001,1.3877787807814457e-17,1.0
009_shared_single_effect_exact.json,records.3.predicted_task_error_after_receipts,0.1003999909471273,0.10039999094712729,1.3877787807814457e-17,1.0
010_shared_single_effect_exact.json,records.1.predicted_task_error_after_receipts,0.3127185599999999,0.31271856,5.551115123125783e-17,1.0
010_shared_single_effect_exact.json,records.7.predicted_task_error_after_receipts,0.24608084928430074,0.24608084928430077,2.7755575615628914e-17,1.0
011_shared_single_effect_exact.json,records.6.predicted_task_error_after_receipts,0.433968604913664,0.43396860491366396,5.551115123125783e-17,1.0
011_shared_single_effect_exact.json,records.7.predicted_task_error_after_receipts,0.49128621825296775,0.4912862182529677,5.551115123125783e-17,1.0
013_shared_single_effect_exact.json,records.0.predicted_task_error_after_receipts,0.27166799999999997,0.271668,5.551115123125783e-17,1.0
013_shared_single_effect_exact.json,records.2.predicted_task_error_after_receipts,0.26670797796863993,0.26670797796864,5.551115123125783e-17,1.0
014_shared_single_effect_exact.json,records.0.predicted_task_error_after_receipts,0.14065799999999998,0.140658,2.7755575615628914e-17,1.0
014_shared_single_effect_exact.json,records.7.predicted_task_error_after_receipts,0.24903355175131997,0.24903355175131994,2.7755575615628914e-17,1.0
015_shared_single_effect_exact.json,records.0.predicted_task_error_after_receipts,0.22559999999999997,0.2256,2.7755575615628914e-17,1.0
015_shared_single_effect_exact.json,records.3.predicted_task_error_after_receipts,0.3127185599999999,0.31271856,5.551115123125783e-17,1.0
015_shared_single_effect_exact.json,records.5.predicted_task_error_after_receipts,0.18434999999999999,0.18435,2.7755575615628914e-17,1.0
016_shared_single_effect_exact.json,records.0.predicted_task_error_after_receipts,0.22559999999999997,0.2256,2.7755575615628914e-17,1.0
016_shared_single_effect_exact.json,records.7.predicted_task_error_after_receipts,0.34211671679999994,0.3421167168,5.551115123125783e-17,1.0
017_shared_single_effect_exact.json,records.6.predicted_task_error_after_receipts,0.11999999999999998,0.12,1.3877787807814457e-17,1.0
019_shared_single_effect_exact.json,records.0.predicted_task_error_after_receipts,0.27166799999999997,0.271668,5.551115123125783e-17,1.0
019_shared_single_effect_exact.json,records.4.predicted_task_error_after_receipts,0.4100059968,0.41000599679999994,5.551115123125783e-17,1.0
019_shared_single_effect_exact.json,records.6.predicted_task_error_after_receipts,0.34211671679999994,0.3421167168,5.551115123125783e-17,1.0
021_shared_single_effect_exact.json,records.0.predicted_task_error_after_receipts,0.22559999999999997,0.2256,2.7755575615628914e-17,1.0
021_shared_single_effect_exact.json,records.2.predicted_task_error_after_receipts,0.22559999999999997,0.2256,2.7755575615628914e-17,1.0
021_shared_single_effect_exact.json,records.7.predicted_task_error_after_receipts,0.4823370178559999,0.48233701785599997,5.551115123125783e-17,1.0
022_shared_single_effect_exact.json,records.6.predicted_task_error_after_receipts,0.11999999999999998,0.12,1.3877787807814457e-17,1.0
023_shared_single_effect_exact.json,records.6.predicted_task_error_after_receipts,0.22560000000000002,0.2256,2.7755575615628914e-17,1.0
024_shared_single_effect_exact.json,records.6.predicted_task_error_after_receipts,0.34211671679999994,0.3421167168,5.551115123125783e-17,1.0
024_shared_single_effect_exact.json,records.7.predicted_task_error_after_receipts,0.4857300559085567,0.4857300559085568,5.551115123125783e-17,1.0
025_shared_single_effect_exact.json,records.0.predicted_task_error_after_receipts,0.073446,0.07344600000000001,1.3877787807814457e-17,1.0
025_shared_single_effect_exact.json,records.3.predicted_task_error_after_receipts,0.1003999909471273,0.10039999094712729,1.3877787807814457e-17,1.0
026_shared_single_effect_exact.json,records.3.predicted_task_error_after_receipts,0.18434999999999999,0.18435,2.7755575615628914e-17,1.0
028_shared_single_effect_exact.json,records.1.predicted_task_error_after_receipts,0.38142763084799997,0.3814276308479999,5.551115123125783e-17,1.0
028_shared_single_effect_exact.json,records.6.predicted_task_error_after_receipts,0.26954747999999995,0.26954748,5.551115123125783e-17,1.0
028_shared_single_effect_exact.json,records.7.predicted_task_error_after_receipts,0.40505969864448,0.40505969864447994,5.551115123125783e-17,1.0
029_shared_single_effect_exact.json,records.0.predicted_task_error_after_receipts,0.27166799999999997,0.271668,5.551115123125783e-17,1.0
029_shared_single_effect_exact.json,records.4.predicted_task_error_after_receipts,0.41979342719999996,0.4197934271999999,5.551115123125783e-17,1.0
029_shared_single_effect_exact.json,records.6.predicted_task_error_after_receipts,0.34211671679999994,0.3421167168,5.551115123125783e-17,1.0
030_shared_single_effect_exact.json,records.0.predicted_task_error_after_receipts,0.14065799999999998,0.140658,2.7755575615628914e-17,1.0
030_shared_single_effect_exact.json,records.6.predicted_task_error_after_receipts,0.38800251474788344,0.3880025147478835,5.551115123125783e-17,1.0
030_shared_single_effect_exact.json,records.7.predicted_task_error_after_receipts,0.5076269759316081,0.507626975931608,1.1102230246251565e-16,1.0
031_shared_single_effect_exact.json,records.2.predicted_task_error_after_receipts,0.3300827519999999,0.330082752,5.551115123125783e-17,1.0
031_shared_single_effect_exact.json,records.5.predicted_task_error_after_receipts,0.30263519999999994,0.3026352,5.551115123125783e-17,1.0
032_shared_single_effect_exact.json,records.3.predicted_task_error_after_receipts,0.18434999999999999,0.18435,2.7755575615628914e-17,1.0
032_shared_single_effect_exact.json,records.7.predicted_task_error_after_receipts,0.22560000000000002,0.2256,2.7755575615628914e-17,1.0
034_shared_single_effect_exact.json,records.1.predicted_task_error_after_receipts,0.45526936012799996,0.4552693601279999,5.551115123125783e-17,1.0
034_shared_single_effect_exact.json,records.3.predicted_task_error_after_receipts,0.37825059532800004,0.378250595328,5.551115123125783e-17,1.0
035_shared_single_effect_exact.json,records.1.predicted_task_error_after_receipts,0.16844256,0.16844255999999996,2.7755575615628914e-17,1.0
035_shared_single_effect_exact.json,records.7.predicted_task_error_after_receipts,0.11999999999999998,0.12,1.3877787807814457e-17,1.0
036_shared_single_effect_exact.json,records.0.predicted_task_error_after_receipts,0.073446,0.07344600000000001,1.3877787807814457e-17,1.0
036_shared_single_effect_exact.json,records.3.predicted_task_error_after_receipts,0.1003999909471273,0.10039999094712729,1.3877787807814457e-17,1.0
036_shared_single_effect_exact.json,records.5.predicted_task_error_after_receipts,0.0268454777981952,0.026845477798195197,3.469446951953614e-18,1.0
036_shared_single_effect_exact.json,records.7.predicted_task_error_after_receipts,0.2664505728,0.26645057279999995,5.551115123125783e-17,1.0
037_shared_single_effect_exact.json,records.0.predicted_task_error_after_receipts,0.18434999999999999,0.18435,2.7755575615628914e-17,1.0
037_shared_single_effect_exact.json,records.1.predicted_task_error_after_receipts,0.31271855999999987,0.31271856,1.1102230246251565e-16,2.0
037_shared_single_effect_exact.json,records.7.predicted_task_error_after_receipts,0.41402445158930057,0.4140244515893005,5.551115123125783e-17,1.0
038_shared_single_effect_exact.json,records.3.predicted_task_error_after_receipts,0.22559999999999997,0.2256,2.7755575615628914e-17,1.0
038_shared_single_effect_exact.json,records.5.predicted_task_error_after_receipts,0.22560000000000002,0.2256,2.7755575615628914e-17,1.0
039_shared_single_effect_exact.json,records.3.predicted_task_error_after_receipts,0.37825059532800004,0.378250595328,5.551115123125783e-17,1.0
040_shared_single_effect_exact.json,records.1.predicted_task_error_after_receipts,0.38036428108799997,0.3803642810879999,5.551115123125783e-17,1.0
041_shared_single_effect_exact.json,records.1.predicted_task_error_after_receipts,0.04077151795199999,0.040771517951999986,6.938893903907228e-18,1.0
041_shared_single_effect_exact.json,records.6.predicted_task_error_after_receipts,0.18434999999999999,0.18435,2.7755575615628914e-17,1.0
041_shared_single_effect_exact.json,records.7.predicted_task_error_after_receipts,0.1287,0.12869999999999998,2.7755575615628914e-17,1.0
042_shared_single_effect_exact.json,records.0.predicted_task_error_after_receipts,0.22559999999999997,0.2256,2.7755575615628914e-17,1.0
042_shared_single_effect_exact.json,records.5.predicted_task_error_after_receipts,0.1003999909471273,0.10039999094712729,1.3877787807814457e-17,1.0
043_shared_single_effect_exact.json,records.6.predicted_task_error_after_receipts,0.11999999999999998,0.12,1.3877787807814457e-17,1.0
044_shared_single_effect_exact.json,records.0.predicted_task_error_after_receipts,0.23008799999999996,0.23008800000000001,5.551115123125783e-17,2.0
044_shared_single_effect_exact.json,records.1.predicted_task_error_after_receipts,0.38036428108799997,0.3803642810879999,5.551115123125783e-17,1.0
044_shared_single_effect_exact.json,records.4.predicted_task_error_after_receipts,0.38832030720000005,0.3883203072,5.551115123125783e-17,1.0
045_shared_single_effect_exact.json,records.0.predicted_task_error_after_receipts,0.27166799999999997,0.271668,5.551115123125783e-17,1.0
045_shared_single_effect_exact.json,records.7.predicted_task_error_after_receipts,0.3249456193493729,0.32494561934937294,5.551115123125783e-17,1.0
046_shared_single_effect_exact.json,records.1.predicted_task_error_after_receipts,0.04077151795199999,0.040771517951999986,6.938893903907228e-18,1.0
046_shared_single_effect_exact.json,records.4.predicted_task_error_after_receipts,0.02114998392608047,0.021149983926080466,3.469446951953614e-18,1.0
047_shared_single_effect_exact.json,records.0.predicted_task_error_after_receipts,0.18434999999999999,0.18435,2.7755575615628914e-17,1.0
047_shared_single_effect_exact.json,records.1.predicted_task_error_after_receipts,0.31271855999999987,0.31271856,1.1102230246251565e-16,2.0
047_shared_single_effect_exact.json,records.3.predicted_task_error_after_receipts,0.22559999999999997,0.2256,2.7755575615628914e-17,1.0
048_shared_single_effect_exact.json,records.0.predicted_task_error_after_receipts,0.18434999999999999,0.18435,2.7755575615628914e-17,1.0
048_shared_single_effect_exact.json,records.1.predicted_task_error_after_receipts,0.31271855999999987,0.31271856,1.1102230246251565e-16,2.0
048_shared_single_effect_exact.json,records.3.predicted_task_error_after_receipts,0.1003999909471273,0.10039999094712729,1.3877787807814457e-17,1.0
048_shared_single_effect_exact.json,records.7.predicted_task_error_after_receipts,0.07350276094560976,0.07350276094560977,1.3877787807814457e-17,1.0
049_shared_single_effect_exact.json,records.6.predicted_task_error_after_receipts,0.11999999999999998,0.12,1.3877787807814457e-17,1.0
050_shared_single_effect_exact.json,records.5.predicted_task_error_after_receipts,0.24897128639999996,0.2489712864,2.7755575615628914e-17,1.0
050_shared_single_effect_exact.json,records.6.predicted_task_error_after_receipts,0.4944076066947071,0.49440760669470707,5.551115123125783e-17,1.0
051_shared_single_effect_exact.json,records.1.predicted_task_error_after_receipts,0.16844256,0.16844255999999996,2.7755575615628914e-17,1.0
051_shared_single_effect_exact.json,records.2.predicted_task_error_after_receipts,0.30352907593728,0.30352907593727996,5.551115123125783e-17,1.0
051_shared_single_effect_exact.json,records.4.predicted_task_error_after_receipts,0.22560000000000005,0.2256,5.551115123125783e-17,2.0
051_shared_single_effect_exact.json,records.6.predicted_task_error_after_receipts,0.22560000000000002,0.2256,2.7755575615628914e-17,1.0
052_shared_single_effect_exact.json,records.4.predicted_task_error_after_receipts,0.21650752894463995,0.21650752894463998,2.7755575615628914e-17,1.0
053_shared_single_effect_exact.json,records.0.predicted_task_error_after_receipts,0.22559999999999997,0.2256,2.7755575615628914e-17,1.0
054_shared_single_effect_exact.json,records.1.predicted_task_error_after_receipts,0.04077151795199999,0.040771517951999986,6.938893903907228e-18,1.0
054_shared_single_effect_exact.json,records.4.predicted_task_error_after_receipts,0.02114998392608047,0.021149983926080466,3.469446951953614e-18,1.0
055_shared_single_effect_exact.json,records.3.predicted_task_error_after_receipts,0.329332865088,0.32933286508799997,5.551115123125783e-17,1.0
056_shared_single_effect_exact.json,records.2.predicted_task_error_after_receipts,0.0258172752,0.025817275199999996,3.469446951953614e-18,1.0
056_shared_single_effect_exact.json,records.6.predicted_task_error_after_receipts,0.22921826760176023,0.22921826760176026,2.7755575615628914e-17,1.0
057_shared_single_effect_exact.json,records.6.predicted_task_error_after_receipts,0.22559999999999997,0.2256,2.7755575615628914e-17,1.0
057_shared_single_effect_exact.json,records.7.predicted_task_error_after_receipts,0.3777945599999999,0.37779455999999995,5.551115123125783e-17,1.0
059_shared_single_effect_exact.json,records.4.predicted_task_error_after_receipts,0.34779102719999994,0.3477910272,5.551115123125783e-17,1.0
059_shared_single_effect_exact.json,records.6.predicted_task_error_after_receipts,0.38817625731072003,0.38817625731072,5.551115123125783e-17,1.0
060_shared_single_effect_exact.json,records.1.predicted_task_error_after_receipts,0.45526936012799996,0.4552693601279999,5.551115123125783e-17,1.0
060_shared_single_effect_exact.json,records.3.predicted_task_error_after_receipts,0.37825059532800004,0.378250595328,5.551115123125783e-17,1.0
060_shared_single_effect_exact.json,records.6.predicted_task_error_after_receipts,0.27581748,0.27581747999999995,5.551115123125783e-17,1.0
060_shared_single_effect_exact.json,records.7.predicted_task_error_after_receipts,0.4093310506444799,0.40933105064447994,5.551115123125783e-17,1.0
061_shared_single_effect_exact.json,records.2.predicted_task_error_after_receipts,0.2399660928,0.23996609279999997,2.7755575615628914e-17,1.0
061_shared_single_effect_exact.json,records.3.predicted_task_error_after_receipts,0.42302007016980475,0.4230200701698047,5.551115123125783e-17,1.0
061_shared_single_effect_exact.json,records.6.predicted_task_error_after_receipts,0.34471260479999993,0.3447126048,5.551115123125783e-17,1.0
062_shared_single_effect_exact.json,records.2.predicted_task_error_after_receipts,0.26670797796863993,0.26670797796864,5.551115123125783e-17,1.0
062_shared_single_effect_exact.json,records.4.predicted_task_error_after_receipts,0.12000000000000001,0.12,1.3877787807814457e-17,1.0
063_shared_single_effect_exact.json,records.5.predicted_task_error_after_receipts,0.22560000000000002,0.2256,2.7755575615628914e-17,1.0
000_shared_any_exact.json,records.0.predicted_task_error_after_receipts,0.22559999999999997,0.2256,2.7755575615628914e-17,1.0
000_shared_any_exact.json,records.1.predicted_task_error_after_receipts,0.37779456,0.37779455999999995,5.551115123125783e-17,1.0
000_shared_any_exact.json,records.3.predicted_task_error_after_receipts,0.22559999999999997,0.2256,2.7755575615628914e-17,1.0
000_shared_any_exact.json,records.4.predicted_task_error_after_receipts,0.3777945599999999,0.37779455999999995,5.551115123125783e-17,1.0
001_shared_any_exact.json,records.1.predicted_task_error_after_receipts,0.37779456,0.37779455999999995,5.551115123125783e-17,1.0
001_shared_any_exact.json,records.6.predicted_task_error_after_receipts,0.22560000000000002,0.2256,2.7755575615628914e-17,1.0
004_shared_any_exact.json,records.0.predicted_task_error_after_receipts,0.073446,0.07344600000000001,1.3877787807814457e-17,1.0
005_shared_any_exact.json,records.1.predicted_task_error_after_receipts,0.38036428108799997,0.3803642810879999,5.551115123125783e-17,1.0
006_shared_any_exact.json,records.6.predicted_task_error_after_receipts,0.3300827519999999,0.330082752,5.551115123125783e-17,1.0
007_shared_any_exact.json,records.3.predicted_task_error_after_receipts,0.174225,0.17422500000000002,2.7755575615628914e-17,1.0
007_shared_any_exact.json,records.4.predicted_task_error_after_receipts,0.3447126047999999,0.34471260479999993,5.551115123125783e-17,1.0
007_shared_any_exact.json,records.7.predicted_task_error_after_receipts,0.43053764968980474,0.4305376496898048,5.551115123125783e-17,1.0
008_shared_any_exact.json,records.1.predicted_task_error_after_receipts,0.43404104831999996,0.4340410483199999,5.551115123125783e-17,1.0
008_shared_any_exact.json,records.6.predicted_task_error_after_receipts,0.2664505728,0.26645057279999995,5.551115123125783e-17,1.0
009_shared_any_exact.json,records.0.predicted_task_error_after_receipts,0.073446,0.07344600000000001,1.3877787807814457e-17,1.0
009_shared_any_exact.json,records.3.predicted_task_error_after_receipts,0.01995,0.019950000000000002,3.469446951953614e-18,1.0
010_shared_any_exact.json,records.1.predicted_task_error_after_receipts,0.3127185599999999,0.31271856,5.551115123125783e-17,1.0
010_shared_any_exact.json,records.7.predicted_task_error_after_receipts,0.24608084928430074,0.24608084928430077,2.7755575615628914e-17,1.0
011_shared_any_exact.json,records.7.predicted_task_error_after_receipts,0.2664505728,0.26645057279999995,5.551115123125783e-17,1.0
013_shared_any_exact.json,records.0.predicted_task_error_after_receipts,0.27166799999999997,0.271668,5.551115123125783e-17,1.0
013_shared_any_exact.json,records.1.predicted_task_error_after_receipts,0.3114732656639999,0.31147326566399997,5.551115123125783e-17,1.0
013_shared_any_exact.json,records.7.predicted_task_error_after_receipts,0.24608084928430074,0.24608084928430077,2.7755575615628914e-17,1.0
014_shared_any_exact.json,records.0.predicted_task_error_after_receipts,0.14065799999999998,0.140658,2.7755575615628914e-17,1.0
014_shared_any_exact.json,records.7.predicted_task_error_after_receipts,0.24608084928430074,0.24608084928430077,2.7755575615628914e-17,1.0
015_shared_any_exact.json,records.0.predicted_task_error_after_receipts,0.22559999999999997,0.2256,2.7755575615628914e-17,1.0
015_shared_any_exact.json,records.4.predicted_task_error_after_receipts,0.3127185599999999,0.31271856,5.551115123125783e-17,1.0
015_shared_any_exact.json,records.6.predicted_task_error_after_receipts,0.18434999999999999,0.18435,2.7755575615628914e-17,1.0
016_shared_any_exact.json,records.0.predicted_task_error_after_receipts,0.22559999999999997,0.2256,2.7755575615628914e-17,1.0
016_shared_any_exact.json,records.7.predicted_task_error_after_receipts,0.34211671679999994,0.3421167168,5.551115123125783e-17,1.0
018_shared_any_exact.json,records.7.predicted_task_error_after_receipts,0.24608084928430074,0.24608084928430077,2.7755575615628914e-17,1.0
019_shared_any_exact.json,records.0.predicted_task_error_after_receipts,0.27166799999999997,0.271668,5.551115123125783e-17,1.0
019_shared_any_exact.json,records.4.predicted_task_error_after_receipts,0.4100059968,0.41000599679999994,5.551115123125783e-17,1.0
019_shared_any_exact.json,records.6.predicted_task_error_after_receipts,0.34211671679999994,0.3421167168,5.551115123125783e-17,1.0
021_shared_any_exact.json,records.0.predicted_task_error_after_receipts,0.22559999999999997,0.2256,2.7755575615628914e-17,1.0
021_shared_any_exact.json,records.1.predicted_task_error_after_receipts,0.37779456,0.37779455999999995,5.551115123125783e-17,1.0
021_shared_any_exact.json,records.3.predicted_task_error_after_receipts,0.22559999999999997,0.2256,2.7755575615628914e-17,1.0
021_shared_any_exact.json,records.4.predicted_task_error_after_receipts,0.3777945599999999,0.37779455999999995,5.551115123125783e-17,1.0
024_shared_any_exact.json,records.6.predicted_task_error_after_receipts,0.34211671679999994,0.3421167168,5.551115123125783e-17,1.0
024_shared_any_exact.json,records.7.predicted_task_error_after_receipts,0.4857300559085567,0.4857300559085568,5.551115123125783e-17,1.0
025_shared_any_exact.json,records.0.predicted_task_error_after_receipts,0.073446,0.07344600000000001,1.3877787807814457e-17,1.0
025_shared_any_exact.json,records.3.predicted_task_error_after_receipts,0.01995,0.019950000000000002,3.469446951953614e-18,1.0
026_shared_any_exact.json,records.3.predicted_task_error_after_receipts,0.18434999999999999,0.18435,2.7755575615628914e-17,1.0
026_shared_any_exact.json,records.4.predicted_task_error_after_receipts,0.3127185599999999,0.31271856,5.551115123125783e-17,1.0
028_shared_any_exact.json,records.1.predicted_task_error_after_receipts,0.38142763084799997,0.3814276308479999,5.551115123125783e-17,1.0
028_shared_any_exact.json,records.3.predicted_task_error_after_receipts,0.18434999999999999,0.18435,2.7755575615628914e-17,1.0
028_shared_any_exact.json,records.6.predicted_task_error_after_receipts,0.27581748,0.27581747999999995,5.551115123125783e-17,1.0
029_shared_any_exact.json,records.0.predicted_task_error_after_receipts,0.27166799999999997,0.271668,5.551115123125783e-17,1.0
029_shared_any_exact.json,records.4.predicted_task_error_after_receipts,0.41979342719999996,0.4197934271999999,5.551115123125783e-17,1.0
029_shared_any_exact.json,records.6.predicted_task_error_after_receipts,0.34211671679999994,0.3421167168,5.551115123125783e-17,1.0
030_shared_any_exact.json,records.0.predicted_task_error_after_receipts,0.14065799999999998,0.140658,2.7755575615628914e-17,1.0
030_shared_any_exact.json,records.6.predicted_task_error_after_receipts,0.3300827519999999,0.330082752,5.551115123125783e-17,1.0
031_shared_any_exact.json,records.1.predicted_task_error_after_receipts,0.37779456,0.37779455999999995,5.551115123125783e-17,1.0
031_shared_any_exact.json,records.6.predicted_task_error_after_receipts,0.3300827519999999,0.330082752,5.551115123125783e-17,1.0
032_shared_any_exact.json,records.3.predicted_task_error_after_receipts,0.18434999999999999,0.18435,2.7755575615628914e-17,1.0
032_shared_any_exact.json,records.4.predicted_task_error_after_receipts,0.3127185599999999,0.31271856,5.551115123125783e-17,1.0
032_shared_any_exact.json,records.6.predicted_task_error_after_receipts,0.22560000000000002,0.2256,2.7755575615628914e-17,1.0
033_shared_any_exact.json,records.4.predicted_task_error_after_receipts,0.34471260479999993,0.3447126048,5.551115123125783e-17,1.0
034_shared_any_exact.json,records.1.predicted_task_error_after_receipts,0.45526936012799996,0.4552693601279999,5.551115123125783e-17,1.0
036_shared_any_exact.json,records.0.predicted_task_error_after_receipts,0.073446,0.07344600000000001,1.3877787807814457e-17,1.0
036_shared_any_exact.json,records.6.predicted_task_error_after_receipts,0.2664505728,0.26645057279999995,5.551115123125783e-17,1.0
037_shared_any_exact.json,records.0.predicted_task_error_after_receipts,0.18434999999999999,0.18435,2.7755575615628914e-17,1.0
037_shared_any_exact.json,records.1.predicted_task_error_after_receipts,0.31271855999999987,0.31271856,1.1102230246251565e-16,2.0
037_shared_any_exact.json,records.4.predicted_task_error_after_receipts,0.3127185599999999,0.31271856,5.551115123125783e-17,1.0
038_shared_any_exact.json,records.3.predicted_task_error_after_receipts,0.22559999999999997,0.2256,2.7755575615628914e-17,1.0
038_shared_any_exact.json,records.6.predicted_task_error_after_receipts,0.22560000000000002,0.2256,2.7755575615628914e-17,1.0
039_shared_any_exact.json,records.4.predicted_task_error_after_receipts,0.41979342719999996,0.4197934271999999,5.551115123125783e-17,1.0
039_shared_any_exact.json,records.6.predicted_task_error_after_receipts,0.30481034879999996,0.3048103488,5.551115123125783e-17,1.0
039_shared_any_exact.json,records.7.predicted_task_error_after_receipts,0.42886010910842876,0.4288601091084287,5.551115123125783e-17,1.0
040_shared_any_exact.json,records.1.predicted_task_error_after_receipts,0.38036428108799997,0.3803642810879999,5.551115123125783e-17,1.0
040_shared_any_exact.json,records.3.predicted_task_error_after_receipts,0.174225,0.17422500000000002,2.7755575615628914e-17,1.0
040_shared_any_exact.json,records.4.predicted_task_error_after_receipts,0.3441084288,0.3441084287999999,5.551115123125783e-17,1.0
040_shared_any_exact.json,records.6.predicted_task_error_after_receipts,0.30481034879999996,0.3048103488,5.551115123125783e-17,1.0
040_shared_any_exact.json,records.7.predicted_task_error_after_receipts,0.42886010910842876,0.4288601091084287,5.551115123125783e-17,1.0
041_shared_any_exact.json,records.1.predicted_task_error_after_receipts,0.04077151795199999,0.040771517951999986,6.938893903907228e-18,1.0
041_shared_any_exact.json,records.4.predicted_task_error_after_receipts,0.3127185599999999,0.31271856,5.551115123125783e-17,1.0
041_shared_any_exact.json,records.6.predicted_task_error_after_receipts,0.18434999999999999,0.18435,2.7755575615628914e-17,1.0
042_shared_any_exact.json,records.0.predicted_task_error_after_receipts,0.22559999999999997,0.2256,2.7755575615628914e-17,1.0
042_shared_any_exact.json,records.1.predicted_task_error_after_receipts,0.37779456,0.37779455999999995,5.551115123125783e-17,1.0
044_shared_any_exact.json,records.0.predicted_task_error_after_receipts,0.23008799999999996,0.23008800000000001,5.551115123125783e-17,2.0
044_shared_any_exact.json,records.1.predicted_task_error_after_receipts,0.38036428108799997,0.3803642810879999,5.551115123125783e-17,1.0
044_shared_any_exact.json,records.4.predicted_task_error_after_receipts,0.41979342719999996,0.4197934271999999,5.551115123125783e-17,1.0
044_shared_any_exact.json,records.6.predicted_task_error_after_receipts,0.34779102719999994,0.3477910272,5.551115123125783e-17,1.0
044_shared_any_exact.json,records.7.predicted_task_error_after_receipts,0.4944076066947071,0.49440760669470707,5.551115123125783e-17,1.0
045_shared_any_exact.json,records.0.predicted_task_error_after_receipts,0.27166799999999997,0.271668,5.551115123125783e-17,1.0
045_shared_any_exact.json,records.7.predicted_task_error_after_receipts,0.39049445982412795,0.3904944598241279,5.551115123125783e-17,1.0
046_shared_any_exact.json,records.1.predicted_task_error_after_receipts,0.04077151795199999,0.040771517951999986,6.938893903907228e-18,1.0
046_shared_any_exact.json,records.3.predicted_task_error_after_receipts,0.01995,0.019950000000000002,3.469446951953614e-18,1.0
046_shared_any_exact.json,records.6.predicted_task_error_after_receipts,0.24897128639999996,0.2489712864,2.7755575615628914e-17,1.0
047_shared_any_exact.json,records.0.predicted_task_error_after_receipts,0.18434999999999999,0.18435,2.7755575615628914e-17,1.0
047_shared_any_exact.json,records.1.predicted_task_error_after_receipts,0.31271855999999987,0.31271856,1.1102230246251565e-16,2.0
047_shared_any_exact.json,records.3.predicted_task_error_after_receipts,0.22559999999999997,0.2256,2.7755575615628914e-17,1.0
047_shared_any_exact.json,records.4.predicted_task_error_after_receipts,0.3777945599999999,0.37779455999999995,5.551115123125783e-17,1.0
047_shared_any_exact.json,records.6.predicted_task_error_after_receipts,0.18434999999999999,0.18435,2.7755575615628914e-17,1.0
048_shared_any_exact.json,records.0.predicted_task_error_after_receipts,0.18434999999999999,0.18435,2.7755575615628914e-17,1.0
048_shared_any_exact.json,records.1.predicted_task_error_after_receipts,0.31271855999999987,0.31271856,1.1102230246251565e-16,2.0
048_shared_any_exact.json,records.3.predicted_task_error_after_receipts,0.01995,0.019950000000000002,3.469446951953614e-18,1.0
048_shared_any_exact.json,records.6.predicted_task_error_after_receipts,0.24897128639999996,0.2489712864,2.7755575615628914e-17,1.0
050_shared_any_exact.json,records.1.predicted_task_error_after_receipts,0.37779456,0.37779455999999995,5.551115123125783e-17,1.0
050_shared_any_exact.json,records.7.predicted_task_error_after_receipts,0.4998906831667199,0.49989068316672,5.551115123125783e-17,1.0
051_shared_any_exact.json,records.3.predicted_task_error_after_receipts,0.18434999999999999,0.18435,2.7755575615628914e-17,1.0
051_shared_any_exact.json,records.4.predicted_task_error_after_receipts,0.3127185599999999,0.31271856,5.551115123125783e-17,1.0
051_shared_any_exact.json,records.6.predicted_task_error_after_receipts,0.22560000000000002,0.2256,2.7755575615628914e-17,1.0
052_shared_any_exact.json,records.1.predicted_task_error_after_receipts,0.3114732656639999,0.31147326566399997,5.551115123125783e-17,1.0
053_shared_any_exact.json,records.0.predicted_task_error_after_receipts,0.22559999999999997,0.2256,2.7755575615628914e-17,1.0
053_shared_any_exact.json,records.1.predicted_task_error_after_receipts,0.37779456,0.37779455999999995,5.551115123125783e-17,1.0
054_shared_any_exact.json,records.1.predicted_task_error_after_receipts,0.04077151795199999,0.040771517951999986,6.938893903907228e-18,1.0
054_shared_any_exact.json,records.3.predicted_task_error_after_receipts,0.01995,0.019950000000000002,3.469446951953614e-18,1.0
054_shared_any_exact.json,records.6.predicted_task_error_after_receipts,0.0305323152,0.030532315199999993,6.938893903907228e-18,2.0
054_shared_any_exact.json,records.7.predicted_task_error_after_receipts,0.04456195900907519,0.0445619590090752,6.938893903907228e-18,1.0
055_shared_any_exact.json,records.4.predicted_task_error_after_receipts,0.3441084288,0.3441084287999999,5.551115123125783e-17,1.0
055_shared_any_exact.json,records.6.predicted_task_error_after_receipts,0.30481034879999996,0.3048103488,5.551115123125783e-17,1.0
056_shared_any_exact.json,records.6.predicted_task_error_after_receipts,0.3300827519999999,0.330082752,5.551115123125783e-17,1.0
056_shared_any_exact.json,records.7.predicted_task_error_after_receipts,0.24608084928430074,0.24608084928430077,2.7755575615628914e-17,1.0
057_shared_any_exact.json,records.1.predicted_task_error_after_receipts,0.3114732656639999,0.31147326566399997,5.551115123125783e-17,1.0
057_shared_any_exact.json,records.4.predicted_task_error_after_receipts,0.3127185599999999,0.31271856,5.551115123125783e-17,1.0
058_shared_any_exact.json,records.1.predicted_task_error_after_receipts,0.37779456,0.37779455999999995,5.551115123125783e-17,1.0
059_shared_any_exact.json,records.6.predicted_task_error_after_receipts,0.4095881471999999,0.4095881472,5.551115123125783e-17,1.0
060_shared_any_exact.json,records.1.predicted_task_error_after_receipts,0.45526936012799996,0.4552693601279999,5.551115123125783e-17,1.0
060_shared_any_exact.json,records.7.predicted_task_error_after_receipts,0.43053764968980474,0.4305376496898048,5.551115123125783e-17,1.0
061_shared_any_exact.json,records.3.predicted_task_error_after_receipts,0.174225,0.17422500000000002,2.7755575615628914e-17,1.0
061_shared_any_exact.json,records.4.predicted_task_error_after_receipts,0.3441084288,0.3441084287999999,5.551115123125783e-17,1.0
061_shared_any_exact.json,records.6.predicted_task_error_after_receipts,0.30481034879999996,0.3048103488,5.551115123125783e-17,1.0
061_shared_any_exact.json,records.7.predicted_task_error_after_receipts,0.42886010910842876,0.4288601091084287,5.551115123125783e-17,1.0
062_shared_any_exact.json,records.1.predicted_task_error_after_receipts,0.3114732656639999,0.31147326566399997,5.551115123125783e-17,1.0
062_shared_any_exact.json,records.5.predicted_task_error_after_receipts,0.21119999999999997,0.2112,2.7755575615628914e-17,1.0
063_shared_any_exact.json,records.6.predicted_task_error_after_receipts,0.22560000000000002,0.2256,2.7755575615628914e-17,1.0
000_shared_semantic_exact.json,records.0.predicted_task_error_after_receipts,0.22559999999999997,0.2256,2.7755575615628914e-17,1.0
000_shared_semantic_exact.json,records.1.predicted_task_error_after_receipts,0.37779456,0.37779455999999995,5.551115123125783e-17,1.0
000_shared_semantic_exact.json,records.3.predicted_task_error_after_receipts,0.22559999999999997,0.2256,2.7755575615628914e-17,1.0
000_shared_semantic_exact.json,records.4.predicted_task_error_after_receipts,0.3777945599999999,0.37779455999999995,5.551115123125783e-17,1.0
001_shared_semantic_exact.json,records.1.predicted_task_error_after_receipts,0.37779456,0.37779455999999995,5.551115123125783e-17,1.0
001_shared_semantic_exact.json,records.6.predicted_task_error_after_receipts,0.22560000000000002,0.2256,2.7755575615628914e-17,1.0
004_shared_semantic_exact.json,records.0.predicted_task_error_after_receipts,0.073446,0.07344600000000001,1.3877787807814457e-17,1.0
005_shared_semantic_exact.json,records.1.predicted_task_error_after_receipts,0.38036428108799997,0.3803642810879999,5.551115123125783e-17,1.0
006_shared_semantic_exact.json,records.6.predicted_task_error_after_receipts,0.3300827519999999,0.330082752,5.551115123125783e-17,1.0
007_shared_semantic_exact.json,records.3.predicted_task_error_after_receipts,0.174225,0.17422500000000002,2.7755575615628914e-17,1.0
007_shared_semantic_exact.json,records.4.predicted_task_error_after_receipts,0.3447126047999999,0.34471260479999993,5.551115123125783e-17,1.0
007_shared_semantic_exact.json,records.7.predicted_task_error_after_receipts,0.43053764968980474,0.4305376496898048,5.551115123125783e-17,1.0
008_shared_semantic_exact.json,records.1.predicted_task_error_after_receipts,0.43404104831999996,0.4340410483199999,5.551115123125783e-17,1.0
008_shared_semantic_exact.json,records.6.predicted_task_error_after_receipts,0.2664505728,0.26645057279999995,5.551115123125783e-17,1.0
009_shared_semantic_exact.json,records.0.predicted_task_error_after_receipts,0.073446,0.07344600000000001,1.3877787807814457e-17,1.0
009_shared_semantic_exact.json,records.3.predicted_task_error_after_receipts,0.01995,0.019950000000000002,3.469446951953614e-18,1.0
010_shared_semantic_exact.json,records.1.predicted_task_error_after_receipts,0.3127185599999999,0.31271856,5.551115123125783e-17,1.0
010_shared_semantic_exact.json,records.7.predicted_task_error_after_receipts,0.24608084928430074,0.24608084928430077,2.7755575615628914e-17,1.0
011_shared_semantic_exact.json,records.7.predicted_task_error_after_receipts,0.2664505728,0.26645057279999995,5.551115123125783e-17,1.0
013_shared_semantic_exact.json,records.0.predicted_task_error_after_receipts,0.27166799999999997,0.271668,5.551115123125783e-17,1.0
013_shared_semantic_exact.json,records.1.predicted_task_error_after_receipts,0.3114732656639999,0.31147326566399997,5.551115123125783e-17,1.0
013_shared_semantic_exact.json,records.7.predicted_task_error_after_receipts,0.24608084928430074,0.24608084928430077,2.7755575615628914e-17,1.0
014_shared_semantic_exact.json,records.0.predicted_task_error_after_receipts,0.14065799999999998,0.140658,2.7755575615628914e-17,1.0
014_shared_semantic_exact.json,records.7.predicted_task_error_after_receipts,0.24608084928430074,0.24608084928430077,2.7755575615628914e-17,1.0
015_shared_semantic_exact.json,records.0.predicted_task_error_after_receipts,0.22559999999999997,0.2256,2.7755575615628914e-17,1.0
015_shared_semantic_exact.json,records.4.predicted_task_error_after_receipts,0.3127185599999999,0.31271856,5.551115123125783e-17,1.0
015_shared_semantic_exact.json,records.6.predicted_task_error_after_receipts,0.18434999999999999,0.18435,2.7755575615628914e-17,1.0
016_shared_semantic_exact.json,records.0.predicted_task_error_after_receipts,0.22559999999999997,0.2256,2.7755575615628914e-17,1.0
016_shared_semantic_exact.json,records.7.predicted_task_error_after_receipts,0.34211671679999994,0.3421167168,5.551115123125783e-17,1.0
018_shared_semantic_exact.json,records.7.predicted_task_error_after_receipts,0.24608084928430074,0.24608084928430077,2.7755575615628914e-17,1.0
019_shared_semantic_exact.json,records.0.predicted_task_error_after_receipts,0.27166799999999997,0.271668,5.551115123125783e-17,1.0
019_shared_semantic_exact.json,records.4.predicted_task_error_after_receipts,0.4100059968,0.41000599679999994,5.551115123125783e-17,1.0
019_shared_semantic_exact.json,records.6.predicted_task_error_after_receipts,0.34211671679999994,0.3421167168,5.551115123125783e-17,1.0
021_shared_semantic_exact.json,records.0.predicted_task_error_after_receipts,0.22559999999999997,0.2256,2.7755575615628914e-17,1.0
021_shared_semantic_exact.json,records.1.predicted_task_error_after_receipts,0.37779456,0.37779455999999995,5.551115123125783e-17,1.0
021_shared_semantic_exact.json,records.3.predicted_task_error_after_receipts,0.22559999999999997,0.2256,2.7755575615628914e-17,1.0
021_shared_semantic_exact.json,records.4.predicted_task_error_after_receipts,0.3777945599999999,0.37779455999999995,5.551115123125783e-17,1.0
024_shared_semantic_exact.json,records.6.predicted_task_error_after_receipts,0.34211671679999994,0.3421167168,5.551115123125783e-17,1.0
024_shared_semantic_exact.json,records.7.predicted_task_error_after_receipts,0.4857300559085567,0.4857300559085568,5.551115123125783e-17,1.0
025_shared_semantic_exact.json,records.0.predicted_task_error_after_receipts,0.073446,0.07344600000000001,1.3877787807814457e-17,1.0
025_shared_semantic_exact.json,records.3.predicted_task_error_after_receipts,0.01995,0.019950000000000002,3.469446951953614e-18,1.0
026_shared_semantic_exact.json,records.3.predicted_task_error_after_receipts,0.18434999999999999,0.18435,2.7755575615628914e-17,1.0
026_shared_semantic_exact.json,records.4.predicted_task_error_after_receipts,0.3127185599999999,0.31271856,5.551115123125783e-17,1.0
028_shared_semantic_exact.json,records.1.predicted_task_error_after_receipts,0.38142763084799997,0.3814276308479999,5.551115123125783e-17,1.0
028_shared_semantic_exact.json,records.3.predicted_task_error_after_receipts,0.18434999999999999,0.18435,2.7755575615628914e-17,1.0
028_shared_semantic_exact.json,records.6.predicted_task_error_after_receipts,0.27581748,0.27581747999999995,5.551115123125783e-17,1.0
029_shared_semantic_exact.json,records.0.predicted_task_error_after_receipts,0.27166799999999997,0.271668,5.551115123125783e-17,1.0
029_shared_semantic_exact.json,records.4.predicted_task_error_after_receipts,0.41979342719999996,0.4197934271999999,5.551115123125783e-17,1.0
029_shared_semantic_exact.json,records.6.predicted_task_error_after_receipts,0.34211671679999994,0.3421167168,5.551115123125783e-17,1.0
030_shared_semantic_exact.json,records.0.predicted_task_error_after_receipts,0.14065799999999998,0.140658,2.7755575615628914e-17,1.0
030_shared_semantic_exact.json,records.6.predicted_task_error_after_receipts,0.3300827519999999,0.330082752,5.551115123125783e-17,1.0
031_shared_semantic_exact.json,records.1.predicted_task_error_after_receipts,0.37779456,0.37779455999999995,5.551115123125783e-17,1.0
031_shared_semantic_exact.json,records.6.predicted_task_error_after_receipts,0.3300827519999999,0.330082752,5.551115123125783e-17,1.0
032_shared_semantic_exact.json,records.3.predicted_task_error_after_receipts,0.18434999999999999,0.18435,2.7755575615628914e-17,1.0
032_shared_semantic_exact.json,records.4.predicted_task_error_after_receipts,0.3127185599999999,0.31271856,5.551115123125783e-17,1.0
032_shared_semantic_exact.json,records.6.predicted_task_error_after_receipts,0.22560000000000002,0.2256,2.7755575615628914e-17,1.0
033_shared_semantic_exact.json,records.4.predicted_task_error_after_receipts,0.34471260479999993,0.3447126048,5.551115123125783e-17,1.0
034_shared_semantic_exact.json,records.1.predicted_task_error_after_receipts,0.45526936012799996,0.4552693601279999,5.551115123125783e-17,1.0
036_shared_semantic_exact.json,records.0.predicted_task_error_after_receipts,0.073446,0.07344600000000001,1.3877787807814457e-17,1.0
036_shared_semantic_exact.json,records.6.predicted_task_error_after_receipts,0.2664505728,0.26645057279999995,5.551115123125783e-17,1.0
037_shared_semantic_exact.json,records.0.predicted_task_error_after_receipts,0.18434999999999999,0.18435,2.7755575615628914e-17,1.0
037_shared_semantic_exact.json,records.1.predicted_task_error_after_receipts,0.31271855999999987,0.31271856,1.1102230246251565e-16,2.0
037_shared_semantic_exact.json,records.4.predicted_task_error_after_receipts,0.3127185599999999,0.31271856,5.551115123125783e-17,1.0
038_shared_semantic_exact.json,records.3.predicted_task_error_after_receipts,0.22559999999999997,0.2256,2.7755575615628914e-17,1.0
038_shared_semantic_exact.json,records.6.predicted_task_error_after_receipts,0.22560000000000002,0.2256,2.7755575615628914e-17,1.0
039_shared_semantic_exact.json,records.4.predicted_task_error_after_receipts,0.41979342719999996,0.4197934271999999,5.551115123125783e-17,1.0
039_shared_semantic_exact.json,records.6.predicted_task_error_after_receipts,0.30481034879999996,0.3048103488,5.551115123125783e-17,1.0
039_shared_semantic_exact.json,records.7.predicted_task_error_after_receipts,0.42886010910842876,0.4288601091084287,5.551115123125783e-17,1.0
040_shared_semantic_exact.json,records.1.predicted_task_error_after_receipts,0.38036428108799997,0.3803642810879999,5.551115123125783e-17,1.0
040_shared_semantic_exact.json,records.3.predicted_task_error_after_receipts,0.174225,0.17422500000000002,2.7755575615628914e-17,1.0
040_shared_semantic_exact.json,records.4.predicted_task_error_after_receipts,0.3441084288,0.3441084287999999,5.551115123125783e-17,1.0
040_shared_semantic_exact.json,records.6.predicted_task_error_after_receipts,0.30481034879999996,0.3048103488,5.551115123125783e-17,1.0
040_shared_semantic_exact.json,records.7.predicted_task_error_after_receipts,0.42886010910842876,0.4288601091084287,5.551115123125783e-17,1.0
041_shared_semantic_exact.json,records.1.predicted_task_error_after_receipts,0.04077151795199999,0.040771517951999986,6.938893903907228e-18,1.0
041_shared_semantic_exact.json,records.4.predicted_task_error_after_receipts,0.3127185599999999,0.31271856,5.551115123125783e-17,1.0
041_shared_semantic_exact.json,records.6.predicted_task_error_after_receipts,0.18434999999999999,0.18435,2.7755575615628914e-17,1.0
042_shared_semantic_exact.json,records.0.predicted_task_error_after_receipts,0.22559999999999997,0.2256,2.7755575615628914e-17,1.0
042_shared_semantic_exact.json,records.1.predicted_task_error_after_receipts,0.37779456,0.37779455999999995,5.551115123125783e-17,1.0
044_shared_semantic_exact.json,records.0.predicted_task_error_after_receipts,0.23008799999999996,0.23008800000000001,5.551115123125783e-17,2.0
044_shared_semantic_exact.json,records.1.predicted_task_error_after_receipts,0.38036428108799997,0.3803642810879999,5.551115123125783e-17,1.0
044_shared_semantic_exact.json,records.4.predicted_task_error_after_receipts,0.41979342719999996,0.4197934271999999,5.551115123125783e-17,1.0
044_shared_semantic_exact.json,records.6.predicted_task_error_after_receipts,0.34779102719999994,0.3477910272,5.551115123125783e-17,1.0
044_shared_semantic_exact.json,records.7.predicted_task_error_after_receipts,0.4944076066947071,0.49440760669470707,5.551115123125783e-17,1.0
045_shared_semantic_exact.json,records.0.predicted_task_error_after_receipts,0.27166799999999997,0.271668,5.551115123125783e-17,1.0
045_shared_semantic_exact.json,records.7.predicted_task_error_after_receipts,0.39049445982412795,0.3904944598241279,5.551115123125783e-17,1.0
046_shared_semantic_exact.json,records.1.predicted_task_error_after_receipts,0.04077151795199999,0.040771517951999986,6.938893903907228e-18,1.0
046_shared_semantic_exact.json,records.3.predicted_task_error_after_receipts,0.01995,0.019950000000000002,3.469446951953614e-18,1.0
046_shared_semantic_exact.json,records.6.predicted_task_error_after_receipts,0.24897128639999996,0.2489712864,2.7755575615628914e-17,1.0
047_shared_semantic_exact.json,records.0.predicted_task_error_after_receipts,0.18434999999999999,0.18435,2.7755575615628914e-17,1.0
047_shared_semantic_exact.json,records.1.predicted_task_error_after_receipts,0.31271855999999987,0.31271856,1.1102230246251565e-16,2.0
047_shared_semantic_exact.json,records.3.predicted_task_error_after_receipts,0.22559999999999997,0.2256,2.7755575615628914e-17,1.0
047_shared_semantic_exact.json,records.4.predicted_task_error_after_receipts,0.3777945599999999,0.37779455999999995,5.551115123125783e-17,1.0
047_shared_semantic_exact.json,records.6.predicted_task_error_after_receipts,0.18434999999999999,0.18435,2.7755575615628914e-17,1.0
048_shared_semantic_exact.json,records.0.predicted_task_error_after_receipts,0.18434999999999999,0.18435,2.7755575615628914e-17,1.0
048_shared_semantic_exact.json,records.1.predicted_task_error_after_receipts,0.31271855999999987,0.31271856,1.1102230246251565e-16,2.0
048_shared_semantic_exact.json,records.3.predicted_task_error_after_receipts,0.01995,0.019950000000000002,3.469446951953614e-18,1.0
048_shared_semantic_exact.json,records.6.predicted_task_error_after_receipts,0.24897128639999996,0.2489712864,2.7755575615628914e-17,1.0
050_shared_semantic_exact.json,records.1.predicted_task_error_after_receipts,0.37779456,0.37779455999999995,5.551115123125783e-17,1.0
050_shared_semantic_exact.json,records.5.predicted_task_error_after_receipts,0.24897128639999996,0.2489712864,2.7755575615628914e-17,1.0
051_shared_semantic_exact.json,records.3.predicted_task_error_after_receipts,0.18434999999999999,0.18435,2.7755575615628914e-17,1.0
051_shared_semantic_exact.json,records.4.predicted_task_error_after_receipts,0.3127185599999999,0.31271856,5.551115123125783e-17,1.0
051_shared_semantic_exact.json,records.6.predicted_task_error_after_receipts,0.22560000000000002,0.2256,2.7755575615628914e-17,1.0
052_shared_semantic_exact.json,records.1.predicted_task_error_after_receipts,0.3114732656639999,0.31147326566399997,5.551115123125783e-17,1.0
053_shared_semantic_exact.json,records.0.predicted_task_error_after_receipts,0.22559999999999997,0.2256,2.7755575615628914e-17,1.0
053_shared_semantic_exact.json,records.1.predicted_task_error_after_receipts,0.37779456,0.37779455999999995,5.551115123125783e-17,1.0
054_shared_semantic_exact.json,records.1.predicted_task_error_after_receipts,0.04077151795199999,0.040771517951999986,6.938893903907228e-18,1.0
054_shared_semantic_exact.json,records.3.predicted_task_error_after_receipts,0.01995,0.019950000000000002,3.469446951953614e-18,1.0
054_shared_semantic_exact.json,records.6.predicted_task_error_after_receipts,0.0305323152,0.030532315199999993,6.938893903907228e-18,2.0
054_shared_semantic_exact.json,records.7.predicted_task_error_after_receipts,0.04456195900907519,0.0445619590090752,6.938893903907228e-18,1.0
055_shared_semantic_exact.json,records.4.predicted_task_error_after_receipts,0.3441084288,0.3441084287999999,5.551115123125783e-17,1.0
055_shared_semantic_exact.json,records.6.predicted_task_error_after_receipts,0.30481034879999996,0.3048103488,5.551115123125783e-17,1.0
056_shared_semantic_exact.json,records.6.predicted_task_error_after_receipts,0.3300827519999999,0.330082752,5.551115123125783e-17,1.0
056_shared_semantic_exact.json,records.7.predicted_task_error_after_receipts,0.24608084928430074,0.24608084928430077,2.7755575615628914e-17,1.0
057_shared_semantic_exact.json,records.1.predicted_task_error_after_receipts,0.3114732656639999,0.31147326566399997,5.551115123125783e-17,1.0
057_shared_semantic_exact.json,records.4.predicted_task_error_after_receipts,0.3127185599999999,0.31271856,5.551115123125783e-17,1.0
058_shared_semantic_exact.json,records.1.predicted_task_error_after_receipts,0.37779456,0.37779455999999995,5.551115123125783e-17,1.0
059_shared_semantic_exact.json,records.6.predicted_task_error_after_receipts,0.4095881471999999,0.4095881472,5.551115123125783e-17,1.0
060_shared_semantic_exact.json,records.1.predicted_task_error_after_receipts,0.45526936012799996,0.4552693601279999,5.551115123125783e-17,1.0
060_shared_semantic_exact.json,records.7.predicted_task_error_after_receipts,0.43053764968980474,0.4305376496898048,5.551115123125783e-17,1.0
061_shared_semantic_exact.json,records.3.predicted_task_error_after_receipts,0.174225,0.17422500000000002,2.7755575615628914e-17,1.0
061_shared_semantic_exact.json,records.4.predicted_task_error_after_receipts,0.3441084288,0.3441084287999999,5.551115123125783e-17,1.0
061_shared_semantic_exact.json,records.6.predicted_task_error_after_receipts,0.30481034879999996,0.3048103488,5.551115123125783e-17,1.0
061_shared_semantic_exact.json,records.7.predicted_task_error_after_receipts,0.42886010910842876,0.4288601091084287,5.551115123125783e-17,1.0
062_shared_semantic_exact.json,records.1.predicted_task_error_after_receipts,0.3114732656639999,0.31147326566399997,5.551115123125783e-17,1.0
062_shared_semantic_exact.json,records.5.predicted_task_error_after_receipts,0.21119999999999997,0.2112,2.7755575615628914e-17,1.0
063_shared_semantic_exact.json,records.6.predicted_task_error_after_receipts,0.22560000000000002,0.2256,2.7755575615628914e-17,1.0
000_shared_age_paced.json,records.0.predicted_task_error_after_receipts,0.22559999999999997,0.2256,2.7755575615628914e-17,1.0
000_shared_age_paced.json,records.3.predicted_task_error_after_receipts,0.30585599999999996,0.305856,5.551115123125783e-17,1.0
000_shared_age_paced.json,records.7.predicted_task_error_after_receipts,0.50559887917056,0.5055988791705599,1.1102230246251565e-16,1.0
001_shared_age_paced.json,records.3.predicted_task_error_after_receipts,0.30585599999999996,0.305856,5.551115123125783e-17,1.0
001_shared_age_paced.json,records.7.predicted_task_error_after_receipts,0.50559887917056,0.5055988791705599,1.1102230246251565e-16,1.0
003_shared_age_paced.json,records.5.predicted_task_error_after_receipts,0.253762230528,0.25376223052799995,5.551115123125783e-17,1.0
003_shared_age_paced.json,records.7.predicted_task_error_after_receipts,0.4385223328561576,0.4385223328561575,1.1102230246251565e-16,2.0
004_shared_age_paced.json,records.0.predicted_task_error_after_receipts,0.073446,0.07344600000000001,1.3877787807814457e-17,1.0
006_shared_age_paced.json,records.5.predicted_task_error_after_receipts,0.3300827519999999,0.330082752,5.551115123125783e-17,1.0
007_shared_age_paced.json,records.2.predicted_task_error_after_receipts,0.174225,0.17422500000000002,2.7755575615628914e-17,1.0
007_shared_age_paced.json,records.3.predicted_task_error_after_receipts,0.3447126047999999,0.34471260479999993,5.551115123125783e-17,1.0
008_shared_age_paced.json,records.5.predicted_task_error_after_receipts,0.2664505728,0.26645057279999995,5.551115123125783e-17,1.0
008_shared_age_paced.json,records.7.predicted_task_error_after_receipts,0.445456428098012,0.44545642809801206,5.551115123125783e-17,1.0
009_shared_age_paced.json,records.0.predicted_task_error_after_receipts,0.073446,0.07344600000000001,1.3877787807814457e-17,1.0
009_shared_age_paced.json,records.2.predicted_task_error_after_receipts,0.01995,0.019950000000000002,3.469446951953614e-18,1.0
009_shared_age_paced.json,records.6.predicted_task_error_after_receipts,0.39049445982412795,0.3904944598241279,5.551115123125783e-17,1.0
010_shared_age_paced.json,records.5.predicted_task_error_after_receipts,0.052061063616,0.05206106361599999,6.938893903907228e-18,1.0
013_shared_age_paced.json,records.0.predicted_task_error_after_receipts,0.27166799999999997,0.271668,5.551115123125783e-17,1.0
013_shared_age_paced.json,records.6.predicted_task_error_after_receipts,0.24608084928430074,0.24608084928430077,2.7755575615628914e-17,1.0
014_shared_age_paced.json,records.0.predicted_task_error_after_receipts,0.14065799999999998,0.140658,2.7755575615628914e-17,1.0
014_shared_age_paced.json,records.6.predicted_task_error_after_receipts,0.24608084928430074,0.24608084928430077,2.7755575615628914e-17,1.0
015_shared_age_paced.json,records.0.predicted_task_error_after_receipts,0.22559999999999997,0.2256,2.7755575615628914e-17,1.0
016_shared_age_paced.json,records.0.predicted_task_error_after_receipts,0.22559999999999997,0.2256,2.7755575615628914e-17,1.0
018_shared_age_paced.json,records.6.predicted_task_error_after_receipts,0.24608084928430074,0.24608084928430077,2.7755575615628914e-17,1.0
019_shared_age_paced.json,records.0.predicted_task_error_after_receipts,0.27166799999999997,0.271668,5.551115123125783e-17,1.0
019_shared_age_paced.json,records.3.predicted_task_error_after_receipts,0.4100059968,0.41000599679999994,5.551115123125783e-17,1.0
019_shared_age_paced.json,records.5.predicted_task_error_after_receipts,0.34211671679999994,0.3421167168,5.551115123125783e-17,1.0
021_shared_age_paced.json,records.0.predicted_task_error_after_receipts,0.22559999999999997,0.2256,2.7755575615628914e-17,1.0
021_shared_age_paced.json,records.3.predicted_task_error_after_receipts,0.30585599999999996,0.305856,5.551115123125783e-17,1.0
021_shared_age_paced.json,records.6.predicted_task_error_after_receipts,0.12000000000000001,0.12,1.3877787807814457e-17,1.0
024_shared_age_paced.json,records.5.predicted_task_error_after_receipts,0.34211671679999994,0.3421167168,5.551115123125783e-17,1.0
024_shared_age_paced.json,records.6.predicted_task_error_after_receipts,0.4857300559085567,0.4857300559085568,5.551115123125783e-17,1.0
025_shared_age_paced.json,records.0.predicted_task_error_after_receipts,0.073446,0.07344600000000001,1.3877787807814457e-17,1.0
025_shared_age_paced.json,records.2.predicted_task_error_after_receipts,0.01995,0.019950000000000002,3.469446951953614e-18,1.0
026_shared_age_paced.json,records.3.predicted_task_error_after_receipts,0.23325599999999996,0.233256,2.7755575615628914e-17,1.0
027_shared_age_paced.json,records.3.predicted_task_error_after_receipts,0.3441084288,0.3441084287999999,5.551115123125783e-17,1.0
028_shared_age_paced.json,records.2.predicted_task_error_after_receipts,0.174225,0.17422500000000002,2.7755575615628914e-17,1.0
029_shared_age_paced.json,records.0.predicted_task_error_after_receipts,0.27166799999999997,0.271668,5.551115123125783e-17,1.0
029_shared_age_paced.json,records.3.predicted_task_error_after_receipts,0.4100059968,0.41000599679999994,5.551115123125783e-17,1.0
029_shared_age_paced.json,records.5.predicted_task_error_after_receipts,0.34211671679999994,0.3421167168,5.551115123125783e-17,1.0
030_shared_age_paced.json,records.0.predicted_task_error_after_receipts,0.14065799999999998,0.140658,2.7755575615628914e-17,1.0
030_shared_age_paced.json,records.5.predicted_task_error_after_receipts,0.3300827519999999,0.330082752,5.551115123125783e-17,1.0
031_shared_age_paced.json,records.5.predicted_task_error_after_receipts,0.3300827519999999,0.330082752,5.551115123125783e-17,1.0
032_shared_age_paced.json,records.7.predicted_task_error_after_receipts,0.50559887917056,0.5055988791705599,1.1102230246251565e-16,1.0
033_shared_age_paced.json,records.6.predicted_task_error_after_receipts,0.4230200701698047,0.42302007016980475,5.551115123125783e-17,1.0
035_shared_age_paced.json,records.5.predicted_task_error_after_receipts,0.2664505728,0.26645057279999995,5.551115123125783e-17,1.0
036_shared_age_paced.json,records.0.predicted_task_error_after_receipts,0.073446,0.07344600000000001,1.3877787807814457e-17,1.0
036_shared_age_paced.json,records.6.predicted_task_error_after_receipts,0.39049445982412795,0.3904944598241279,5.551115123125783e-17,1.0
037_shared_age_paced.json,records.0.predicted_task_error_after_receipts,0.18434999999999999,0.18435,2.7755575615628914e-17,1.0
038_shared_age_paced.json,records.7.predicted_task_error_after_receipts,0.50559887917056,0.5055988791705599,1.1102230246251565e-16,1.0
039_shared_age_paced.json,records.4.predicted_task_error_after_receipts,0.4998906831667199,0.49989068316672,5.551115123125783e-17,1.0
039_shared_age_paced.json,records.6.predicted_task_error_after_receipts,0.4915060381089915,0.49150603810899146,5.551115123125783e-17,1.0
040_shared_age_paced.json,records.3.predicted_task_error_after_receipts,0.41979342719999996,0.4197934271999999,5.551115123125783e-17,1.0
040_shared_age_paced.json,records.5.predicted_task_error_after_receipts,0.30481034879999996,0.3048103488,5.551115123125783e-17,1.0
040_shared_age_paced.json,records.6.predicted_task_error_after_receipts,0.42886010910842876,0.4288601091084287,5.551115123125783e-17,1.0
041_shared_age_paced.json,records.3.predicted_task_error_after_receipts,0.37779455999999995,0.3777945599999999,5.551115123125783e-17,1.0
041_shared_age_paced.json,records.7.predicted_task_error_after_receipts,0.40349912025599993,0.403499120256,5.551115123125783e-17,1.0
042_shared_age_paced.json,records.0.predicted_task_error_after_receipts,0.22559999999999997,0.2256,2.7755575615628914e-17,1.0
042_shared_age_paced.json,records.5.predicted_task_error_after_receipts,0.16671361132799997,0.166713611328,2.7755575615628914e-17,1.0
042_shared_age_paced.json,records.7.predicted_task_error_after_receipts,0.21055687728557967,0.21055687728557965,2.7755575615628914e-17,1.0
044_shared_age_paced.json,records.0.predicted_task_error_after_receipts,0.23008799999999996,0.23008800000000001,5.551115123125783e-17,2.0
044_shared_age_paced.json,records.3.predicted_task_error_after_receipts,0.41979342719999996,0.4197934271999999,5.551115123125783e-17,1.0
044_shared_age_paced.json,records.5.predicted_task_error_after_receipts,0.34779102719999994,0.3477910272,5.551115123125783e-17,1.0
044_shared_age_paced.json,records.6.predicted_task_error_after_receipts,0.4944076066947071,0.49440760669470707,5.551115123125783e-17,1.0
045_shared_age_paced.json,records.0.predicted_task_error_after_receipts,0.27166799999999997,0.271668,5.551115123125783e-17,1.0
045_shared_age_paced.json,records.3.predicted_task_error_after_receipts,0.4100059968,0.41000599679999994,5.551115123125783e-17,1.0
045_shared_age_paced.json,records.6.predicted_task_error_after_receipts,0.39049445982412795,0.3904944598241279,5.551115123125783e-17,1.0
046_shared_age_paced.json,records.2.predicted_task_error_after_receipts,0.01995,0.019950000000000002,3.469446951953614e-18,1.0
047_shared_age_paced.json,records.0.predicted_task_error_after_receipts,0.18434999999999999,0.18435,2.7755575615628914e-17,1.0
047_shared_age_paced.json,records.3.predicted_task_error_after_receipts,0.30585599999999996,0.305856,5.551115123125783e-17,1.0
048_shared_age_paced.json,records.0.predicted_task_error_after_receipts,0.18434999999999999,0.18435,2.7755575615628914e-17,1.0
048_shared_age_paced.json,records.2.predicted_task_error_after_receipts,0.01995,0.019950000000000002,3.469446951953614e-18,1.0
048_shared_age_paced.json,records.5.predicted_task_error_after_receipts,0.24897128639999996,0.2489712864,2.7755575615628914e-17,1.0
050_shared_age_paced.json,records.5.predicted_task_error_after_receipts,0.24897128639999996,0.2489712864,2.7755575615628914e-17,1.0
050_shared_age_paced.json,records.6.predicted_task_error_after_receipts,0.4944076066947071,0.49440760669470707,5.551115123125783e-17,1.0
053_shared_age_paced.json,records.0.predicted_task_error_after_receipts,0.22559999999999997,0.2256,2.7755575615628914e-17,1.0
054_shared_age_paced.json,records.2.predicted_task_error_after_receipts,0.01995,0.019950000000000002,3.469446951953614e-18,1.0
054_shared_age_paced.json,records.5.predicted_task_error_after_receipts,0.0305323152,0.030532315199999993,6.938893903907228e-18,2.0
054_shared_age_paced.json,records.6.predicted_task_error_after_receipts,0.04456195900907519,0.0445619590090752,6.938893903907228e-18,1.0
054_shared_age_paced.json,records.7.predicted_task_error_after_receipts,0.054299084684512174,0.05429908468451218,6.938893903907228e-18,1.0
055_shared_age_paced.json,records.2.predicted_task_error_after_receipts,0.174225,0.17422500000000002,2.7755575615628914e-17,1.0
055_shared_age_paced.json,records.3.predicted_task_error_after_receipts,0.3441084288,0.3441084287999999,5.551115123125783e-17,1.0
055_shared_age_paced.json,records.5.predicted_task_error_after_receipts,0.34779102719999994,0.3477910272,5.551115123125783e-17,1.0
055_shared_age_paced.json,records.6.predicted_task_error_after_receipts,0.4944076066947071,0.49440760669470707,5.551115123125783e-17,1.0
056_shared_age_paced.json,records.5.predicted_task_error_after_receipts,0.3300827519999999,0.330082752,5.551115123125783e-17,1.0
057_shared_age_paced.json,records.2.predicted_task_error_after_receipts,0.01995,0.019950000000000002,3.469446951953614e-18,1.0
057_shared_age_paced.json,records.3.predicted_task_error_after_receipts,0.31271856,0.3127185599999999,5.551115123125783e-17,1.0
058_shared_age_paced.json,records.3.predicted_task_error_after_receipts,0.30585599999999996,0.305856,5.551115123125783e-17,1.0
058_shared_age_paced.json,records.6.predicted_task_error_after_receipts,0.12000000000000001,0.12,1.3877787807814457e-17,1.0
059_shared_age_paced.json,records.7.predicted_task_error_after_receipts,0.4785734541258407,0.4785734541258406,5.551115123125783e-17,1.0
060_shared_age_paced.json,records.6.predicted_task_error_after_receipts,0.43053764968980474,0.4305376496898048,5.551115123125783e-17,1.0
060_shared_age_paced.json,records.7.predicted_task_error_after_receipts,0.5129051788657194,0.5129051788657195,1.1102230246251565e-16,1.0
061_shared_age_paced.json,records.3.predicted_task_error_after_receipts,0.34471260479999993,0.3447126048,5.551115123125783e-17,1.0
061_shared_age_paced.json,records.6.predicted_task_error_after_receipts,0.43053764968980474,0.4305376496898048,5.551115123125783e-17,1.0
061_shared_age_paced.json,records.7.predicted_task_error_after_receipts,0.5129051788657194,0.5129051788657195,1.1102230246251565e-16,1.0
063_shared_age_paced.json,records.3.predicted_task_error_after_receipts,0.30585599999999996,0.305856,5.551115123125783e-17,1.0
063_shared_age_paced.json,records.7.predicted_task_error_after_receipts,0.50559887917056,0.5055988791705599,1.1102230246251565e-16,1.0
000_shared_never.json,records.0.predicted_task_error_after_receipts,0.22559999999999997,0.2256,2.7755575615628914e-17,1.0
000_shared_never.json,records.1.predicted_task_error_after_receipts,0.37779456,0.37779455999999995,5.551115123125783e-17,1.0
000_shared_never.json,records.4.predicted_task_error_after_receipts,0.60715150886915,0.6071515088691501,1.1102230246251565e-16,1.0
000_shared_never.json,records.6.predicted_task_error_after_receipts,0.6714119840399907,0.6714119840399906,1.1102230246251565e-16,1.0
001_shared_never.json,records.1.predicted_task_error_after_receipts,0.37779456,0.37779455999999995,5.551115123125783e-17,1.0
001_shared_never.json,records.4.predicted_task_error_after_receipts,0.60715150886915,0.6071515088691501,1.1102230246251565e-16,1.0
002_shared_never.json,records.5.predicted_task_error_after_receipts,0.4036500357119999,0.403650035712,5.551115123125783e-17,1.0
002_shared_never.json,records.6.predicted_task_error_after_receipts,0.42677402714111995,0.42677402714112,5.551115123125783e-17,1.0
003_shared_never.json,records.5.predicted_task_error_after_receipts,0.7131059975907544,0.7131059975907543,1.1102230246251565e-16,1.0
003_shared_never.json,records.6.predicted_task_error_after_receipts,0.7382657392714818,0.7382657392714816,1.1102230246251565e-16,1.0
004_shared_never.json,records.0.predicted_task_error_after_receipts,0.073446,0.07344600000000001,1.3877787807814457e-17,1.0
004_shared_never.json,records.4.predicted_task_error_after_receipts,0.5995077327144419,0.5995077327144418,1.1102230246251565e-16,1.0
004_shared_never.json,records.5.predicted_task_error_after_receipts,0.6343267631438995,0.6343267631438994,1.1102230246251565e-16,1.0
005_shared_never.json,records.1.predicted_task_error_after_receipts,0.38036428108799997,0.3803642810879999,5.551115123125783e-17,1.0
005_shared_never.json,records.4.predicted_task_error_after_receipts,0.5421295021251279,0.542129502125128,1.1102230246251565e-16,1.0
005_shared_never.json,records.7.predicted_task_error_after_receipts,0.6779700186944139,0.6779700186944138,1.1102230246251565e-16,1.0
006_shared_never.json,records.3.predicted_task_error_after_receipts,0.6155529327399767,0.6155529327399766,1.1102230246251565e-16,1.0
006_shared_never.json,records.5.predicted_task_error_after_receipts,0.7003041952252503,0.7003041952252504,1.1102230246251565e-16,1.0
008_shared_never.json,records.1.predicted_task_error_after_receipts,0.43404104831999996,0.4340410483199999,5.551115123125783e-17,1.0
008_shared_never.json,records.3.predicted_task_error_after_receipts,0.6155529327399767,0.6155529327399766,1.1102230246251565e-16,1.0
008_shared_never.json,records.5.predicted_task_error_after_receipts,0.7003041952252503,0.7003041952252504,1.1102230246251565e-16,1.0
009_shared_never.json,records.0.predicted_task_error_after_receipts,0.073446,0.07344600000000001,1.3877787807814457e-17,1.0
009_shared_never.json,records.4.predicted_task_error_after_receipts,0.20482432133127437,0.20482432133127434,2.7755575615628914e-17,1.0
009_shared_never.json,records.5.predicted_task_error_after_receipts,0.21834554825111271,0.21834554825111274,2.7755575615628914e-17,1.0
009_shared_never.json,records.6.predicted_task_error_after_receipts,0.5992031315832457,0.5992031315832456,1.1102230246251565e-16,1.0
010_shared_never.json,records.1.predicted_task_error_after_receipts,0.3127185599999999,0.31271856,5.551115123125783e-17,1.0
010_shared_never.json,records.2.predicted_task_error_after_receipts,0.40349912025599993,0.403499120256,5.551115123125783e-17,1.0
010_shared_never.json,records.4.predicted_task_error_after_receipts,0.20482432133127437,0.20482432133127434,2.7755575615628914e-17,1.0
010_shared_never.json,records.5.predicted_task_error_after_receipts,0.21834554825111271,0.21834554825111274,2.7755575615628914e-17,1.0
010_shared_never.json,records.7.predicted_task_error_after_receipts,0.23564264086639544,0.23564264086639541,2.7755575615628914e-17,1.0
011_shared_never.json,records.5.predicted_task_error_after_receipts,0.4036500357119999,0.403650035712,5.551115123125783e-17,1.0
011_shared_never.json,records.6.predicted_task_error_after_receipts,0.7382657392714818,0.7382657392714816,1.1102230246251565e-16,1.0
012_shared_never.json,records.5.predicted_task_error_after_receipts,0.4036500357119999,0.403650035712,5.551115123125783e-17,1.0
012_shared_never.json,records.6.predicted_task_error_after_receipts,0.42677402714111995,0.42677402714112,5.551115123125783e-17,1.0
013_shared_never.json,records.0.predicted_task_error_after_receipts,0.27166799999999997,0.271668,5.551115123125783e-17,1.0
013_shared_never.json,records.1.predicted_task_error_after_receipts,0.3114732656639999,0.31147326566399997,5.551115123125783e-17,1.0
013_shared_never.json,records.3.predicted_task_error_after_receipts,0.4639513573716139,0.46395135737161386,5.551115123125783e-17,1.0
013_shared_never.json,records.4.predicted_task_error_after_receipts,0.5098793455855464,0.5098793455855465,1.1102230246251565e-16,1.0
013_shared_never.json,records.7.predicted_task_error_after_receipts,0.5866629369888589,0.586662936988859,1.1102230246251565e-16,1.0
014_shared_never.json,records.0.predicted_task_error_after_receipts,0.14065799999999998,0.140658,2.7755575615628914e-17,1.0
014_shared_never.json,records.3.predicted_task_error_after_receipts,0.37369161503458254,0.3736916150345826,5.551115123125783e-17,1.0
014_shared_never.json,records.4.predicted_task_error_after_receipts,0.4152835986632333,0.41528359866323333,5.551115123125783e-17,1.0
014_shared_never.json,records.5.predicted_task_error_after_receipts,0.4464727810865862,0.4464727810865863,5.551115123125783e-17,1.0
014_shared_never.json,records.6.predicted_task_error_after_receipts,0.4699407917576214,0.46994079175762143,5.551115123125783e-17,1.0
015_shared_never.json,records.0.predicted_task_error_after_receipts,0.22559999999999997,0.2256,2.7755575615628914e-17,1.0
016_shared_never.json,records.0.predicted_task_error_after_receipts,0.22559999999999997,0.2256,2.7755575615628914e-17,1.0
016_shared_never.json,records.5.predicted_task_error_after_receipts,0.4036500357119999,0.403650035712,5.551115123125783e-17,1.0
016_shared_never.json,records.6.predicted_task_error_after_receipts,0.7382657392714818,0.7382657392714816,1.1102230246251565e-16,1.0
017_shared_never.json,records.7.predicted_task_error_after_receipts,0.7684216540370755,0.7684216540370756,1.1102230246251565e-16,1.0
018_shared_never.json,records.3.predicted_task_error_after_receipts,0.37369161503458254,0.3736916150345826,5.551115123125783e-17,1.0
018_shared_never.json,records.4.predicted_task_error_after_receipts,0.4152835986632333,0.41528359866323333,5.551115123125783e-17,1.0
018_shared_never.json,records.5.predicted_task_error_after_receipts,0.4464727810865862,0.4464727810865863,5.551115123125783e-17,1.0
018_shared_never.json,records.6.predicted_task_error_after_receipts,0.4699407917576214,0.46994079175762143,5.551115123125783e-17,1.0
019_shared_never.json,records.0.predicted_task_error_after_receipts,0.27166799999999997,0.271668,5.551115123125783e-17,1.0
019_shared_never.json,records.3.predicted_task_error_after_receipts,0.6271240013947709,0.627124001394771,1.1102230246251565e-16,1.0
019_shared_never.json,records.6.predicted_task_error_after_receipts,0.7382657392714818,0.7382657392714816,1.1102230246251565e-16,1.0
019_shared_never.json,records.7.predicted_task_error_after_receipts,0.7564186883869933,0.7564186883869934,1.1102230246251565e-16,1.0
020_shared_never.json,records.7.predicted_task_error_after_receipts,0.7709946722681498,0.7709946722681497,1.1102230246251565e-16,1.0
021_shared_never.json,records.0.predicted_task_error_after_receipts,0.22559999999999997,0.2256,2.7755575615628914e-17,1.0
021_shared_never.json,records.1.predicted_task_error_after_receipts,0.37779456,0.37779455999999995,5.551115123125783e-17,1.0
021_shared_never.json,records.3.predicted_task_error_after_receipts,0.5553632503136255,0.5553632503136257,1.1102230246251565e-16,1.0
021_shared_never.json,records.4.predicted_task_error_after_receipts,0.60715150886915,0.6071515088691501,1.1102230246251565e-16,1.0
023_shared_never.json,records.3.predicted_task_error_after_receipts,0.37369161503458254,0.3736916150345826,5.551115123125783e-17,1.0
023_shared_never.json,records.4.predicted_task_error_after_receipts,0.4152835986632333,0.41528359866323333,5.551115123125783e-17,1.0
024_shared_never.json,records.2.predicted_task_error_after_receipts,0.5531731589730632,0.5531731589730631,1.1102230246251565e-16,1.0
024_shared_never.json,records.5.predicted_task_error_after_receipts,0.7131059975907544,0.7131059975907543,1.1102230246251565e-16,1.0
024_shared_never.json,records.6.predicted_task_error_after_receipts,0.7382657392714818,0.7382657392714816,1.1102230246251565e-16,1.0
025_shared_never.json,records.0.predicted_task_error_after_receipts,0.073446,0.07344600000000001,1.3877787807814457e-17,1.0
025_shared_never.json,records.4.predicted_task_error_after_receipts,0.20482432133127437,0.20482432133127434,2.7755575615628914e-17,1.0
025_shared_never.json,records.5.predicted_task_error_after_receipts,0.21834554825111271,0.21834554825111274,2.7755575615628914e-17,1.0
025_shared_never.json,records.7.predicted_task_error_after_receipts,0.23564264086639544,0.23564264086639541,2.7755575615628914e-17,1.0
026_shared_never.json,records.3.predicted_task_error_after_receipts,0.4685764806598656,0.46857648065986557,5.551115123125783e-17,1.0
027_shared_never.json,records.3.predicted_task_error_after_receipts,0.5507441346138575,0.5507441346138576,1.1102230246251565e-16,1.0
028_shared_never.json,records.1.predicted_task_error_after_receipts,0.38142763084799997,0.3814276308479999,5.551115123125783e-17,1.0
028_shared_never.json,records.3.predicted_task_error_after_receipts,0.4685764806598656,0.46857648065986557,5.551115123125783e-17,1.0
028_shared_never.json,records.4.predicted_task_error_after_receipts,0.5956440867489978,0.5956440867489977,1.1102230246251565e-16,1.0
029_shared_never.json,records.0.predicted_task_error_after_receipts,0.27166799999999997,0.271668,5.551115123125783e-17,1.0
029_shared_never.json,records.3.predicted_task_error_after_receipts,0.6271240013947709,0.627124001394771,1.1102230246251565e-16,1.0
029_shared_never.json,records.4.predicted_task_error_after_receipts,0.689625472425732,0.6896254724257321,1.1102230246251565e-16,1.0
029_shared_never.json,records.6.predicted_task_error_after_receipts,0.7382657392714818,0.7382657392714816,1.1102230246251565e-16,1.0
029_shared_never.json,records.7.predicted_task_error_after_receipts,0.7564186883869933,0.7564186883869934,1.1102230246251565e-16,1.0
030_shared_never.json,records.0.predicted_task_error_after_receipts,0.14065799999999998,0.140658,2.7755575615628914e-17,1.0
030_shared_never.json,records.3.predicted_task_error_after_receipts,0.37369161503458254,0.3736916150345826,5.551115123125783e-17,1.0
030_shared_never.json,records.4.predicted_task_error_after_receipts,0.4152835986632333,0.41528359866323333,5.551115123125783e-17,1.0
031_shared_never.json,records.1.predicted_task_error_after_receipts,0.37779456,0.37779455999999995,5.551115123125783e-17,1.0
031_shared_never.json,records.2.predicted_task_error_after_receipts,0.5428280122078002,0.5428280122078003,1.1102230246251565e-16,1.0
031_shared_never.json,records.3.predicted_task_error_after_receipts,0.6155529327399767,0.6155529327399766,1.1102230246251565e-16,1.0
032_shared_never.json,records.3.predicted_task_error_after_receipts,0.4685764806598656,0.46857648065986557,5.551115123125783e-17,1.0
034_shared_never.json,records.1.predicted_task_error_after_receipts,0.45526936012799996,0.4552693601279999,5.551115123125783e-17,1.0
034_shared_never.json,records.4.predicted_task_error_after_receipts,0.6928431811960334,0.6928431811960335,1.1102230246251565e-16,1.0
034_shared_never.json,records.7.predicted_task_error_after_receipts,0.7709946722681498,0.7709946722681497,1.1102230246251565e-16,1.0
035_shared_never.json,records.2.predicted_task_error_after_receipts,0.41596753568632006,0.4159675356863201,5.551115123125783e-17,1.0
035_shared_never.json,records.3.predicted_task_error_after_receipts,0.476692597447919,0.4766925974479189,5.551115123125783e-17,1.0
035_shared_never.json,records.5.predicted_task_error_after_receipts,0.550088367477353,0.5500883674773531,1.1102230246251565e-16,1.0
036_shared_never.json,records.0.predicted_task_error_after_receipts,0.073446,0.07344600000000001,1.3877787807814457e-17,1.0
036_shared_never.json,records.3.predicted_task_error_after_receipts,0.1862742359572431,0.18627423595724313,2.7755575615628914e-17,1.0
036_shared_never.json,records.5.predicted_task_error_after_receipts,0.21834554825111271,0.21834554825111274,2.7755575615628914e-17,1.0
036_shared_never.json,records.7.predicted_task_error_after_receipts,0.6169310588835738,0.6169310588835739,1.1102230246251565e-16,1.0
037_shared_never.json,records.0.predicted_task_error_after_receipts,0.18434999999999999,0.18435,2.7755575615628914e-17,1.0
037_shared_never.json,records.1.predicted_task_error_after_receipts,0.31271855999999987,0.31271856,1.1102230246251565e-16,2.0
037_shared_never.json,records.2.predicted_task_error_after_receipts,0.40349912025599993,0.403499120256,5.551115123125783e-17,1.0
037_shared_never.json,records.3.predicted_task_error_after_receipts,0.4685764806598656,0.46857648065986557,5.551115123125783e-17,1.0
037_shared_never.json,records.5.predicted_task_error_after_receipts,0.5503367652570991,0.5503367652570992,1.1102230246251565e-16,1.0
037_shared_never.json,records.7.predicted_task_error_after_receipts,0.6169310588835738,0.6169310588835739,1.1102230246251565e-16,1.0
038_shared_never.json,records.3.predicted_task_error_after_receipts,0.4685764806598656,0.46857648065986557,5.551115123125783e-17,1.0
040_shared_never.json,records.1.predicted_task_error_after_receipts,0.38036428108799997,0.3803642810879999,5.551115123125783e-17,1.0
040_shared_never.json,records.4.predicted_task_error_after_receipts,0.5995077327144419,0.5995077327144418,1.1102230246251565e-16,1.0
040_shared_never.json,records.5.predicted_task_error_after_receipts,0.6343267631438995,0.6343267631438994,1.1102230246251565e-16,1.0
040_shared_never.json,records.7.predicted_task_error_after_receipts,0.6779700186944139,0.6779700186944138,1.1102230246251565e-16,1.0
041_shared_never.json,records.1.predicted_task_error_after_receipts,0.04077151795199999,0.040771517951999986,6.938893903907228e-18,1.0
041_shared_never.json,records.3.predicted_task_error_after_receipts,0.4685764806598656,0.46857648065986557,5.551115123125783e-17,1.0
042_shared_never.json,records.0.predicted_task_error_after_receipts,0.22559999999999997,0.2256,2.7755575615628914e-17,1.0
042_shared_never.json,records.1.predicted_task_error_after_receipts,0.37779456,0.37779455999999995,5.551115123125783e-17,1.0
042_shared_never.json,records.3.predicted_task_error_after_receipts,0.5553632503136255,0.5553632503136257,1.1102230246251565e-16,1.0
042_shared_never.json,records.4.predicted_task_error_after_receipts,0.5098793455855464,0.5098793455855465,1.1102230246251565e-16,1.0
042_shared_never.json,records.7.predicted_task_error_after_receipts,0.5866629369888589,0.586662936988859,1.1102230246251565e-16,1.0
043_shared_never.json,records.5.predicted_task_error_after_receipts,0.4036500357119999,0.403650035712,5.551115123125783e-17,1.0
043_shared_never.json,records.6.predicted_task_error_after_receipts,0.42677402714111995,0.42677402714112,5.551115123125783e-17,1.0
044_shared_never.json,records.0.predicted_task_error_after_receipts,0.23008799999999996,0.23008800000000001,5.551115123125783e-17,2.0
044_shared_never.json,records.1.predicted_task_error_after_receipts,0.38036428108799997,0.3803642810879999,5.551115123125783e-17,1.0
044_shared_never.json,records.4.predicted_task_error_after_receipts,0.5995077327144419,0.5995077327144418,1.1102230246251565e-16,1.0
044_shared_never.json,records.5.predicted_task_error_after_receipts,0.6343267631438995,0.6343267631438994,1.1102230246251565e-16,1.0
044_shared_never.json,records.7.predicted_task_error_after_receipts,0.6779700186944139,0.6779700186944138,1.1102230246251565e-16,1.0
045_shared_never.json,records.0.predicted_task_error_after_receipts,0.27166799999999997,0.271668,5.551115123125783e-17,1.0
045_shared_never.json,records.3.predicted_task_error_after_receipts,0.6271240013947709,0.627124001394771,1.1102230246251565e-16,1.0
045_shared_never.json,records.6.predicted_task_error_after_receipts,0.7382657392714818,0.7382657392714816,1.1102230246251565e-16,1.0
045_shared_never.json,records.7.predicted_task_error_after_receipts,0.7564186883869933,0.7564186883869934,1.1102230246251565e-16,1.0
046_shared_never.json,records.1.predicted_task_error_after_receipts,0.04077151795199999,0.040771517951999986,6.938893903907228e-18,1.0
046_shared_never.json,records.4.predicted_task_error_after_receipts,0.0650430181886101,0.06504301818861011,1.3877787807814457e-17,1.0
047_shared_never.json,records.0.predicted_task_error_after_receipts,0.18434999999999999,0.18435,2.7755575615628914e-17,1.0
047_shared_never.json,records.1.predicted_task_error_after_receipts,0.31271855999999987,0.31271856,1.1102230246251565e-16,2.0
047_shared_never.json,records.2.predicted_task_error_after_receipts,0.40349912025599993,0.403499120256,5.551115123125783e-17,1.0
047_shared_never.json,records.3.predicted_task_error_after_receipts,0.4685764806598656,0.46857648065986557,5.551115123125783e-17,1.0
047_shared_never.json,records.5.predicted_task_error_after_receipts,0.5503367652570991,0.5503367652570992,1.1102230246251565e-16,1.0
048_shared_never.json,records.0.predicted_task_error_after_receipts,0.18434999999999999,0.18435,2.7755575615628914e-17,1.0
048_shared_never.json,records.1.predicted_task_error_after_receipts,0.31271855999999987,0.31271856,1.1102230246251565e-16,2.0
048_shared_never.json,records.3.predicted_task_error_after_receipts,0.1862742359572431,0.18627423595724313,2.7755575615628914e-17,1.0
048_shared_never.json,records.5.predicted_task_error_after_receipts,0.21834554825111271,0.21834554825111274,2.7755575615628914e-17,1.0
048_shared_never.json,records.6.predicted_task_error_after_receipts,0.22828487766847333,0.22828487766847336,2.7755575615628914e-17,1.0
048_shared_never.json,records.7.predicted_task_error_after_receipts,0.23564264086639544,0.23564264086639541,2.7755575615628914e-17,1.0
050_shared_never.json,records.1.predicted_task_error_after_receipts,0.37779456,0.37779455999999995,5.551115123125783e-17,1.0
050_shared_never.json,records.7.predicted_task_error_after_receipts,0.7684216540370755,0.7684216540370756,1.1102230246251565e-16,1.0
051_shared_never.json,records.2.predicted_task_error_after_receipts,0.41596753568632006,0.4159675356863201,5.551115123125783e-17,1.0
051_shared_never.json,records.3.predicted_task_error_after_receipts,0.4685764806598656,0.46857648065986557,5.551115123125783e-17,1.0
052_shared_never.json,records.1.predicted_task_error_after_receipts,0.3114732656639999,0.31147326566399997,5.551115123125783e-17,1.0
052_shared_never.json,records.3.predicted_task_error_after_receipts,0.4639513573716139,0.46395135737161386,5.551115123125783e-17,1.0
052_shared_never.json,records.5.predicted_task_error_after_receipts,0.5434705089547814,0.5434705089547813,1.1102230246251565e-16,1.0
053_shared_never.json,records.0.predicted_task_error_after_receipts,0.22559999999999997,0.2256,2.7755575615628914e-17,1.0
053_shared_never.json,records.1.predicted_task_error_after_receipts,0.37779456,0.37779455999999995,5.551115123125783e-17,1.0
053_shared_never.json,records.5.predicted_task_error_after_receipts,0.4036500357119999,0.403650035712,5.551115123125783e-17,1.0
053_shared_never.json,records.6.predicted_task_error_after_receipts,0.42677402714111995,0.42677402714112,5.551115123125783e-17,1.0
054_shared_never.json,records.1.predicted_task_error_after_receipts,0.04077151795199999,0.040771517951999986,6.938893903907228e-18,1.0
054_shared_never.json,records.4.predicted_task_error_after_receipts,0.0650430181886101,0.06504301818861011,1.3877787807814457e-17,1.0
055_shared_never.json,records.3.predicted_task_error_after_receipts,0.6386965719466862,0.6386965719466863,1.1102230246251565e-16,1.0
055_shared_never.json,records.6.predicted_task_error_after_receipts,0.7502929513883704,0.7502929513883703,1.1102230246251565e-16,1.0
056_shared_never.json,records.4.predicted_task_error_after_receipts,0.5421295021251279,0.542129502125128,1.1102230246251565e-16,1.0
056_shared_never.json,records.6.predicted_task_error_after_receipts,0.5992031315832457,0.5992031315832456,1.1102230246251565e-16,1.0
056_shared_never.json,records.7.predicted_task_error_after_receipts,0.23564264086639544,0.23564264086639541,2.7755575615628914e-17,1.0
057_shared_never.json,records.1.predicted_task_error_after_receipts,0.3114732656639999,0.31147326566399997,5.551115123125783e-17,1.0
057_shared_never.json,records.4.predicted_task_error_after_receipts,0.60715150886915,0.6071515088691501,1.1102230246251565e-16,1.0
057_shared_never.json,records.6.predicted_task_error_after_receipts,0.6714119840399907,0.6714119840399906,1.1102230246251565e-16,1.0
058_shared_never.json,records.1.predicted_task_error_after_receipts,0.37779456,0.37779455999999995,5.551115123125783e-17,1.0
059_shared_never.json,records.4.predicted_task_error_after_receipts,0.689625472425732,0.6896254724257321,1.1102230246251565e-16,1.0
059_shared_never.json,records.5.predicted_task_error_after_receipts,0.7251143747943872,0.7251143747943873,1.1102230246251565e-16,1.0
059_shared_never.json,records.7.predicted_task_error_after_receipts,0.5866629369888589,0.586662936988859,1.1102230246251565e-16,1.0
060_shared_never.json,records.1.predicted_task_error_after_receipts,0.45526936012799996,0.4552693601279999,5.551115123125783e-17,1.0
060_shared_never.json,records.4.predicted_task_error_after_receipts,0.6928431811960334,0.6928431811960335,1.1102230246251565e-16,1.0
060_shared_never.json,records.7.predicted_task_error_after_receipts,0.7709946722681498,0.7709946722681497,1.1102230246251565e-16,1.0
061_shared_never.json,records.2.predicted_task_error_after_receipts,0.4319203889210573,0.4319203889210572,5.551115123125783e-17,1.0
061_shared_never.json,records.4.predicted_task_error_after_receipts,0.5995077327144419,0.5995077327144418,1.1102230246251565e-16,1.0
061_shared_never.json,records.5.predicted_task_error_after_receipts,0.6343267631438995,0.6343267631438994,1.1102230246251565e-16,1.0
061_shared_never.json,records.7.predicted_task_error_after_receipts,0.6779700186944139,0.6779700186944138,1.1102230246251565e-16,1.0
062_shared_never.json,records.1.predicted_task_error_after_receipts,0.3114732656639999,0.31147326566399997,5.551115123125783e-17,1.0
063_shared_never.json,records.3.predicted_task_error_after_receipts,0.4685764806598656,0.46857648065986557,5.551115123125783e-17,1.0
063_shared_never.json,records.5.predicted_task_error_after_receipts,0.5503367652570991,0.5503367652570992,1.1102230246251565e-16,1.0
